Watching for file changes with StatReloader
Bad Request: /graphql/
Bad Request: /graphql/
Not Found: /favicon.ico
Bad Request: /graphql/
Bad Request: /graphql/
Bad Request: /graphql/
Bad Request: /graphql/
Bad Request: /graphql/
Bad Request: /graphql/
Bad Request: /graphql/
Bad Request: /graphql/
Bad Request: /graphql/
Bad Request: /graphql/
Bad Request: /graphql/
Bad Request: /graphql/
Bad Request: /graphql/
Bad Request: /graphql/
Bad Request: /graphql/
Bad Request: /graphql/
Bad Request: /graphql/
Bad Request: /graphql/
Bad Request: /graphql/
Bad Request: /graphql/
Bad Request: /graphql/
Bad Request: /graphql/
Bad Request: /graphql/
Bad Request: /graphql/
Bad Request: /graphql/
Bad Request: /graphql/
Bad Request: /graphql/
Bad Request: /graphql/
Bad Request: /graphql/
Bad Request: /graphql/
Bad Request: /graphql/
Watching for file changes with StatReloader
Bad Request: /graphql/
Bad Request: /graphql/
Bad Request: /graphql/
Bad Request: /graphql/
Bad Request: /graphql/
Bad Request: /graphql/
Bad Request: /graphql/
Bad Request: /graphql/
Bad Request: /graphql/
Bad Request: /graphql/
Bad Request: /graphql/
Bad Request: /graphql/
Bad Request: /graphql/
/home/tarxemo/Desktop/VS/ElectionBackend/election/queries/positions.py changed, reloading.
Watching for file changes with StatReloader
Internal Server Error: /graphql/
Traceback (most recent call last):
  File "/home/tarxemo/venv/lib/python3.12/site-packages/django/core/handlers/exception.py", line 55, in inner
    response = get_response(request)
               ^^^^^^^^^^^^^^^^^^^^^
  File "/home/tarxemo/venv/lib/python3.12/site-packages/django/core/handlers/base.py", line 197, in _get_response
    response = wrapped_callback(request, *callback_args, **callback_kwargs)
               ^^^^^^^^^^^^^^^^^^^^^^^^^^^^^^^^^^^^^^^^^^^^^^^^^^^^^^^^^^^^
  File "/home/tarxemo/venv/lib/python3.12/site-packages/django/views/decorators/csrf.py", line 65, in _view_wrapper
    return view_func(request, *args, **kwargs)
           ^^^^^^^^^^^^^^^^^^^^^^^^^^^^^^^^^^^
  File "/home/tarxemo/venv/lib/python3.12/site-packages/django/views/generic/base.py", line 97, in view
    self = cls(**initkwargs)
           ^^^^^^^^^^^^^^^^^
  File "/home/tarxemo/venv/lib/python3.12/site-packages/graphene_django/views.py", line 114, in __init__
    schema = graphene_settings.SCHEMA
             ^^^^^^^^^^^^^^^^^^^^^^^^
  File "/home/tarxemo/venv/lib/python3.12/site-packages/graphene_django/settings.py", line 127, in __getattr__
    val = perform_import(val, attr)
          ^^^^^^^^^^^^^^^^^^^^^^^^^
  File "/home/tarxemo/venv/lib/python3.12/site-packages/graphene_django/settings.py", line 66, in perform_import
    return import_from_string(val, setting_name)
           ^^^^^^^^^^^^^^^^^^^^^^^^^^^^^^^^^^^^^
  File "/home/tarxemo/venv/lib/python3.12/site-packages/graphene_django/settings.py", line 80, in import_from_string
    module = importlib.import_module(module_path)
             ^^^^^^^^^^^^^^^^^^^^^^^^^^^^^^^^^^^^
  File "/usr/lib/python3.12/importlib/__init__.py", line 90, in import_module
    return _bootstrap._gcd_import(name[level:], package, level)
           ^^^^^^^^^^^^^^^^^^^^^^^^^^^^^^^^^^^^^^^^^^^^^^^^^^^^
  File "<frozen importlib._bootstrap>", line 1387, in _gcd_import
  File "<frozen importlib._bootstrap>", line 1360, in _find_and_load
  File "<frozen importlib._bootstrap>", line 1331, in _find_and_load_unlocked
  File "<frozen importlib._bootstrap>", line 935, in _load_unlocked
  File "<frozen importlib._bootstrap_external>", line 995, in exec_module
  File "<frozen importlib._bootstrap>", line 488, in _call_with_frames_removed
  File "/home/tarxemo/Desktop/VS/ElectionBackend/ElectionBackend/main_schema.py", line 3, in <module>
    from election.queries.simulate_votes import VoteMutation, VoteQuery
  File "/home/tarxemo/Desktop/VS/ElectionBackend/election/queries/simulate_votes.py", line 4, in <module>
    from election.outputs import *
  File "/home/tarxemo/Desktop/VS/ElectionBackend/election/outputs.py", line 226, in <module>
    class ElectionWithStatsType(graphene.ObjectType):
  File "/home/tarxemo/Desktop/VS/ElectionBackend/election/outputs.py", line 228, in ElectionWithStatsType
    stats = graphene.Field(ElectionStatisticsType)
                           ^^^^^^^^^^^^^^^^^^^^^^
NameError: name 'ElectionStatisticsType' is not defined. Did you mean: 'ElectionStatistics'?
Internal Server Error: /graphql/
Traceback (most recent call last):
  File "/home/tarxemo/venv/lib/python3.12/site-packages/django/core/handlers/exception.py", line 55, in inner
    response = get_response(request)
               ^^^^^^^^^^^^^^^^^^^^^
  File "/home/tarxemo/venv/lib/python3.12/site-packages/django/core/handlers/base.py", line 197, in _get_response
    response = wrapped_callback(request, *callback_args, **callback_kwargs)
               ^^^^^^^^^^^^^^^^^^^^^^^^^^^^^^^^^^^^^^^^^^^^^^^^^^^^^^^^^^^^
  File "/home/tarxemo/venv/lib/python3.12/site-packages/django/views/decorators/csrf.py", line 65, in _view_wrapper
    return view_func(request, *args, **kwargs)
           ^^^^^^^^^^^^^^^^^^^^^^^^^^^^^^^^^^^
  File "/home/tarxemo/venv/lib/python3.12/site-packages/django/views/generic/base.py", line 97, in view
    self = cls(**initkwargs)
           ^^^^^^^^^^^^^^^^^
  File "/home/tarxemo/venv/lib/python3.12/site-packages/graphene_django/views.py", line 114, in __init__
    schema = graphene_settings.SCHEMA
             ^^^^^^^^^^^^^^^^^^^^^^^^
  File "/home/tarxemo/venv/lib/python3.12/site-packages/graphene_django/settings.py", line 127, in __getattr__
    val = perform_import(val, attr)
          ^^^^^^^^^^^^^^^^^^^^^^^^^
  File "/home/tarxemo/venv/lib/python3.12/site-packages/graphene_django/settings.py", line 66, in perform_import
    return import_from_string(val, setting_name)
           ^^^^^^^^^^^^^^^^^^^^^^^^^^^^^^^^^^^^^
  File "/home/tarxemo/venv/lib/python3.12/site-packages/graphene_django/settings.py", line 80, in import_from_string
    module = importlib.import_module(module_path)
             ^^^^^^^^^^^^^^^^^^^^^^^^^^^^^^^^^^^^
  File "/usr/lib/python3.12/importlib/__init__.py", line 90, in import_module
    return _bootstrap._gcd_import(name[level:], package, level)
           ^^^^^^^^^^^^^^^^^^^^^^^^^^^^^^^^^^^^^^^^^^^^^^^^^^^^
  File "<frozen importlib._bootstrap>", line 1387, in _gcd_import
  File "<frozen importlib._bootstrap>", line 1360, in _find_and_load
  File "<frozen importlib._bootstrap>", line 1331, in _find_and_load_unlocked
  File "<frozen importlib._bootstrap>", line 935, in _load_unlocked
  File "<frozen importlib._bootstrap_external>", line 995, in exec_module
  File "<frozen importlib._bootstrap>", line 488, in _call_with_frames_removed
  File "/home/tarxemo/Desktop/VS/ElectionBackend/ElectionBackend/main_schema.py", line 3, in <module>
    from election.queries.simulate_votes import VoteMutation, VoteQuery
  File "/home/tarxemo/Desktop/VS/ElectionBackend/election/queries/simulate_votes.py", line 4, in <module>
    from election.outputs import *
  File "/home/tarxemo/Desktop/VS/ElectionBackend/election/outputs.py", line 226, in <module>
    class ElectionWithStatsType(graphene.ObjectType):
  File "/home/tarxemo/Desktop/VS/ElectionBackend/election/outputs.py", line 228, in ElectionWithStatsType
    stats = graphene.Field(ElectionStatisticsType)
                           ^^^^^^^^^^^^^^^^^^^^^^
NameError: name 'ElectionStatisticsType' is not defined. Did you mean: 'ElectionStatistics'?
Internal Server Error: /graphql/
Traceback (most recent call last):
  File "/home/tarxemo/venv/lib/python3.12/site-packages/django/core/handlers/exception.py", line 55, in inner
    response = get_response(request)
               ^^^^^^^^^^^^^^^^^^^^^
  File "/home/tarxemo/venv/lib/python3.12/site-packages/django/core/handlers/base.py", line 197, in _get_response
    response = wrapped_callback(request, *callback_args, **callback_kwargs)
               ^^^^^^^^^^^^^^^^^^^^^^^^^^^^^^^^^^^^^^^^^^^^^^^^^^^^^^^^^^^^
  File "/home/tarxemo/venv/lib/python3.12/site-packages/django/views/decorators/csrf.py", line 65, in _view_wrapper
    return view_func(request, *args, **kwargs)
           ^^^^^^^^^^^^^^^^^^^^^^^^^^^^^^^^^^^
  File "/home/tarxemo/venv/lib/python3.12/site-packages/django/views/generic/base.py", line 97, in view
    self = cls(**initkwargs)
           ^^^^^^^^^^^^^^^^^
  File "/home/tarxemo/venv/lib/python3.12/site-packages/graphene_django/views.py", line 114, in __init__
    schema = graphene_settings.SCHEMA
             ^^^^^^^^^^^^^^^^^^^^^^^^
  File "/home/tarxemo/venv/lib/python3.12/site-packages/graphene_django/settings.py", line 127, in __getattr__
    val = perform_import(val, attr)
          ^^^^^^^^^^^^^^^^^^^^^^^^^
  File "/home/tarxemo/venv/lib/python3.12/site-packages/graphene_django/settings.py", line 66, in perform_import
    return import_from_string(val, setting_name)
           ^^^^^^^^^^^^^^^^^^^^^^^^^^^^^^^^^^^^^
  File "/home/tarxemo/venv/lib/python3.12/site-packages/graphene_django/settings.py", line 80, in import_from_string
    module = importlib.import_module(module_path)
             ^^^^^^^^^^^^^^^^^^^^^^^^^^^^^^^^^^^^
  File "/usr/lib/python3.12/importlib/__init__.py", line 90, in import_module
    return _bootstrap._gcd_import(name[level:], package, level)
           ^^^^^^^^^^^^^^^^^^^^^^^^^^^^^^^^^^^^^^^^^^^^^^^^^^^^
  File "<frozen importlib._bootstrap>", line 1387, in _gcd_import
  File "<frozen importlib._bootstrap>", line 1360, in _find_and_load
  File "<frozen importlib._bootstrap>", line 1331, in _find_and_load_unlocked
  File "<frozen importlib._bootstrap>", line 935, in _load_unlocked
  File "<frozen importlib._bootstrap_external>", line 995, in exec_module
  File "<frozen importlib._bootstrap>", line 488, in _call_with_frames_removed
  File "/home/tarxemo/Desktop/VS/ElectionBackend/ElectionBackend/main_schema.py", line 3, in <module>
    from election.queries.simulate_votes import VoteMutation, VoteQuery
  File "/home/tarxemo/Desktop/VS/ElectionBackend/election/queries/simulate_votes.py", line 4, in <module>
    from election.outputs import *
  File "/home/tarxemo/Desktop/VS/ElectionBackend/election/outputs.py", line 226, in <module>
    class ElectionWithStatsType(graphene.ObjectType):
  File "/home/tarxemo/Desktop/VS/ElectionBackend/election/outputs.py", line 228, in ElectionWithStatsType
    stats = graphene.Field(ElectionStatisticsType)
                           ^^^^^^^^^^^^^^^^^^^^^^
NameError: name 'ElectionStatisticsType' is not defined. Did you mean: 'ElectionStatistics'?
Internal Server Error: /graphql/
Traceback (most recent call last):
  File "/home/tarxemo/venv/lib/python3.12/site-packages/django/core/handlers/exception.py", line 55, in inner
    response = get_response(request)
               ^^^^^^^^^^^^^^^^^^^^^
  File "/home/tarxemo/venv/lib/python3.12/site-packages/django/core/handlers/base.py", line 197, in _get_response
    response = wrapped_callback(request, *callback_args, **callback_kwargs)
               ^^^^^^^^^^^^^^^^^^^^^^^^^^^^^^^^^^^^^^^^^^^^^^^^^^^^^^^^^^^^
  File "/home/tarxemo/venv/lib/python3.12/site-packages/django/views/decorators/csrf.py", line 65, in _view_wrapper
    return view_func(request, *args, **kwargs)
           ^^^^^^^^^^^^^^^^^^^^^^^^^^^^^^^^^^^
  File "/home/tarxemo/venv/lib/python3.12/site-packages/django/views/generic/base.py", line 97, in view
    self = cls(**initkwargs)
           ^^^^^^^^^^^^^^^^^
  File "/home/tarxemo/venv/lib/python3.12/site-packages/graphene_django/views.py", line 114, in __init__
    schema = graphene_settings.SCHEMA
             ^^^^^^^^^^^^^^^^^^^^^^^^
  File "/home/tarxemo/venv/lib/python3.12/site-packages/graphene_django/settings.py", line 127, in __getattr__
    val = perform_import(val, attr)
          ^^^^^^^^^^^^^^^^^^^^^^^^^
  File "/home/tarxemo/venv/lib/python3.12/site-packages/graphene_django/settings.py", line 66, in perform_import
    return import_from_string(val, setting_name)
           ^^^^^^^^^^^^^^^^^^^^^^^^^^^^^^^^^^^^^
  File "/home/tarxemo/venv/lib/python3.12/site-packages/graphene_django/settings.py", line 80, in import_from_string
    module = importlib.import_module(module_path)
             ^^^^^^^^^^^^^^^^^^^^^^^^^^^^^^^^^^^^
  File "/usr/lib/python3.12/importlib/__init__.py", line 90, in import_module
    return _bootstrap._gcd_import(name[level:], package, level)
           ^^^^^^^^^^^^^^^^^^^^^^^^^^^^^^^^^^^^^^^^^^^^^^^^^^^^
  File "<frozen importlib._bootstrap>", line 1387, in _gcd_import
  File "<frozen importlib._bootstrap>", line 1360, in _find_and_load
  File "<frozen importlib._bootstrap>", line 1331, in _find_and_load_unlocked
  File "<frozen importlib._bootstrap>", line 935, in _load_unlocked
  File "<frozen importlib._bootstrap_external>", line 995, in exec_module
  File "<frozen importlib._bootstrap>", line 488, in _call_with_frames_removed
  File "/home/tarxemo/Desktop/VS/ElectionBackend/ElectionBackend/main_schema.py", line 3, in <module>
    from election.queries.simulate_votes import VoteMutation, VoteQuery
  File "/home/tarxemo/Desktop/VS/ElectionBackend/election/queries/simulate_votes.py", line 4, in <module>
    from election.outputs import *
  File "/home/tarxemo/Desktop/VS/ElectionBackend/election/outputs.py", line 226, in <module>
    class ElectionWithStatsType(graphene.ObjectType):
  File "/home/tarxemo/Desktop/VS/ElectionBackend/election/outputs.py", line 228, in ElectionWithStatsType
    stats = graphene.Field(ElectionStatisticsType)
                           ^^^^^^^^^^^^^^^^^^^^^^
NameError: name 'ElectionStatisticsType' is not defined. Did you mean: 'ElectionStatistics'?
Internal Server Error: /graphql/
Traceback (most recent call last):
  File "/home/tarxemo/venv/lib/python3.12/site-packages/django/core/handlers/exception.py", line 55, in inner
    response = get_response(request)
               ^^^^^^^^^^^^^^^^^^^^^
  File "/home/tarxemo/venv/lib/python3.12/site-packages/django/core/handlers/base.py", line 197, in _get_response
    response = wrapped_callback(request, *callback_args, **callback_kwargs)
               ^^^^^^^^^^^^^^^^^^^^^^^^^^^^^^^^^^^^^^^^^^^^^^^^^^^^^^^^^^^^
  File "/home/tarxemo/venv/lib/python3.12/site-packages/django/views/decorators/csrf.py", line 65, in _view_wrapper
    return view_func(request, *args, **kwargs)
           ^^^^^^^^^^^^^^^^^^^^^^^^^^^^^^^^^^^
  File "/home/tarxemo/venv/lib/python3.12/site-packages/django/views/generic/base.py", line 97, in view
    self = cls(**initkwargs)
           ^^^^^^^^^^^^^^^^^
  File "/home/tarxemo/venv/lib/python3.12/site-packages/graphene_django/views.py", line 114, in __init__
    schema = graphene_settings.SCHEMA
             ^^^^^^^^^^^^^^^^^^^^^^^^
  File "/home/tarxemo/venv/lib/python3.12/site-packages/graphene_django/settings.py", line 127, in __getattr__
    val = perform_import(val, attr)
          ^^^^^^^^^^^^^^^^^^^^^^^^^
  File "/home/tarxemo/venv/lib/python3.12/site-packages/graphene_django/settings.py", line 66, in perform_import
    return import_from_string(val, setting_name)
           ^^^^^^^^^^^^^^^^^^^^^^^^^^^^^^^^^^^^^
  File "/home/tarxemo/venv/lib/python3.12/site-packages/graphene_django/settings.py", line 80, in import_from_string
    module = importlib.import_module(module_path)
             ^^^^^^^^^^^^^^^^^^^^^^^^^^^^^^^^^^^^
  File "/usr/lib/python3.12/importlib/__init__.py", line 90, in import_module
    return _bootstrap._gcd_import(name[level:], package, level)
           ^^^^^^^^^^^^^^^^^^^^^^^^^^^^^^^^^^^^^^^^^^^^^^^^^^^^
  File "<frozen importlib._bootstrap>", line 1387, in _gcd_import
  File "<frozen importlib._bootstrap>", line 1360, in _find_and_load
  File "<frozen importlib._bootstrap>", line 1331, in _find_and_load_unlocked
  File "<frozen importlib._bootstrap>", line 935, in _load_unlocked
  File "<frozen importlib._bootstrap_external>", line 995, in exec_module
  File "<frozen importlib._bootstrap>", line 488, in _call_with_frames_removed
  File "/home/tarxemo/Desktop/VS/ElectionBackend/ElectionBackend/main_schema.py", line 3, in <module>
    from election.queries.simulate_votes import VoteMutation, VoteQuery
  File "/home/tarxemo/Desktop/VS/ElectionBackend/election/queries/simulate_votes.py", line 4, in <module>
    from election.outputs import *
  File "/home/tarxemo/Desktop/VS/ElectionBackend/election/outputs.py", line 226, in <module>
    class ElectionWithStatsType(graphene.ObjectType):
  File "/home/tarxemo/Desktop/VS/ElectionBackend/election/outputs.py", line 228, in ElectionWithStatsType
    stats = graphene.Field(ElectionStatisticsType)
                           ^^^^^^^^^^^^^^^^^^^^^^
NameError: name 'ElectionStatisticsType' is not defined. Did you mean: 'ElectionStatistics'?
Internal Server Error: /graphql/
Traceback (most recent call last):
  File "/home/tarxemo/venv/lib/python3.12/site-packages/graphene_django/settings.py", line 80, in import_from_string
    module = importlib.import_module(module_path)
             ^^^^^^^^^^^^^^^^^^^^^^^^^^^^^^^^^^^^
  File "/usr/lib/python3.12/importlib/__init__.py", line 90, in import_module
    return _bootstrap._gcd_import(name[level:], package, level)
           ^^^^^^^^^^^^^^^^^^^^^^^^^^^^^^^^^^^^^^^^^^^^^^^^^^^^
  File "<frozen importlib._bootstrap>", line 1387, in _gcd_import
  File "<frozen importlib._bootstrap>", line 1360, in _find_and_load
  File "<frozen importlib._bootstrap>", line 1331, in _find_and_load_unlocked
  File "<frozen importlib._bootstrap>", line 935, in _load_unlocked
  File "<frozen importlib._bootstrap_external>", line 995, in exec_module
  File "<frozen importlib._bootstrap>", line 488, in _call_with_frames_removed
  File "/home/tarxemo/Desktop/VS/ElectionBackend/ElectionBackend/main_schema.py", line 4, in <module>
    from election.queries.subscriptions import ActiveElectionSubscription  # Import the subscription class
    ^^^^^^^^^^^^^^^^^^^^^^^^^^^^^^^^^^^^^^^^^^^^^^^^^^^^^^^^^^^^^^^^^^^^^
  File "/home/tarxemo/Desktop/VS/ElectionBackend/election/queries/subscriptions.py", line 3, in <module>
    from graphene_subscriptions.events import CREATED, UPDATED
ModuleNotFoundError: No module named 'graphene_subscriptions'

During handling of the above exception, another exception occurred:

Traceback (most recent call last):
  File "/home/tarxemo/venv/lib/python3.12/site-packages/django/core/handlers/exception.py", line 55, in inner
    response = get_response(request)
               ^^^^^^^^^^^^^^^^^^^^^
  File "/home/tarxemo/venv/lib/python3.12/site-packages/django/core/handlers/base.py", line 197, in _get_response
    response = wrapped_callback(request, *callback_args, **callback_kwargs)
               ^^^^^^^^^^^^^^^^^^^^^^^^^^^^^^^^^^^^^^^^^^^^^^^^^^^^^^^^^^^^
  File "/home/tarxemo/venv/lib/python3.12/site-packages/django/views/decorators/csrf.py", line 65, in _view_wrapper
    return view_func(request, *args, **kwargs)
           ^^^^^^^^^^^^^^^^^^^^^^^^^^^^^^^^^^^
  File "/home/tarxemo/venv/lib/python3.12/site-packages/django/views/generic/base.py", line 97, in view
    self = cls(**initkwargs)
           ^^^^^^^^^^^^^^^^^
  File "/home/tarxemo/venv/lib/python3.12/site-packages/graphene_django/views.py", line 114, in __init__
    schema = graphene_settings.SCHEMA
             ^^^^^^^^^^^^^^^^^^^^^^^^
  File "/home/tarxemo/venv/lib/python3.12/site-packages/graphene_django/settings.py", line 127, in __getattr__
    val = perform_import(val, attr)
          ^^^^^^^^^^^^^^^^^^^^^^^^^
  File "/home/tarxemo/venv/lib/python3.12/site-packages/graphene_django/settings.py", line 66, in perform_import
    return import_from_string(val, setting_name)
           ^^^^^^^^^^^^^^^^^^^^^^^^^^^^^^^^^^^^^
  File "/home/tarxemo/venv/lib/python3.12/site-packages/graphene_django/settings.py", line 89, in import_from_string
    raise ImportError(msg)
ImportError: Could not import 'ElectionBackend.main_schema.schema' for Graphene setting 'SCHEMA'. ModuleNotFoundError: No module named 'graphene_subscriptions'.
Internal Server Error: /graphql/
Traceback (most recent call last):
  File "/home/tarxemo/venv/lib/python3.12/site-packages/graphene_django/settings.py", line 80, in import_from_string
    module = importlib.import_module(module_path)
             ^^^^^^^^^^^^^^^^^^^^^^^^^^^^^^^^^^^^
  File "/usr/lib/python3.12/importlib/__init__.py", line 90, in import_module
    return _bootstrap._gcd_import(name[level:], package, level)
           ^^^^^^^^^^^^^^^^^^^^^^^^^^^^^^^^^^^^^^^^^^^^^^^^^^^^
  File "<frozen importlib._bootstrap>", line 1387, in _gcd_import
  File "<frozen importlib._bootstrap>", line 1360, in _find_and_load
  File "<frozen importlib._bootstrap>", line 1331, in _find_and_load_unlocked
  File "<frozen importlib._bootstrap>", line 935, in _load_unlocked
  File "<frozen importlib._bootstrap_external>", line 995, in exec_module
  File "<frozen importlib._bootstrap>", line 488, in _call_with_frames_removed
  File "/home/tarxemo/Desktop/VS/ElectionBackend/ElectionBackend/main_schema.py", line 4, in <module>
    from election.queries.subscriptions import ActiveElectionSubscription  # Import the subscription class
    ^^^^^^^^^^^^^^^^^^^^^^^^^^^^^^^^^^^^^^^^^^^^^^^^^^^^^^^^^^^^^^^^^^^^^
  File "/home/tarxemo/Desktop/VS/ElectionBackend/election/queries/subscriptions.py", line 3, in <module>
    from graphene_subscriptions.events import CREATED, UPDATED
ModuleNotFoundError: No module named 'graphene_subscriptions'

During handling of the above exception, another exception occurred:

Traceback (most recent call last):
  File "/home/tarxemo/venv/lib/python3.12/site-packages/django/core/handlers/exception.py", line 55, in inner
    response = get_response(request)
               ^^^^^^^^^^^^^^^^^^^^^
  File "/home/tarxemo/venv/lib/python3.12/site-packages/django/core/handlers/base.py", line 197, in _get_response
    response = wrapped_callback(request, *callback_args, **callback_kwargs)
               ^^^^^^^^^^^^^^^^^^^^^^^^^^^^^^^^^^^^^^^^^^^^^^^^^^^^^^^^^^^^
  File "/home/tarxemo/venv/lib/python3.12/site-packages/django/views/decorators/csrf.py", line 65, in _view_wrapper
    return view_func(request, *args, **kwargs)
           ^^^^^^^^^^^^^^^^^^^^^^^^^^^^^^^^^^^
  File "/home/tarxemo/venv/lib/python3.12/site-packages/django/views/generic/base.py", line 97, in view
    self = cls(**initkwargs)
           ^^^^^^^^^^^^^^^^^
  File "/home/tarxemo/venv/lib/python3.12/site-packages/graphene_django/views.py", line 114, in __init__
    schema = graphene_settings.SCHEMA
             ^^^^^^^^^^^^^^^^^^^^^^^^
  File "/home/tarxemo/venv/lib/python3.12/site-packages/graphene_django/settings.py", line 127, in __getattr__
    val = perform_import(val, attr)
          ^^^^^^^^^^^^^^^^^^^^^^^^^
  File "/home/tarxemo/venv/lib/python3.12/site-packages/graphene_django/settings.py", line 66, in perform_import
    return import_from_string(val, setting_name)
           ^^^^^^^^^^^^^^^^^^^^^^^^^^^^^^^^^^^^^
  File "/home/tarxemo/venv/lib/python3.12/site-packages/graphene_django/settings.py", line 89, in import_from_string
    raise ImportError(msg)
ImportError: Could not import 'ElectionBackend.main_schema.schema' for Graphene setting 'SCHEMA'. ModuleNotFoundError: No module named 'graphene_subscriptions'.
Internal Server Error: /graphql/
Traceback (most recent call last):
  File "/home/tarxemo/venv/lib/python3.12/site-packages/graphene_django/settings.py", line 80, in import_from_string
    module = importlib.import_module(module_path)
             ^^^^^^^^^^^^^^^^^^^^^^^^^^^^^^^^^^^^
  File "/usr/lib/python3.12/importlib/__init__.py", line 90, in import_module
    return _bootstrap._gcd_import(name[level:], package, level)
           ^^^^^^^^^^^^^^^^^^^^^^^^^^^^^^^^^^^^^^^^^^^^^^^^^^^^
  File "<frozen importlib._bootstrap>", line 1387, in _gcd_import
  File "<frozen importlib._bootstrap>", line 1360, in _find_and_load
  File "<frozen importlib._bootstrap>", line 1331, in _find_and_load_unlocked
  File "<frozen importlib._bootstrap>", line 935, in _load_unlocked
  File "<frozen importlib._bootstrap_external>", line 995, in exec_module
  File "<frozen importlib._bootstrap>", line 488, in _call_with_frames_removed
  File "/home/tarxemo/Desktop/VS/ElectionBackend/ElectionBackend/main_schema.py", line 4, in <module>
    from election.queries.subscriptions import ActiveElectionSubscription  # Import the subscription class
    ^^^^^^^^^^^^^^^^^^^^^^^^^^^^^^^^^^^^^^^^^^^^^^^^^^^^^^^^^^^^^^^^^^^^^
  File "/home/tarxemo/Desktop/VS/ElectionBackend/election/queries/subscriptions.py", line 3, in <module>
    from graphene_subscriptions.events import CREATED, UPDATED
ModuleNotFoundError: No module named 'graphene_subscriptions'

During handling of the above exception, another exception occurred:

Traceback (most recent call last):
  File "/home/tarxemo/venv/lib/python3.12/site-packages/django/core/handlers/exception.py", line 55, in inner
    response = get_response(request)
               ^^^^^^^^^^^^^^^^^^^^^
  File "/home/tarxemo/venv/lib/python3.12/site-packages/django/core/handlers/base.py", line 197, in _get_response
    response = wrapped_callback(request, *callback_args, **callback_kwargs)
               ^^^^^^^^^^^^^^^^^^^^^^^^^^^^^^^^^^^^^^^^^^^^^^^^^^^^^^^^^^^^
  File "/home/tarxemo/venv/lib/python3.12/site-packages/django/views/decorators/csrf.py", line 65, in _view_wrapper
    return view_func(request, *args, **kwargs)
           ^^^^^^^^^^^^^^^^^^^^^^^^^^^^^^^^^^^
  File "/home/tarxemo/venv/lib/python3.12/site-packages/django/views/generic/base.py", line 97, in view
    self = cls(**initkwargs)
           ^^^^^^^^^^^^^^^^^
  File "/home/tarxemo/venv/lib/python3.12/site-packages/graphene_django/views.py", line 114, in __init__
    schema = graphene_settings.SCHEMA
             ^^^^^^^^^^^^^^^^^^^^^^^^
  File "/home/tarxemo/venv/lib/python3.12/site-packages/graphene_django/settings.py", line 127, in __getattr__
    val = perform_import(val, attr)
          ^^^^^^^^^^^^^^^^^^^^^^^^^
  File "/home/tarxemo/venv/lib/python3.12/site-packages/graphene_django/settings.py", line 66, in perform_import
    return import_from_string(val, setting_name)
           ^^^^^^^^^^^^^^^^^^^^^^^^^^^^^^^^^^^^^
  File "/home/tarxemo/venv/lib/python3.12/site-packages/graphene_django/settings.py", line 89, in import_from_string
    raise ImportError(msg)
ImportError: Could not import 'ElectionBackend.main_schema.schema' for Graphene setting 'SCHEMA'. ModuleNotFoundError: No module named 'graphene_subscriptions'.
Internal Server Error: /graphql/
Traceback (most recent call last):
  File "/home/tarxemo/venv/lib/python3.12/site-packages/graphene_django/settings.py", line 80, in import_from_string
    module = importlib.import_module(module_path)
             ^^^^^^^^^^^^^^^^^^^^^^^^^^^^^^^^^^^^
  File "/usr/lib/python3.12/importlib/__init__.py", line 90, in import_module
    return _bootstrap._gcd_import(name[level:], package, level)
           ^^^^^^^^^^^^^^^^^^^^^^^^^^^^^^^^^^^^^^^^^^^^^^^^^^^^
  File "<frozen importlib._bootstrap>", line 1387, in _gcd_import
  File "<frozen importlib._bootstrap>", line 1360, in _find_and_load
  File "<frozen importlib._bootstrap>", line 1331, in _find_and_load_unlocked
  File "<frozen importlib._bootstrap>", line 935, in _load_unlocked
  File "<frozen importlib._bootstrap_external>", line 995, in exec_module
  File "<frozen importlib._bootstrap>", line 488, in _call_with_frames_removed
  File "/home/tarxemo/Desktop/VS/ElectionBackend/ElectionBackend/main_schema.py", line 4, in <module>
    from election.queries.subscriptions import ActiveElectionSubscription  # Import the subscription class
    ^^^^^^^^^^^^^^^^^^^^^^^^^^^^^^^^^^^^^^^^^^^^^^^^^^^^^^^^^^^^^^^^^^^^^
  File "/home/tarxemo/Desktop/VS/ElectionBackend/election/queries/subscriptions.py", line 3, in <module>
    from graphene_subscriptions.events import CREATED, UPDATED
ModuleNotFoundError: No module named 'graphene_subscriptions'

During handling of the above exception, another exception occurred:

Traceback (most recent call last):
  File "/home/tarxemo/venv/lib/python3.12/site-packages/django/core/handlers/exception.py", line 55, in inner
    response = get_response(request)
               ^^^^^^^^^^^^^^^^^^^^^
  File "/home/tarxemo/venv/lib/python3.12/site-packages/django/core/handlers/base.py", line 197, in _get_response
    response = wrapped_callback(request, *callback_args, **callback_kwargs)
               ^^^^^^^^^^^^^^^^^^^^^^^^^^^^^^^^^^^^^^^^^^^^^^^^^^^^^^^^^^^^
  File "/home/tarxemo/venv/lib/python3.12/site-packages/django/views/decorators/csrf.py", line 65, in _view_wrapper
    return view_func(request, *args, **kwargs)
           ^^^^^^^^^^^^^^^^^^^^^^^^^^^^^^^^^^^
  File "/home/tarxemo/venv/lib/python3.12/site-packages/django/views/generic/base.py", line 97, in view
    self = cls(**initkwargs)
           ^^^^^^^^^^^^^^^^^
  File "/home/tarxemo/venv/lib/python3.12/site-packages/graphene_django/views.py", line 114, in __init__
    schema = graphene_settings.SCHEMA
             ^^^^^^^^^^^^^^^^^^^^^^^^
  File "/home/tarxemo/venv/lib/python3.12/site-packages/graphene_django/settings.py", line 127, in __getattr__
    val = perform_import(val, attr)
          ^^^^^^^^^^^^^^^^^^^^^^^^^
  File "/home/tarxemo/venv/lib/python3.12/site-packages/graphene_django/settings.py", line 66, in perform_import
    return import_from_string(val, setting_name)
           ^^^^^^^^^^^^^^^^^^^^^^^^^^^^^^^^^^^^^
  File "/home/tarxemo/venv/lib/python3.12/site-packages/graphene_django/settings.py", line 89, in import_from_string
    raise ImportError(msg)
ImportError: Could not import 'ElectionBackend.main_schema.schema' for Graphene setting 'SCHEMA'. ModuleNotFoundError: No module named 'graphene_subscriptions'.
Internal Server Error: /graphql/
Traceback (most recent call last):
  File "/home/tarxemo/venv/lib/python3.12/site-packages/graphene_django/settings.py", line 80, in import_from_string
    module = importlib.import_module(module_path)
             ^^^^^^^^^^^^^^^^^^^^^^^^^^^^^^^^^^^^
  File "/usr/lib/python3.12/importlib/__init__.py", line 90, in import_module
    return _bootstrap._gcd_import(name[level:], package, level)
           ^^^^^^^^^^^^^^^^^^^^^^^^^^^^^^^^^^^^^^^^^^^^^^^^^^^^
  File "<frozen importlib._bootstrap>", line 1387, in _gcd_import
  File "<frozen importlib._bootstrap>", line 1360, in _find_and_load
  File "<frozen importlib._bootstrap>", line 1331, in _find_and_load_unlocked
  File "<frozen importlib._bootstrap>", line 935, in _load_unlocked
  File "<frozen importlib._bootstrap_external>", line 995, in exec_module
  File "<frozen importlib._bootstrap>", line 488, in _call_with_frames_removed
  File "/home/tarxemo/Desktop/VS/ElectionBackend/ElectionBackend/main_schema.py", line 4, in <module>
    from election.queries.subscriptions import ActiveElectionSubscription  # Import the subscription class
    ^^^^^^^^^^^^^^^^^^^^^^^^^^^^^^^^^^^^^^^^^^^^^^^^^^^^^^^^^^^^^^^^^^^^^
  File "/home/tarxemo/Desktop/VS/ElectionBackend/election/queries/subscriptions.py", line 3, in <module>
    from graphene_subscriptions.events import CREATED, UPDATED
ModuleNotFoundError: No module named 'graphene_subscriptions'

During handling of the above exception, another exception occurred:

Traceback (most recent call last):
  File "/home/tarxemo/venv/lib/python3.12/site-packages/django/core/handlers/exception.py", line 55, in inner
    response = get_response(request)
               ^^^^^^^^^^^^^^^^^^^^^
  File "/home/tarxemo/venv/lib/python3.12/site-packages/django/core/handlers/base.py", line 197, in _get_response
    response = wrapped_callback(request, *callback_args, **callback_kwargs)
               ^^^^^^^^^^^^^^^^^^^^^^^^^^^^^^^^^^^^^^^^^^^^^^^^^^^^^^^^^^^^
  File "/home/tarxemo/venv/lib/python3.12/site-packages/django/views/decorators/csrf.py", line 65, in _view_wrapper
    return view_func(request, *args, **kwargs)
           ^^^^^^^^^^^^^^^^^^^^^^^^^^^^^^^^^^^
  File "/home/tarxemo/venv/lib/python3.12/site-packages/django/views/generic/base.py", line 97, in view
    self = cls(**initkwargs)
           ^^^^^^^^^^^^^^^^^
  File "/home/tarxemo/venv/lib/python3.12/site-packages/graphene_django/views.py", line 114, in __init__
    schema = graphene_settings.SCHEMA
             ^^^^^^^^^^^^^^^^^^^^^^^^
  File "/home/tarxemo/venv/lib/python3.12/site-packages/graphene_django/settings.py", line 127, in __getattr__
    val = perform_import(val, attr)
          ^^^^^^^^^^^^^^^^^^^^^^^^^
  File "/home/tarxemo/venv/lib/python3.12/site-packages/graphene_django/settings.py", line 66, in perform_import
    return import_from_string(val, setting_name)
           ^^^^^^^^^^^^^^^^^^^^^^^^^^^^^^^^^^^^^
  File "/home/tarxemo/venv/lib/python3.12/site-packages/graphene_django/settings.py", line 89, in import_from_string
    raise ImportError(msg)
ImportError: Could not import 'ElectionBackend.main_schema.schema' for Graphene setting 'SCHEMA'. ModuleNotFoundError: No module named 'graphene_subscriptions'.
Internal Server Error: /graphql/
Traceback (most recent call last):
  File "/home/tarxemo/venv/lib/python3.12/site-packages/graphene_django/settings.py", line 80, in import_from_string
    module = importlib.import_module(module_path)
             ^^^^^^^^^^^^^^^^^^^^^^^^^^^^^^^^^^^^
  File "/usr/lib/python3.12/importlib/__init__.py", line 90, in import_module
    return _bootstrap._gcd_import(name[level:], package, level)
           ^^^^^^^^^^^^^^^^^^^^^^^^^^^^^^^^^^^^^^^^^^^^^^^^^^^^
  File "<frozen importlib._bootstrap>", line 1387, in _gcd_import
  File "<frozen importlib._bootstrap>", line 1360, in _find_and_load
  File "<frozen importlib._bootstrap>", line 1331, in _find_and_load_unlocked
  File "<frozen importlib._bootstrap>", line 935, in _load_unlocked
  File "<frozen importlib._bootstrap_external>", line 995, in exec_module
  File "<frozen importlib._bootstrap>", line 488, in _call_with_frames_removed
  File "/home/tarxemo/Desktop/VS/ElectionBackend/ElectionBackend/main_schema.py", line 4, in <module>
    from election.queries.subscriptions import ActiveElectionSubscription  # Import the subscription class
    ^^^^^^^^^^^^^^^^^^^^^^^^^^^^^^^^^^^^^^^^^^^^^^^^^^^^^^^^^^^^^^^^^^^^^
  File "/home/tarxemo/Desktop/VS/ElectionBackend/election/queries/subscriptions.py", line 3, in <module>
    from graphene_subscriptions.events import CREATED, UPDATED
ModuleNotFoundError: No module named 'graphene_subscriptions'

During handling of the above exception, another exception occurred:

Traceback (most recent call last):
  File "/home/tarxemo/venv/lib/python3.12/site-packages/django/core/handlers/exception.py", line 55, in inner
    response = get_response(request)
               ^^^^^^^^^^^^^^^^^^^^^
  File "/home/tarxemo/venv/lib/python3.12/site-packages/django/core/handlers/base.py", line 197, in _get_response
    response = wrapped_callback(request, *callback_args, **callback_kwargs)
               ^^^^^^^^^^^^^^^^^^^^^^^^^^^^^^^^^^^^^^^^^^^^^^^^^^^^^^^^^^^^
  File "/home/tarxemo/venv/lib/python3.12/site-packages/django/views/decorators/csrf.py", line 65, in _view_wrapper
    return view_func(request, *args, **kwargs)
           ^^^^^^^^^^^^^^^^^^^^^^^^^^^^^^^^^^^
  File "/home/tarxemo/venv/lib/python3.12/site-packages/django/views/generic/base.py", line 97, in view
    self = cls(**initkwargs)
           ^^^^^^^^^^^^^^^^^
  File "/home/tarxemo/venv/lib/python3.12/site-packages/graphene_django/views.py", line 114, in __init__
    schema = graphene_settings.SCHEMA
             ^^^^^^^^^^^^^^^^^^^^^^^^
  File "/home/tarxemo/venv/lib/python3.12/site-packages/graphene_django/settings.py", line 127, in __getattr__
    val = perform_import(val, attr)
          ^^^^^^^^^^^^^^^^^^^^^^^^^
  File "/home/tarxemo/venv/lib/python3.12/site-packages/graphene_django/settings.py", line 66, in perform_import
    return import_from_string(val, setting_name)
           ^^^^^^^^^^^^^^^^^^^^^^^^^^^^^^^^^^^^^
  File "/home/tarxemo/venv/lib/python3.12/site-packages/graphene_django/settings.py", line 89, in import_from_string
    raise ImportError(msg)
ImportError: Could not import 'ElectionBackend.main_schema.schema' for Graphene setting 'SCHEMA'. ModuleNotFoundError: No module named 'graphene_subscriptions'.
Internal Server Error: /graphql/
Traceback (most recent call last):
  File "/home/tarxemo/venv/lib/python3.12/site-packages/graphene_django/settings.py", line 80, in import_from_string
    module = importlib.import_module(module_path)
             ^^^^^^^^^^^^^^^^^^^^^^^^^^^^^^^^^^^^
  File "/usr/lib/python3.12/importlib/__init__.py", line 90, in import_module
    return _bootstrap._gcd_import(name[level:], package, level)
           ^^^^^^^^^^^^^^^^^^^^^^^^^^^^^^^^^^^^^^^^^^^^^^^^^^^^
  File "<frozen importlib._bootstrap>", line 1387, in _gcd_import
  File "<frozen importlib._bootstrap>", line 1360, in _find_and_load
  File "<frozen importlib._bootstrap>", line 1331, in _find_and_load_unlocked
  File "<frozen importlib._bootstrap>", line 935, in _load_unlocked
  File "<frozen importlib._bootstrap_external>", line 995, in exec_module
  File "<frozen importlib._bootstrap>", line 488, in _call_with_frames_removed
  File "/home/tarxemo/Desktop/VS/ElectionBackend/ElectionBackend/main_schema.py", line 4, in <module>
    from election.queries.subscriptions import ActiveElectionSubscription  # Import the subscription class
    ^^^^^^^^^^^^^^^^^^^^^^^^^^^^^^^^^^^^^^^^^^^^^^^^^^^^^^^^^^^^^^^^^^^^^
  File "/home/tarxemo/Desktop/VS/ElectionBackend/election/queries/subscriptions.py", line 3, in <module>
    from graphene_subscriptions.events import CREATED, UPDATED
ModuleNotFoundError: No module named 'graphene_subscriptions'

During handling of the above exception, another exception occurred:

Traceback (most recent call last):
  File "/home/tarxemo/venv/lib/python3.12/site-packages/django/core/handlers/exception.py", line 55, in inner
    response = get_response(request)
               ^^^^^^^^^^^^^^^^^^^^^
  File "/home/tarxemo/venv/lib/python3.12/site-packages/django/core/handlers/base.py", line 197, in _get_response
    response = wrapped_callback(request, *callback_args, **callback_kwargs)
               ^^^^^^^^^^^^^^^^^^^^^^^^^^^^^^^^^^^^^^^^^^^^^^^^^^^^^^^^^^^^
  File "/home/tarxemo/venv/lib/python3.12/site-packages/django/views/decorators/csrf.py", line 65, in _view_wrapper
    return view_func(request, *args, **kwargs)
           ^^^^^^^^^^^^^^^^^^^^^^^^^^^^^^^^^^^
  File "/home/tarxemo/venv/lib/python3.12/site-packages/django/views/generic/base.py", line 97, in view
    self = cls(**initkwargs)
           ^^^^^^^^^^^^^^^^^
  File "/home/tarxemo/venv/lib/python3.12/site-packages/graphene_django/views.py", line 114, in __init__
    schema = graphene_settings.SCHEMA
             ^^^^^^^^^^^^^^^^^^^^^^^^
  File "/home/tarxemo/venv/lib/python3.12/site-packages/graphene_django/settings.py", line 127, in __getattr__
    val = perform_import(val, attr)
          ^^^^^^^^^^^^^^^^^^^^^^^^^
  File "/home/tarxemo/venv/lib/python3.12/site-packages/graphene_django/settings.py", line 66, in perform_import
    return import_from_string(val, setting_name)
           ^^^^^^^^^^^^^^^^^^^^^^^^^^^^^^^^^^^^^
  File "/home/tarxemo/venv/lib/python3.12/site-packages/graphene_django/settings.py", line 89, in import_from_string
    raise ImportError(msg)
ImportError: Could not import 'ElectionBackend.main_schema.schema' for Graphene setting 'SCHEMA'. ModuleNotFoundError: No module named 'graphene_subscriptions'.
Internal Server Error: /graphql/
Traceback (most recent call last):
  File "/home/tarxemo/venv/lib/python3.12/site-packages/graphene_django/settings.py", line 80, in import_from_string
    module = importlib.import_module(module_path)
             ^^^^^^^^^^^^^^^^^^^^^^^^^^^^^^^^^^^^
  File "/usr/lib/python3.12/importlib/__init__.py", line 90, in import_module
    return _bootstrap._gcd_import(name[level:], package, level)
           ^^^^^^^^^^^^^^^^^^^^^^^^^^^^^^^^^^^^^^^^^^^^^^^^^^^^
  File "<frozen importlib._bootstrap>", line 1387, in _gcd_import
  File "<frozen importlib._bootstrap>", line 1360, in _find_and_load
  File "<frozen importlib._bootstrap>", line 1331, in _find_and_load_unlocked
  File "<frozen importlib._bootstrap>", line 935, in _load_unlocked
  File "<frozen importlib._bootstrap_external>", line 995, in exec_module
  File "<frozen importlib._bootstrap>", line 488, in _call_with_frames_removed
  File "/home/tarxemo/Desktop/VS/ElectionBackend/ElectionBackend/main_schema.py", line 4, in <module>
    from election.queries.subscriptions import ActiveElectionSubscription  # Import the subscription class
    ^^^^^^^^^^^^^^^^^^^^^^^^^^^^^^^^^^^^^^^^^^^^^^^^^^^^^^^^^^^^^^^^^^^^^
  File "/home/tarxemo/Desktop/VS/ElectionBackend/election/queries/subscriptions.py", line 3, in <module>
    from graphene_subscriptions.events import CREATED, UPDATED
ModuleNotFoundError: No module named 'graphene_subscriptions'

During handling of the above exception, another exception occurred:

Traceback (most recent call last):
  File "/home/tarxemo/venv/lib/python3.12/site-packages/django/core/handlers/exception.py", line 55, in inner
    response = get_response(request)
               ^^^^^^^^^^^^^^^^^^^^^
  File "/home/tarxemo/venv/lib/python3.12/site-packages/django/core/handlers/base.py", line 197, in _get_response
    response = wrapped_callback(request, *callback_args, **callback_kwargs)
               ^^^^^^^^^^^^^^^^^^^^^^^^^^^^^^^^^^^^^^^^^^^^^^^^^^^^^^^^^^^^
  File "/home/tarxemo/venv/lib/python3.12/site-packages/django/views/decorators/csrf.py", line 65, in _view_wrapper
    return view_func(request, *args, **kwargs)
           ^^^^^^^^^^^^^^^^^^^^^^^^^^^^^^^^^^^
  File "/home/tarxemo/venv/lib/python3.12/site-packages/django/views/generic/base.py", line 97, in view
    self = cls(**initkwargs)
           ^^^^^^^^^^^^^^^^^
  File "/home/tarxemo/venv/lib/python3.12/site-packages/graphene_django/views.py", line 114, in __init__
    schema = graphene_settings.SCHEMA
             ^^^^^^^^^^^^^^^^^^^^^^^^
  File "/home/tarxemo/venv/lib/python3.12/site-packages/graphene_django/settings.py", line 127, in __getattr__
    val = perform_import(val, attr)
          ^^^^^^^^^^^^^^^^^^^^^^^^^
  File "/home/tarxemo/venv/lib/python3.12/site-packages/graphene_django/settings.py", line 66, in perform_import
    return import_from_string(val, setting_name)
           ^^^^^^^^^^^^^^^^^^^^^^^^^^^^^^^^^^^^^
  File "/home/tarxemo/venv/lib/python3.12/site-packages/graphene_django/settings.py", line 89, in import_from_string
    raise ImportError(msg)
ImportError: Could not import 'ElectionBackend.main_schema.schema' for Graphene setting 'SCHEMA'. ModuleNotFoundError: No module named 'graphene_subscriptions'.
Internal Server Error: /graphql/
Traceback (most recent call last):
  File "/home/tarxemo/venv/lib/python3.12/site-packages/graphene_django/settings.py", line 80, in import_from_string
    module = importlib.import_module(module_path)
             ^^^^^^^^^^^^^^^^^^^^^^^^^^^^^^^^^^^^
  File "/usr/lib/python3.12/importlib/__init__.py", line 90, in import_module
    return _bootstrap._gcd_import(name[level:], package, level)
           ^^^^^^^^^^^^^^^^^^^^^^^^^^^^^^^^^^^^^^^^^^^^^^^^^^^^
  File "<frozen importlib._bootstrap>", line 1387, in _gcd_import
  File "<frozen importlib._bootstrap>", line 1360, in _find_and_load
  File "<frozen importlib._bootstrap>", line 1331, in _find_and_load_unlocked
  File "<frozen importlib._bootstrap>", line 935, in _load_unlocked
  File "<frozen importlib._bootstrap_external>", line 995, in exec_module
  File "<frozen importlib._bootstrap>", line 488, in _call_with_frames_removed
  File "/home/tarxemo/Desktop/VS/ElectionBackend/ElectionBackend/main_schema.py", line 4, in <module>
    from election.queries.subscriptions import ActiveElectionSubscription  # Import the subscription class
    ^^^^^^^^^^^^^^^^^^^^^^^^^^^^^^^^^^^^^^^^^^^^^^^^^^^^^^^^^^^^^^^^^^^^^
  File "/home/tarxemo/Desktop/VS/ElectionBackend/election/queries/subscriptions.py", line 3, in <module>
    from graphene_subscriptions.events import CREATED, UPDATED
ModuleNotFoundError: No module named 'graphene_subscriptions'

During handling of the above exception, another exception occurred:

Traceback (most recent call last):
  File "/home/tarxemo/venv/lib/python3.12/site-packages/django/core/handlers/exception.py", line 55, in inner
    response = get_response(request)
               ^^^^^^^^^^^^^^^^^^^^^
  File "/home/tarxemo/venv/lib/python3.12/site-packages/django/core/handlers/base.py", line 197, in _get_response
    response = wrapped_callback(request, *callback_args, **callback_kwargs)
               ^^^^^^^^^^^^^^^^^^^^^^^^^^^^^^^^^^^^^^^^^^^^^^^^^^^^^^^^^^^^
  File "/home/tarxemo/venv/lib/python3.12/site-packages/django/views/decorators/csrf.py", line 65, in _view_wrapper
    return view_func(request, *args, **kwargs)
           ^^^^^^^^^^^^^^^^^^^^^^^^^^^^^^^^^^^
  File "/home/tarxemo/venv/lib/python3.12/site-packages/django/views/generic/base.py", line 97, in view
    self = cls(**initkwargs)
           ^^^^^^^^^^^^^^^^^
  File "/home/tarxemo/venv/lib/python3.12/site-packages/graphene_django/views.py", line 114, in __init__
    schema = graphene_settings.SCHEMA
             ^^^^^^^^^^^^^^^^^^^^^^^^
  File "/home/tarxemo/venv/lib/python3.12/site-packages/graphene_django/settings.py", line 127, in __getattr__
    val = perform_import(val, attr)
          ^^^^^^^^^^^^^^^^^^^^^^^^^
  File "/home/tarxemo/venv/lib/python3.12/site-packages/graphene_django/settings.py", line 66, in perform_import
    return import_from_string(val, setting_name)
           ^^^^^^^^^^^^^^^^^^^^^^^^^^^^^^^^^^^^^
  File "/home/tarxemo/venv/lib/python3.12/site-packages/graphene_django/settings.py", line 89, in import_from_string
    raise ImportError(msg)
ImportError: Could not import 'ElectionBackend.main_schema.schema' for Graphene setting 'SCHEMA'. ModuleNotFoundError: No module named 'graphene_subscriptions'.
Internal Server Error: /graphql/
Traceback (most recent call last):
  File "/home/tarxemo/venv/lib/python3.12/site-packages/graphene_django/settings.py", line 80, in import_from_string
    module = importlib.import_module(module_path)
             ^^^^^^^^^^^^^^^^^^^^^^^^^^^^^^^^^^^^
  File "/usr/lib/python3.12/importlib/__init__.py", line 90, in import_module
    return _bootstrap._gcd_import(name[level:], package, level)
           ^^^^^^^^^^^^^^^^^^^^^^^^^^^^^^^^^^^^^^^^^^^^^^^^^^^^
  File "<frozen importlib._bootstrap>", line 1387, in _gcd_import
  File "<frozen importlib._bootstrap>", line 1360, in _find_and_load
  File "<frozen importlib._bootstrap>", line 1331, in _find_and_load_unlocked
  File "<frozen importlib._bootstrap>", line 935, in _load_unlocked
  File "<frozen importlib._bootstrap_external>", line 995, in exec_module
  File "<frozen importlib._bootstrap>", line 488, in _call_with_frames_removed
  File "/home/tarxemo/Desktop/VS/ElectionBackend/ElectionBackend/main_schema.py", line 4, in <module>
    from election.queries.subscriptions import ActiveElectionSubscription  # Import the subscription class
    ^^^^^^^^^^^^^^^^^^^^^^^^^^^^^^^^^^^^^^^^^^^^^^^^^^^^^^^^^^^^^^^^^^^^^
  File "/home/tarxemo/Desktop/VS/ElectionBackend/election/queries/subscriptions.py", line 3, in <module>
    from graphene_subscriptions.events import CREATED, UPDATED
ModuleNotFoundError: No module named 'graphene_subscriptions'

During handling of the above exception, another exception occurred:

Traceback (most recent call last):
  File "/home/tarxemo/venv/lib/python3.12/site-packages/django/core/handlers/exception.py", line 55, in inner
    response = get_response(request)
               ^^^^^^^^^^^^^^^^^^^^^
  File "/home/tarxemo/venv/lib/python3.12/site-packages/django/core/handlers/base.py", line 197, in _get_response
    response = wrapped_callback(request, *callback_args, **callback_kwargs)
               ^^^^^^^^^^^^^^^^^^^^^^^^^^^^^^^^^^^^^^^^^^^^^^^^^^^^^^^^^^^^
  File "/home/tarxemo/venv/lib/python3.12/site-packages/django/views/decorators/csrf.py", line 65, in _view_wrapper
    return view_func(request, *args, **kwargs)
           ^^^^^^^^^^^^^^^^^^^^^^^^^^^^^^^^^^^
  File "/home/tarxemo/venv/lib/python3.12/site-packages/django/views/generic/base.py", line 97, in view
    self = cls(**initkwargs)
           ^^^^^^^^^^^^^^^^^
  File "/home/tarxemo/venv/lib/python3.12/site-packages/graphene_django/views.py", line 114, in __init__
    schema = graphene_settings.SCHEMA
             ^^^^^^^^^^^^^^^^^^^^^^^^
  File "/home/tarxemo/venv/lib/python3.12/site-packages/graphene_django/settings.py", line 127, in __getattr__
    val = perform_import(val, attr)
          ^^^^^^^^^^^^^^^^^^^^^^^^^
  File "/home/tarxemo/venv/lib/python3.12/site-packages/graphene_django/settings.py", line 66, in perform_import
    return import_from_string(val, setting_name)
           ^^^^^^^^^^^^^^^^^^^^^^^^^^^^^^^^^^^^^
  File "/home/tarxemo/venv/lib/python3.12/site-packages/graphene_django/settings.py", line 89, in import_from_string
    raise ImportError(msg)
ImportError: Could not import 'ElectionBackend.main_schema.schema' for Graphene setting 'SCHEMA'. ModuleNotFoundError: No module named 'graphene_subscriptions'.
Internal Server Error: /graphql/
Traceback (most recent call last):
  File "/home/tarxemo/venv/lib/python3.12/site-packages/graphene_django/settings.py", line 80, in import_from_string
    module = importlib.import_module(module_path)
             ^^^^^^^^^^^^^^^^^^^^^^^^^^^^^^^^^^^^
  File "/usr/lib/python3.12/importlib/__init__.py", line 90, in import_module
    return _bootstrap._gcd_import(name[level:], package, level)
           ^^^^^^^^^^^^^^^^^^^^^^^^^^^^^^^^^^^^^^^^^^^^^^^^^^^^
  File "<frozen importlib._bootstrap>", line 1387, in _gcd_import
  File "<frozen importlib._bootstrap>", line 1360, in _find_and_load
  File "<frozen importlib._bootstrap>", line 1331, in _find_and_load_unlocked
  File "<frozen importlib._bootstrap>", line 935, in _load_unlocked
  File "<frozen importlib._bootstrap_external>", line 995, in exec_module
  File "<frozen importlib._bootstrap>", line 488, in _call_with_frames_removed
  File "/home/tarxemo/Desktop/VS/ElectionBackend/ElectionBackend/main_schema.py", line 4, in <module>
    from election.queries.subscriptions import ActiveElectionSubscription  # Import the subscription class
    ^^^^^^^^^^^^^^^^^^^^^^^^^^^^^^^^^^^^^^^^^^^^^^^^^^^^^^^^^^^^^^^^^^^^^
  File "/home/tarxemo/Desktop/VS/ElectionBackend/election/queries/subscriptions.py", line 3, in <module>
    from graphene_subscriptions.events import CREATED, UPDATED
ModuleNotFoundError: No module named 'graphene_subscriptions'

During handling of the above exception, another exception occurred:

Traceback (most recent call last):
  File "/home/tarxemo/venv/lib/python3.12/site-packages/django/core/handlers/exception.py", line 55, in inner
    response = get_response(request)
               ^^^^^^^^^^^^^^^^^^^^^
  File "/home/tarxemo/venv/lib/python3.12/site-packages/django/core/handlers/base.py", line 197, in _get_response
    response = wrapped_callback(request, *callback_args, **callback_kwargs)
               ^^^^^^^^^^^^^^^^^^^^^^^^^^^^^^^^^^^^^^^^^^^^^^^^^^^^^^^^^^^^
  File "/home/tarxemo/venv/lib/python3.12/site-packages/django/views/decorators/csrf.py", line 65, in _view_wrapper
    return view_func(request, *args, **kwargs)
           ^^^^^^^^^^^^^^^^^^^^^^^^^^^^^^^^^^^
  File "/home/tarxemo/venv/lib/python3.12/site-packages/django/views/generic/base.py", line 97, in view
    self = cls(**initkwargs)
           ^^^^^^^^^^^^^^^^^
  File "/home/tarxemo/venv/lib/python3.12/site-packages/graphene_django/views.py", line 114, in __init__
    schema = graphene_settings.SCHEMA
             ^^^^^^^^^^^^^^^^^^^^^^^^
  File "/home/tarxemo/venv/lib/python3.12/site-packages/graphene_django/settings.py", line 127, in __getattr__
    val = perform_import(val, attr)
          ^^^^^^^^^^^^^^^^^^^^^^^^^
  File "/home/tarxemo/venv/lib/python3.12/site-packages/graphene_django/settings.py", line 66, in perform_import
    return import_from_string(val, setting_name)
           ^^^^^^^^^^^^^^^^^^^^^^^^^^^^^^^^^^^^^
  File "/home/tarxemo/venv/lib/python3.12/site-packages/graphene_django/settings.py", line 89, in import_from_string
    raise ImportError(msg)
ImportError: Could not import 'ElectionBackend.main_schema.schema' for Graphene setting 'SCHEMA'. ModuleNotFoundError: No module named 'graphene_subscriptions'.
Internal Server Error: /graphql/
Traceback (most recent call last):
  File "/home/tarxemo/venv/lib/python3.12/site-packages/graphene_django/settings.py", line 80, in import_from_string
    module = importlib.import_module(module_path)
             ^^^^^^^^^^^^^^^^^^^^^^^^^^^^^^^^^^^^
  File "/usr/lib/python3.12/importlib/__init__.py", line 90, in import_module
    return _bootstrap._gcd_import(name[level:], package, level)
           ^^^^^^^^^^^^^^^^^^^^^^^^^^^^^^^^^^^^^^^^^^^^^^^^^^^^
  File "<frozen importlib._bootstrap>", line 1387, in _gcd_import
  File "<frozen importlib._bootstrap>", line 1360, in _find_and_load
  File "<frozen importlib._bootstrap>", line 1331, in _find_and_load_unlocked
  File "<frozen importlib._bootstrap>", line 935, in _load_unlocked
  File "<frozen importlib._bootstrap_external>", line 995, in exec_module
  File "<frozen importlib._bootstrap>", line 488, in _call_with_frames_removed
  File "/home/tarxemo/Desktop/VS/ElectionBackend/ElectionBackend/main_schema.py", line 4, in <module>
    from election.queries.subscriptions import ActiveElectionSubscription  # Import the subscription class
    ^^^^^^^^^^^^^^^^^^^^^^^^^^^^^^^^^^^^^^^^^^^^^^^^^^^^^^^^^^^^^^^^^^^^^
  File "/home/tarxemo/Desktop/VS/ElectionBackend/election/queries/subscriptions.py", line 3, in <module>
    from graphene_subscriptions.events import CREATED, UPDATED
ModuleNotFoundError: No module named 'graphene_subscriptions'

During handling of the above exception, another exception occurred:

Traceback (most recent call last):
  File "/home/tarxemo/venv/lib/python3.12/site-packages/django/core/handlers/exception.py", line 55, in inner
    response = get_response(request)
               ^^^^^^^^^^^^^^^^^^^^^
  File "/home/tarxemo/venv/lib/python3.12/site-packages/django/core/handlers/base.py", line 197, in _get_response
    response = wrapped_callback(request, *callback_args, **callback_kwargs)
               ^^^^^^^^^^^^^^^^^^^^^^^^^^^^^^^^^^^^^^^^^^^^^^^^^^^^^^^^^^^^
  File "/home/tarxemo/venv/lib/python3.12/site-packages/django/views/decorators/csrf.py", line 65, in _view_wrapper
    return view_func(request, *args, **kwargs)
           ^^^^^^^^^^^^^^^^^^^^^^^^^^^^^^^^^^^
  File "/home/tarxemo/venv/lib/python3.12/site-packages/django/views/generic/base.py", line 97, in view
    self = cls(**initkwargs)
           ^^^^^^^^^^^^^^^^^
  File "/home/tarxemo/venv/lib/python3.12/site-packages/graphene_django/views.py", line 114, in __init__
    schema = graphene_settings.SCHEMA
             ^^^^^^^^^^^^^^^^^^^^^^^^
  File "/home/tarxemo/venv/lib/python3.12/site-packages/graphene_django/settings.py", line 127, in __getattr__
    val = perform_import(val, attr)
          ^^^^^^^^^^^^^^^^^^^^^^^^^
  File "/home/tarxemo/venv/lib/python3.12/site-packages/graphene_django/settings.py", line 66, in perform_import
    return import_from_string(val, setting_name)
           ^^^^^^^^^^^^^^^^^^^^^^^^^^^^^^^^^^^^^
  File "/home/tarxemo/venv/lib/python3.12/site-packages/graphene_django/settings.py", line 89, in import_from_string
    raise ImportError(msg)
ImportError: Could not import 'ElectionBackend.main_schema.schema' for Graphene setting 'SCHEMA'. ModuleNotFoundError: No module named 'graphene_subscriptions'.
Internal Server Error: /graphql/
Traceback (most recent call last):
  File "/home/tarxemo/venv/lib/python3.12/site-packages/graphene_django/settings.py", line 80, in import_from_string
    module = importlib.import_module(module_path)
             ^^^^^^^^^^^^^^^^^^^^^^^^^^^^^^^^^^^^
  File "/usr/lib/python3.12/importlib/__init__.py", line 90, in import_module
    return _bootstrap._gcd_import(name[level:], package, level)
           ^^^^^^^^^^^^^^^^^^^^^^^^^^^^^^^^^^^^^^^^^^^^^^^^^^^^
  File "<frozen importlib._bootstrap>", line 1387, in _gcd_import
  File "<frozen importlib._bootstrap>", line 1360, in _find_and_load
  File "<frozen importlib._bootstrap>", line 1331, in _find_and_load_unlocked
  File "<frozen importlib._bootstrap>", line 935, in _load_unlocked
  File "<frozen importlib._bootstrap_external>", line 995, in exec_module
  File "<frozen importlib._bootstrap>", line 488, in _call_with_frames_removed
  File "/home/tarxemo/Desktop/VS/ElectionBackend/ElectionBackend/main_schema.py", line 4, in <module>
    from election.queries.subscriptions import ActiveElectionSubscription  # Import the subscription class
    ^^^^^^^^^^^^^^^^^^^^^^^^^^^^^^^^^^^^^^^^^^^^^^^^^^^^^^^^^^^^^^^^^^^^^
  File "/home/tarxemo/Desktop/VS/ElectionBackend/election/queries/subscriptions.py", line 3, in <module>
    from graphene_subscriptions.events import CREATED, UPDATED
ModuleNotFoundError: No module named 'graphene_subscriptions'

During handling of the above exception, another exception occurred:

Traceback (most recent call last):
  File "/home/tarxemo/venv/lib/python3.12/site-packages/django/core/handlers/exception.py", line 55, in inner
    response = get_response(request)
               ^^^^^^^^^^^^^^^^^^^^^
  File "/home/tarxemo/venv/lib/python3.12/site-packages/django/core/handlers/base.py", line 197, in _get_response
    response = wrapped_callback(request, *callback_args, **callback_kwargs)
               ^^^^^^^^^^^^^^^^^^^^^^^^^^^^^^^^^^^^^^^^^^^^^^^^^^^^^^^^^^^^
  File "/home/tarxemo/venv/lib/python3.12/site-packages/django/views/decorators/csrf.py", line 65, in _view_wrapper
    return view_func(request, *args, **kwargs)
           ^^^^^^^^^^^^^^^^^^^^^^^^^^^^^^^^^^^
  File "/home/tarxemo/venv/lib/python3.12/site-packages/django/views/generic/base.py", line 97, in view
    self = cls(**initkwargs)
           ^^^^^^^^^^^^^^^^^
  File "/home/tarxemo/venv/lib/python3.12/site-packages/graphene_django/views.py", line 114, in __init__
    schema = graphene_settings.SCHEMA
             ^^^^^^^^^^^^^^^^^^^^^^^^
  File "/home/tarxemo/venv/lib/python3.12/site-packages/graphene_django/settings.py", line 127, in __getattr__
    val = perform_import(val, attr)
          ^^^^^^^^^^^^^^^^^^^^^^^^^
  File "/home/tarxemo/venv/lib/python3.12/site-packages/graphene_django/settings.py", line 66, in perform_import
    return import_from_string(val, setting_name)
           ^^^^^^^^^^^^^^^^^^^^^^^^^^^^^^^^^^^^^
  File "/home/tarxemo/venv/lib/python3.12/site-packages/graphene_django/settings.py", line 89, in import_from_string
    raise ImportError(msg)
ImportError: Could not import 'ElectionBackend.main_schema.schema' for Graphene setting 'SCHEMA'. ModuleNotFoundError: No module named 'graphene_subscriptions'.
Internal Server Error: /graphql/
Traceback (most recent call last):
  File "/home/tarxemo/venv/lib/python3.12/site-packages/graphene_django/settings.py", line 80, in import_from_string
    module = importlib.import_module(module_path)
             ^^^^^^^^^^^^^^^^^^^^^^^^^^^^^^^^^^^^
  File "/usr/lib/python3.12/importlib/__init__.py", line 90, in import_module
    return _bootstrap._gcd_import(name[level:], package, level)
           ^^^^^^^^^^^^^^^^^^^^^^^^^^^^^^^^^^^^^^^^^^^^^^^^^^^^
  File "<frozen importlib._bootstrap>", line 1387, in _gcd_import
  File "<frozen importlib._bootstrap>", line 1360, in _find_and_load
  File "<frozen importlib._bootstrap>", line 1331, in _find_and_load_unlocked
  File "<frozen importlib._bootstrap>", line 935, in _load_unlocked
  File "<frozen importlib._bootstrap_external>", line 995, in exec_module
  File "<frozen importlib._bootstrap>", line 488, in _call_with_frames_removed
  File "/home/tarxemo/Desktop/VS/ElectionBackend/ElectionBackend/main_schema.py", line 4, in <module>
    from election.queries.subscriptions import ActiveElectionSubscription  # Import the subscription class
    ^^^^^^^^^^^^^^^^^^^^^^^^^^^^^^^^^^^^^^^^^^^^^^^^^^^^^^^^^^^^^^^^^^^^^
  File "/home/tarxemo/Desktop/VS/ElectionBackend/election/queries/subscriptions.py", line 3, in <module>
    from graphene_subscriptions.events import CREATED, UPDATED
ModuleNotFoundError: No module named 'graphene_subscriptions'

During handling of the above exception, another exception occurred:

Traceback (most recent call last):
  File "/home/tarxemo/venv/lib/python3.12/site-packages/django/core/handlers/exception.py", line 55, in inner
    response = get_response(request)
               ^^^^^^^^^^^^^^^^^^^^^
  File "/home/tarxemo/venv/lib/python3.12/site-packages/django/core/handlers/base.py", line 197, in _get_response
    response = wrapped_callback(request, *callback_args, **callback_kwargs)
               ^^^^^^^^^^^^^^^^^^^^^^^^^^^^^^^^^^^^^^^^^^^^^^^^^^^^^^^^^^^^
  File "/home/tarxemo/venv/lib/python3.12/site-packages/django/views/decorators/csrf.py", line 65, in _view_wrapper
    return view_func(request, *args, **kwargs)
           ^^^^^^^^^^^^^^^^^^^^^^^^^^^^^^^^^^^
  File "/home/tarxemo/venv/lib/python3.12/site-packages/django/views/generic/base.py", line 97, in view
    self = cls(**initkwargs)
           ^^^^^^^^^^^^^^^^^
  File "/home/tarxemo/venv/lib/python3.12/site-packages/graphene_django/views.py", line 114, in __init__
    schema = graphene_settings.SCHEMA
             ^^^^^^^^^^^^^^^^^^^^^^^^
  File "/home/tarxemo/venv/lib/python3.12/site-packages/graphene_django/settings.py", line 127, in __getattr__
    val = perform_import(val, attr)
          ^^^^^^^^^^^^^^^^^^^^^^^^^
  File "/home/tarxemo/venv/lib/python3.12/site-packages/graphene_django/settings.py", line 66, in perform_import
    return import_from_string(val, setting_name)
           ^^^^^^^^^^^^^^^^^^^^^^^^^^^^^^^^^^^^^
  File "/home/tarxemo/venv/lib/python3.12/site-packages/graphene_django/settings.py", line 89, in import_from_string
    raise ImportError(msg)
ImportError: Could not import 'ElectionBackend.main_schema.schema' for Graphene setting 'SCHEMA'. ModuleNotFoundError: No module named 'graphene_subscriptions'.
Internal Server Error: /graphql/
Traceback (most recent call last):
  File "/home/tarxemo/venv/lib/python3.12/site-packages/graphene_django/settings.py", line 80, in import_from_string
    module = importlib.import_module(module_path)
             ^^^^^^^^^^^^^^^^^^^^^^^^^^^^^^^^^^^^
  File "/usr/lib/python3.12/importlib/__init__.py", line 90, in import_module
    return _bootstrap._gcd_import(name[level:], package, level)
           ^^^^^^^^^^^^^^^^^^^^^^^^^^^^^^^^^^^^^^^^^^^^^^^^^^^^
  File "<frozen importlib._bootstrap>", line 1387, in _gcd_import
  File "<frozen importlib._bootstrap>", line 1360, in _find_and_load
  File "<frozen importlib._bootstrap>", line 1331, in _find_and_load_unlocked
  File "<frozen importlib._bootstrap>", line 935, in _load_unlocked
  File "<frozen importlib._bootstrap_external>", line 995, in exec_module
  File "<frozen importlib._bootstrap>", line 488, in _call_with_frames_removed
  File "/home/tarxemo/Desktop/VS/ElectionBackend/ElectionBackend/main_schema.py", line 4, in <module>
    from election.queries.subscriptions import ActiveElectionSubscription  # Import the subscription class
    ^^^^^^^^^^^^^^^^^^^^^^^^^^^^^^^^^^^^^^^^^^^^^^^^^^^^^^^^^^^^^^^^^^^^^
  File "/home/tarxemo/Desktop/VS/ElectionBackend/election/queries/subscriptions.py", line 3, in <module>
    from graphene_subscriptions.events import CREATED, UPDATED
ModuleNotFoundError: No module named 'graphene_subscriptions'

During handling of the above exception, another exception occurred:

Traceback (most recent call last):
  File "/home/tarxemo/venv/lib/python3.12/site-packages/django/core/handlers/exception.py", line 55, in inner
    response = get_response(request)
               ^^^^^^^^^^^^^^^^^^^^^
  File "/home/tarxemo/venv/lib/python3.12/site-packages/django/core/handlers/base.py", line 197, in _get_response
    response = wrapped_callback(request, *callback_args, **callback_kwargs)
               ^^^^^^^^^^^^^^^^^^^^^^^^^^^^^^^^^^^^^^^^^^^^^^^^^^^^^^^^^^^^
  File "/home/tarxemo/venv/lib/python3.12/site-packages/django/views/decorators/csrf.py", line 65, in _view_wrapper
    return view_func(request, *args, **kwargs)
           ^^^^^^^^^^^^^^^^^^^^^^^^^^^^^^^^^^^
  File "/home/tarxemo/venv/lib/python3.12/site-packages/django/views/generic/base.py", line 97, in view
    self = cls(**initkwargs)
           ^^^^^^^^^^^^^^^^^
  File "/home/tarxemo/venv/lib/python3.12/site-packages/graphene_django/views.py", line 114, in __init__
    schema = graphene_settings.SCHEMA
             ^^^^^^^^^^^^^^^^^^^^^^^^
  File "/home/tarxemo/venv/lib/python3.12/site-packages/graphene_django/settings.py", line 127, in __getattr__
    val = perform_import(val, attr)
          ^^^^^^^^^^^^^^^^^^^^^^^^^
  File "/home/tarxemo/venv/lib/python3.12/site-packages/graphene_django/settings.py", line 66, in perform_import
    return import_from_string(val, setting_name)
           ^^^^^^^^^^^^^^^^^^^^^^^^^^^^^^^^^^^^^
  File "/home/tarxemo/venv/lib/python3.12/site-packages/graphene_django/settings.py", line 89, in import_from_string
    raise ImportError(msg)
ImportError: Could not import 'ElectionBackend.main_schema.schema' for Graphene setting 'SCHEMA'. ModuleNotFoundError: No module named 'graphene_subscriptions'.
Internal Server Error: /graphql/
Traceback (most recent call last):
  File "/home/tarxemo/venv/lib/python3.12/site-packages/graphene_django/settings.py", line 80, in import_from_string
    module = importlib.import_module(module_path)
             ^^^^^^^^^^^^^^^^^^^^^^^^^^^^^^^^^^^^
  File "/usr/lib/python3.12/importlib/__init__.py", line 90, in import_module
    return _bootstrap._gcd_import(name[level:], package, level)
           ^^^^^^^^^^^^^^^^^^^^^^^^^^^^^^^^^^^^^^^^^^^^^^^^^^^^
  File "<frozen importlib._bootstrap>", line 1387, in _gcd_import
  File "<frozen importlib._bootstrap>", line 1360, in _find_and_load
  File "<frozen importlib._bootstrap>", line 1331, in _find_and_load_unlocked
  File "<frozen importlib._bootstrap>", line 935, in _load_unlocked
  File "<frozen importlib._bootstrap_external>", line 995, in exec_module
  File "<frozen importlib._bootstrap>", line 488, in _call_with_frames_removed
  File "/home/tarxemo/Desktop/VS/ElectionBackend/ElectionBackend/main_schema.py", line 4, in <module>
    from election.queries.subscriptions import ActiveElectionSubscription  # Import the subscription class
    ^^^^^^^^^^^^^^^^^^^^^^^^^^^^^^^^^^^^^^^^^^^^^^^^^^^^^^^^^^^^^^^^^^^^^
  File "/home/tarxemo/Desktop/VS/ElectionBackend/election/queries/subscriptions.py", line 3, in <module>
    from graphene_subscriptions.events import CREATED, UPDATED
ModuleNotFoundError: No module named 'graphene_subscriptions'

During handling of the above exception, another exception occurred:

Traceback (most recent call last):
  File "/home/tarxemo/venv/lib/python3.12/site-packages/django/core/handlers/exception.py", line 55, in inner
    response = get_response(request)
               ^^^^^^^^^^^^^^^^^^^^^
  File "/home/tarxemo/venv/lib/python3.12/site-packages/django/core/handlers/base.py", line 197, in _get_response
    response = wrapped_callback(request, *callback_args, **callback_kwargs)
               ^^^^^^^^^^^^^^^^^^^^^^^^^^^^^^^^^^^^^^^^^^^^^^^^^^^^^^^^^^^^
  File "/home/tarxemo/venv/lib/python3.12/site-packages/django/views/decorators/csrf.py", line 65, in _view_wrapper
    return view_func(request, *args, **kwargs)
           ^^^^^^^^^^^^^^^^^^^^^^^^^^^^^^^^^^^
  File "/home/tarxemo/venv/lib/python3.12/site-packages/django/views/generic/base.py", line 97, in view
    self = cls(**initkwargs)
           ^^^^^^^^^^^^^^^^^
  File "/home/tarxemo/venv/lib/python3.12/site-packages/graphene_django/views.py", line 114, in __init__
    schema = graphene_settings.SCHEMA
             ^^^^^^^^^^^^^^^^^^^^^^^^
  File "/home/tarxemo/venv/lib/python3.12/site-packages/graphene_django/settings.py", line 127, in __getattr__
    val = perform_import(val, attr)
          ^^^^^^^^^^^^^^^^^^^^^^^^^
  File "/home/tarxemo/venv/lib/python3.12/site-packages/graphene_django/settings.py", line 66, in perform_import
    return import_from_string(val, setting_name)
           ^^^^^^^^^^^^^^^^^^^^^^^^^^^^^^^^^^^^^
  File "/home/tarxemo/venv/lib/python3.12/site-packages/graphene_django/settings.py", line 89, in import_from_string
    raise ImportError(msg)
ImportError: Could not import 'ElectionBackend.main_schema.schema' for Graphene setting 'SCHEMA'. ModuleNotFoundError: No module named 'graphene_subscriptions'.
Internal Server Error: /graphql/
Traceback (most recent call last):
  File "/home/tarxemo/venv/lib/python3.12/site-packages/graphene_django/settings.py", line 80, in import_from_string
    module = importlib.import_module(module_path)
             ^^^^^^^^^^^^^^^^^^^^^^^^^^^^^^^^^^^^
  File "/usr/lib/python3.12/importlib/__init__.py", line 90, in import_module
    return _bootstrap._gcd_import(name[level:], package, level)
           ^^^^^^^^^^^^^^^^^^^^^^^^^^^^^^^^^^^^^^^^^^^^^^^^^^^^
  File "<frozen importlib._bootstrap>", line 1387, in _gcd_import
  File "<frozen importlib._bootstrap>", line 1360, in _find_and_load
  File "<frozen importlib._bootstrap>", line 1331, in _find_and_load_unlocked
  File "<frozen importlib._bootstrap>", line 935, in _load_unlocked
  File "<frozen importlib._bootstrap_external>", line 995, in exec_module
  File "<frozen importlib._bootstrap>", line 488, in _call_with_frames_removed
  File "/home/tarxemo/Desktop/VS/ElectionBackend/ElectionBackend/main_schema.py", line 4, in <module>
    from election.queries.subscriptions import ActiveElectionSubscription  # Import the subscription class
    ^^^^^^^^^^^^^^^^^^^^^^^^^^^^^^^^^^^^^^^^^^^^^^^^^^^^^^^^^^^^^^^^^^^^^
  File "/home/tarxemo/Desktop/VS/ElectionBackend/election/queries/subscriptions.py", line 3, in <module>
    from graphene_subscriptions.events import CREATED, UPDATED
ModuleNotFoundError: No module named 'graphene_subscriptions'

During handling of the above exception, another exception occurred:

Traceback (most recent call last):
  File "/home/tarxemo/venv/lib/python3.12/site-packages/django/core/handlers/exception.py", line 55, in inner
    response = get_response(request)
               ^^^^^^^^^^^^^^^^^^^^^
  File "/home/tarxemo/venv/lib/python3.12/site-packages/django/core/handlers/base.py", line 197, in _get_response
    response = wrapped_callback(request, *callback_args, **callback_kwargs)
               ^^^^^^^^^^^^^^^^^^^^^^^^^^^^^^^^^^^^^^^^^^^^^^^^^^^^^^^^^^^^
  File "/home/tarxemo/venv/lib/python3.12/site-packages/django/views/decorators/csrf.py", line 65, in _view_wrapper
    return view_func(request, *args, **kwargs)
           ^^^^^^^^^^^^^^^^^^^^^^^^^^^^^^^^^^^
  File "/home/tarxemo/venv/lib/python3.12/site-packages/django/views/generic/base.py", line 97, in view
    self = cls(**initkwargs)
           ^^^^^^^^^^^^^^^^^
  File "/home/tarxemo/venv/lib/python3.12/site-packages/graphene_django/views.py", line 114, in __init__
    schema = graphene_settings.SCHEMA
             ^^^^^^^^^^^^^^^^^^^^^^^^
  File "/home/tarxemo/venv/lib/python3.12/site-packages/graphene_django/settings.py", line 127, in __getattr__
    val = perform_import(val, attr)
          ^^^^^^^^^^^^^^^^^^^^^^^^^
  File "/home/tarxemo/venv/lib/python3.12/site-packages/graphene_django/settings.py", line 66, in perform_import
    return import_from_string(val, setting_name)
           ^^^^^^^^^^^^^^^^^^^^^^^^^^^^^^^^^^^^^
  File "/home/tarxemo/venv/lib/python3.12/site-packages/graphene_django/settings.py", line 89, in import_from_string
    raise ImportError(msg)
ImportError: Could not import 'ElectionBackend.main_schema.schema' for Graphene setting 'SCHEMA'. ModuleNotFoundError: No module named 'graphene_subscriptions'.
Internal Server Error: /graphql/
Traceback (most recent call last):
  File "/home/tarxemo/venv/lib/python3.12/site-packages/graphene_django/settings.py", line 80, in import_from_string
    module = importlib.import_module(module_path)
             ^^^^^^^^^^^^^^^^^^^^^^^^^^^^^^^^^^^^
  File "/usr/lib/python3.12/importlib/__init__.py", line 90, in import_module
    return _bootstrap._gcd_import(name[level:], package, level)
           ^^^^^^^^^^^^^^^^^^^^^^^^^^^^^^^^^^^^^^^^^^^^^^^^^^^^
  File "<frozen importlib._bootstrap>", line 1387, in _gcd_import
  File "<frozen importlib._bootstrap>", line 1360, in _find_and_load
  File "<frozen importlib._bootstrap>", line 1331, in _find_and_load_unlocked
  File "<frozen importlib._bootstrap>", line 935, in _load_unlocked
  File "<frozen importlib._bootstrap_external>", line 995, in exec_module
  File "<frozen importlib._bootstrap>", line 488, in _call_with_frames_removed
  File "/home/tarxemo/Desktop/VS/ElectionBackend/ElectionBackend/main_schema.py", line 4, in <module>
    from election.queries.subscriptions import ActiveElectionSubscription  # Import the subscription class
    ^^^^^^^^^^^^^^^^^^^^^^^^^^^^^^^^^^^^^^^^^^^^^^^^^^^^^^^^^^^^^^^^^^^^^
  File "/home/tarxemo/Desktop/VS/ElectionBackend/election/queries/subscriptions.py", line 3, in <module>
    from graphene_subscriptions.events import CREATED, UPDATED
ModuleNotFoundError: No module named 'graphene_subscriptions'

During handling of the above exception, another exception occurred:

Traceback (most recent call last):
  File "/home/tarxemo/venv/lib/python3.12/site-packages/django/core/handlers/exception.py", line 55, in inner
    response = get_response(request)
               ^^^^^^^^^^^^^^^^^^^^^
  File "/home/tarxemo/venv/lib/python3.12/site-packages/django/core/handlers/base.py", line 197, in _get_response
    response = wrapped_callback(request, *callback_args, **callback_kwargs)
               ^^^^^^^^^^^^^^^^^^^^^^^^^^^^^^^^^^^^^^^^^^^^^^^^^^^^^^^^^^^^
  File "/home/tarxemo/venv/lib/python3.12/site-packages/django/views/decorators/csrf.py", line 65, in _view_wrapper
    return view_func(request, *args, **kwargs)
           ^^^^^^^^^^^^^^^^^^^^^^^^^^^^^^^^^^^
  File "/home/tarxemo/venv/lib/python3.12/site-packages/django/views/generic/base.py", line 97, in view
    self = cls(**initkwargs)
           ^^^^^^^^^^^^^^^^^
  File "/home/tarxemo/venv/lib/python3.12/site-packages/graphene_django/views.py", line 114, in __init__
    schema = graphene_settings.SCHEMA
             ^^^^^^^^^^^^^^^^^^^^^^^^
  File "/home/tarxemo/venv/lib/python3.12/site-packages/graphene_django/settings.py", line 127, in __getattr__
    val = perform_import(val, attr)
          ^^^^^^^^^^^^^^^^^^^^^^^^^
  File "/home/tarxemo/venv/lib/python3.12/site-packages/graphene_django/settings.py", line 66, in perform_import
    return import_from_string(val, setting_name)
           ^^^^^^^^^^^^^^^^^^^^^^^^^^^^^^^^^^^^^
  File "/home/tarxemo/venv/lib/python3.12/site-packages/graphene_django/settings.py", line 89, in import_from_string
    raise ImportError(msg)
ImportError: Could not import 'ElectionBackend.main_schema.schema' for Graphene setting 'SCHEMA'. ModuleNotFoundError: No module named 'graphene_subscriptions'.
Internal Server Error: /graphql/
Traceback (most recent call last):
  File "/home/tarxemo/venv/lib/python3.12/site-packages/graphene_django/settings.py", line 80, in import_from_string
    module = importlib.import_module(module_path)
             ^^^^^^^^^^^^^^^^^^^^^^^^^^^^^^^^^^^^
  File "/usr/lib/python3.12/importlib/__init__.py", line 90, in import_module
    return _bootstrap._gcd_import(name[level:], package, level)
           ^^^^^^^^^^^^^^^^^^^^^^^^^^^^^^^^^^^^^^^^^^^^^^^^^^^^
  File "<frozen importlib._bootstrap>", line 1387, in _gcd_import
  File "<frozen importlib._bootstrap>", line 1360, in _find_and_load
  File "<frozen importlib._bootstrap>", line 1331, in _find_and_load_unlocked
  File "<frozen importlib._bootstrap>", line 935, in _load_unlocked
  File "<frozen importlib._bootstrap_external>", line 995, in exec_module
  File "<frozen importlib._bootstrap>", line 488, in _call_with_frames_removed
  File "/home/tarxemo/Desktop/VS/ElectionBackend/ElectionBackend/main_schema.py", line 4, in <module>
    from election.queries.subscriptions import ActiveElectionSubscription  # Import the subscription class
    ^^^^^^^^^^^^^^^^^^^^^^^^^^^^^^^^^^^^^^^^^^^^^^^^^^^^^^^^^^^^^^^^^^^^^
  File "/home/tarxemo/Desktop/VS/ElectionBackend/election/queries/subscriptions.py", line 3, in <module>
    from graphene_subscriptions.events import CREATED, UPDATED
ModuleNotFoundError: No module named 'graphene_subscriptions'

During handling of the above exception, another exception occurred:

Traceback (most recent call last):
  File "/home/tarxemo/venv/lib/python3.12/site-packages/django/core/handlers/exception.py", line 55, in inner
    response = get_response(request)
               ^^^^^^^^^^^^^^^^^^^^^
  File "/home/tarxemo/venv/lib/python3.12/site-packages/django/core/handlers/base.py", line 197, in _get_response
    response = wrapped_callback(request, *callback_args, **callback_kwargs)
               ^^^^^^^^^^^^^^^^^^^^^^^^^^^^^^^^^^^^^^^^^^^^^^^^^^^^^^^^^^^^
  File "/home/tarxemo/venv/lib/python3.12/site-packages/django/views/decorators/csrf.py", line 65, in _view_wrapper
    return view_func(request, *args, **kwargs)
           ^^^^^^^^^^^^^^^^^^^^^^^^^^^^^^^^^^^
  File "/home/tarxemo/venv/lib/python3.12/site-packages/django/views/generic/base.py", line 97, in view
    self = cls(**initkwargs)
           ^^^^^^^^^^^^^^^^^
  File "/home/tarxemo/venv/lib/python3.12/site-packages/graphene_django/views.py", line 114, in __init__
    schema = graphene_settings.SCHEMA
             ^^^^^^^^^^^^^^^^^^^^^^^^
  File "/home/tarxemo/venv/lib/python3.12/site-packages/graphene_django/settings.py", line 127, in __getattr__
    val = perform_import(val, attr)
          ^^^^^^^^^^^^^^^^^^^^^^^^^
  File "/home/tarxemo/venv/lib/python3.12/site-packages/graphene_django/settings.py", line 66, in perform_import
    return import_from_string(val, setting_name)
           ^^^^^^^^^^^^^^^^^^^^^^^^^^^^^^^^^^^^^
  File "/home/tarxemo/venv/lib/python3.12/site-packages/graphene_django/settings.py", line 89, in import_from_string
    raise ImportError(msg)
ImportError: Could not import 'ElectionBackend.main_schema.schema' for Graphene setting 'SCHEMA'. ModuleNotFoundError: No module named 'graphene_subscriptions'.
Internal Server Error: /graphql/
Traceback (most recent call last):
  File "/home/tarxemo/venv/lib/python3.12/site-packages/graphene_django/settings.py", line 80, in import_from_string
    module = importlib.import_module(module_path)
             ^^^^^^^^^^^^^^^^^^^^^^^^^^^^^^^^^^^^
  File "/usr/lib/python3.12/importlib/__init__.py", line 90, in import_module
    return _bootstrap._gcd_import(name[level:], package, level)
           ^^^^^^^^^^^^^^^^^^^^^^^^^^^^^^^^^^^^^^^^^^^^^^^^^^^^
  File "<frozen importlib._bootstrap>", line 1387, in _gcd_import
  File "<frozen importlib._bootstrap>", line 1360, in _find_and_load
  File "<frozen importlib._bootstrap>", line 1331, in _find_and_load_unlocked
  File "<frozen importlib._bootstrap>", line 935, in _load_unlocked
  File "<frozen importlib._bootstrap_external>", line 995, in exec_module
  File "<frozen importlib._bootstrap>", line 488, in _call_with_frames_removed
  File "/home/tarxemo/Desktop/VS/ElectionBackend/ElectionBackend/main_schema.py", line 4, in <module>
    from election.queries.subscriptions import ActiveElectionSubscription  # Import the subscription class
    ^^^^^^^^^^^^^^^^^^^^^^^^^^^^^^^^^^^^^^^^^^^^^^^^^^^^^^^^^^^^^^^^^^^^^
  File "/home/tarxemo/Desktop/VS/ElectionBackend/election/queries/subscriptions.py", line 3, in <module>
    from graphene_subscriptions.events import CREATED, UPDATED
ModuleNotFoundError: No module named 'graphene_subscriptions'

During handling of the above exception, another exception occurred:

Traceback (most recent call last):
  File "/home/tarxemo/venv/lib/python3.12/site-packages/django/core/handlers/exception.py", line 55, in inner
    response = get_response(request)
               ^^^^^^^^^^^^^^^^^^^^^
  File "/home/tarxemo/venv/lib/python3.12/site-packages/django/core/handlers/base.py", line 197, in _get_response
    response = wrapped_callback(request, *callback_args, **callback_kwargs)
               ^^^^^^^^^^^^^^^^^^^^^^^^^^^^^^^^^^^^^^^^^^^^^^^^^^^^^^^^^^^^
  File "/home/tarxemo/venv/lib/python3.12/site-packages/django/views/decorators/csrf.py", line 65, in _view_wrapper
    return view_func(request, *args, **kwargs)
           ^^^^^^^^^^^^^^^^^^^^^^^^^^^^^^^^^^^
  File "/home/tarxemo/venv/lib/python3.12/site-packages/django/views/generic/base.py", line 97, in view
    self = cls(**initkwargs)
           ^^^^^^^^^^^^^^^^^
  File "/home/tarxemo/venv/lib/python3.12/site-packages/graphene_django/views.py", line 114, in __init__
    schema = graphene_settings.SCHEMA
             ^^^^^^^^^^^^^^^^^^^^^^^^
  File "/home/tarxemo/venv/lib/python3.12/site-packages/graphene_django/settings.py", line 127, in __getattr__
    val = perform_import(val, attr)
          ^^^^^^^^^^^^^^^^^^^^^^^^^
  File "/home/tarxemo/venv/lib/python3.12/site-packages/graphene_django/settings.py", line 66, in perform_import
    return import_from_string(val, setting_name)
           ^^^^^^^^^^^^^^^^^^^^^^^^^^^^^^^^^^^^^
  File "/home/tarxemo/venv/lib/python3.12/site-packages/graphene_django/settings.py", line 89, in import_from_string
    raise ImportError(msg)
ImportError: Could not import 'ElectionBackend.main_schema.schema' for Graphene setting 'SCHEMA'. ModuleNotFoundError: No module named 'graphene_subscriptions'.
Internal Server Error: /graphql/
Traceback (most recent call last):
  File "/home/tarxemo/venv/lib/python3.12/site-packages/graphene_django/settings.py", line 80, in import_from_string
    module = importlib.import_module(module_path)
             ^^^^^^^^^^^^^^^^^^^^^^^^^^^^^^^^^^^^
  File "/usr/lib/python3.12/importlib/__init__.py", line 90, in import_module
    return _bootstrap._gcd_import(name[level:], package, level)
           ^^^^^^^^^^^^^^^^^^^^^^^^^^^^^^^^^^^^^^^^^^^^^^^^^^^^
  File "<frozen importlib._bootstrap>", line 1387, in _gcd_import
  File "<frozen importlib._bootstrap>", line 1360, in _find_and_load
  File "<frozen importlib._bootstrap>", line 1331, in _find_and_load_unlocked
  File "<frozen importlib._bootstrap>", line 935, in _load_unlocked
  File "<frozen importlib._bootstrap_external>", line 995, in exec_module
  File "<frozen importlib._bootstrap>", line 488, in _call_with_frames_removed
  File "/home/tarxemo/Desktop/VS/ElectionBackend/ElectionBackend/main_schema.py", line 4, in <module>
    from election.queries.subscriptions import ActiveElectionSubscription  # Import the subscription class
    ^^^^^^^^^^^^^^^^^^^^^^^^^^^^^^^^^^^^^^^^^^^^^^^^^^^^^^^^^^^^^^^^^^^^^
  File "/home/tarxemo/Desktop/VS/ElectionBackend/election/queries/subscriptions.py", line 3, in <module>
    from graphene_subscriptions.events import CREATED, UPDATED
ModuleNotFoundError: No module named 'graphene_subscriptions'

During handling of the above exception, another exception occurred:

Traceback (most recent call last):
  File "/home/tarxemo/venv/lib/python3.12/site-packages/django/core/handlers/exception.py", line 55, in inner
    response = get_response(request)
               ^^^^^^^^^^^^^^^^^^^^^
  File "/home/tarxemo/venv/lib/python3.12/site-packages/django/core/handlers/base.py", line 197, in _get_response
    response = wrapped_callback(request, *callback_args, **callback_kwargs)
               ^^^^^^^^^^^^^^^^^^^^^^^^^^^^^^^^^^^^^^^^^^^^^^^^^^^^^^^^^^^^
  File "/home/tarxemo/venv/lib/python3.12/site-packages/django/views/decorators/csrf.py", line 65, in _view_wrapper
    return view_func(request, *args, **kwargs)
           ^^^^^^^^^^^^^^^^^^^^^^^^^^^^^^^^^^^
  File "/home/tarxemo/venv/lib/python3.12/site-packages/django/views/generic/base.py", line 97, in view
    self = cls(**initkwargs)
           ^^^^^^^^^^^^^^^^^
  File "/home/tarxemo/venv/lib/python3.12/site-packages/graphene_django/views.py", line 114, in __init__
    schema = graphene_settings.SCHEMA
             ^^^^^^^^^^^^^^^^^^^^^^^^
  File "/home/tarxemo/venv/lib/python3.12/site-packages/graphene_django/settings.py", line 127, in __getattr__
    val = perform_import(val, attr)
          ^^^^^^^^^^^^^^^^^^^^^^^^^
  File "/home/tarxemo/venv/lib/python3.12/site-packages/graphene_django/settings.py", line 66, in perform_import
    return import_from_string(val, setting_name)
           ^^^^^^^^^^^^^^^^^^^^^^^^^^^^^^^^^^^^^
  File "/home/tarxemo/venv/lib/python3.12/site-packages/graphene_django/settings.py", line 89, in import_from_string
    raise ImportError(msg)
ImportError: Could not import 'ElectionBackend.main_schema.schema' for Graphene setting 'SCHEMA'. ModuleNotFoundError: No module named 'graphene_subscriptions'.
Internal Server Error: /graphql/
Traceback (most recent call last):
  File "/home/tarxemo/venv/lib/python3.12/site-packages/graphene_django/settings.py", line 80, in import_from_string
    module = importlib.import_module(module_path)
             ^^^^^^^^^^^^^^^^^^^^^^^^^^^^^^^^^^^^
  File "/usr/lib/python3.12/importlib/__init__.py", line 90, in import_module
    return _bootstrap._gcd_import(name[level:], package, level)
           ^^^^^^^^^^^^^^^^^^^^^^^^^^^^^^^^^^^^^^^^^^^^^^^^^^^^
  File "<frozen importlib._bootstrap>", line 1387, in _gcd_import
  File "<frozen importlib._bootstrap>", line 1360, in _find_and_load
  File "<frozen importlib._bootstrap>", line 1331, in _find_and_load_unlocked
  File "<frozen importlib._bootstrap>", line 935, in _load_unlocked
  File "<frozen importlib._bootstrap_external>", line 995, in exec_module
  File "<frozen importlib._bootstrap>", line 488, in _call_with_frames_removed
  File "/home/tarxemo/Desktop/VS/ElectionBackend/ElectionBackend/main_schema.py", line 4, in <module>
    from election.queries.subscriptions import ActiveElectionSubscription  # Import the subscription class
    ^^^^^^^^^^^^^^^^^^^^^^^^^^^^^^^^^^^^^^^^^^^^^^^^^^^^^^^^^^^^^^^^^^^^^
  File "/home/tarxemo/Desktop/VS/ElectionBackend/election/queries/subscriptions.py", line 3, in <module>
    from graphene_subscriptions.events import CREATED, UPDATED
ModuleNotFoundError: No module named 'graphene_subscriptions'

During handling of the above exception, another exception occurred:

Traceback (most recent call last):
  File "/home/tarxemo/venv/lib/python3.12/site-packages/django/core/handlers/exception.py", line 55, in inner
    response = get_response(request)
               ^^^^^^^^^^^^^^^^^^^^^
  File "/home/tarxemo/venv/lib/python3.12/site-packages/django/core/handlers/base.py", line 197, in _get_response
    response = wrapped_callback(request, *callback_args, **callback_kwargs)
               ^^^^^^^^^^^^^^^^^^^^^^^^^^^^^^^^^^^^^^^^^^^^^^^^^^^^^^^^^^^^
  File "/home/tarxemo/venv/lib/python3.12/site-packages/django/views/decorators/csrf.py", line 65, in _view_wrapper
    return view_func(request, *args, **kwargs)
           ^^^^^^^^^^^^^^^^^^^^^^^^^^^^^^^^^^^
  File "/home/tarxemo/venv/lib/python3.12/site-packages/django/views/generic/base.py", line 97, in view
    self = cls(**initkwargs)
           ^^^^^^^^^^^^^^^^^
  File "/home/tarxemo/venv/lib/python3.12/site-packages/graphene_django/views.py", line 114, in __init__
    schema = graphene_settings.SCHEMA
             ^^^^^^^^^^^^^^^^^^^^^^^^
  File "/home/tarxemo/venv/lib/python3.12/site-packages/graphene_django/settings.py", line 127, in __getattr__
    val = perform_import(val, attr)
          ^^^^^^^^^^^^^^^^^^^^^^^^^
  File "/home/tarxemo/venv/lib/python3.12/site-packages/graphene_django/settings.py", line 66, in perform_import
    return import_from_string(val, setting_name)
           ^^^^^^^^^^^^^^^^^^^^^^^^^^^^^^^^^^^^^
  File "/home/tarxemo/venv/lib/python3.12/site-packages/graphene_django/settings.py", line 89, in import_from_string
    raise ImportError(msg)
ImportError: Could not import 'ElectionBackend.main_schema.schema' for Graphene setting 'SCHEMA'. ModuleNotFoundError: No module named 'graphene_subscriptions'.
Internal Server Error: /graphql/
Traceback (most recent call last):
  File "/home/tarxemo/venv/lib/python3.12/site-packages/graphene_django/settings.py", line 80, in import_from_string
    module = importlib.import_module(module_path)
             ^^^^^^^^^^^^^^^^^^^^^^^^^^^^^^^^^^^^
  File "/usr/lib/python3.12/importlib/__init__.py", line 90, in import_module
    return _bootstrap._gcd_import(name[level:], package, level)
           ^^^^^^^^^^^^^^^^^^^^^^^^^^^^^^^^^^^^^^^^^^^^^^^^^^^^
  File "<frozen importlib._bootstrap>", line 1387, in _gcd_import
  File "<frozen importlib._bootstrap>", line 1360, in _find_and_load
  File "<frozen importlib._bootstrap>", line 1331, in _find_and_load_unlocked
  File "<frozen importlib._bootstrap>", line 935, in _load_unlocked
  File "<frozen importlib._bootstrap_external>", line 995, in exec_module
  File "<frozen importlib._bootstrap>", line 488, in _call_with_frames_removed
  File "/home/tarxemo/Desktop/VS/ElectionBackend/ElectionBackend/main_schema.py", line 4, in <module>
    from election.queries.subscriptions import ActiveElectionSubscription  # Import the subscription class
    ^^^^^^^^^^^^^^^^^^^^^^^^^^^^^^^^^^^^^^^^^^^^^^^^^^^^^^^^^^^^^^^^^^^^^
  File "/home/tarxemo/Desktop/VS/ElectionBackend/election/queries/subscriptions.py", line 3, in <module>
    from graphene_subscriptions.events import CREATED, UPDATED
ModuleNotFoundError: No module named 'graphene_subscriptions'

During handling of the above exception, another exception occurred:

Traceback (most recent call last):
  File "/home/tarxemo/venv/lib/python3.12/site-packages/django/core/handlers/exception.py", line 55, in inner
    response = get_response(request)
               ^^^^^^^^^^^^^^^^^^^^^
  File "/home/tarxemo/venv/lib/python3.12/site-packages/django/core/handlers/base.py", line 197, in _get_response
    response = wrapped_callback(request, *callback_args, **callback_kwargs)
               ^^^^^^^^^^^^^^^^^^^^^^^^^^^^^^^^^^^^^^^^^^^^^^^^^^^^^^^^^^^^
  File "/home/tarxemo/venv/lib/python3.12/site-packages/django/views/decorators/csrf.py", line 65, in _view_wrapper
    return view_func(request, *args, **kwargs)
           ^^^^^^^^^^^^^^^^^^^^^^^^^^^^^^^^^^^
  File "/home/tarxemo/venv/lib/python3.12/site-packages/django/views/generic/base.py", line 97, in view
    self = cls(**initkwargs)
           ^^^^^^^^^^^^^^^^^
  File "/home/tarxemo/venv/lib/python3.12/site-packages/graphene_django/views.py", line 114, in __init__
    schema = graphene_settings.SCHEMA
             ^^^^^^^^^^^^^^^^^^^^^^^^
  File "/home/tarxemo/venv/lib/python3.12/site-packages/graphene_django/settings.py", line 127, in __getattr__
    val = perform_import(val, attr)
          ^^^^^^^^^^^^^^^^^^^^^^^^^
  File "/home/tarxemo/venv/lib/python3.12/site-packages/graphene_django/settings.py", line 66, in perform_import
    return import_from_string(val, setting_name)
           ^^^^^^^^^^^^^^^^^^^^^^^^^^^^^^^^^^^^^
  File "/home/tarxemo/venv/lib/python3.12/site-packages/graphene_django/settings.py", line 89, in import_from_string
    raise ImportError(msg)
ImportError: Could not import 'ElectionBackend.main_schema.schema' for Graphene setting 'SCHEMA'. ModuleNotFoundError: No module named 'graphene_subscriptions'.
Internal Server Error: /graphql/
Traceback (most recent call last):
  File "/home/tarxemo/venv/lib/python3.12/site-packages/graphene_django/settings.py", line 80, in import_from_string
    module = importlib.import_module(module_path)
             ^^^^^^^^^^^^^^^^^^^^^^^^^^^^^^^^^^^^
  File "/usr/lib/python3.12/importlib/__init__.py", line 90, in import_module
    return _bootstrap._gcd_import(name[level:], package, level)
           ^^^^^^^^^^^^^^^^^^^^^^^^^^^^^^^^^^^^^^^^^^^^^^^^^^^^
  File "<frozen importlib._bootstrap>", line 1387, in _gcd_import
  File "<frozen importlib._bootstrap>", line 1360, in _find_and_load
  File "<frozen importlib._bootstrap>", line 1331, in _find_and_load_unlocked
  File "<frozen importlib._bootstrap>", line 935, in _load_unlocked
  File "<frozen importlib._bootstrap_external>", line 995, in exec_module
  File "<frozen importlib._bootstrap>", line 488, in _call_with_frames_removed
  File "/home/tarxemo/Desktop/VS/ElectionBackend/ElectionBackend/main_schema.py", line 4, in <module>
    from election.queries.subscriptions import ActiveElectionSubscription  # Import the subscription class
    ^^^^^^^^^^^^^^^^^^^^^^^^^^^^^^^^^^^^^^^^^^^^^^^^^^^^^^^^^^^^^^^^^^^^^
  File "/home/tarxemo/Desktop/VS/ElectionBackend/election/queries/subscriptions.py", line 3, in <module>
    from graphene_subscriptions.events import CREATED, UPDATED
ModuleNotFoundError: No module named 'graphene_subscriptions'

During handling of the above exception, another exception occurred:

Traceback (most recent call last):
  File "/home/tarxemo/venv/lib/python3.12/site-packages/django/core/handlers/exception.py", line 55, in inner
    response = get_response(request)
               ^^^^^^^^^^^^^^^^^^^^^
  File "/home/tarxemo/venv/lib/python3.12/site-packages/django/core/handlers/base.py", line 197, in _get_response
    response = wrapped_callback(request, *callback_args, **callback_kwargs)
               ^^^^^^^^^^^^^^^^^^^^^^^^^^^^^^^^^^^^^^^^^^^^^^^^^^^^^^^^^^^^
  File "/home/tarxemo/venv/lib/python3.12/site-packages/django/views/decorators/csrf.py", line 65, in _view_wrapper
    return view_func(request, *args, **kwargs)
           ^^^^^^^^^^^^^^^^^^^^^^^^^^^^^^^^^^^
  File "/home/tarxemo/venv/lib/python3.12/site-packages/django/views/generic/base.py", line 97, in view
    self = cls(**initkwargs)
           ^^^^^^^^^^^^^^^^^
  File "/home/tarxemo/venv/lib/python3.12/site-packages/graphene_django/views.py", line 114, in __init__
    schema = graphene_settings.SCHEMA
             ^^^^^^^^^^^^^^^^^^^^^^^^
  File "/home/tarxemo/venv/lib/python3.12/site-packages/graphene_django/settings.py", line 127, in __getattr__
    val = perform_import(val, attr)
          ^^^^^^^^^^^^^^^^^^^^^^^^^
  File "/home/tarxemo/venv/lib/python3.12/site-packages/graphene_django/settings.py", line 66, in perform_import
    return import_from_string(val, setting_name)
           ^^^^^^^^^^^^^^^^^^^^^^^^^^^^^^^^^^^^^
  File "/home/tarxemo/venv/lib/python3.12/site-packages/graphene_django/settings.py", line 89, in import_from_string
    raise ImportError(msg)
ImportError: Could not import 'ElectionBackend.main_schema.schema' for Graphene setting 'SCHEMA'. ModuleNotFoundError: No module named 'graphene_subscriptions'.
Internal Server Error: /graphql/
Traceback (most recent call last):
  File "/home/tarxemo/venv/lib/python3.12/site-packages/graphene_django/settings.py", line 80, in import_from_string
    module = importlib.import_module(module_path)
             ^^^^^^^^^^^^^^^^^^^^^^^^^^^^^^^^^^^^
  File "/usr/lib/python3.12/importlib/__init__.py", line 90, in import_module
    return _bootstrap._gcd_import(name[level:], package, level)
           ^^^^^^^^^^^^^^^^^^^^^^^^^^^^^^^^^^^^^^^^^^^^^^^^^^^^
  File "<frozen importlib._bootstrap>", line 1387, in _gcd_import
  File "<frozen importlib._bootstrap>", line 1360, in _find_and_load
  File "<frozen importlib._bootstrap>", line 1331, in _find_and_load_unlocked
  File "<frozen importlib._bootstrap>", line 935, in _load_unlocked
  File "<frozen importlib._bootstrap_external>", line 995, in exec_module
  File "<frozen importlib._bootstrap>", line 488, in _call_with_frames_removed
  File "/home/tarxemo/Desktop/VS/ElectionBackend/ElectionBackend/main_schema.py", line 4, in <module>
    from election.queries.subscriptions import ActiveElectionSubscription  # Import the subscription class
    ^^^^^^^^^^^^^^^^^^^^^^^^^^^^^^^^^^^^^^^^^^^^^^^^^^^^^^^^^^^^^^^^^^^^^
  File "/home/tarxemo/Desktop/VS/ElectionBackend/election/queries/subscriptions.py", line 3, in <module>
    from graphene_subscriptions.events import CREATED, UPDATED
ModuleNotFoundError: No module named 'graphene_subscriptions'

During handling of the above exception, another exception occurred:

Traceback (most recent call last):
  File "/home/tarxemo/venv/lib/python3.12/site-packages/django/core/handlers/exception.py", line 55, in inner
    response = get_response(request)
               ^^^^^^^^^^^^^^^^^^^^^
  File "/home/tarxemo/venv/lib/python3.12/site-packages/django/core/handlers/base.py", line 197, in _get_response
    response = wrapped_callback(request, *callback_args, **callback_kwargs)
               ^^^^^^^^^^^^^^^^^^^^^^^^^^^^^^^^^^^^^^^^^^^^^^^^^^^^^^^^^^^^
  File "/home/tarxemo/venv/lib/python3.12/site-packages/django/views/decorators/csrf.py", line 65, in _view_wrapper
    return view_func(request, *args, **kwargs)
           ^^^^^^^^^^^^^^^^^^^^^^^^^^^^^^^^^^^
  File "/home/tarxemo/venv/lib/python3.12/site-packages/django/views/generic/base.py", line 97, in view
    self = cls(**initkwargs)
           ^^^^^^^^^^^^^^^^^
  File "/home/tarxemo/venv/lib/python3.12/site-packages/graphene_django/views.py", line 114, in __init__
    schema = graphene_settings.SCHEMA
             ^^^^^^^^^^^^^^^^^^^^^^^^
  File "/home/tarxemo/venv/lib/python3.12/site-packages/graphene_django/settings.py", line 127, in __getattr__
    val = perform_import(val, attr)
          ^^^^^^^^^^^^^^^^^^^^^^^^^
  File "/home/tarxemo/venv/lib/python3.12/site-packages/graphene_django/settings.py", line 66, in perform_import
    return import_from_string(val, setting_name)
           ^^^^^^^^^^^^^^^^^^^^^^^^^^^^^^^^^^^^^
  File "/home/tarxemo/venv/lib/python3.12/site-packages/graphene_django/settings.py", line 89, in import_from_string
    raise ImportError(msg)
ImportError: Could not import 'ElectionBackend.main_schema.schema' for Graphene setting 'SCHEMA'. ModuleNotFoundError: No module named 'graphene_subscriptions'.
Internal Server Error: /graphql/
Traceback (most recent call last):
  File "/home/tarxemo/venv/lib/python3.12/site-packages/graphene_django/settings.py", line 80, in import_from_string
    module = importlib.import_module(module_path)
             ^^^^^^^^^^^^^^^^^^^^^^^^^^^^^^^^^^^^
  File "/usr/lib/python3.12/importlib/__init__.py", line 90, in import_module
    return _bootstrap._gcd_import(name[level:], package, level)
           ^^^^^^^^^^^^^^^^^^^^^^^^^^^^^^^^^^^^^^^^^^^^^^^^^^^^
  File "<frozen importlib._bootstrap>", line 1387, in _gcd_import
  File "<frozen importlib._bootstrap>", line 1360, in _find_and_load
  File "<frozen importlib._bootstrap>", line 1331, in _find_and_load_unlocked
  File "<frozen importlib._bootstrap>", line 935, in _load_unlocked
  File "<frozen importlib._bootstrap_external>", line 995, in exec_module
  File "<frozen importlib._bootstrap>", line 488, in _call_with_frames_removed
  File "/home/tarxemo/Desktop/VS/ElectionBackend/ElectionBackend/main_schema.py", line 4, in <module>
    from election.queries.subscriptions import ActiveElectionSubscription  # Import the subscription class
    ^^^^^^^^^^^^^^^^^^^^^^^^^^^^^^^^^^^^^^^^^^^^^^^^^^^^^^^^^^^^^^^^^^^^^
  File "/home/tarxemo/Desktop/VS/ElectionBackend/election/queries/subscriptions.py", line 3, in <module>
    from graphene_subscriptions.events import CREATED, UPDATED
ModuleNotFoundError: No module named 'graphene_subscriptions'

During handling of the above exception, another exception occurred:

Traceback (most recent call last):
  File "/home/tarxemo/venv/lib/python3.12/site-packages/django/core/handlers/exception.py", line 55, in inner
    response = get_response(request)
               ^^^^^^^^^^^^^^^^^^^^^
  File "/home/tarxemo/venv/lib/python3.12/site-packages/django/core/handlers/base.py", line 197, in _get_response
    response = wrapped_callback(request, *callback_args, **callback_kwargs)
               ^^^^^^^^^^^^^^^^^^^^^^^^^^^^^^^^^^^^^^^^^^^^^^^^^^^^^^^^^^^^
  File "/home/tarxemo/venv/lib/python3.12/site-packages/django/views/decorators/csrf.py", line 65, in _view_wrapper
    return view_func(request, *args, **kwargs)
           ^^^^^^^^^^^^^^^^^^^^^^^^^^^^^^^^^^^
  File "/home/tarxemo/venv/lib/python3.12/site-packages/django/views/generic/base.py", line 97, in view
    self = cls(**initkwargs)
           ^^^^^^^^^^^^^^^^^
  File "/home/tarxemo/venv/lib/python3.12/site-packages/graphene_django/views.py", line 114, in __init__
    schema = graphene_settings.SCHEMA
             ^^^^^^^^^^^^^^^^^^^^^^^^
  File "/home/tarxemo/venv/lib/python3.12/site-packages/graphene_django/settings.py", line 127, in __getattr__
    val = perform_import(val, attr)
          ^^^^^^^^^^^^^^^^^^^^^^^^^
  File "/home/tarxemo/venv/lib/python3.12/site-packages/graphene_django/settings.py", line 66, in perform_import
    return import_from_string(val, setting_name)
           ^^^^^^^^^^^^^^^^^^^^^^^^^^^^^^^^^^^^^
  File "/home/tarxemo/venv/lib/python3.12/site-packages/graphene_django/settings.py", line 89, in import_from_string
    raise ImportError(msg)
ImportError: Could not import 'ElectionBackend.main_schema.schema' for Graphene setting 'SCHEMA'. ModuleNotFoundError: No module named 'graphene_subscriptions'.
Internal Server Error: /graphql/
Traceback (most recent call last):
  File "/home/tarxemo/venv/lib/python3.12/site-packages/graphene_django/settings.py", line 80, in import_from_string
    module = importlib.import_module(module_path)
             ^^^^^^^^^^^^^^^^^^^^^^^^^^^^^^^^^^^^
  File "/usr/lib/python3.12/importlib/__init__.py", line 90, in import_module
    return _bootstrap._gcd_import(name[level:], package, level)
           ^^^^^^^^^^^^^^^^^^^^^^^^^^^^^^^^^^^^^^^^^^^^^^^^^^^^
  File "<frozen importlib._bootstrap>", line 1387, in _gcd_import
  File "<frozen importlib._bootstrap>", line 1360, in _find_and_load
  File "<frozen importlib._bootstrap>", line 1331, in _find_and_load_unlocked
  File "<frozen importlib._bootstrap>", line 935, in _load_unlocked
  File "<frozen importlib._bootstrap_external>", line 995, in exec_module
  File "<frozen importlib._bootstrap>", line 488, in _call_with_frames_removed
  File "/home/tarxemo/Desktop/VS/ElectionBackend/ElectionBackend/main_schema.py", line 4, in <module>
    from election.queries.subscriptions import ActiveElectionSubscription  # Import the subscription class
    ^^^^^^^^^^^^^^^^^^^^^^^^^^^^^^^^^^^^^^^^^^^^^^^^^^^^^^^^^^^^^^^^^^^^^
  File "/home/tarxemo/Desktop/VS/ElectionBackend/election/queries/subscriptions.py", line 3, in <module>
    from graphene_subscriptions.events import CREATED, UPDATED
ModuleNotFoundError: No module named 'graphene_subscriptions'

During handling of the above exception, another exception occurred:

Traceback (most recent call last):
  File "/home/tarxemo/venv/lib/python3.12/site-packages/django/core/handlers/exception.py", line 55, in inner
    response = get_response(request)
               ^^^^^^^^^^^^^^^^^^^^^
  File "/home/tarxemo/venv/lib/python3.12/site-packages/django/core/handlers/base.py", line 197, in _get_response
    response = wrapped_callback(request, *callback_args, **callback_kwargs)
               ^^^^^^^^^^^^^^^^^^^^^^^^^^^^^^^^^^^^^^^^^^^^^^^^^^^^^^^^^^^^
  File "/home/tarxemo/venv/lib/python3.12/site-packages/django/views/decorators/csrf.py", line 65, in _view_wrapper
    return view_func(request, *args, **kwargs)
           ^^^^^^^^^^^^^^^^^^^^^^^^^^^^^^^^^^^
  File "/home/tarxemo/venv/lib/python3.12/site-packages/django/views/generic/base.py", line 97, in view
    self = cls(**initkwargs)
           ^^^^^^^^^^^^^^^^^
  File "/home/tarxemo/venv/lib/python3.12/site-packages/graphene_django/views.py", line 114, in __init__
    schema = graphene_settings.SCHEMA
             ^^^^^^^^^^^^^^^^^^^^^^^^
  File "/home/tarxemo/venv/lib/python3.12/site-packages/graphene_django/settings.py", line 127, in __getattr__
    val = perform_import(val, attr)
          ^^^^^^^^^^^^^^^^^^^^^^^^^
  File "/home/tarxemo/venv/lib/python3.12/site-packages/graphene_django/settings.py", line 66, in perform_import
    return import_from_string(val, setting_name)
           ^^^^^^^^^^^^^^^^^^^^^^^^^^^^^^^^^^^^^
  File "/home/tarxemo/venv/lib/python3.12/site-packages/graphene_django/settings.py", line 89, in import_from_string
    raise ImportError(msg)
ImportError: Could not import 'ElectionBackend.main_schema.schema' for Graphene setting 'SCHEMA'. ModuleNotFoundError: No module named 'graphene_subscriptions'.
Internal Server Error: /graphql/
Traceback (most recent call last):
  File "/home/tarxemo/venv/lib/python3.12/site-packages/graphene_django/settings.py", line 80, in import_from_string
    module = importlib.import_module(module_path)
             ^^^^^^^^^^^^^^^^^^^^^^^^^^^^^^^^^^^^
  File "/usr/lib/python3.12/importlib/__init__.py", line 90, in import_module
    return _bootstrap._gcd_import(name[level:], package, level)
           ^^^^^^^^^^^^^^^^^^^^^^^^^^^^^^^^^^^^^^^^^^^^^^^^^^^^
  File "<frozen importlib._bootstrap>", line 1387, in _gcd_import
  File "<frozen importlib._bootstrap>", line 1360, in _find_and_load
  File "<frozen importlib._bootstrap>", line 1331, in _find_and_load_unlocked
  File "<frozen importlib._bootstrap>", line 935, in _load_unlocked
  File "<frozen importlib._bootstrap_external>", line 995, in exec_module
  File "<frozen importlib._bootstrap>", line 488, in _call_with_frames_removed
  File "/home/tarxemo/Desktop/VS/ElectionBackend/ElectionBackend/main_schema.py", line 4, in <module>
    from election.queries.subscriptions import ActiveElectionSubscription  # Import the subscription class
    ^^^^^^^^^^^^^^^^^^^^^^^^^^^^^^^^^^^^^^^^^^^^^^^^^^^^^^^^^^^^^^^^^^^^^
  File "/home/tarxemo/Desktop/VS/ElectionBackend/election/queries/subscriptions.py", line 3, in <module>
    from graphene_subscriptions.events import CREATED, UPDATED
ModuleNotFoundError: No module named 'graphene_subscriptions'

During handling of the above exception, another exception occurred:

Traceback (most recent call last):
  File "/home/tarxemo/venv/lib/python3.12/site-packages/django/core/handlers/exception.py", line 55, in inner
    response = get_response(request)
               ^^^^^^^^^^^^^^^^^^^^^
  File "/home/tarxemo/venv/lib/python3.12/site-packages/django/core/handlers/base.py", line 197, in _get_response
    response = wrapped_callback(request, *callback_args, **callback_kwargs)
               ^^^^^^^^^^^^^^^^^^^^^^^^^^^^^^^^^^^^^^^^^^^^^^^^^^^^^^^^^^^^
  File "/home/tarxemo/venv/lib/python3.12/site-packages/django/views/decorators/csrf.py", line 65, in _view_wrapper
    return view_func(request, *args, **kwargs)
           ^^^^^^^^^^^^^^^^^^^^^^^^^^^^^^^^^^^
  File "/home/tarxemo/venv/lib/python3.12/site-packages/django/views/generic/base.py", line 97, in view
    self = cls(**initkwargs)
           ^^^^^^^^^^^^^^^^^
  File "/home/tarxemo/venv/lib/python3.12/site-packages/graphene_django/views.py", line 114, in __init__
    schema = graphene_settings.SCHEMA
             ^^^^^^^^^^^^^^^^^^^^^^^^
  File "/home/tarxemo/venv/lib/python3.12/site-packages/graphene_django/settings.py", line 127, in __getattr__
    val = perform_import(val, attr)
          ^^^^^^^^^^^^^^^^^^^^^^^^^
  File "/home/tarxemo/venv/lib/python3.12/site-packages/graphene_django/settings.py", line 66, in perform_import
    return import_from_string(val, setting_name)
           ^^^^^^^^^^^^^^^^^^^^^^^^^^^^^^^^^^^^^
  File "/home/tarxemo/venv/lib/python3.12/site-packages/graphene_django/settings.py", line 89, in import_from_string
    raise ImportError(msg)
ImportError: Could not import 'ElectionBackend.main_schema.schema' for Graphene setting 'SCHEMA'. ModuleNotFoundError: No module named 'graphene_subscriptions'.
Internal Server Error: /graphql/
Traceback (most recent call last):
  File "/home/tarxemo/venv/lib/python3.12/site-packages/graphene_django/settings.py", line 80, in import_from_string
    module = importlib.import_module(module_path)
             ^^^^^^^^^^^^^^^^^^^^^^^^^^^^^^^^^^^^
  File "/usr/lib/python3.12/importlib/__init__.py", line 90, in import_module
    return _bootstrap._gcd_import(name[level:], package, level)
           ^^^^^^^^^^^^^^^^^^^^^^^^^^^^^^^^^^^^^^^^^^^^^^^^^^^^
  File "<frozen importlib._bootstrap>", line 1387, in _gcd_import
  File "<frozen importlib._bootstrap>", line 1360, in _find_and_load
  File "<frozen importlib._bootstrap>", line 1331, in _find_and_load_unlocked
  File "<frozen importlib._bootstrap>", line 935, in _load_unlocked
  File "<frozen importlib._bootstrap_external>", line 995, in exec_module
  File "<frozen importlib._bootstrap>", line 488, in _call_with_frames_removed
  File "/home/tarxemo/Desktop/VS/ElectionBackend/ElectionBackend/main_schema.py", line 4, in <module>
    from election.queries.subscriptions import ActiveElectionSubscription  # Import the subscription class
    ^^^^^^^^^^^^^^^^^^^^^^^^^^^^^^^^^^^^^^^^^^^^^^^^^^^^^^^^^^^^^^^^^^^^^
  File "/home/tarxemo/Desktop/VS/ElectionBackend/election/queries/subscriptions.py", line 3, in <module>
    from graphene_subscriptions.events import CREATED, UPDATED
ModuleNotFoundError: No module named 'graphene_subscriptions'

During handling of the above exception, another exception occurred:

Traceback (most recent call last):
  File "/home/tarxemo/venv/lib/python3.12/site-packages/django/core/handlers/exception.py", line 55, in inner
    response = get_response(request)
               ^^^^^^^^^^^^^^^^^^^^^
  File "/home/tarxemo/venv/lib/python3.12/site-packages/django/core/handlers/base.py", line 197, in _get_response
    response = wrapped_callback(request, *callback_args, **callback_kwargs)
               ^^^^^^^^^^^^^^^^^^^^^^^^^^^^^^^^^^^^^^^^^^^^^^^^^^^^^^^^^^^^
  File "/home/tarxemo/venv/lib/python3.12/site-packages/django/views/decorators/csrf.py", line 65, in _view_wrapper
    return view_func(request, *args, **kwargs)
           ^^^^^^^^^^^^^^^^^^^^^^^^^^^^^^^^^^^
  File "/home/tarxemo/venv/lib/python3.12/site-packages/django/views/generic/base.py", line 97, in view
    self = cls(**initkwargs)
           ^^^^^^^^^^^^^^^^^
  File "/home/tarxemo/venv/lib/python3.12/site-packages/graphene_django/views.py", line 114, in __init__
    schema = graphene_settings.SCHEMA
             ^^^^^^^^^^^^^^^^^^^^^^^^
  File "/home/tarxemo/venv/lib/python3.12/site-packages/graphene_django/settings.py", line 127, in __getattr__
    val = perform_import(val, attr)
          ^^^^^^^^^^^^^^^^^^^^^^^^^
  File "/home/tarxemo/venv/lib/python3.12/site-packages/graphene_django/settings.py", line 66, in perform_import
    return import_from_string(val, setting_name)
           ^^^^^^^^^^^^^^^^^^^^^^^^^^^^^^^^^^^^^
  File "/home/tarxemo/venv/lib/python3.12/site-packages/graphene_django/settings.py", line 89, in import_from_string
    raise ImportError(msg)
ImportError: Could not import 'ElectionBackend.main_schema.schema' for Graphene setting 'SCHEMA'. ModuleNotFoundError: No module named 'graphene_subscriptions'.
/home/tarxemo/venv/lib/python3.12/site-packages/graphql/pyutils/cached_property.py changed, reloading.
Watching for file changes with StatReloader
/home/tarxemo/venv/lib/python3.12/site-packages/graphene_django/fields.py changed, reloading.
Watching for file changes with StatReloader
Internal Server Error: /graphql/
Traceback (most recent call last):
  File "/home/tarxemo/venv/lib/python3.12/site-packages/django/core/handlers/exception.py", line 55, in inner
    response = get_response(request)
               ^^^^^^^^^^^^^^^^^^^^^
  File "/home/tarxemo/venv/lib/python3.12/site-packages/django/core/handlers/base.py", line 197, in _get_response
    response = wrapped_callback(request, *callback_args, **callback_kwargs)
               ^^^^^^^^^^^^^^^^^^^^^^^^^^^^^^^^^^^^^^^^^^^^^^^^^^^^^^^^^^^^
  File "/home/tarxemo/venv/lib/python3.12/site-packages/django/views/decorators/csrf.py", line 65, in _view_wrapper
    return view_func(request, *args, **kwargs)
           ^^^^^^^^^^^^^^^^^^^^^^^^^^^^^^^^^^^
  File "/home/tarxemo/venv/lib/python3.12/site-packages/django/views/generic/base.py", line 97, in view
    self = cls(**initkwargs)
           ^^^^^^^^^^^^^^^^^
  File "/home/tarxemo/venv/lib/python3.12/site-packages/graphene_django/views.py", line 104, in __init__
    schema = graphene_settings.SCHEMA
             ^^^^^^^^^^^^^^^^^^^^^^^^
  File "/home/tarxemo/venv/lib/python3.12/site-packages/graphene_django/settings.py", line 127, in __getattr__
    val = perform_import(val, attr)
          ^^^^^^^^^^^^^^^^^^^^^^^^^
  File "/home/tarxemo/venv/lib/python3.12/site-packages/graphene_django/settings.py", line 66, in perform_import
    return import_from_string(val, setting_name)
           ^^^^^^^^^^^^^^^^^^^^^^^^^^^^^^^^^^^^^
  File "/home/tarxemo/venv/lib/python3.12/site-packages/graphene_django/settings.py", line 80, in import_from_string
    module = importlib.import_module(module_path)
             ^^^^^^^^^^^^^^^^^^^^^^^^^^^^^^^^^^^^
  File "/usr/lib/python3.12/importlib/__init__.py", line 90, in import_module
    return _bootstrap._gcd_import(name[level:], package, level)
           ^^^^^^^^^^^^^^^^^^^^^^^^^^^^^^^^^^^^^^^^^^^^^^^^^^^^
  File "<frozen importlib._bootstrap>", line 1387, in _gcd_import
  File "<frozen importlib._bootstrap>", line 1360, in _find_and_load
  File "<frozen importlib._bootstrap>", line 1331, in _find_and_load_unlocked
  File "<frozen importlib._bootstrap>", line 935, in _load_unlocked
  File "<frozen importlib._bootstrap_external>", line 995, in exec_module
  File "<frozen importlib._bootstrap>", line 488, in _call_with_frames_removed
  File "/home/tarxemo/Desktop/VS/ElectionBackend/ElectionBackend/main_schema.py", line 17, in <module>
    schema = graphene.Schema(query=RootQuery, mutation=RootMutation, subscription=RootSubscription)
             ^^^^^^^^^^^^^^^^^^^^^^^^^^^^^^^^^^^^^^^^^^^^^^^^^^^^^^^^^^^^^^^^^^^^^^^^^^^^^^^^^^^^^^
  File "/home/tarxemo/venv/lib/python3.12/site-packages/graphene/types/schema.py", line 78, in __init__
    self.build_typemap()
  File "/home/tarxemo/venv/lib/python3.12/site-packages/graphene/types/schema.py", line 167, in build_typemap
    self._type_map = TypeMap(
                     ^^^^^^^^
  File "/home/tarxemo/venv/lib/python3.12/site-packages/graphene/types/typemap.py", line 80, in __init__
    super(TypeMap, self).__init__(types)
  File "/home/tarxemo/venv/lib/python3.12/site-packages/graphql/type/typemap.py", line 31, in __init__
    self.update(reduce(self.reducer, types, OrderedDict()))  # type: ignore
                ^^^^^^^^^^^^^^^^^^^^^^^^^^^^^^^^^^^^^^^^^^
  File "/home/tarxemo/venv/lib/python3.12/site-packages/graphene/types/typemap.py", line 88, in reducer
    return self.graphene_reducer(map, type)
           ^^^^^^^^^^^^^^^^^^^^^^^^^^^^^^^^
  File "/home/tarxemo/venv/lib/python3.12/site-packages/graphene/types/typemap.py", line 117, in graphene_reducer
    return GraphQLTypeMap.reducer(map, internal_type)
           ^^^^^^^^^^^^^^^^^^^^^^^^^^^^^^^^^^^^^^^^^^
  File "/home/tarxemo/venv/lib/python3.12/site-packages/graphql/type/typemap.py", line 109, in reducer
    field_map = type_.fields
                ^^^^^^^^^^^^
  File "/home/tarxemo/venv/lib/python3.12/site-packages/graphql/pyutils/cached_property.py", line 22, in __get__
    value = obj.__dict__[self.func.__name__] = self.func(obj)
                                               ^^^^^^^^^^^^^^
  File "/home/tarxemo/venv/lib/python3.12/site-packages/graphql/type/definition.py", line 198, in fields
    return define_field_map(self, self._fields)
           ^^^^^^^^^^^^^^^^^^^^^^^^^^^^^^^^^^^^
  File "/home/tarxemo/venv/lib/python3.12/site-packages/graphql/type/definition.py", line 212, in define_field_map
    field_map = field_map()
                ^^^^^^^^^^^
  File "/home/tarxemo/venv/lib/python3.12/site-packages/graphene/types/typemap.py", line 275, in construct_fields_for_type
    map = self.reducer(map, field.type)
          ^^^^^^^^^^^^^^^^^^^^^^^^^^^^^
  File "/home/tarxemo/venv/lib/python3.12/site-packages/graphene/types/typemap.py", line 88, in reducer
    return self.graphene_reducer(map, type)
           ^^^^^^^^^^^^^^^^^^^^^^^^^^^^^^^^
  File "/home/tarxemo/venv/lib/python3.12/site-packages/graphene/types/typemap.py", line 93, in graphene_reducer
    return self.reducer(map, type.of_type)
           ^^^^^^^^^^^^^^^^^^^^^^^^^^^^^^^
  File "/home/tarxemo/venv/lib/python3.12/site-packages/graphene/types/typemap.py", line 88, in reducer
    return self.graphene_reducer(map, type)
           ^^^^^^^^^^^^^^^^^^^^^^^^^^^^^^^^
  File "/home/tarxemo/venv/lib/python3.12/site-packages/graphene/types/typemap.py", line 117, in graphene_reducer
    return GraphQLTypeMap.reducer(map, internal_type)
           ^^^^^^^^^^^^^^^^^^^^^^^^^^^^^^^^^^^^^^^^^^
  File "/home/tarxemo/venv/lib/python3.12/site-packages/graphql/type/typemap.py", line 109, in reducer
    field_map = type_.fields
                ^^^^^^^^^^^^
  File "/home/tarxemo/venv/lib/python3.12/site-packages/graphql/pyutils/cached_property.py", line 22, in __get__
    value = obj.__dict__[self.func.__name__] = self.func(obj)
                                               ^^^^^^^^^^^^^^
  File "/home/tarxemo/venv/lib/python3.12/site-packages/graphql/type/definition.py", line 198, in fields
    return define_field_map(self, self._fields)
           ^^^^^^^^^^^^^^^^^^^^^^^^^^^^^^^^^^^^
  File "/home/tarxemo/venv/lib/python3.12/site-packages/graphql/type/definition.py", line 212, in define_field_map
    field_map = field_map()
                ^^^^^^^^^^^
  File "/home/tarxemo/venv/lib/python3.12/site-packages/graphene/types/typemap.py", line 275, in construct_fields_for_type
    map = self.reducer(map, field.type)
          ^^^^^^^^^^^^^^^^^^^^^^^^^^^^^
  File "/home/tarxemo/venv/lib/python3.12/site-packages/graphene/types/typemap.py", line 88, in reducer
    return self.graphene_reducer(map, type)
           ^^^^^^^^^^^^^^^^^^^^^^^^^^^^^^^^
  File "/home/tarxemo/venv/lib/python3.12/site-packages/graphene/types/typemap.py", line 93, in graphene_reducer
    return self.reducer(map, type.of_type)
           ^^^^^^^^^^^^^^^^^^^^^^^^^^^^^^^
  File "/home/tarxemo/venv/lib/python3.12/site-packages/graphene/types/typemap.py", line 88, in reducer
    return self.graphene_reducer(map, type)
           ^^^^^^^^^^^^^^^^^^^^^^^^^^^^^^^^
  File "/home/tarxemo/venv/lib/python3.12/site-packages/graphene/types/typemap.py", line 117, in graphene_reducer
    return GraphQLTypeMap.reducer(map, internal_type)
           ^^^^^^^^^^^^^^^^^^^^^^^^^^^^^^^^^^^^^^^^^^
  File "/home/tarxemo/venv/lib/python3.12/site-packages/graphql/type/typemap.py", line 109, in reducer
    field_map = type_.fields
                ^^^^^^^^^^^^
  File "/home/tarxemo/venv/lib/python3.12/site-packages/graphql/pyutils/cached_property.py", line 22, in __get__
    value = obj.__dict__[self.func.__name__] = self.func(obj)
                                               ^^^^^^^^^^^^^^
  File "/home/tarxemo/venv/lib/python3.12/site-packages/graphql/type/definition.py", line 198, in fields
    return define_field_map(self, self._fields)
           ^^^^^^^^^^^^^^^^^^^^^^^^^^^^^^^^^^^^
  File "/home/tarxemo/venv/lib/python3.12/site-packages/graphql/type/definition.py", line 212, in define_field_map
    field_map = field_map()
                ^^^^^^^^^^^
  File "/home/tarxemo/venv/lib/python3.12/site-packages/graphene/types/typemap.py", line 275, in construct_fields_for_type
    map = self.reducer(map, field.type)
          ^^^^^^^^^^^^^^^^^^^^^^^^^^^^^
  File "/home/tarxemo/venv/lib/python3.12/site-packages/graphene/types/typemap.py", line 88, in reducer
    return self.graphene_reducer(map, type)
           ^^^^^^^^^^^^^^^^^^^^^^^^^^^^^^^^
  File "/home/tarxemo/venv/lib/python3.12/site-packages/graphene/types/typemap.py", line 93, in graphene_reducer
    return self.reducer(map, type.of_type)
           ^^^^^^^^^^^^^^^^^^^^^^^^^^^^^^^
  File "/home/tarxemo/venv/lib/python3.12/site-packages/graphene/types/typemap.py", line 88, in reducer
    return self.graphene_reducer(map, type)
           ^^^^^^^^^^^^^^^^^^^^^^^^^^^^^^^^
  File "/home/tarxemo/venv/lib/python3.12/site-packages/graphene/types/typemap.py", line 93, in graphene_reducer
    return self.reducer(map, type.of_type)
           ^^^^^^^^^^^^^^^^^^^^^^^^^^^^^^^
  File "/home/tarxemo/venv/lib/python3.12/site-packages/graphene/types/typemap.py", line 88, in reducer
    return self.graphene_reducer(map, type)
           ^^^^^^^^^^^^^^^^^^^^^^^^^^^^^^^^
  File "/home/tarxemo/venv/lib/python3.12/site-packages/graphene/types/typemap.py", line 93, in graphene_reducer
    return self.reducer(map, type.of_type)
           ^^^^^^^^^^^^^^^^^^^^^^^^^^^^^^^
  File "/home/tarxemo/venv/lib/python3.12/site-packages/graphene/types/typemap.py", line 88, in reducer
    return self.graphene_reducer(map, type)
           ^^^^^^^^^^^^^^^^^^^^^^^^^^^^^^^^
  File "/home/tarxemo/venv/lib/python3.12/site-packages/graphene/types/typemap.py", line 117, in graphene_reducer
    return GraphQLTypeMap.reducer(map, internal_type)
           ^^^^^^^^^^^^^^^^^^^^^^^^^^^^^^^^^^^^^^^^^^
  File "/home/tarxemo/venv/lib/python3.12/site-packages/graphql/type/typemap.py", line 109, in reducer
    field_map = type_.fields
                ^^^^^^^^^^^^
  File "/home/tarxemo/venv/lib/python3.12/site-packages/graphql/pyutils/cached_property.py", line 22, in __get__
    value = obj.__dict__[self.func.__name__] = self.func(obj)
                                               ^^^^^^^^^^^^^^
  File "/home/tarxemo/venv/lib/python3.12/site-packages/graphql/type/definition.py", line 198, in fields
    return define_field_map(self, self._fields)
           ^^^^^^^^^^^^^^^^^^^^^^^^^^^^^^^^^^^^
  File "/home/tarxemo/venv/lib/python3.12/site-packages/graphql/type/definition.py", line 212, in define_field_map
    field_map = field_map()
                ^^^^^^^^^^^
  File "/home/tarxemo/venv/lib/python3.12/site-packages/graphene/types/typemap.py", line 275, in construct_fields_for_type
    map = self.reducer(map, field.type)
          ^^^^^^^^^^^^^^^^^^^^^^^^^^^^^
  File "/home/tarxemo/venv/lib/python3.12/site-packages/graphene/types/typemap.py", line 88, in reducer
    return self.graphene_reducer(map, type)
           ^^^^^^^^^^^^^^^^^^^^^^^^^^^^^^^^
  File "/home/tarxemo/venv/lib/python3.12/site-packages/graphene/types/typemap.py", line 93, in graphene_reducer
    return self.reducer(map, type.of_type)
           ^^^^^^^^^^^^^^^^^^^^^^^^^^^^^^^
  File "/home/tarxemo/venv/lib/python3.12/site-packages/graphene/types/typemap.py", line 88, in reducer
    return self.graphene_reducer(map, type)
           ^^^^^^^^^^^^^^^^^^^^^^^^^^^^^^^^
  File "/home/tarxemo/venv/lib/python3.12/site-packages/graphene/types/typemap.py", line 93, in graphene_reducer
    return self.reducer(map, type.of_type)
           ^^^^^^^^^^^^^^^^^^^^^^^^^^^^^^^
  File "/home/tarxemo/venv/lib/python3.12/site-packages/graphene/types/typemap.py", line 88, in reducer
    return self.graphene_reducer(map, type)
           ^^^^^^^^^^^^^^^^^^^^^^^^^^^^^^^^
  File "/home/tarxemo/venv/lib/python3.12/site-packages/graphene/types/typemap.py", line 93, in graphene_reducer
    return self.reducer(map, type.of_type)
           ^^^^^^^^^^^^^^^^^^^^^^^^^^^^^^^
  File "/home/tarxemo/venv/lib/python3.12/site-packages/graphene/types/typemap.py", line 88, in reducer
    return self.graphene_reducer(map, type)
           ^^^^^^^^^^^^^^^^^^^^^^^^^^^^^^^^
  File "/home/tarxemo/venv/lib/python3.12/site-packages/graphene/types/typemap.py", line 117, in graphene_reducer
    return GraphQLTypeMap.reducer(map, internal_type)
           ^^^^^^^^^^^^^^^^^^^^^^^^^^^^^^^^^^^^^^^^^^
  File "/home/tarxemo/venv/lib/python3.12/site-packages/graphql/type/typemap.py", line 109, in reducer
    field_map = type_.fields
                ^^^^^^^^^^^^
  File "/home/tarxemo/venv/lib/python3.12/site-packages/graphql/pyutils/cached_property.py", line 22, in __get__
    value = obj.__dict__[self.func.__name__] = self.func(obj)
                                               ^^^^^^^^^^^^^^
  File "/home/tarxemo/venv/lib/python3.12/site-packages/graphql/type/definition.py", line 198, in fields
    return define_field_map(self, self._fields)
           ^^^^^^^^^^^^^^^^^^^^^^^^^^^^^^^^^^^^
  File "/home/tarxemo/venv/lib/python3.12/site-packages/graphql/type/definition.py", line 212, in define_field_map
    field_map = field_map()
                ^^^^^^^^^^^
  File "/home/tarxemo/venv/lib/python3.12/site-packages/graphene/types/typemap.py", line 275, in construct_fields_for_type
    map = self.reducer(map, field.type)
          ^^^^^^^^^^^^^^^^^^^^^^^^^^^^^
  File "/home/tarxemo/venv/lib/python3.12/site-packages/graphene/types/typemap.py", line 88, in reducer
    return self.graphene_reducer(map, type)
           ^^^^^^^^^^^^^^^^^^^^^^^^^^^^^^^^
  File "/home/tarxemo/venv/lib/python3.12/site-packages/graphene/types/typemap.py", line 97, in graphene_reducer
    assert _type.graphene_type == type, (
           ^^^^^^^^^^^^^^^^^^^^^^^^^^^
AssertionError: Found different types with the same name in the schema: ElectionStatisticsType, ElectionStatisticsType.
Internal Server Error: /graphql/
Traceback (most recent call last):
  File "/home/tarxemo/venv/lib/python3.12/site-packages/django/core/handlers/exception.py", line 55, in inner
    response = get_response(request)
               ^^^^^^^^^^^^^^^^^^^^^
  File "/home/tarxemo/venv/lib/python3.12/site-packages/django/core/handlers/base.py", line 197, in _get_response
    response = wrapped_callback(request, *callback_args, **callback_kwargs)
               ^^^^^^^^^^^^^^^^^^^^^^^^^^^^^^^^^^^^^^^^^^^^^^^^^^^^^^^^^^^^
  File "/home/tarxemo/venv/lib/python3.12/site-packages/django/views/decorators/csrf.py", line 65, in _view_wrapper
    return view_func(request, *args, **kwargs)
           ^^^^^^^^^^^^^^^^^^^^^^^^^^^^^^^^^^^
  File "/home/tarxemo/venv/lib/python3.12/site-packages/django/views/generic/base.py", line 97, in view
    self = cls(**initkwargs)
           ^^^^^^^^^^^^^^^^^
  File "/home/tarxemo/venv/lib/python3.12/site-packages/graphene_django/views.py", line 104, in __init__
    schema = graphene_settings.SCHEMA
             ^^^^^^^^^^^^^^^^^^^^^^^^
  File "/home/tarxemo/venv/lib/python3.12/site-packages/graphene_django/settings.py", line 127, in __getattr__
    val = perform_import(val, attr)
          ^^^^^^^^^^^^^^^^^^^^^^^^^
  File "/home/tarxemo/venv/lib/python3.12/site-packages/graphene_django/settings.py", line 66, in perform_import
    return import_from_string(val, setting_name)
           ^^^^^^^^^^^^^^^^^^^^^^^^^^^^^^^^^^^^^
  File "/home/tarxemo/venv/lib/python3.12/site-packages/graphene_django/settings.py", line 80, in import_from_string
    module = importlib.import_module(module_path)
             ^^^^^^^^^^^^^^^^^^^^^^^^^^^^^^^^^^^^
  File "/usr/lib/python3.12/importlib/__init__.py", line 90, in import_module
    return _bootstrap._gcd_import(name[level:], package, level)
           ^^^^^^^^^^^^^^^^^^^^^^^^^^^^^^^^^^^^^^^^^^^^^^^^^^^^
  File "<frozen importlib._bootstrap>", line 1387, in _gcd_import
  File "<frozen importlib._bootstrap>", line 1360, in _find_and_load
  File "<frozen importlib._bootstrap>", line 1331, in _find_and_load_unlocked
  File "<frozen importlib._bootstrap>", line 935, in _load_unlocked
  File "<frozen importlib._bootstrap_external>", line 995, in exec_module
  File "<frozen importlib._bootstrap>", line 488, in _call_with_frames_removed
  File "/home/tarxemo/Desktop/VS/ElectionBackend/ElectionBackend/main_schema.py", line 17, in <module>
    schema = graphene.Schema(query=RootQuery, mutation=RootMutation, subscription=RootSubscription)
             ^^^^^^^^^^^^^^^^^^^^^^^^^^^^^^^^^^^^^^^^^^^^^^^^^^^^^^^^^^^^^^^^^^^^^^^^^^^^^^^^^^^^^^
  File "/home/tarxemo/venv/lib/python3.12/site-packages/graphene/types/schema.py", line 78, in __init__
    self.build_typemap()
  File "/home/tarxemo/venv/lib/python3.12/site-packages/graphene/types/schema.py", line 167, in build_typemap
    self._type_map = TypeMap(
                     ^^^^^^^^
  File "/home/tarxemo/venv/lib/python3.12/site-packages/graphene/types/typemap.py", line 80, in __init__
    super(TypeMap, self).__init__(types)
  File "/home/tarxemo/venv/lib/python3.12/site-packages/graphql/type/typemap.py", line 31, in __init__
    self.update(reduce(self.reducer, types, OrderedDict()))  # type: ignore
                ^^^^^^^^^^^^^^^^^^^^^^^^^^^^^^^^^^^^^^^^^^
  File "/home/tarxemo/venv/lib/python3.12/site-packages/graphene/types/typemap.py", line 88, in reducer
    return self.graphene_reducer(map, type)
           ^^^^^^^^^^^^^^^^^^^^^^^^^^^^^^^^
  File "/home/tarxemo/venv/lib/python3.12/site-packages/graphene/types/typemap.py", line 117, in graphene_reducer
    return GraphQLTypeMap.reducer(map, internal_type)
           ^^^^^^^^^^^^^^^^^^^^^^^^^^^^^^^^^^^^^^^^^^
  File "/home/tarxemo/venv/lib/python3.12/site-packages/graphql/type/typemap.py", line 109, in reducer
    field_map = type_.fields
                ^^^^^^^^^^^^
  File "/home/tarxemo/venv/lib/python3.12/site-packages/graphql/pyutils/cached_property.py", line 22, in __get__
    value = obj.__dict__[self.func.__name__] = self.func(obj)
                                               ^^^^^^^^^^^^^^
  File "/home/tarxemo/venv/lib/python3.12/site-packages/graphql/type/definition.py", line 198, in fields
    return define_field_map(self, self._fields)
           ^^^^^^^^^^^^^^^^^^^^^^^^^^^^^^^^^^^^
  File "/home/tarxemo/venv/lib/python3.12/site-packages/graphql/type/definition.py", line 212, in define_field_map
    field_map = field_map()
                ^^^^^^^^^^^
  File "/home/tarxemo/venv/lib/python3.12/site-packages/graphene/types/typemap.py", line 275, in construct_fields_for_type
    map = self.reducer(map, field.type)
          ^^^^^^^^^^^^^^^^^^^^^^^^^^^^^
  File "/home/tarxemo/venv/lib/python3.12/site-packages/graphene/types/typemap.py", line 88, in reducer
    return self.graphene_reducer(map, type)
           ^^^^^^^^^^^^^^^^^^^^^^^^^^^^^^^^
  File "/home/tarxemo/venv/lib/python3.12/site-packages/graphene/types/typemap.py", line 93, in graphene_reducer
    return self.reducer(map, type.of_type)
           ^^^^^^^^^^^^^^^^^^^^^^^^^^^^^^^
  File "/home/tarxemo/venv/lib/python3.12/site-packages/graphene/types/typemap.py", line 88, in reducer
    return self.graphene_reducer(map, type)
           ^^^^^^^^^^^^^^^^^^^^^^^^^^^^^^^^
  File "/home/tarxemo/venv/lib/python3.12/site-packages/graphene/types/typemap.py", line 117, in graphene_reducer
    return GraphQLTypeMap.reducer(map, internal_type)
           ^^^^^^^^^^^^^^^^^^^^^^^^^^^^^^^^^^^^^^^^^^
  File "/home/tarxemo/venv/lib/python3.12/site-packages/graphql/type/typemap.py", line 109, in reducer
    field_map = type_.fields
                ^^^^^^^^^^^^
  File "/home/tarxemo/venv/lib/python3.12/site-packages/graphql/pyutils/cached_property.py", line 22, in __get__
    value = obj.__dict__[self.func.__name__] = self.func(obj)
                                               ^^^^^^^^^^^^^^
  File "/home/tarxemo/venv/lib/python3.12/site-packages/graphql/type/definition.py", line 198, in fields
    return define_field_map(self, self._fields)
           ^^^^^^^^^^^^^^^^^^^^^^^^^^^^^^^^^^^^
  File "/home/tarxemo/venv/lib/python3.12/site-packages/graphql/type/definition.py", line 212, in define_field_map
    field_map = field_map()
                ^^^^^^^^^^^
  File "/home/tarxemo/venv/lib/python3.12/site-packages/graphene/types/typemap.py", line 275, in construct_fields_for_type
    map = self.reducer(map, field.type)
          ^^^^^^^^^^^^^^^^^^^^^^^^^^^^^
  File "/home/tarxemo/venv/lib/python3.12/site-packages/graphene/types/typemap.py", line 88, in reducer
    return self.graphene_reducer(map, type)
           ^^^^^^^^^^^^^^^^^^^^^^^^^^^^^^^^
  File "/home/tarxemo/venv/lib/python3.12/site-packages/graphene/types/typemap.py", line 93, in graphene_reducer
    return self.reducer(map, type.of_type)
           ^^^^^^^^^^^^^^^^^^^^^^^^^^^^^^^
  File "/home/tarxemo/venv/lib/python3.12/site-packages/graphene/types/typemap.py", line 88, in reducer
    return self.graphene_reducer(map, type)
           ^^^^^^^^^^^^^^^^^^^^^^^^^^^^^^^^
  File "/home/tarxemo/venv/lib/python3.12/site-packages/graphene/types/typemap.py", line 117, in graphene_reducer
    return GraphQLTypeMap.reducer(map, internal_type)
           ^^^^^^^^^^^^^^^^^^^^^^^^^^^^^^^^^^^^^^^^^^
  File "/home/tarxemo/venv/lib/python3.12/site-packages/graphql/type/typemap.py", line 109, in reducer
    field_map = type_.fields
                ^^^^^^^^^^^^
  File "/home/tarxemo/venv/lib/python3.12/site-packages/graphql/pyutils/cached_property.py", line 22, in __get__
    value = obj.__dict__[self.func.__name__] = self.func(obj)
                                               ^^^^^^^^^^^^^^
  File "/home/tarxemo/venv/lib/python3.12/site-packages/graphql/type/definition.py", line 198, in fields
    return define_field_map(self, self._fields)
           ^^^^^^^^^^^^^^^^^^^^^^^^^^^^^^^^^^^^
  File "/home/tarxemo/venv/lib/python3.12/site-packages/graphql/type/definition.py", line 212, in define_field_map
    field_map = field_map()
                ^^^^^^^^^^^
  File "/home/tarxemo/venv/lib/python3.12/site-packages/graphene/types/typemap.py", line 275, in construct_fields_for_type
    map = self.reducer(map, field.type)
          ^^^^^^^^^^^^^^^^^^^^^^^^^^^^^
  File "/home/tarxemo/venv/lib/python3.12/site-packages/graphene/types/typemap.py", line 88, in reducer
    return self.graphene_reducer(map, type)
           ^^^^^^^^^^^^^^^^^^^^^^^^^^^^^^^^
  File "/home/tarxemo/venv/lib/python3.12/site-packages/graphene/types/typemap.py", line 93, in graphene_reducer
    return self.reducer(map, type.of_type)
           ^^^^^^^^^^^^^^^^^^^^^^^^^^^^^^^
  File "/home/tarxemo/venv/lib/python3.12/site-packages/graphene/types/typemap.py", line 88, in reducer
    return self.graphene_reducer(map, type)
           ^^^^^^^^^^^^^^^^^^^^^^^^^^^^^^^^
  File "/home/tarxemo/venv/lib/python3.12/site-packages/graphene/types/typemap.py", line 93, in graphene_reducer
    return self.reducer(map, type.of_type)
           ^^^^^^^^^^^^^^^^^^^^^^^^^^^^^^^
  File "/home/tarxemo/venv/lib/python3.12/site-packages/graphene/types/typemap.py", line 88, in reducer
    return self.graphene_reducer(map, type)
           ^^^^^^^^^^^^^^^^^^^^^^^^^^^^^^^^
  File "/home/tarxemo/venv/lib/python3.12/site-packages/graphene/types/typemap.py", line 93, in graphene_reducer
    return self.reducer(map, type.of_type)
           ^^^^^^^^^^^^^^^^^^^^^^^^^^^^^^^
  File "/home/tarxemo/venv/lib/python3.12/site-packages/graphene/types/typemap.py", line 88, in reducer
    return self.graphene_reducer(map, type)
           ^^^^^^^^^^^^^^^^^^^^^^^^^^^^^^^^
  File "/home/tarxemo/venv/lib/python3.12/site-packages/graphene/types/typemap.py", line 117, in graphene_reducer
    return GraphQLTypeMap.reducer(map, internal_type)
           ^^^^^^^^^^^^^^^^^^^^^^^^^^^^^^^^^^^^^^^^^^
  File "/home/tarxemo/venv/lib/python3.12/site-packages/graphql/type/typemap.py", line 109, in reducer
    field_map = type_.fields
                ^^^^^^^^^^^^
  File "/home/tarxemo/venv/lib/python3.12/site-packages/graphql/pyutils/cached_property.py", line 22, in __get__
    value = obj.__dict__[self.func.__name__] = self.func(obj)
                                               ^^^^^^^^^^^^^^
  File "/home/tarxemo/venv/lib/python3.12/site-packages/graphql/type/definition.py", line 198, in fields
    return define_field_map(self, self._fields)
           ^^^^^^^^^^^^^^^^^^^^^^^^^^^^^^^^^^^^
  File "/home/tarxemo/venv/lib/python3.12/site-packages/graphql/type/definition.py", line 212, in define_field_map
    field_map = field_map()
                ^^^^^^^^^^^
  File "/home/tarxemo/venv/lib/python3.12/site-packages/graphene/types/typemap.py", line 275, in construct_fields_for_type
    map = self.reducer(map, field.type)
          ^^^^^^^^^^^^^^^^^^^^^^^^^^^^^
  File "/home/tarxemo/venv/lib/python3.12/site-packages/graphene/types/typemap.py", line 88, in reducer
    return self.graphene_reducer(map, type)
           ^^^^^^^^^^^^^^^^^^^^^^^^^^^^^^^^
  File "/home/tarxemo/venv/lib/python3.12/site-packages/graphene/types/typemap.py", line 93, in graphene_reducer
    return self.reducer(map, type.of_type)
           ^^^^^^^^^^^^^^^^^^^^^^^^^^^^^^^
  File "/home/tarxemo/venv/lib/python3.12/site-packages/graphene/types/typemap.py", line 88, in reducer
    return self.graphene_reducer(map, type)
           ^^^^^^^^^^^^^^^^^^^^^^^^^^^^^^^^
  File "/home/tarxemo/venv/lib/python3.12/site-packages/graphene/types/typemap.py", line 93, in graphene_reducer
    return self.reducer(map, type.of_type)
           ^^^^^^^^^^^^^^^^^^^^^^^^^^^^^^^
  File "/home/tarxemo/venv/lib/python3.12/site-packages/graphene/types/typemap.py", line 88, in reducer
    return self.graphene_reducer(map, type)
           ^^^^^^^^^^^^^^^^^^^^^^^^^^^^^^^^
  File "/home/tarxemo/venv/lib/python3.12/site-packages/graphene/types/typemap.py", line 93, in graphene_reducer
    return self.reducer(map, type.of_type)
           ^^^^^^^^^^^^^^^^^^^^^^^^^^^^^^^
  File "/home/tarxemo/venv/lib/python3.12/site-packages/graphene/types/typemap.py", line 88, in reducer
    return self.graphene_reducer(map, type)
           ^^^^^^^^^^^^^^^^^^^^^^^^^^^^^^^^
  File "/home/tarxemo/venv/lib/python3.12/site-packages/graphene/types/typemap.py", line 117, in graphene_reducer
    return GraphQLTypeMap.reducer(map, internal_type)
           ^^^^^^^^^^^^^^^^^^^^^^^^^^^^^^^^^^^^^^^^^^
  File "/home/tarxemo/venv/lib/python3.12/site-packages/graphql/type/typemap.py", line 109, in reducer
    field_map = type_.fields
                ^^^^^^^^^^^^
  File "/home/tarxemo/venv/lib/python3.12/site-packages/graphql/pyutils/cached_property.py", line 22, in __get__
    value = obj.__dict__[self.func.__name__] = self.func(obj)
                                               ^^^^^^^^^^^^^^
  File "/home/tarxemo/venv/lib/python3.12/site-packages/graphql/type/definition.py", line 198, in fields
    return define_field_map(self, self._fields)
           ^^^^^^^^^^^^^^^^^^^^^^^^^^^^^^^^^^^^
  File "/home/tarxemo/venv/lib/python3.12/site-packages/graphql/type/definition.py", line 212, in define_field_map
    field_map = field_map()
                ^^^^^^^^^^^
  File "/home/tarxemo/venv/lib/python3.12/site-packages/graphene/types/typemap.py", line 275, in construct_fields_for_type
    map = self.reducer(map, field.type)
          ^^^^^^^^^^^^^^^^^^^^^^^^^^^^^
  File "/home/tarxemo/venv/lib/python3.12/site-packages/graphene/types/typemap.py", line 88, in reducer
    return self.graphene_reducer(map, type)
           ^^^^^^^^^^^^^^^^^^^^^^^^^^^^^^^^
  File "/home/tarxemo/venv/lib/python3.12/site-packages/graphene/types/typemap.py", line 97, in graphene_reducer
    assert _type.graphene_type == type, (
           ^^^^^^^^^^^^^^^^^^^^^^^^^^^
AssertionError: Found different types with the same name in the schema: ElectionStatisticsType, ElectionStatisticsType.
Internal Server Error: /graphql/
Traceback (most recent call last):
  File "/home/tarxemo/venv/lib/python3.12/site-packages/django/core/handlers/exception.py", line 55, in inner
    response = get_response(request)
               ^^^^^^^^^^^^^^^^^^^^^
  File "/home/tarxemo/venv/lib/python3.12/site-packages/django/core/handlers/base.py", line 197, in _get_response
    response = wrapped_callback(request, *callback_args, **callback_kwargs)
               ^^^^^^^^^^^^^^^^^^^^^^^^^^^^^^^^^^^^^^^^^^^^^^^^^^^^^^^^^^^^
  File "/home/tarxemo/venv/lib/python3.12/site-packages/django/views/decorators/csrf.py", line 65, in _view_wrapper
    return view_func(request, *args, **kwargs)
           ^^^^^^^^^^^^^^^^^^^^^^^^^^^^^^^^^^^
  File "/home/tarxemo/venv/lib/python3.12/site-packages/django/views/generic/base.py", line 97, in view
    self = cls(**initkwargs)
           ^^^^^^^^^^^^^^^^^
  File "/home/tarxemo/venv/lib/python3.12/site-packages/graphene_django/views.py", line 104, in __init__
    schema = graphene_settings.SCHEMA
             ^^^^^^^^^^^^^^^^^^^^^^^^
  File "/home/tarxemo/venv/lib/python3.12/site-packages/graphene_django/settings.py", line 127, in __getattr__
    val = perform_import(val, attr)
          ^^^^^^^^^^^^^^^^^^^^^^^^^
  File "/home/tarxemo/venv/lib/python3.12/site-packages/graphene_django/settings.py", line 66, in perform_import
    return import_from_string(val, setting_name)
           ^^^^^^^^^^^^^^^^^^^^^^^^^^^^^^^^^^^^^
  File "/home/tarxemo/venv/lib/python3.12/site-packages/graphene_django/settings.py", line 80, in import_from_string
    module = importlib.import_module(module_path)
             ^^^^^^^^^^^^^^^^^^^^^^^^^^^^^^^^^^^^
  File "/usr/lib/python3.12/importlib/__init__.py", line 90, in import_module
    return _bootstrap._gcd_import(name[level:], package, level)
           ^^^^^^^^^^^^^^^^^^^^^^^^^^^^^^^^^^^^^^^^^^^^^^^^^^^^
  File "<frozen importlib._bootstrap>", line 1387, in _gcd_import
  File "<frozen importlib._bootstrap>", line 1360, in _find_and_load
  File "<frozen importlib._bootstrap>", line 1331, in _find_and_load_unlocked
  File "<frozen importlib._bootstrap>", line 935, in _load_unlocked
  File "<frozen importlib._bootstrap_external>", line 995, in exec_module
  File "<frozen importlib._bootstrap>", line 488, in _call_with_frames_removed
  File "/home/tarxemo/Desktop/VS/ElectionBackend/ElectionBackend/main_schema.py", line 17, in <module>
    schema = graphene.Schema(query=RootQuery, mutation=RootMutation, subscription=RootSubscription)
             ^^^^^^^^^^^^^^^^^^^^^^^^^^^^^^^^^^^^^^^^^^^^^^^^^^^^^^^^^^^^^^^^^^^^^^^^^^^^^^^^^^^^^^
  File "/home/tarxemo/venv/lib/python3.12/site-packages/graphene/types/schema.py", line 78, in __init__
    self.build_typemap()
  File "/home/tarxemo/venv/lib/python3.12/site-packages/graphene/types/schema.py", line 167, in build_typemap
    self._type_map = TypeMap(
                     ^^^^^^^^
  File "/home/tarxemo/venv/lib/python3.12/site-packages/graphene/types/typemap.py", line 80, in __init__
    super(TypeMap, self).__init__(types)
  File "/home/tarxemo/venv/lib/python3.12/site-packages/graphql/type/typemap.py", line 31, in __init__
    self.update(reduce(self.reducer, types, OrderedDict()))  # type: ignore
                ^^^^^^^^^^^^^^^^^^^^^^^^^^^^^^^^^^^^^^^^^^
  File "/home/tarxemo/venv/lib/python3.12/site-packages/graphene/types/typemap.py", line 88, in reducer
    return self.graphene_reducer(map, type)
           ^^^^^^^^^^^^^^^^^^^^^^^^^^^^^^^^
  File "/home/tarxemo/venv/lib/python3.12/site-packages/graphene/types/typemap.py", line 117, in graphene_reducer
    return GraphQLTypeMap.reducer(map, internal_type)
           ^^^^^^^^^^^^^^^^^^^^^^^^^^^^^^^^^^^^^^^^^^
  File "/home/tarxemo/venv/lib/python3.12/site-packages/graphql/type/typemap.py", line 109, in reducer
    field_map = type_.fields
                ^^^^^^^^^^^^
  File "/home/tarxemo/venv/lib/python3.12/site-packages/graphql/pyutils/cached_property.py", line 22, in __get__
    value = obj.__dict__[self.func.__name__] = self.func(obj)
                                               ^^^^^^^^^^^^^^
  File "/home/tarxemo/venv/lib/python3.12/site-packages/graphql/type/definition.py", line 198, in fields
    return define_field_map(self, self._fields)
           ^^^^^^^^^^^^^^^^^^^^^^^^^^^^^^^^^^^^
  File "/home/tarxemo/venv/lib/python3.12/site-packages/graphql/type/definition.py", line 212, in define_field_map
    field_map = field_map()
                ^^^^^^^^^^^
  File "/home/tarxemo/venv/lib/python3.12/site-packages/graphene/types/typemap.py", line 275, in construct_fields_for_type
    map = self.reducer(map, field.type)
          ^^^^^^^^^^^^^^^^^^^^^^^^^^^^^
  File "/home/tarxemo/venv/lib/python3.12/site-packages/graphene/types/typemap.py", line 88, in reducer
    return self.graphene_reducer(map, type)
           ^^^^^^^^^^^^^^^^^^^^^^^^^^^^^^^^
  File "/home/tarxemo/venv/lib/python3.12/site-packages/graphene/types/typemap.py", line 93, in graphene_reducer
    return self.reducer(map, type.of_type)
           ^^^^^^^^^^^^^^^^^^^^^^^^^^^^^^^
  File "/home/tarxemo/venv/lib/python3.12/site-packages/graphene/types/typemap.py", line 88, in reducer
    return self.graphene_reducer(map, type)
           ^^^^^^^^^^^^^^^^^^^^^^^^^^^^^^^^
  File "/home/tarxemo/venv/lib/python3.12/site-packages/graphene/types/typemap.py", line 117, in graphene_reducer
    return GraphQLTypeMap.reducer(map, internal_type)
           ^^^^^^^^^^^^^^^^^^^^^^^^^^^^^^^^^^^^^^^^^^
  File "/home/tarxemo/venv/lib/python3.12/site-packages/graphql/type/typemap.py", line 109, in reducer
    field_map = type_.fields
                ^^^^^^^^^^^^
  File "/home/tarxemo/venv/lib/python3.12/site-packages/graphql/pyutils/cached_property.py", line 22, in __get__
    value = obj.__dict__[self.func.__name__] = self.func(obj)
                                               ^^^^^^^^^^^^^^
  File "/home/tarxemo/venv/lib/python3.12/site-packages/graphql/type/definition.py", line 198, in fields
    return define_field_map(self, self._fields)
           ^^^^^^^^^^^^^^^^^^^^^^^^^^^^^^^^^^^^
  File "/home/tarxemo/venv/lib/python3.12/site-packages/graphql/type/definition.py", line 212, in define_field_map
    field_map = field_map()
                ^^^^^^^^^^^
  File "/home/tarxemo/venv/lib/python3.12/site-packages/graphene/types/typemap.py", line 275, in construct_fields_for_type
    map = self.reducer(map, field.type)
          ^^^^^^^^^^^^^^^^^^^^^^^^^^^^^
  File "/home/tarxemo/venv/lib/python3.12/site-packages/graphene/types/typemap.py", line 88, in reducer
    return self.graphene_reducer(map, type)
           ^^^^^^^^^^^^^^^^^^^^^^^^^^^^^^^^
  File "/home/tarxemo/venv/lib/python3.12/site-packages/graphene/types/typemap.py", line 93, in graphene_reducer
    return self.reducer(map, type.of_type)
           ^^^^^^^^^^^^^^^^^^^^^^^^^^^^^^^
  File "/home/tarxemo/venv/lib/python3.12/site-packages/graphene/types/typemap.py", line 88, in reducer
    return self.graphene_reducer(map, type)
           ^^^^^^^^^^^^^^^^^^^^^^^^^^^^^^^^
  File "/home/tarxemo/venv/lib/python3.12/site-packages/graphene/types/typemap.py", line 117, in graphene_reducer
    return GraphQLTypeMap.reducer(map, internal_type)
           ^^^^^^^^^^^^^^^^^^^^^^^^^^^^^^^^^^^^^^^^^^
  File "/home/tarxemo/venv/lib/python3.12/site-packages/graphql/type/typemap.py", line 109, in reducer
    field_map = type_.fields
                ^^^^^^^^^^^^
  File "/home/tarxemo/venv/lib/python3.12/site-packages/graphql/pyutils/cached_property.py", line 22, in __get__
    value = obj.__dict__[self.func.__name__] = self.func(obj)
                                               ^^^^^^^^^^^^^^
  File "/home/tarxemo/venv/lib/python3.12/site-packages/graphql/type/definition.py", line 198, in fields
    return define_field_map(self, self._fields)
           ^^^^^^^^^^^^^^^^^^^^^^^^^^^^^^^^^^^^
  File "/home/tarxemo/venv/lib/python3.12/site-packages/graphql/type/definition.py", line 212, in define_field_map
    field_map = field_map()
                ^^^^^^^^^^^
  File "/home/tarxemo/venv/lib/python3.12/site-packages/graphene/types/typemap.py", line 275, in construct_fields_for_type
    map = self.reducer(map, field.type)
          ^^^^^^^^^^^^^^^^^^^^^^^^^^^^^
  File "/home/tarxemo/venv/lib/python3.12/site-packages/graphene/types/typemap.py", line 88, in reducer
    return self.graphene_reducer(map, type)
           ^^^^^^^^^^^^^^^^^^^^^^^^^^^^^^^^
  File "/home/tarxemo/venv/lib/python3.12/site-packages/graphene/types/typemap.py", line 93, in graphene_reducer
    return self.reducer(map, type.of_type)
           ^^^^^^^^^^^^^^^^^^^^^^^^^^^^^^^
  File "/home/tarxemo/venv/lib/python3.12/site-packages/graphene/types/typemap.py", line 88, in reducer
    return self.graphene_reducer(map, type)
           ^^^^^^^^^^^^^^^^^^^^^^^^^^^^^^^^
  File "/home/tarxemo/venv/lib/python3.12/site-packages/graphene/types/typemap.py", line 93, in graphene_reducer
    return self.reducer(map, type.of_type)
           ^^^^^^^^^^^^^^^^^^^^^^^^^^^^^^^
  File "/home/tarxemo/venv/lib/python3.12/site-packages/graphene/types/typemap.py", line 88, in reducer
    return self.graphene_reducer(map, type)
           ^^^^^^^^^^^^^^^^^^^^^^^^^^^^^^^^
  File "/home/tarxemo/venv/lib/python3.12/site-packages/graphene/types/typemap.py", line 93, in graphene_reducer
    return self.reducer(map, type.of_type)
           ^^^^^^^^^^^^^^^^^^^^^^^^^^^^^^^
  File "/home/tarxemo/venv/lib/python3.12/site-packages/graphene/types/typemap.py", line 88, in reducer
    return self.graphene_reducer(map, type)
           ^^^^^^^^^^^^^^^^^^^^^^^^^^^^^^^^
  File "/home/tarxemo/venv/lib/python3.12/site-packages/graphene/types/typemap.py", line 117, in graphene_reducer
    return GraphQLTypeMap.reducer(map, internal_type)
           ^^^^^^^^^^^^^^^^^^^^^^^^^^^^^^^^^^^^^^^^^^
  File "/home/tarxemo/venv/lib/python3.12/site-packages/graphql/type/typemap.py", line 109, in reducer
    field_map = type_.fields
                ^^^^^^^^^^^^
  File "/home/tarxemo/venv/lib/python3.12/site-packages/graphql/pyutils/cached_property.py", line 22, in __get__
    value = obj.__dict__[self.func.__name__] = self.func(obj)
                                               ^^^^^^^^^^^^^^
  File "/home/tarxemo/venv/lib/python3.12/site-packages/graphql/type/definition.py", line 198, in fields
    return define_field_map(self, self._fields)
           ^^^^^^^^^^^^^^^^^^^^^^^^^^^^^^^^^^^^
  File "/home/tarxemo/venv/lib/python3.12/site-packages/graphql/type/definition.py", line 212, in define_field_map
    field_map = field_map()
                ^^^^^^^^^^^
  File "/home/tarxemo/venv/lib/python3.12/site-packages/graphene/types/typemap.py", line 275, in construct_fields_for_type
    map = self.reducer(map, field.type)
          ^^^^^^^^^^^^^^^^^^^^^^^^^^^^^
  File "/home/tarxemo/venv/lib/python3.12/site-packages/graphene/types/typemap.py", line 88, in reducer
    return self.graphene_reducer(map, type)
           ^^^^^^^^^^^^^^^^^^^^^^^^^^^^^^^^
  File "/home/tarxemo/venv/lib/python3.12/site-packages/graphene/types/typemap.py", line 93, in graphene_reducer
    return self.reducer(map, type.of_type)
           ^^^^^^^^^^^^^^^^^^^^^^^^^^^^^^^
  File "/home/tarxemo/venv/lib/python3.12/site-packages/graphene/types/typemap.py", line 88, in reducer
    return self.graphene_reducer(map, type)
           ^^^^^^^^^^^^^^^^^^^^^^^^^^^^^^^^
  File "/home/tarxemo/venv/lib/python3.12/site-packages/graphene/types/typemap.py", line 93, in graphene_reducer
    return self.reducer(map, type.of_type)
           ^^^^^^^^^^^^^^^^^^^^^^^^^^^^^^^
  File "/home/tarxemo/venv/lib/python3.12/site-packages/graphene/types/typemap.py", line 88, in reducer
    return self.graphene_reducer(map, type)
           ^^^^^^^^^^^^^^^^^^^^^^^^^^^^^^^^
  File "/home/tarxemo/venv/lib/python3.12/site-packages/graphene/types/typemap.py", line 93, in graphene_reducer
    return self.reducer(map, type.of_type)
           ^^^^^^^^^^^^^^^^^^^^^^^^^^^^^^^
  File "/home/tarxemo/venv/lib/python3.12/site-packages/graphene/types/typemap.py", line 88, in reducer
    return self.graphene_reducer(map, type)
           ^^^^^^^^^^^^^^^^^^^^^^^^^^^^^^^^
  File "/home/tarxemo/venv/lib/python3.12/site-packages/graphene/types/typemap.py", line 117, in graphene_reducer
    return GraphQLTypeMap.reducer(map, internal_type)
           ^^^^^^^^^^^^^^^^^^^^^^^^^^^^^^^^^^^^^^^^^^
  File "/home/tarxemo/venv/lib/python3.12/site-packages/graphql/type/typemap.py", line 109, in reducer
    field_map = type_.fields
                ^^^^^^^^^^^^
  File "/home/tarxemo/venv/lib/python3.12/site-packages/graphql/pyutils/cached_property.py", line 22, in __get__
    value = obj.__dict__[self.func.__name__] = self.func(obj)
                                               ^^^^^^^^^^^^^^
  File "/home/tarxemo/venv/lib/python3.12/site-packages/graphql/type/definition.py", line 198, in fields
    return define_field_map(self, self._fields)
           ^^^^^^^^^^^^^^^^^^^^^^^^^^^^^^^^^^^^
  File "/home/tarxemo/venv/lib/python3.12/site-packages/graphql/type/definition.py", line 212, in define_field_map
    field_map = field_map()
                ^^^^^^^^^^^
  File "/home/tarxemo/venv/lib/python3.12/site-packages/graphene/types/typemap.py", line 275, in construct_fields_for_type
    map = self.reducer(map, field.type)
          ^^^^^^^^^^^^^^^^^^^^^^^^^^^^^
  File "/home/tarxemo/venv/lib/python3.12/site-packages/graphene/types/typemap.py", line 88, in reducer
    return self.graphene_reducer(map, type)
           ^^^^^^^^^^^^^^^^^^^^^^^^^^^^^^^^
  File "/home/tarxemo/venv/lib/python3.12/site-packages/graphene/types/typemap.py", line 97, in graphene_reducer
    assert _type.graphene_type == type, (
           ^^^^^^^^^^^^^^^^^^^^^^^^^^^
AssertionError: Found different types with the same name in the schema: ElectionStatisticsType, ElectionStatisticsType.
Internal Server Error: /graphql/
Traceback (most recent call last):
  File "/home/tarxemo/venv/lib/python3.12/site-packages/django/core/handlers/exception.py", line 55, in inner
    response = get_response(request)
               ^^^^^^^^^^^^^^^^^^^^^
  File "/home/tarxemo/venv/lib/python3.12/site-packages/django/core/handlers/base.py", line 197, in _get_response
    response = wrapped_callback(request, *callback_args, **callback_kwargs)
               ^^^^^^^^^^^^^^^^^^^^^^^^^^^^^^^^^^^^^^^^^^^^^^^^^^^^^^^^^^^^
  File "/home/tarxemo/venv/lib/python3.12/site-packages/django/views/decorators/csrf.py", line 65, in _view_wrapper
    return view_func(request, *args, **kwargs)
           ^^^^^^^^^^^^^^^^^^^^^^^^^^^^^^^^^^^
  File "/home/tarxemo/venv/lib/python3.12/site-packages/django/views/generic/base.py", line 97, in view
    self = cls(**initkwargs)
           ^^^^^^^^^^^^^^^^^
  File "/home/tarxemo/venv/lib/python3.12/site-packages/graphene_django/views.py", line 104, in __init__
    schema = graphene_settings.SCHEMA
             ^^^^^^^^^^^^^^^^^^^^^^^^
  File "/home/tarxemo/venv/lib/python3.12/site-packages/graphene_django/settings.py", line 127, in __getattr__
    val = perform_import(val, attr)
          ^^^^^^^^^^^^^^^^^^^^^^^^^
  File "/home/tarxemo/venv/lib/python3.12/site-packages/graphene_django/settings.py", line 66, in perform_import
    return import_from_string(val, setting_name)
           ^^^^^^^^^^^^^^^^^^^^^^^^^^^^^^^^^^^^^
  File "/home/tarxemo/venv/lib/python3.12/site-packages/graphene_django/settings.py", line 80, in import_from_string
    module = importlib.import_module(module_path)
             ^^^^^^^^^^^^^^^^^^^^^^^^^^^^^^^^^^^^
  File "/usr/lib/python3.12/importlib/__init__.py", line 90, in import_module
    return _bootstrap._gcd_import(name[level:], package, level)
           ^^^^^^^^^^^^^^^^^^^^^^^^^^^^^^^^^^^^^^^^^^^^^^^^^^^^
  File "<frozen importlib._bootstrap>", line 1387, in _gcd_import
  File "<frozen importlib._bootstrap>", line 1360, in _find_and_load
  File "<frozen importlib._bootstrap>", line 1331, in _find_and_load_unlocked
  File "<frozen importlib._bootstrap>", line 935, in _load_unlocked
  File "<frozen importlib._bootstrap_external>", line 995, in exec_module
  File "<frozen importlib._bootstrap>", line 488, in _call_with_frames_removed
  File "/home/tarxemo/Desktop/VS/ElectionBackend/ElectionBackend/main_schema.py", line 17, in <module>
    schema = graphene.Schema(query=RootQuery, mutation=RootMutation, subscription=RootSubscription)
             ^^^^^^^^^^^^^^^^^^^^^^^^^^^^^^^^^^^^^^^^^^^^^^^^^^^^^^^^^^^^^^^^^^^^^^^^^^^^^^^^^^^^^^
  File "/home/tarxemo/venv/lib/python3.12/site-packages/graphene/types/schema.py", line 78, in __init__
    self.build_typemap()
  File "/home/tarxemo/venv/lib/python3.12/site-packages/graphene/types/schema.py", line 167, in build_typemap
    self._type_map = TypeMap(
                     ^^^^^^^^
  File "/home/tarxemo/venv/lib/python3.12/site-packages/graphene/types/typemap.py", line 80, in __init__
    super(TypeMap, self).__init__(types)
  File "/home/tarxemo/venv/lib/python3.12/site-packages/graphql/type/typemap.py", line 31, in __init__
    self.update(reduce(self.reducer, types, OrderedDict()))  # type: ignore
                ^^^^^^^^^^^^^^^^^^^^^^^^^^^^^^^^^^^^^^^^^^
  File "/home/tarxemo/venv/lib/python3.12/site-packages/graphene/types/typemap.py", line 88, in reducer
    return self.graphene_reducer(map, type)
           ^^^^^^^^^^^^^^^^^^^^^^^^^^^^^^^^
  File "/home/tarxemo/venv/lib/python3.12/site-packages/graphene/types/typemap.py", line 117, in graphene_reducer
    return GraphQLTypeMap.reducer(map, internal_type)
           ^^^^^^^^^^^^^^^^^^^^^^^^^^^^^^^^^^^^^^^^^^
  File "/home/tarxemo/venv/lib/python3.12/site-packages/graphql/type/typemap.py", line 109, in reducer
    field_map = type_.fields
                ^^^^^^^^^^^^
  File "/home/tarxemo/venv/lib/python3.12/site-packages/graphql/pyutils/cached_property.py", line 22, in __get__
    value = obj.__dict__[self.func.__name__] = self.func(obj)
                                               ^^^^^^^^^^^^^^
  File "/home/tarxemo/venv/lib/python3.12/site-packages/graphql/type/definition.py", line 198, in fields
    return define_field_map(self, self._fields)
           ^^^^^^^^^^^^^^^^^^^^^^^^^^^^^^^^^^^^
  File "/home/tarxemo/venv/lib/python3.12/site-packages/graphql/type/definition.py", line 212, in define_field_map
    field_map = field_map()
                ^^^^^^^^^^^
  File "/home/tarxemo/venv/lib/python3.12/site-packages/graphene/types/typemap.py", line 275, in construct_fields_for_type
    map = self.reducer(map, field.type)
          ^^^^^^^^^^^^^^^^^^^^^^^^^^^^^
  File "/home/tarxemo/venv/lib/python3.12/site-packages/graphene/types/typemap.py", line 88, in reducer
    return self.graphene_reducer(map, type)
           ^^^^^^^^^^^^^^^^^^^^^^^^^^^^^^^^
  File "/home/tarxemo/venv/lib/python3.12/site-packages/graphene/types/typemap.py", line 93, in graphene_reducer
    return self.reducer(map, type.of_type)
           ^^^^^^^^^^^^^^^^^^^^^^^^^^^^^^^
  File "/home/tarxemo/venv/lib/python3.12/site-packages/graphene/types/typemap.py", line 88, in reducer
    return self.graphene_reducer(map, type)
           ^^^^^^^^^^^^^^^^^^^^^^^^^^^^^^^^
  File "/home/tarxemo/venv/lib/python3.12/site-packages/graphene/types/typemap.py", line 117, in graphene_reducer
    return GraphQLTypeMap.reducer(map, internal_type)
           ^^^^^^^^^^^^^^^^^^^^^^^^^^^^^^^^^^^^^^^^^^
  File "/home/tarxemo/venv/lib/python3.12/site-packages/graphql/type/typemap.py", line 109, in reducer
    field_map = type_.fields
                ^^^^^^^^^^^^
  File "/home/tarxemo/venv/lib/python3.12/site-packages/graphql/pyutils/cached_property.py", line 22, in __get__
    value = obj.__dict__[self.func.__name__] = self.func(obj)
                                               ^^^^^^^^^^^^^^
  File "/home/tarxemo/venv/lib/python3.12/site-packages/graphql/type/definition.py", line 198, in fields
    return define_field_map(self, self._fields)
           ^^^^^^^^^^^^^^^^^^^^^^^^^^^^^^^^^^^^
  File "/home/tarxemo/venv/lib/python3.12/site-packages/graphql/type/definition.py", line 212, in define_field_map
    field_map = field_map()
                ^^^^^^^^^^^
  File "/home/tarxemo/venv/lib/python3.12/site-packages/graphene/types/typemap.py", line 275, in construct_fields_for_type
    map = self.reducer(map, field.type)
          ^^^^^^^^^^^^^^^^^^^^^^^^^^^^^
  File "/home/tarxemo/venv/lib/python3.12/site-packages/graphene/types/typemap.py", line 88, in reducer
    return self.graphene_reducer(map, type)
           ^^^^^^^^^^^^^^^^^^^^^^^^^^^^^^^^
  File "/home/tarxemo/venv/lib/python3.12/site-packages/graphene/types/typemap.py", line 93, in graphene_reducer
    return self.reducer(map, type.of_type)
           ^^^^^^^^^^^^^^^^^^^^^^^^^^^^^^^
  File "/home/tarxemo/venv/lib/python3.12/site-packages/graphene/types/typemap.py", line 88, in reducer
    return self.graphene_reducer(map, type)
           ^^^^^^^^^^^^^^^^^^^^^^^^^^^^^^^^
  File "/home/tarxemo/venv/lib/python3.12/site-packages/graphene/types/typemap.py", line 117, in graphene_reducer
    return GraphQLTypeMap.reducer(map, internal_type)
           ^^^^^^^^^^^^^^^^^^^^^^^^^^^^^^^^^^^^^^^^^^
  File "/home/tarxemo/venv/lib/python3.12/site-packages/graphql/type/typemap.py", line 109, in reducer
    field_map = type_.fields
                ^^^^^^^^^^^^
  File "/home/tarxemo/venv/lib/python3.12/site-packages/graphql/pyutils/cached_property.py", line 22, in __get__
    value = obj.__dict__[self.func.__name__] = self.func(obj)
                                               ^^^^^^^^^^^^^^
  File "/home/tarxemo/venv/lib/python3.12/site-packages/graphql/type/definition.py", line 198, in fields
    return define_field_map(self, self._fields)
           ^^^^^^^^^^^^^^^^^^^^^^^^^^^^^^^^^^^^
  File "/home/tarxemo/venv/lib/python3.12/site-packages/graphql/type/definition.py", line 212, in define_field_map
    field_map = field_map()
                ^^^^^^^^^^^
  File "/home/tarxemo/venv/lib/python3.12/site-packages/graphene/types/typemap.py", line 275, in construct_fields_for_type
    map = self.reducer(map, field.type)
          ^^^^^^^^^^^^^^^^^^^^^^^^^^^^^
  File "/home/tarxemo/venv/lib/python3.12/site-packages/graphene/types/typemap.py", line 88, in reducer
    return self.graphene_reducer(map, type)
           ^^^^^^^^^^^^^^^^^^^^^^^^^^^^^^^^
  File "/home/tarxemo/venv/lib/python3.12/site-packages/graphene/types/typemap.py", line 93, in graphene_reducer
    return self.reducer(map, type.of_type)
           ^^^^^^^^^^^^^^^^^^^^^^^^^^^^^^^
  File "/home/tarxemo/venv/lib/python3.12/site-packages/graphene/types/typemap.py", line 88, in reducer
    return self.graphene_reducer(map, type)
           ^^^^^^^^^^^^^^^^^^^^^^^^^^^^^^^^
  File "/home/tarxemo/venv/lib/python3.12/site-packages/graphene/types/typemap.py", line 93, in graphene_reducer
    return self.reducer(map, type.of_type)
           ^^^^^^^^^^^^^^^^^^^^^^^^^^^^^^^
  File "/home/tarxemo/venv/lib/python3.12/site-packages/graphene/types/typemap.py", line 88, in reducer
    return self.graphene_reducer(map, type)
           ^^^^^^^^^^^^^^^^^^^^^^^^^^^^^^^^
  File "/home/tarxemo/venv/lib/python3.12/site-packages/graphene/types/typemap.py", line 93, in graphene_reducer
    return self.reducer(map, type.of_type)
           ^^^^^^^^^^^^^^^^^^^^^^^^^^^^^^^
  File "/home/tarxemo/venv/lib/python3.12/site-packages/graphene/types/typemap.py", line 88, in reducer
    return self.graphene_reducer(map, type)
           ^^^^^^^^^^^^^^^^^^^^^^^^^^^^^^^^
  File "/home/tarxemo/venv/lib/python3.12/site-packages/graphene/types/typemap.py", line 117, in graphene_reducer
    return GraphQLTypeMap.reducer(map, internal_type)
           ^^^^^^^^^^^^^^^^^^^^^^^^^^^^^^^^^^^^^^^^^^
  File "/home/tarxemo/venv/lib/python3.12/site-packages/graphql/type/typemap.py", line 109, in reducer
    field_map = type_.fields
                ^^^^^^^^^^^^
  File "/home/tarxemo/venv/lib/python3.12/site-packages/graphql/pyutils/cached_property.py", line 22, in __get__
    value = obj.__dict__[self.func.__name__] = self.func(obj)
                                               ^^^^^^^^^^^^^^
  File "/home/tarxemo/venv/lib/python3.12/site-packages/graphql/type/definition.py", line 198, in fields
    return define_field_map(self, self._fields)
           ^^^^^^^^^^^^^^^^^^^^^^^^^^^^^^^^^^^^
  File "/home/tarxemo/venv/lib/python3.12/site-packages/graphql/type/definition.py", line 212, in define_field_map
    field_map = field_map()
                ^^^^^^^^^^^
  File "/home/tarxemo/venv/lib/python3.12/site-packages/graphene/types/typemap.py", line 275, in construct_fields_for_type
    map = self.reducer(map, field.type)
          ^^^^^^^^^^^^^^^^^^^^^^^^^^^^^
  File "/home/tarxemo/venv/lib/python3.12/site-packages/graphene/types/typemap.py", line 88, in reducer
    return self.graphene_reducer(map, type)
           ^^^^^^^^^^^^^^^^^^^^^^^^^^^^^^^^
  File "/home/tarxemo/venv/lib/python3.12/site-packages/graphene/types/typemap.py", line 93, in graphene_reducer
    return self.reducer(map, type.of_type)
           ^^^^^^^^^^^^^^^^^^^^^^^^^^^^^^^
  File "/home/tarxemo/venv/lib/python3.12/site-packages/graphene/types/typemap.py", line 88, in reducer
    return self.graphene_reducer(map, type)
           ^^^^^^^^^^^^^^^^^^^^^^^^^^^^^^^^
  File "/home/tarxemo/venv/lib/python3.12/site-packages/graphene/types/typemap.py", line 93, in graphene_reducer
    return self.reducer(map, type.of_type)
           ^^^^^^^^^^^^^^^^^^^^^^^^^^^^^^^
  File "/home/tarxemo/venv/lib/python3.12/site-packages/graphene/types/typemap.py", line 88, in reducer
    return self.graphene_reducer(map, type)
           ^^^^^^^^^^^^^^^^^^^^^^^^^^^^^^^^
  File "/home/tarxemo/venv/lib/python3.12/site-packages/graphene/types/typemap.py", line 93, in graphene_reducer
    return self.reducer(map, type.of_type)
           ^^^^^^^^^^^^^^^^^^^^^^^^^^^^^^^
  File "/home/tarxemo/venv/lib/python3.12/site-packages/graphene/types/typemap.py", line 88, in reducer
    return self.graphene_reducer(map, type)
           ^^^^^^^^^^^^^^^^^^^^^^^^^^^^^^^^
  File "/home/tarxemo/venv/lib/python3.12/site-packages/graphene/types/typemap.py", line 117, in graphene_reducer
    return GraphQLTypeMap.reducer(map, internal_type)
           ^^^^^^^^^^^^^^^^^^^^^^^^^^^^^^^^^^^^^^^^^^
  File "/home/tarxemo/venv/lib/python3.12/site-packages/graphql/type/typemap.py", line 109, in reducer
    field_map = type_.fields
                ^^^^^^^^^^^^
  File "/home/tarxemo/venv/lib/python3.12/site-packages/graphql/pyutils/cached_property.py", line 22, in __get__
    value = obj.__dict__[self.func.__name__] = self.func(obj)
                                               ^^^^^^^^^^^^^^
  File "/home/tarxemo/venv/lib/python3.12/site-packages/graphql/type/definition.py", line 198, in fields
    return define_field_map(self, self._fields)
           ^^^^^^^^^^^^^^^^^^^^^^^^^^^^^^^^^^^^
  File "/home/tarxemo/venv/lib/python3.12/site-packages/graphql/type/definition.py", line 212, in define_field_map
    field_map = field_map()
                ^^^^^^^^^^^
  File "/home/tarxemo/venv/lib/python3.12/site-packages/graphene/types/typemap.py", line 275, in construct_fields_for_type
    map = self.reducer(map, field.type)
          ^^^^^^^^^^^^^^^^^^^^^^^^^^^^^
  File "/home/tarxemo/venv/lib/python3.12/site-packages/graphene/types/typemap.py", line 88, in reducer
    return self.graphene_reducer(map, type)
           ^^^^^^^^^^^^^^^^^^^^^^^^^^^^^^^^
  File "/home/tarxemo/venv/lib/python3.12/site-packages/graphene/types/typemap.py", line 97, in graphene_reducer
    assert _type.graphene_type == type, (
           ^^^^^^^^^^^^^^^^^^^^^^^^^^^
AssertionError: Found different types with the same name in the schema: ElectionStatisticsType, ElectionStatisticsType.
Internal Server Error: /graphql/
Traceback (most recent call last):
  File "/home/tarxemo/venv/lib/python3.12/site-packages/django/core/handlers/exception.py", line 55, in inner
    response = get_response(request)
               ^^^^^^^^^^^^^^^^^^^^^
  File "/home/tarxemo/venv/lib/python3.12/site-packages/django/core/handlers/base.py", line 197, in _get_response
    response = wrapped_callback(request, *callback_args, **callback_kwargs)
               ^^^^^^^^^^^^^^^^^^^^^^^^^^^^^^^^^^^^^^^^^^^^^^^^^^^^^^^^^^^^
  File "/home/tarxemo/venv/lib/python3.12/site-packages/django/views/decorators/csrf.py", line 65, in _view_wrapper
    return view_func(request, *args, **kwargs)
           ^^^^^^^^^^^^^^^^^^^^^^^^^^^^^^^^^^^
  File "/home/tarxemo/venv/lib/python3.12/site-packages/django/views/generic/base.py", line 97, in view
    self = cls(**initkwargs)
           ^^^^^^^^^^^^^^^^^
  File "/home/tarxemo/venv/lib/python3.12/site-packages/graphene_django/views.py", line 104, in __init__
    schema = graphene_settings.SCHEMA
             ^^^^^^^^^^^^^^^^^^^^^^^^
  File "/home/tarxemo/venv/lib/python3.12/site-packages/graphene_django/settings.py", line 127, in __getattr__
    val = perform_import(val, attr)
          ^^^^^^^^^^^^^^^^^^^^^^^^^
  File "/home/tarxemo/venv/lib/python3.12/site-packages/graphene_django/settings.py", line 66, in perform_import
    return import_from_string(val, setting_name)
           ^^^^^^^^^^^^^^^^^^^^^^^^^^^^^^^^^^^^^
  File "/home/tarxemo/venv/lib/python3.12/site-packages/graphene_django/settings.py", line 80, in import_from_string
    module = importlib.import_module(module_path)
             ^^^^^^^^^^^^^^^^^^^^^^^^^^^^^^^^^^^^
  File "/usr/lib/python3.12/importlib/__init__.py", line 90, in import_module
    return _bootstrap._gcd_import(name[level:], package, level)
           ^^^^^^^^^^^^^^^^^^^^^^^^^^^^^^^^^^^^^^^^^^^^^^^^^^^^
  File "<frozen importlib._bootstrap>", line 1387, in _gcd_import
  File "<frozen importlib._bootstrap>", line 1360, in _find_and_load
  File "<frozen importlib._bootstrap>", line 1331, in _find_and_load_unlocked
  File "<frozen importlib._bootstrap>", line 935, in _load_unlocked
  File "<frozen importlib._bootstrap_external>", line 995, in exec_module
  File "<frozen importlib._bootstrap>", line 488, in _call_with_frames_removed
  File "/home/tarxemo/Desktop/VS/ElectionBackend/ElectionBackend/main_schema.py", line 17, in <module>
    schema = graphene.Schema(query=RootQuery, mutation=RootMutation, subscription=RootSubscription)
             ^^^^^^^^^^^^^^^^^^^^^^^^^^^^^^^^^^^^^^^^^^^^^^^^^^^^^^^^^^^^^^^^^^^^^^^^^^^^^^^^^^^^^^
  File "/home/tarxemo/venv/lib/python3.12/site-packages/graphene/types/schema.py", line 78, in __init__
    self.build_typemap()
  File "/home/tarxemo/venv/lib/python3.12/site-packages/graphene/types/schema.py", line 167, in build_typemap
    self._type_map = TypeMap(
                     ^^^^^^^^
  File "/home/tarxemo/venv/lib/python3.12/site-packages/graphene/types/typemap.py", line 80, in __init__
    super(TypeMap, self).__init__(types)
  File "/home/tarxemo/venv/lib/python3.12/site-packages/graphql/type/typemap.py", line 31, in __init__
    self.update(reduce(self.reducer, types, OrderedDict()))  # type: ignore
                ^^^^^^^^^^^^^^^^^^^^^^^^^^^^^^^^^^^^^^^^^^
  File "/home/tarxemo/venv/lib/python3.12/site-packages/graphene/types/typemap.py", line 88, in reducer
    return self.graphene_reducer(map, type)
           ^^^^^^^^^^^^^^^^^^^^^^^^^^^^^^^^
  File "/home/tarxemo/venv/lib/python3.12/site-packages/graphene/types/typemap.py", line 117, in graphene_reducer
    return GraphQLTypeMap.reducer(map, internal_type)
           ^^^^^^^^^^^^^^^^^^^^^^^^^^^^^^^^^^^^^^^^^^
  File "/home/tarxemo/venv/lib/python3.12/site-packages/graphql/type/typemap.py", line 109, in reducer
    field_map = type_.fields
                ^^^^^^^^^^^^
  File "/home/tarxemo/venv/lib/python3.12/site-packages/graphql/pyutils/cached_property.py", line 22, in __get__
    value = obj.__dict__[self.func.__name__] = self.func(obj)
                                               ^^^^^^^^^^^^^^
  File "/home/tarxemo/venv/lib/python3.12/site-packages/graphql/type/definition.py", line 198, in fields
    return define_field_map(self, self._fields)
           ^^^^^^^^^^^^^^^^^^^^^^^^^^^^^^^^^^^^
  File "/home/tarxemo/venv/lib/python3.12/site-packages/graphql/type/definition.py", line 212, in define_field_map
    field_map = field_map()
                ^^^^^^^^^^^
  File "/home/tarxemo/venv/lib/python3.12/site-packages/graphene/types/typemap.py", line 275, in construct_fields_for_type
    map = self.reducer(map, field.type)
          ^^^^^^^^^^^^^^^^^^^^^^^^^^^^^
  File "/home/tarxemo/venv/lib/python3.12/site-packages/graphene/types/typemap.py", line 88, in reducer
    return self.graphene_reducer(map, type)
           ^^^^^^^^^^^^^^^^^^^^^^^^^^^^^^^^
  File "/home/tarxemo/venv/lib/python3.12/site-packages/graphene/types/typemap.py", line 93, in graphene_reducer
    return self.reducer(map, type.of_type)
           ^^^^^^^^^^^^^^^^^^^^^^^^^^^^^^^
  File "/home/tarxemo/venv/lib/python3.12/site-packages/graphene/types/typemap.py", line 88, in reducer
    return self.graphene_reducer(map, type)
           ^^^^^^^^^^^^^^^^^^^^^^^^^^^^^^^^
  File "/home/tarxemo/venv/lib/python3.12/site-packages/graphene/types/typemap.py", line 117, in graphene_reducer
    return GraphQLTypeMap.reducer(map, internal_type)
           ^^^^^^^^^^^^^^^^^^^^^^^^^^^^^^^^^^^^^^^^^^
  File "/home/tarxemo/venv/lib/python3.12/site-packages/graphql/type/typemap.py", line 109, in reducer
    field_map = type_.fields
                ^^^^^^^^^^^^
  File "/home/tarxemo/venv/lib/python3.12/site-packages/graphql/pyutils/cached_property.py", line 22, in __get__
    value = obj.__dict__[self.func.__name__] = self.func(obj)
                                               ^^^^^^^^^^^^^^
  File "/home/tarxemo/venv/lib/python3.12/site-packages/graphql/type/definition.py", line 198, in fields
    return define_field_map(self, self._fields)
           ^^^^^^^^^^^^^^^^^^^^^^^^^^^^^^^^^^^^
  File "/home/tarxemo/venv/lib/python3.12/site-packages/graphql/type/definition.py", line 212, in define_field_map
    field_map = field_map()
                ^^^^^^^^^^^
  File "/home/tarxemo/venv/lib/python3.12/site-packages/graphene/types/typemap.py", line 275, in construct_fields_for_type
    map = self.reducer(map, field.type)
          ^^^^^^^^^^^^^^^^^^^^^^^^^^^^^
  File "/home/tarxemo/venv/lib/python3.12/site-packages/graphene/types/typemap.py", line 88, in reducer
    return self.graphene_reducer(map, type)
           ^^^^^^^^^^^^^^^^^^^^^^^^^^^^^^^^
  File "/home/tarxemo/venv/lib/python3.12/site-packages/graphene/types/typemap.py", line 93, in graphene_reducer
    return self.reducer(map, type.of_type)
           ^^^^^^^^^^^^^^^^^^^^^^^^^^^^^^^
  File "/home/tarxemo/venv/lib/python3.12/site-packages/graphene/types/typemap.py", line 88, in reducer
    return self.graphene_reducer(map, type)
           ^^^^^^^^^^^^^^^^^^^^^^^^^^^^^^^^
  File "/home/tarxemo/venv/lib/python3.12/site-packages/graphene/types/typemap.py", line 117, in graphene_reducer
    return GraphQLTypeMap.reducer(map, internal_type)
           ^^^^^^^^^^^^^^^^^^^^^^^^^^^^^^^^^^^^^^^^^^
  File "/home/tarxemo/venv/lib/python3.12/site-packages/graphql/type/typemap.py", line 109, in reducer
    field_map = type_.fields
                ^^^^^^^^^^^^
  File "/home/tarxemo/venv/lib/python3.12/site-packages/graphql/pyutils/cached_property.py", line 22, in __get__
    value = obj.__dict__[self.func.__name__] = self.func(obj)
                                               ^^^^^^^^^^^^^^
  File "/home/tarxemo/venv/lib/python3.12/site-packages/graphql/type/definition.py", line 198, in fields
    return define_field_map(self, self._fields)
           ^^^^^^^^^^^^^^^^^^^^^^^^^^^^^^^^^^^^
  File "/home/tarxemo/venv/lib/python3.12/site-packages/graphql/type/definition.py", line 212, in define_field_map
    field_map = field_map()
                ^^^^^^^^^^^
  File "/home/tarxemo/venv/lib/python3.12/site-packages/graphene/types/typemap.py", line 275, in construct_fields_for_type
    map = self.reducer(map, field.type)
          ^^^^^^^^^^^^^^^^^^^^^^^^^^^^^
  File "/home/tarxemo/venv/lib/python3.12/site-packages/graphene/types/typemap.py", line 88, in reducer
    return self.graphene_reducer(map, type)
           ^^^^^^^^^^^^^^^^^^^^^^^^^^^^^^^^
  File "/home/tarxemo/venv/lib/python3.12/site-packages/graphene/types/typemap.py", line 93, in graphene_reducer
    return self.reducer(map, type.of_type)
           ^^^^^^^^^^^^^^^^^^^^^^^^^^^^^^^
  File "/home/tarxemo/venv/lib/python3.12/site-packages/graphene/types/typemap.py", line 88, in reducer
    return self.graphene_reducer(map, type)
           ^^^^^^^^^^^^^^^^^^^^^^^^^^^^^^^^
  File "/home/tarxemo/venv/lib/python3.12/site-packages/graphene/types/typemap.py", line 93, in graphene_reducer
    return self.reducer(map, type.of_type)
           ^^^^^^^^^^^^^^^^^^^^^^^^^^^^^^^
  File "/home/tarxemo/venv/lib/python3.12/site-packages/graphene/types/typemap.py", line 88, in reducer
    return self.graphene_reducer(map, type)
           ^^^^^^^^^^^^^^^^^^^^^^^^^^^^^^^^
  File "/home/tarxemo/venv/lib/python3.12/site-packages/graphene/types/typemap.py", line 93, in graphene_reducer
    return self.reducer(map, type.of_type)
           ^^^^^^^^^^^^^^^^^^^^^^^^^^^^^^^
  File "/home/tarxemo/venv/lib/python3.12/site-packages/graphene/types/typemap.py", line 88, in reducer
    return self.graphene_reducer(map, type)
           ^^^^^^^^^^^^^^^^^^^^^^^^^^^^^^^^
  File "/home/tarxemo/venv/lib/python3.12/site-packages/graphene/types/typemap.py", line 117, in graphene_reducer
    return GraphQLTypeMap.reducer(map, internal_type)
           ^^^^^^^^^^^^^^^^^^^^^^^^^^^^^^^^^^^^^^^^^^
  File "/home/tarxemo/venv/lib/python3.12/site-packages/graphql/type/typemap.py", line 109, in reducer
    field_map = type_.fields
                ^^^^^^^^^^^^
  File "/home/tarxemo/venv/lib/python3.12/site-packages/graphql/pyutils/cached_property.py", line 22, in __get__
    value = obj.__dict__[self.func.__name__] = self.func(obj)
                                               ^^^^^^^^^^^^^^
  File "/home/tarxemo/venv/lib/python3.12/site-packages/graphql/type/definition.py", line 198, in fields
    return define_field_map(self, self._fields)
           ^^^^^^^^^^^^^^^^^^^^^^^^^^^^^^^^^^^^
  File "/home/tarxemo/venv/lib/python3.12/site-packages/graphql/type/definition.py", line 212, in define_field_map
    field_map = field_map()
                ^^^^^^^^^^^
  File "/home/tarxemo/venv/lib/python3.12/site-packages/graphene/types/typemap.py", line 275, in construct_fields_for_type
    map = self.reducer(map, field.type)
          ^^^^^^^^^^^^^^^^^^^^^^^^^^^^^
  File "/home/tarxemo/venv/lib/python3.12/site-packages/graphene/types/typemap.py", line 88, in reducer
    return self.graphene_reducer(map, type)
           ^^^^^^^^^^^^^^^^^^^^^^^^^^^^^^^^
  File "/home/tarxemo/venv/lib/python3.12/site-packages/graphene/types/typemap.py", line 93, in graphene_reducer
    return self.reducer(map, type.of_type)
           ^^^^^^^^^^^^^^^^^^^^^^^^^^^^^^^
  File "/home/tarxemo/venv/lib/python3.12/site-packages/graphene/types/typemap.py", line 88, in reducer
    return self.graphene_reducer(map, type)
           ^^^^^^^^^^^^^^^^^^^^^^^^^^^^^^^^
  File "/home/tarxemo/venv/lib/python3.12/site-packages/graphene/types/typemap.py", line 93, in graphene_reducer
    return self.reducer(map, type.of_type)
           ^^^^^^^^^^^^^^^^^^^^^^^^^^^^^^^
  File "/home/tarxemo/venv/lib/python3.12/site-packages/graphene/types/typemap.py", line 88, in reducer
    return self.graphene_reducer(map, type)
           ^^^^^^^^^^^^^^^^^^^^^^^^^^^^^^^^
  File "/home/tarxemo/venv/lib/python3.12/site-packages/graphene/types/typemap.py", line 93, in graphene_reducer
    return self.reducer(map, type.of_type)
           ^^^^^^^^^^^^^^^^^^^^^^^^^^^^^^^
  File "/home/tarxemo/venv/lib/python3.12/site-packages/graphene/types/typemap.py", line 88, in reducer
    return self.graphene_reducer(map, type)
           ^^^^^^^^^^^^^^^^^^^^^^^^^^^^^^^^
  File "/home/tarxemo/venv/lib/python3.12/site-packages/graphene/types/typemap.py", line 117, in graphene_reducer
    return GraphQLTypeMap.reducer(map, internal_type)
           ^^^^^^^^^^^^^^^^^^^^^^^^^^^^^^^^^^^^^^^^^^
  File "/home/tarxemo/venv/lib/python3.12/site-packages/graphql/type/typemap.py", line 109, in reducer
    field_map = type_.fields
                ^^^^^^^^^^^^
  File "/home/tarxemo/venv/lib/python3.12/site-packages/graphql/pyutils/cached_property.py", line 22, in __get__
    value = obj.__dict__[self.func.__name__] = self.func(obj)
                                               ^^^^^^^^^^^^^^
  File "/home/tarxemo/venv/lib/python3.12/site-packages/graphql/type/definition.py", line 198, in fields
    return define_field_map(self, self._fields)
           ^^^^^^^^^^^^^^^^^^^^^^^^^^^^^^^^^^^^
  File "/home/tarxemo/venv/lib/python3.12/site-packages/graphql/type/definition.py", line 212, in define_field_map
    field_map = field_map()
                ^^^^^^^^^^^
  File "/home/tarxemo/venv/lib/python3.12/site-packages/graphene/types/typemap.py", line 275, in construct_fields_for_type
    map = self.reducer(map, field.type)
          ^^^^^^^^^^^^^^^^^^^^^^^^^^^^^
  File "/home/tarxemo/venv/lib/python3.12/site-packages/graphene/types/typemap.py", line 88, in reducer
    return self.graphene_reducer(map, type)
           ^^^^^^^^^^^^^^^^^^^^^^^^^^^^^^^^
  File "/home/tarxemo/venv/lib/python3.12/site-packages/graphene/types/typemap.py", line 97, in graphene_reducer
    assert _type.graphene_type == type, (
           ^^^^^^^^^^^^^^^^^^^^^^^^^^^
AssertionError: Found different types with the same name in the schema: ElectionStatisticsType, ElectionStatisticsType.
Not Found: /favicon.ico
/home/tarxemo/Desktop/VS/ElectionBackend/election/types.py changed, reloading.
Watching for file changes with StatReloader
Internal Server Error: /graphql/
Traceback (most recent call last):
  File "/home/tarxemo/venv/lib/python3.12/site-packages/django/core/handlers/exception.py", line 55, in inner
    response = get_response(request)
               ^^^^^^^^^^^^^^^^^^^^^
  File "/home/tarxemo/venv/lib/python3.12/site-packages/django/core/handlers/base.py", line 197, in _get_response
    response = wrapped_callback(request, *callback_args, **callback_kwargs)
               ^^^^^^^^^^^^^^^^^^^^^^^^^^^^^^^^^^^^^^^^^^^^^^^^^^^^^^^^^^^^
  File "/home/tarxemo/venv/lib/python3.12/site-packages/django/views/decorators/csrf.py", line 65, in _view_wrapper
    return view_func(request, *args, **kwargs)
           ^^^^^^^^^^^^^^^^^^^^^^^^^^^^^^^^^^^
  File "/home/tarxemo/venv/lib/python3.12/site-packages/django/views/generic/base.py", line 97, in view
    self = cls(**initkwargs)
           ^^^^^^^^^^^^^^^^^
  File "/home/tarxemo/venv/lib/python3.12/site-packages/graphene_django/views.py", line 104, in __init__
    schema = graphene_settings.SCHEMA
             ^^^^^^^^^^^^^^^^^^^^^^^^
  File "/home/tarxemo/venv/lib/python3.12/site-packages/graphene_django/settings.py", line 127, in __getattr__
    val = perform_import(val, attr)
          ^^^^^^^^^^^^^^^^^^^^^^^^^
  File "/home/tarxemo/venv/lib/python3.12/site-packages/graphene_django/settings.py", line 66, in perform_import
    return import_from_string(val, setting_name)
           ^^^^^^^^^^^^^^^^^^^^^^^^^^^^^^^^^^^^^
  File "/home/tarxemo/venv/lib/python3.12/site-packages/graphene_django/settings.py", line 80, in import_from_string
    module = importlib.import_module(module_path)
             ^^^^^^^^^^^^^^^^^^^^^^^^^^^^^^^^^^^^
  File "/usr/lib/python3.12/importlib/__init__.py", line 90, in import_module
    return _bootstrap._gcd_import(name[level:], package, level)
           ^^^^^^^^^^^^^^^^^^^^^^^^^^^^^^^^^^^^^^^^^^^^^^^^^^^^
  File "<frozen importlib._bootstrap>", line 1387, in _gcd_import
  File "<frozen importlib._bootstrap>", line 1360, in _find_and_load
  File "<frozen importlib._bootstrap>", line 1331, in _find_and_load_unlocked
  File "<frozen importlib._bootstrap>", line 935, in _load_unlocked
  File "<frozen importlib._bootstrap_external>", line 995, in exec_module
  File "<frozen importlib._bootstrap>", line 488, in _call_with_frames_removed
  File "/home/tarxemo/Desktop/VS/ElectionBackend/ElectionBackend/main_schema.py", line 3, in <module>
    from election.queries.positions import PositionQuery
  File "/home/tarxemo/Desktop/VS/ElectionBackend/election/queries/positions.py", line 4, in <module>
    from election.types import *
  File "/home/tarxemo/Desktop/VS/ElectionBackend/election/types.py", line 90, in <module>
    class InstitutionType(DjangoObjectType):
  File "/home/tarxemo/Desktop/VS/ElectionBackend/election/types.py", line 97, in InstitutionType
    election_stats = graphene.Field(ElectionStatisticsType)
                                    ^^^^^^^^^^^^^^^^^^^^^^
NameError: name 'ElectionStatisticsType' is not defined. Did you mean: 'ElectionStatistics'?
Internal Server Error: /graphql/
Traceback (most recent call last):
  File "/home/tarxemo/venv/lib/python3.12/site-packages/django/core/handlers/exception.py", line 55, in inner
    response = get_response(request)
               ^^^^^^^^^^^^^^^^^^^^^
  File "/home/tarxemo/venv/lib/python3.12/site-packages/django/core/handlers/base.py", line 197, in _get_response
    response = wrapped_callback(request, *callback_args, **callback_kwargs)
               ^^^^^^^^^^^^^^^^^^^^^^^^^^^^^^^^^^^^^^^^^^^^^^^^^^^^^^^^^^^^
  File "/home/tarxemo/venv/lib/python3.12/site-packages/django/views/decorators/csrf.py", line 65, in _view_wrapper
    return view_func(request, *args, **kwargs)
           ^^^^^^^^^^^^^^^^^^^^^^^^^^^^^^^^^^^
  File "/home/tarxemo/venv/lib/python3.12/site-packages/django/views/generic/base.py", line 97, in view
    self = cls(**initkwargs)
           ^^^^^^^^^^^^^^^^^
  File "/home/tarxemo/venv/lib/python3.12/site-packages/graphene_django/views.py", line 104, in __init__
    schema = graphene_settings.SCHEMA
             ^^^^^^^^^^^^^^^^^^^^^^^^
  File "/home/tarxemo/venv/lib/python3.12/site-packages/graphene_django/settings.py", line 127, in __getattr__
    val = perform_import(val, attr)
          ^^^^^^^^^^^^^^^^^^^^^^^^^
  File "/home/tarxemo/venv/lib/python3.12/site-packages/graphene_django/settings.py", line 66, in perform_import
    return import_from_string(val, setting_name)
           ^^^^^^^^^^^^^^^^^^^^^^^^^^^^^^^^^^^^^
  File "/home/tarxemo/venv/lib/python3.12/site-packages/graphene_django/settings.py", line 80, in import_from_string
    module = importlib.import_module(module_path)
             ^^^^^^^^^^^^^^^^^^^^^^^^^^^^^^^^^^^^
  File "/usr/lib/python3.12/importlib/__init__.py", line 90, in import_module
    return _bootstrap._gcd_import(name[level:], package, level)
           ^^^^^^^^^^^^^^^^^^^^^^^^^^^^^^^^^^^^^^^^^^^^^^^^^^^^
  File "<frozen importlib._bootstrap>", line 1387, in _gcd_import
  File "<frozen importlib._bootstrap>", line 1360, in _find_and_load
  File "<frozen importlib._bootstrap>", line 1331, in _find_and_load_unlocked
  File "<frozen importlib._bootstrap>", line 935, in _load_unlocked
  File "<frozen importlib._bootstrap_external>", line 995, in exec_module
  File "<frozen importlib._bootstrap>", line 488, in _call_with_frames_removed
  File "/home/tarxemo/Desktop/VS/ElectionBackend/ElectionBackend/main_schema.py", line 17, in <module>
    schema = graphene.Schema(query=RootQuery, mutation=RootMutation, subscription=RootSubscription)
             ^^^^^^^^^^^^^^^^^^^^^^^^^^^^^^^^^^^^^^^^^^^^^^^^^^^^^^^^^^^^^^^^^^^^^^^^^^^^^^^^^^^^^^
  File "/home/tarxemo/venv/lib/python3.12/site-packages/graphene/types/schema.py", line 78, in __init__
    self.build_typemap()
  File "/home/tarxemo/venv/lib/python3.12/site-packages/graphene/types/schema.py", line 167, in build_typemap
    self._type_map = TypeMap(
                     ^^^^^^^^
  File "/home/tarxemo/venv/lib/python3.12/site-packages/graphene/types/typemap.py", line 80, in __init__
    super(TypeMap, self).__init__(types)
  File "/home/tarxemo/venv/lib/python3.12/site-packages/graphql/type/typemap.py", line 31, in __init__
    self.update(reduce(self.reducer, types, OrderedDict()))  # type: ignore
                ^^^^^^^^^^^^^^^^^^^^^^^^^^^^^^^^^^^^^^^^^^
  File "/home/tarxemo/venv/lib/python3.12/site-packages/graphene/types/typemap.py", line 88, in reducer
    return self.graphene_reducer(map, type)
           ^^^^^^^^^^^^^^^^^^^^^^^^^^^^^^^^
  File "/home/tarxemo/venv/lib/python3.12/site-packages/graphene/types/typemap.py", line 117, in graphene_reducer
    return GraphQLTypeMap.reducer(map, internal_type)
           ^^^^^^^^^^^^^^^^^^^^^^^^^^^^^^^^^^^^^^^^^^
  File "/home/tarxemo/venv/lib/python3.12/site-packages/graphql/type/typemap.py", line 109, in reducer
    field_map = type_.fields
                ^^^^^^^^^^^^
  File "/home/tarxemo/venv/lib/python3.12/site-packages/graphql/pyutils/cached_property.py", line 22, in __get__
    value = obj.__dict__[self.func.__name__] = self.func(obj)
                                               ^^^^^^^^^^^^^^
  File "/home/tarxemo/venv/lib/python3.12/site-packages/graphql/type/definition.py", line 198, in fields
    return define_field_map(self, self._fields)
           ^^^^^^^^^^^^^^^^^^^^^^^^^^^^^^^^^^^^
  File "/home/tarxemo/venv/lib/python3.12/site-packages/graphql/type/definition.py", line 212, in define_field_map
    field_map = field_map()
                ^^^^^^^^^^^
  File "/home/tarxemo/venv/lib/python3.12/site-packages/graphene/types/typemap.py", line 275, in construct_fields_for_type
    map = self.reducer(map, field.type)
          ^^^^^^^^^^^^^^^^^^^^^^^^^^^^^
  File "/home/tarxemo/venv/lib/python3.12/site-packages/graphene/types/typemap.py", line 88, in reducer
    return self.graphene_reducer(map, type)
           ^^^^^^^^^^^^^^^^^^^^^^^^^^^^^^^^
  File "/home/tarxemo/venv/lib/python3.12/site-packages/graphene/types/typemap.py", line 93, in graphene_reducer
    return self.reducer(map, type.of_type)
           ^^^^^^^^^^^^^^^^^^^^^^^^^^^^^^^
  File "/home/tarxemo/venv/lib/python3.12/site-packages/graphene/types/typemap.py", line 88, in reducer
    return self.graphene_reducer(map, type)
           ^^^^^^^^^^^^^^^^^^^^^^^^^^^^^^^^
  File "/home/tarxemo/venv/lib/python3.12/site-packages/graphene/types/typemap.py", line 117, in graphene_reducer
    return GraphQLTypeMap.reducer(map, internal_type)
           ^^^^^^^^^^^^^^^^^^^^^^^^^^^^^^^^^^^^^^^^^^
  File "/home/tarxemo/venv/lib/python3.12/site-packages/graphql/type/typemap.py", line 109, in reducer
    field_map = type_.fields
                ^^^^^^^^^^^^
  File "/home/tarxemo/venv/lib/python3.12/site-packages/graphql/pyutils/cached_property.py", line 22, in __get__
    value = obj.__dict__[self.func.__name__] = self.func(obj)
                                               ^^^^^^^^^^^^^^
  File "/home/tarxemo/venv/lib/python3.12/site-packages/graphql/type/definition.py", line 198, in fields
    return define_field_map(self, self._fields)
           ^^^^^^^^^^^^^^^^^^^^^^^^^^^^^^^^^^^^
  File "/home/tarxemo/venv/lib/python3.12/site-packages/graphql/type/definition.py", line 212, in define_field_map
    field_map = field_map()
                ^^^^^^^^^^^
  File "/home/tarxemo/venv/lib/python3.12/site-packages/graphene/types/typemap.py", line 275, in construct_fields_for_type
    map = self.reducer(map, field.type)
          ^^^^^^^^^^^^^^^^^^^^^^^^^^^^^
  File "/home/tarxemo/venv/lib/python3.12/site-packages/graphene/types/typemap.py", line 88, in reducer
    return self.graphene_reducer(map, type)
           ^^^^^^^^^^^^^^^^^^^^^^^^^^^^^^^^
  File "/home/tarxemo/venv/lib/python3.12/site-packages/graphene/types/typemap.py", line 93, in graphene_reducer
    return self.reducer(map, type.of_type)
           ^^^^^^^^^^^^^^^^^^^^^^^^^^^^^^^
  File "/home/tarxemo/venv/lib/python3.12/site-packages/graphene/types/typemap.py", line 88, in reducer
    return self.graphene_reducer(map, type)
           ^^^^^^^^^^^^^^^^^^^^^^^^^^^^^^^^
  File "/home/tarxemo/venv/lib/python3.12/site-packages/graphene/types/typemap.py", line 97, in graphene_reducer
    assert _type.graphene_type == type, (
           ^^^^^^^^^^^^^^^^^^^^^^^^^^^
AssertionError: Found different types with the same name in the schema: LeaderType, LeaderType.
/home/tarxemo/Desktop/VS/ElectionBackend/election/types.py changed, reloading.
Watching for file changes with StatReloader
Internal Server Error: /graphql/
Traceback (most recent call last):
  File "/home/tarxemo/venv/lib/python3.12/site-packages/django/core/handlers/exception.py", line 55, in inner
    response = get_response(request)
               ^^^^^^^^^^^^^^^^^^^^^
  File "/home/tarxemo/venv/lib/python3.12/site-packages/django/core/handlers/base.py", line 197, in _get_response
    response = wrapped_callback(request, *callback_args, **callback_kwargs)
               ^^^^^^^^^^^^^^^^^^^^^^^^^^^^^^^^^^^^^^^^^^^^^^^^^^^^^^^^^^^^
  File "/home/tarxemo/venv/lib/python3.12/site-packages/django/views/decorators/csrf.py", line 65, in _view_wrapper
    return view_func(request, *args, **kwargs)
           ^^^^^^^^^^^^^^^^^^^^^^^^^^^^^^^^^^^
  File "/home/tarxemo/venv/lib/python3.12/site-packages/django/views/generic/base.py", line 97, in view
    self = cls(**initkwargs)
           ^^^^^^^^^^^^^^^^^
  File "/home/tarxemo/venv/lib/python3.12/site-packages/graphene_django/views.py", line 104, in __init__
    schema = graphene_settings.SCHEMA
             ^^^^^^^^^^^^^^^^^^^^^^^^
  File "/home/tarxemo/venv/lib/python3.12/site-packages/graphene_django/settings.py", line 127, in __getattr__
    val = perform_import(val, attr)
          ^^^^^^^^^^^^^^^^^^^^^^^^^
  File "/home/tarxemo/venv/lib/python3.12/site-packages/graphene_django/settings.py", line 66, in perform_import
    return import_from_string(val, setting_name)
           ^^^^^^^^^^^^^^^^^^^^^^^^^^^^^^^^^^^^^
  File "/home/tarxemo/venv/lib/python3.12/site-packages/graphene_django/settings.py", line 80, in import_from_string
    module = importlib.import_module(module_path)
             ^^^^^^^^^^^^^^^^^^^^^^^^^^^^^^^^^^^^
  File "/usr/lib/python3.12/importlib/__init__.py", line 90, in import_module
    return _bootstrap._gcd_import(name[level:], package, level)
           ^^^^^^^^^^^^^^^^^^^^^^^^^^^^^^^^^^^^^^^^^^^^^^^^^^^^
  File "<frozen importlib._bootstrap>", line 1387, in _gcd_import
  File "<frozen importlib._bootstrap>", line 1360, in _find_and_load
  File "<frozen importlib._bootstrap>", line 1331, in _find_and_load_unlocked
  File "<frozen importlib._bootstrap>", line 935, in _load_unlocked
  File "<frozen importlib._bootstrap_external>", line 995, in exec_module
  File "<frozen importlib._bootstrap>", line 488, in _call_with_frames_removed
  File "/home/tarxemo/Desktop/VS/ElectionBackend/ElectionBackend/main_schema.py", line 3, in <module>
    from election.queries.positions import PositionQuery
  File "/home/tarxemo/Desktop/VS/ElectionBackend/election/queries/positions.py", line 4, in <module>
    from election.types import *
  File "/home/tarxemo/Desktop/VS/ElectionBackend/election/types.py", line 90, in <module>
    class InstitutionType(DjangoObjectType):
  File "/home/tarxemo/Desktop/VS/ElectionBackend/election/types.py", line 96, in InstitutionType
    leaders = graphene.List(LeaderType)
                            ^^^^^^^^^^
NameError: name 'LeaderType' is not defined
Watching for file changes with StatReloader
Internal Server Error: /graphql/
Traceback (most recent call last):
  File "/home/tarxemo/venv/lib/python3.12/site-packages/graphene_django/settings.py", line 80, in import_from_string
    module = importlib.import_module(module_path)
             ^^^^^^^^^^^^^^^^^^^^^^^^^^^^^^^^^^^^
  File "/usr/lib/python3.12/importlib/__init__.py", line 90, in import_module
    return _bootstrap._gcd_import(name[level:], package, level)
           ^^^^^^^^^^^^^^^^^^^^^^^^^^^^^^^^^^^^^^^^^^^^^^^^^^^^
  File "<frozen importlib._bootstrap>", line 1387, in _gcd_import
  File "<frozen importlib._bootstrap>", line 1360, in _find_and_load
  File "<frozen importlib._bootstrap>", line 1331, in _find_and_load_unlocked
  File "<frozen importlib._bootstrap>", line 935, in _load_unlocked
  File "<frozen importlib._bootstrap_external>", line 995, in exec_module
  File "<frozen importlib._bootstrap>", line 488, in _call_with_frames_removed
  File "/home/tarxemo/Desktop/VS/ElectionBackend/ElectionBackend/main_schema.py", line 3, in <module>
    from election.queries.positions import PositionQuery
  File "/home/tarxemo/Desktop/VS/ElectionBackend/election/queries/positions.py", line 11, in <module>
    from django.db.models.functions import TruncHour
ModuleNotFoundError: No module named 'django.db.models.functions'

During handling of the above exception, another exception occurred:

Traceback (most recent call last):
  File "/home/tarxemo/venv/lib/python3.12/site-packages/django/core/handlers/exception.py", line 55, in inner
    response = get_response(request)
               ^^^^^^^^^^^^^^^^^^^^^
  File "/home/tarxemo/venv/lib/python3.12/site-packages/django/core/handlers/base.py", line 197, in _get_response
    response = wrapped_callback(request, *callback_args, **callback_kwargs)
               ^^^^^^^^^^^^^^^^^^^^^^^^^^^^^^^^^^^^^^^^^^^^^^^^^^^^^^^^^^^^
  File "/home/tarxemo/venv/lib/python3.12/site-packages/django/views/decorators/csrf.py", line 65, in _view_wrapper
    return view_func(request, *args, **kwargs)
           ^^^^^^^^^^^^^^^^^^^^^^^^^^^^^^^^^^^
  File "/home/tarxemo/venv/lib/python3.12/site-packages/django/views/generic/base.py", line 97, in view
    self = cls(**initkwargs)
           ^^^^^^^^^^^^^^^^^
  File "/home/tarxemo/venv/lib/python3.12/site-packages/graphene_django/views.py", line 104, in __init__
    schema = graphene_settings.SCHEMA
             ^^^^^^^^^^^^^^^^^^^^^^^^
  File "/home/tarxemo/venv/lib/python3.12/site-packages/graphene_django/settings.py", line 127, in __getattr__
    val = perform_import(val, attr)
          ^^^^^^^^^^^^^^^^^^^^^^^^^
  File "/home/tarxemo/venv/lib/python3.12/site-packages/graphene_django/settings.py", line 66, in perform_import
    return import_from_string(val, setting_name)
           ^^^^^^^^^^^^^^^^^^^^^^^^^^^^^^^^^^^^^
  File "/home/tarxemo/venv/lib/python3.12/site-packages/graphene_django/settings.py", line 89, in import_from_string
    raise ImportError(msg)
ImportError: Could not import 'ElectionBackend.main_schema.schema' for Graphene setting 'SCHEMA'. ModuleNotFoundError: No module named 'django.db.models.functions'.
Internal Server Error: /graphql/
Traceback (most recent call last):
  File "/home/tarxemo/venv/lib/python3.12/site-packages/graphene_django/settings.py", line 80, in import_from_string
    module = importlib.import_module(module_path)
             ^^^^^^^^^^^^^^^^^^^^^^^^^^^^^^^^^^^^
  File "/usr/lib/python3.12/importlib/__init__.py", line 90, in import_module
    return _bootstrap._gcd_import(name[level:], package, level)
           ^^^^^^^^^^^^^^^^^^^^^^^^^^^^^^^^^^^^^^^^^^^^^^^^^^^^
  File "<frozen importlib._bootstrap>", line 1387, in _gcd_import
  File "<frozen importlib._bootstrap>", line 1360, in _find_and_load
  File "<frozen importlib._bootstrap>", line 1331, in _find_and_load_unlocked
  File "<frozen importlib._bootstrap>", line 935, in _load_unlocked
  File "<frozen importlib._bootstrap_external>", line 995, in exec_module
  File "<frozen importlib._bootstrap>", line 488, in _call_with_frames_removed
  File "/home/tarxemo/Desktop/VS/ElectionBackend/ElectionBackend/main_schema.py", line 3, in <module>
    from election.queries.positions import PositionQuery
  File "/home/tarxemo/Desktop/VS/ElectionBackend/election/queries/positions.py", line 11, in <module>
    from django.db.models.functions import TruncHour
ModuleNotFoundError: No module named 'django.db.models.functions'

During handling of the above exception, another exception occurred:

Traceback (most recent call last):
  File "/home/tarxemo/venv/lib/python3.12/site-packages/django/core/handlers/exception.py", line 55, in inner
    response = get_response(request)
               ^^^^^^^^^^^^^^^^^^^^^
  File "/home/tarxemo/venv/lib/python3.12/site-packages/django/core/handlers/base.py", line 197, in _get_response
    response = wrapped_callback(request, *callback_args, **callback_kwargs)
               ^^^^^^^^^^^^^^^^^^^^^^^^^^^^^^^^^^^^^^^^^^^^^^^^^^^^^^^^^^^^
  File "/home/tarxemo/venv/lib/python3.12/site-packages/django/views/decorators/csrf.py", line 65, in _view_wrapper
    return view_func(request, *args, **kwargs)
           ^^^^^^^^^^^^^^^^^^^^^^^^^^^^^^^^^^^
  File "/home/tarxemo/venv/lib/python3.12/site-packages/django/views/generic/base.py", line 97, in view
    self = cls(**initkwargs)
           ^^^^^^^^^^^^^^^^^
  File "/home/tarxemo/venv/lib/python3.12/site-packages/graphene_django/views.py", line 104, in __init__
    schema = graphene_settings.SCHEMA
             ^^^^^^^^^^^^^^^^^^^^^^^^
  File "/home/tarxemo/venv/lib/python3.12/site-packages/graphene_django/settings.py", line 127, in __getattr__
    val = perform_import(val, attr)
          ^^^^^^^^^^^^^^^^^^^^^^^^^
  File "/home/tarxemo/venv/lib/python3.12/site-packages/graphene_django/settings.py", line 66, in perform_import
    return import_from_string(val, setting_name)
           ^^^^^^^^^^^^^^^^^^^^^^^^^^^^^^^^^^^^^
  File "/home/tarxemo/venv/lib/python3.12/site-packages/graphene_django/settings.py", line 89, in import_from_string
    raise ImportError(msg)
ImportError: Could not import 'ElectionBackend.main_schema.schema' for Graphene setting 'SCHEMA'. ModuleNotFoundError: No module named 'django.db.models.functions'.
Internal Server Error: /graphql/
Traceback (most recent call last):
  File "/home/tarxemo/venv/lib/python3.12/site-packages/graphene_django/settings.py", line 80, in import_from_string
    module = importlib.import_module(module_path)
             ^^^^^^^^^^^^^^^^^^^^^^^^^^^^^^^^^^^^
  File "/usr/lib/python3.12/importlib/__init__.py", line 90, in import_module
    return _bootstrap._gcd_import(name[level:], package, level)
           ^^^^^^^^^^^^^^^^^^^^^^^^^^^^^^^^^^^^^^^^^^^^^^^^^^^^
  File "<frozen importlib._bootstrap>", line 1387, in _gcd_import
  File "<frozen importlib._bootstrap>", line 1360, in _find_and_load
  File "<frozen importlib._bootstrap>", line 1331, in _find_and_load_unlocked
  File "<frozen importlib._bootstrap>", line 935, in _load_unlocked
  File "<frozen importlib._bootstrap_external>", line 995, in exec_module
  File "<frozen importlib._bootstrap>", line 488, in _call_with_frames_removed
  File "/home/tarxemo/Desktop/VS/ElectionBackend/ElectionBackend/main_schema.py", line 3, in <module>
    from election.queries.positions import PositionQuery
  File "/home/tarxemo/Desktop/VS/ElectionBackend/election/queries/positions.py", line 11, in <module>
    from django.db.models.functions import TruncHour
ModuleNotFoundError: No module named 'django.db.models.functions'

During handling of the above exception, another exception occurred:

Traceback (most recent call last):
  File "/home/tarxemo/venv/lib/python3.12/site-packages/django/core/handlers/exception.py", line 55, in inner
    response = get_response(request)
               ^^^^^^^^^^^^^^^^^^^^^
  File "/home/tarxemo/venv/lib/python3.12/site-packages/django/core/handlers/base.py", line 197, in _get_response
    response = wrapped_callback(request, *callback_args, **callback_kwargs)
               ^^^^^^^^^^^^^^^^^^^^^^^^^^^^^^^^^^^^^^^^^^^^^^^^^^^^^^^^^^^^
  File "/home/tarxemo/venv/lib/python3.12/site-packages/django/views/decorators/csrf.py", line 65, in _view_wrapper
    return view_func(request, *args, **kwargs)
           ^^^^^^^^^^^^^^^^^^^^^^^^^^^^^^^^^^^
  File "/home/tarxemo/venv/lib/python3.12/site-packages/django/views/generic/base.py", line 97, in view
    self = cls(**initkwargs)
           ^^^^^^^^^^^^^^^^^
  File "/home/tarxemo/venv/lib/python3.12/site-packages/graphene_django/views.py", line 104, in __init__
    schema = graphene_settings.SCHEMA
             ^^^^^^^^^^^^^^^^^^^^^^^^
  File "/home/tarxemo/venv/lib/python3.12/site-packages/graphene_django/settings.py", line 127, in __getattr__
    val = perform_import(val, attr)
          ^^^^^^^^^^^^^^^^^^^^^^^^^
  File "/home/tarxemo/venv/lib/python3.12/site-packages/graphene_django/settings.py", line 66, in perform_import
    return import_from_string(val, setting_name)
           ^^^^^^^^^^^^^^^^^^^^^^^^^^^^^^^^^^^^^
  File "/home/tarxemo/venv/lib/python3.12/site-packages/graphene_django/settings.py", line 89, in import_from_string
    raise ImportError(msg)
ImportError: Could not import 'ElectionBackend.main_schema.schema' for Graphene setting 'SCHEMA'. ModuleNotFoundError: No module named 'django.db.models.functions'.
Internal Server Error: /graphql/
Traceback (most recent call last):
  File "/home/tarxemo/venv/lib/python3.12/site-packages/graphene_django/settings.py", line 80, in import_from_string
    module = importlib.import_module(module_path)
             ^^^^^^^^^^^^^^^^^^^^^^^^^^^^^^^^^^^^
  File "/usr/lib/python3.12/importlib/__init__.py", line 90, in import_module
    return _bootstrap._gcd_import(name[level:], package, level)
           ^^^^^^^^^^^^^^^^^^^^^^^^^^^^^^^^^^^^^^^^^^^^^^^^^^^^
  File "<frozen importlib._bootstrap>", line 1387, in _gcd_import
  File "<frozen importlib._bootstrap>", line 1360, in _find_and_load
  File "<frozen importlib._bootstrap>", line 1331, in _find_and_load_unlocked
  File "<frozen importlib._bootstrap>", line 935, in _load_unlocked
  File "<frozen importlib._bootstrap_external>", line 995, in exec_module
  File "<frozen importlib._bootstrap>", line 488, in _call_with_frames_removed
  File "/home/tarxemo/Desktop/VS/ElectionBackend/ElectionBackend/main_schema.py", line 3, in <module>
    from election.queries.positions import PositionQuery
  File "/home/tarxemo/Desktop/VS/ElectionBackend/election/queries/positions.py", line 11, in <module>
    from django.db.models.functions import TruncHour
ModuleNotFoundError: No module named 'django.db.models.functions'

During handling of the above exception, another exception occurred:

Traceback (most recent call last):
  File "/home/tarxemo/venv/lib/python3.12/site-packages/django/core/handlers/exception.py", line 55, in inner
    response = get_response(request)
               ^^^^^^^^^^^^^^^^^^^^^
  File "/home/tarxemo/venv/lib/python3.12/site-packages/django/core/handlers/base.py", line 197, in _get_response
    response = wrapped_callback(request, *callback_args, **callback_kwargs)
               ^^^^^^^^^^^^^^^^^^^^^^^^^^^^^^^^^^^^^^^^^^^^^^^^^^^^^^^^^^^^
  File "/home/tarxemo/venv/lib/python3.12/site-packages/django/views/decorators/csrf.py", line 65, in _view_wrapper
    return view_func(request, *args, **kwargs)
           ^^^^^^^^^^^^^^^^^^^^^^^^^^^^^^^^^^^
  File "/home/tarxemo/venv/lib/python3.12/site-packages/django/views/generic/base.py", line 97, in view
    self = cls(**initkwargs)
           ^^^^^^^^^^^^^^^^^
  File "/home/tarxemo/venv/lib/python3.12/site-packages/graphene_django/views.py", line 104, in __init__
    schema = graphene_settings.SCHEMA
             ^^^^^^^^^^^^^^^^^^^^^^^^
  File "/home/tarxemo/venv/lib/python3.12/site-packages/graphene_django/settings.py", line 127, in __getattr__
    val = perform_import(val, attr)
          ^^^^^^^^^^^^^^^^^^^^^^^^^
  File "/home/tarxemo/venv/lib/python3.12/site-packages/graphene_django/settings.py", line 66, in perform_import
    return import_from_string(val, setting_name)
           ^^^^^^^^^^^^^^^^^^^^^^^^^^^^^^^^^^^^^
  File "/home/tarxemo/venv/lib/python3.12/site-packages/graphene_django/settings.py", line 89, in import_from_string
    raise ImportError(msg)
ImportError: Could not import 'ElectionBackend.main_schema.schema' for Graphene setting 'SCHEMA'. ModuleNotFoundError: No module named 'django.db.models.functions'.
Internal Server Error: /graphql/
Traceback (most recent call last):
  File "/home/tarxemo/venv/lib/python3.12/site-packages/graphene_django/settings.py", line 80, in import_from_string
    module = importlib.import_module(module_path)
             ^^^^^^^^^^^^^^^^^^^^^^^^^^^^^^^^^^^^
  File "/usr/lib/python3.12/importlib/__init__.py", line 90, in import_module
    return _bootstrap._gcd_import(name[level:], package, level)
           ^^^^^^^^^^^^^^^^^^^^^^^^^^^^^^^^^^^^^^^^^^^^^^^^^^^^
  File "<frozen importlib._bootstrap>", line 1387, in _gcd_import
  File "<frozen importlib._bootstrap>", line 1360, in _find_and_load
  File "<frozen importlib._bootstrap>", line 1331, in _find_and_load_unlocked
  File "<frozen importlib._bootstrap>", line 935, in _load_unlocked
  File "<frozen importlib._bootstrap_external>", line 995, in exec_module
  File "<frozen importlib._bootstrap>", line 488, in _call_with_frames_removed
  File "/home/tarxemo/Desktop/VS/ElectionBackend/ElectionBackend/main_schema.py", line 3, in <module>
    from election.queries.positions import PositionQuery
  File "/home/tarxemo/Desktop/VS/ElectionBackend/election/queries/positions.py", line 11, in <module>
    from django.db.models.functions import TruncHour
ModuleNotFoundError: No module named 'django.db.models.functions'

During handling of the above exception, another exception occurred:

Traceback (most recent call last):
  File "/home/tarxemo/venv/lib/python3.12/site-packages/django/core/handlers/exception.py", line 55, in inner
    response = get_response(request)
               ^^^^^^^^^^^^^^^^^^^^^
  File "/home/tarxemo/venv/lib/python3.12/site-packages/django/core/handlers/base.py", line 197, in _get_response
    response = wrapped_callback(request, *callback_args, **callback_kwargs)
               ^^^^^^^^^^^^^^^^^^^^^^^^^^^^^^^^^^^^^^^^^^^^^^^^^^^^^^^^^^^^
  File "/home/tarxemo/venv/lib/python3.12/site-packages/django/views/decorators/csrf.py", line 65, in _view_wrapper
    return view_func(request, *args, **kwargs)
           ^^^^^^^^^^^^^^^^^^^^^^^^^^^^^^^^^^^
  File "/home/tarxemo/venv/lib/python3.12/site-packages/django/views/generic/base.py", line 97, in view
    self = cls(**initkwargs)
           ^^^^^^^^^^^^^^^^^
  File "/home/tarxemo/venv/lib/python3.12/site-packages/graphene_django/views.py", line 104, in __init__
    schema = graphene_settings.SCHEMA
             ^^^^^^^^^^^^^^^^^^^^^^^^
  File "/home/tarxemo/venv/lib/python3.12/site-packages/graphene_django/settings.py", line 127, in __getattr__
    val = perform_import(val, attr)
          ^^^^^^^^^^^^^^^^^^^^^^^^^
  File "/home/tarxemo/venv/lib/python3.12/site-packages/graphene_django/settings.py", line 66, in perform_import
    return import_from_string(val, setting_name)
           ^^^^^^^^^^^^^^^^^^^^^^^^^^^^^^^^^^^^^
  File "/home/tarxemo/venv/lib/python3.12/site-packages/graphene_django/settings.py", line 89, in import_from_string
    raise ImportError(msg)
ImportError: Could not import 'ElectionBackend.main_schema.schema' for Graphene setting 'SCHEMA'. ModuleNotFoundError: No module named 'django.db.models.functions'.
Internal Server Error: /graphql/
Traceback (most recent call last):
  File "/home/tarxemo/venv/lib/python3.12/site-packages/graphene_django/settings.py", line 80, in import_from_string
    module = importlib.import_module(module_path)
             ^^^^^^^^^^^^^^^^^^^^^^^^^^^^^^^^^^^^
  File "/usr/lib/python3.12/importlib/__init__.py", line 90, in import_module
    return _bootstrap._gcd_import(name[level:], package, level)
           ^^^^^^^^^^^^^^^^^^^^^^^^^^^^^^^^^^^^^^^^^^^^^^^^^^^^
  File "<frozen importlib._bootstrap>", line 1387, in _gcd_import
  File "<frozen importlib._bootstrap>", line 1360, in _find_and_load
  File "<frozen importlib._bootstrap>", line 1331, in _find_and_load_unlocked
  File "<frozen importlib._bootstrap>", line 935, in _load_unlocked
  File "<frozen importlib._bootstrap_external>", line 995, in exec_module
  File "<frozen importlib._bootstrap>", line 488, in _call_with_frames_removed
  File "/home/tarxemo/Desktop/VS/ElectionBackend/ElectionBackend/main_schema.py", line 3, in <module>
    from election.queries.positions import PositionQuery
  File "/home/tarxemo/Desktop/VS/ElectionBackend/election/queries/positions.py", line 11, in <module>
    from django.db.models.functions import TruncHour
ModuleNotFoundError: No module named 'django.db.models.functions'

During handling of the above exception, another exception occurred:

Traceback (most recent call last):
  File "/home/tarxemo/venv/lib/python3.12/site-packages/django/core/handlers/exception.py", line 55, in inner
    response = get_response(request)
               ^^^^^^^^^^^^^^^^^^^^^
  File "/home/tarxemo/venv/lib/python3.12/site-packages/django/core/handlers/base.py", line 197, in _get_response
    response = wrapped_callback(request, *callback_args, **callback_kwargs)
               ^^^^^^^^^^^^^^^^^^^^^^^^^^^^^^^^^^^^^^^^^^^^^^^^^^^^^^^^^^^^
  File "/home/tarxemo/venv/lib/python3.12/site-packages/django/views/decorators/csrf.py", line 65, in _view_wrapper
    return view_func(request, *args, **kwargs)
           ^^^^^^^^^^^^^^^^^^^^^^^^^^^^^^^^^^^
  File "/home/tarxemo/venv/lib/python3.12/site-packages/django/views/generic/base.py", line 97, in view
    self = cls(**initkwargs)
           ^^^^^^^^^^^^^^^^^
  File "/home/tarxemo/venv/lib/python3.12/site-packages/graphene_django/views.py", line 104, in __init__
    schema = graphene_settings.SCHEMA
             ^^^^^^^^^^^^^^^^^^^^^^^^
  File "/home/tarxemo/venv/lib/python3.12/site-packages/graphene_django/settings.py", line 127, in __getattr__
    val = perform_import(val, attr)
          ^^^^^^^^^^^^^^^^^^^^^^^^^
  File "/home/tarxemo/venv/lib/python3.12/site-packages/graphene_django/settings.py", line 66, in perform_import
    return import_from_string(val, setting_name)
           ^^^^^^^^^^^^^^^^^^^^^^^^^^^^^^^^^^^^^
  File "/home/tarxemo/venv/lib/python3.12/site-packages/graphene_django/settings.py", line 89, in import_from_string
    raise ImportError(msg)
ImportError: Could not import 'ElectionBackend.main_schema.schema' for Graphene setting 'SCHEMA'. ModuleNotFoundError: No module named 'django.db.models.functions'.
Internal Server Error: /graphql/
Traceback (most recent call last):
  File "/home/tarxemo/venv/lib/python3.12/site-packages/graphene_django/settings.py", line 80, in import_from_string
    module = importlib.import_module(module_path)
             ^^^^^^^^^^^^^^^^^^^^^^^^^^^^^^^^^^^^
  File "/usr/lib/python3.12/importlib/__init__.py", line 90, in import_module
    return _bootstrap._gcd_import(name[level:], package, level)
           ^^^^^^^^^^^^^^^^^^^^^^^^^^^^^^^^^^^^^^^^^^^^^^^^^^^^
  File "<frozen importlib._bootstrap>", line 1387, in _gcd_import
  File "<frozen importlib._bootstrap>", line 1360, in _find_and_load
  File "<frozen importlib._bootstrap>", line 1331, in _find_and_load_unlocked
  File "<frozen importlib._bootstrap>", line 935, in _load_unlocked
  File "<frozen importlib._bootstrap_external>", line 995, in exec_module
  File "<frozen importlib._bootstrap>", line 488, in _call_with_frames_removed
  File "/home/tarxemo/Desktop/VS/ElectionBackend/ElectionBackend/main_schema.py", line 3, in <module>
    from election.queries.positions import PositionQuery
  File "/home/tarxemo/Desktop/VS/ElectionBackend/election/queries/positions.py", line 11, in <module>
    from django.db.models.functions import TruncHour
ModuleNotFoundError: No module named 'django.db.models.functions'

During handling of the above exception, another exception occurred:

Traceback (most recent call last):
  File "/home/tarxemo/venv/lib/python3.12/site-packages/django/core/handlers/exception.py", line 55, in inner
    response = get_response(request)
               ^^^^^^^^^^^^^^^^^^^^^
  File "/home/tarxemo/venv/lib/python3.12/site-packages/django/core/handlers/base.py", line 197, in _get_response
    response = wrapped_callback(request, *callback_args, **callback_kwargs)
               ^^^^^^^^^^^^^^^^^^^^^^^^^^^^^^^^^^^^^^^^^^^^^^^^^^^^^^^^^^^^
  File "/home/tarxemo/venv/lib/python3.12/site-packages/django/views/decorators/csrf.py", line 65, in _view_wrapper
    return view_func(request, *args, **kwargs)
           ^^^^^^^^^^^^^^^^^^^^^^^^^^^^^^^^^^^
  File "/home/tarxemo/venv/lib/python3.12/site-packages/django/views/generic/base.py", line 97, in view
    self = cls(**initkwargs)
           ^^^^^^^^^^^^^^^^^
  File "/home/tarxemo/venv/lib/python3.12/site-packages/graphene_django/views.py", line 104, in __init__
    schema = graphene_settings.SCHEMA
             ^^^^^^^^^^^^^^^^^^^^^^^^
  File "/home/tarxemo/venv/lib/python3.12/site-packages/graphene_django/settings.py", line 127, in __getattr__
    val = perform_import(val, attr)
          ^^^^^^^^^^^^^^^^^^^^^^^^^
  File "/home/tarxemo/venv/lib/python3.12/site-packages/graphene_django/settings.py", line 66, in perform_import
    return import_from_string(val, setting_name)
           ^^^^^^^^^^^^^^^^^^^^^^^^^^^^^^^^^^^^^
  File "/home/tarxemo/venv/lib/python3.12/site-packages/graphene_django/settings.py", line 89, in import_from_string
    raise ImportError(msg)
ImportError: Could not import 'ElectionBackend.main_schema.schema' for Graphene setting 'SCHEMA'. ModuleNotFoundError: No module named 'django.db.models.functions'.
Internal Server Error: /graphql/
Traceback (most recent call last):
  File "/home/tarxemo/venv/lib/python3.12/site-packages/graphene_django/settings.py", line 80, in import_from_string
    module = importlib.import_module(module_path)
             ^^^^^^^^^^^^^^^^^^^^^^^^^^^^^^^^^^^^
  File "/usr/lib/python3.12/importlib/__init__.py", line 90, in import_module
    return _bootstrap._gcd_import(name[level:], package, level)
           ^^^^^^^^^^^^^^^^^^^^^^^^^^^^^^^^^^^^^^^^^^^^^^^^^^^^
  File "<frozen importlib._bootstrap>", line 1387, in _gcd_import
  File "<frozen importlib._bootstrap>", line 1360, in _find_and_load
  File "<frozen importlib._bootstrap>", line 1331, in _find_and_load_unlocked
  File "<frozen importlib._bootstrap>", line 935, in _load_unlocked
  File "<frozen importlib._bootstrap_external>", line 995, in exec_module
  File "<frozen importlib._bootstrap>", line 488, in _call_with_frames_removed
  File "/home/tarxemo/Desktop/VS/ElectionBackend/ElectionBackend/main_schema.py", line 3, in <module>
    from election.queries.positions import PositionQuery
  File "/home/tarxemo/Desktop/VS/ElectionBackend/election/queries/positions.py", line 11, in <module>
    from django.db.models.functions import TruncHour
ModuleNotFoundError: No module named 'django.db.models.functions'

During handling of the above exception, another exception occurred:

Traceback (most recent call last):
  File "/home/tarxemo/venv/lib/python3.12/site-packages/django/core/handlers/exception.py", line 55, in inner
    response = get_response(request)
               ^^^^^^^^^^^^^^^^^^^^^
  File "/home/tarxemo/venv/lib/python3.12/site-packages/django/core/handlers/base.py", line 197, in _get_response
    response = wrapped_callback(request, *callback_args, **callback_kwargs)
               ^^^^^^^^^^^^^^^^^^^^^^^^^^^^^^^^^^^^^^^^^^^^^^^^^^^^^^^^^^^^
  File "/home/tarxemo/venv/lib/python3.12/site-packages/django/views/decorators/csrf.py", line 65, in _view_wrapper
    return view_func(request, *args, **kwargs)
           ^^^^^^^^^^^^^^^^^^^^^^^^^^^^^^^^^^^
  File "/home/tarxemo/venv/lib/python3.12/site-packages/django/views/generic/base.py", line 97, in view
    self = cls(**initkwargs)
           ^^^^^^^^^^^^^^^^^
  File "/home/tarxemo/venv/lib/python3.12/site-packages/graphene_django/views.py", line 104, in __init__
    schema = graphene_settings.SCHEMA
             ^^^^^^^^^^^^^^^^^^^^^^^^
  File "/home/tarxemo/venv/lib/python3.12/site-packages/graphene_django/settings.py", line 127, in __getattr__
    val = perform_import(val, attr)
          ^^^^^^^^^^^^^^^^^^^^^^^^^
  File "/home/tarxemo/venv/lib/python3.12/site-packages/graphene_django/settings.py", line 66, in perform_import
    return import_from_string(val, setting_name)
           ^^^^^^^^^^^^^^^^^^^^^^^^^^^^^^^^^^^^^
  File "/home/tarxemo/venv/lib/python3.12/site-packages/graphene_django/settings.py", line 89, in import_from_string
    raise ImportError(msg)
ImportError: Could not import 'ElectionBackend.main_schema.schema' for Graphene setting 'SCHEMA'. ModuleNotFoundError: No module named 'django.db.models.functions'.
Internal Server Error: /graphql/
Traceback (most recent call last):
  File "/home/tarxemo/venv/lib/python3.12/site-packages/graphene_django/settings.py", line 80, in import_from_string
    module = importlib.import_module(module_path)
             ^^^^^^^^^^^^^^^^^^^^^^^^^^^^^^^^^^^^
  File "/usr/lib/python3.12/importlib/__init__.py", line 90, in import_module
    return _bootstrap._gcd_import(name[level:], package, level)
           ^^^^^^^^^^^^^^^^^^^^^^^^^^^^^^^^^^^^^^^^^^^^^^^^^^^^
  File "<frozen importlib._bootstrap>", line 1387, in _gcd_import
  File "<frozen importlib._bootstrap>", line 1360, in _find_and_load
  File "<frozen importlib._bootstrap>", line 1331, in _find_and_load_unlocked
  File "<frozen importlib._bootstrap>", line 935, in _load_unlocked
  File "<frozen importlib._bootstrap_external>", line 995, in exec_module
  File "<frozen importlib._bootstrap>", line 488, in _call_with_frames_removed
  File "/home/tarxemo/Desktop/VS/ElectionBackend/ElectionBackend/main_schema.py", line 3, in <module>
    from election.queries.positions import PositionQuery
  File "/home/tarxemo/Desktop/VS/ElectionBackend/election/queries/positions.py", line 11, in <module>
    from django.db.models.functions import TruncHour
ModuleNotFoundError: No module named 'django.db.models.functions'

During handling of the above exception, another exception occurred:

Traceback (most recent call last):
  File "/home/tarxemo/venv/lib/python3.12/site-packages/django/core/handlers/exception.py", line 55, in inner
    response = get_response(request)
               ^^^^^^^^^^^^^^^^^^^^^
  File "/home/tarxemo/venv/lib/python3.12/site-packages/django/core/handlers/base.py", line 197, in _get_response
    response = wrapped_callback(request, *callback_args, **callback_kwargs)
               ^^^^^^^^^^^^^^^^^^^^^^^^^^^^^^^^^^^^^^^^^^^^^^^^^^^^^^^^^^^^
  File "/home/tarxemo/venv/lib/python3.12/site-packages/django/views/decorators/csrf.py", line 65, in _view_wrapper
    return view_func(request, *args, **kwargs)
           ^^^^^^^^^^^^^^^^^^^^^^^^^^^^^^^^^^^
  File "/home/tarxemo/venv/lib/python3.12/site-packages/django/views/generic/base.py", line 97, in view
    self = cls(**initkwargs)
           ^^^^^^^^^^^^^^^^^
  File "/home/tarxemo/venv/lib/python3.12/site-packages/graphene_django/views.py", line 104, in __init__
    schema = graphene_settings.SCHEMA
             ^^^^^^^^^^^^^^^^^^^^^^^^
  File "/home/tarxemo/venv/lib/python3.12/site-packages/graphene_django/settings.py", line 127, in __getattr__
    val = perform_import(val, attr)
          ^^^^^^^^^^^^^^^^^^^^^^^^^
  File "/home/tarxemo/venv/lib/python3.12/site-packages/graphene_django/settings.py", line 66, in perform_import
    return import_from_string(val, setting_name)
           ^^^^^^^^^^^^^^^^^^^^^^^^^^^^^^^^^^^^^
  File "/home/tarxemo/venv/lib/python3.12/site-packages/graphene_django/settings.py", line 89, in import_from_string
    raise ImportError(msg)
ImportError: Could not import 'ElectionBackend.main_schema.schema' for Graphene setting 'SCHEMA'. ModuleNotFoundError: No module named 'django.db.models.functions'.
Internal Server Error: /graphql/
Traceback (most recent call last):
  File "/home/tarxemo/venv/lib/python3.12/site-packages/graphene_django/settings.py", line 80, in import_from_string
    module = importlib.import_module(module_path)
             ^^^^^^^^^^^^^^^^^^^^^^^^^^^^^^^^^^^^
  File "/usr/lib/python3.12/importlib/__init__.py", line 90, in import_module
    return _bootstrap._gcd_import(name[level:], package, level)
           ^^^^^^^^^^^^^^^^^^^^^^^^^^^^^^^^^^^^^^^^^^^^^^^^^^^^
  File "<frozen importlib._bootstrap>", line 1387, in _gcd_import
  File "<frozen importlib._bootstrap>", line 1360, in _find_and_load
  File "<frozen importlib._bootstrap>", line 1331, in _find_and_load_unlocked
  File "<frozen importlib._bootstrap>", line 935, in _load_unlocked
  File "<frozen importlib._bootstrap_external>", line 995, in exec_module
  File "<frozen importlib._bootstrap>", line 488, in _call_with_frames_removed
  File "/home/tarxemo/Desktop/VS/ElectionBackend/ElectionBackend/main_schema.py", line 3, in <module>
    from election.queries.positions import PositionQuery
  File "/home/tarxemo/Desktop/VS/ElectionBackend/election/queries/positions.py", line 11, in <module>
    from django.db.models.functions import TruncHour
ModuleNotFoundError: No module named 'django.db.models.functions'

During handling of the above exception, another exception occurred:

Traceback (most recent call last):
  File "/home/tarxemo/venv/lib/python3.12/site-packages/django/core/handlers/exception.py", line 55, in inner
    response = get_response(request)
               ^^^^^^^^^^^^^^^^^^^^^
  File "/home/tarxemo/venv/lib/python3.12/site-packages/django/core/handlers/base.py", line 197, in _get_response
    response = wrapped_callback(request, *callback_args, **callback_kwargs)
               ^^^^^^^^^^^^^^^^^^^^^^^^^^^^^^^^^^^^^^^^^^^^^^^^^^^^^^^^^^^^
  File "/home/tarxemo/venv/lib/python3.12/site-packages/django/views/decorators/csrf.py", line 65, in _view_wrapper
    return view_func(request, *args, **kwargs)
           ^^^^^^^^^^^^^^^^^^^^^^^^^^^^^^^^^^^
  File "/home/tarxemo/venv/lib/python3.12/site-packages/django/views/generic/base.py", line 97, in view
    self = cls(**initkwargs)
           ^^^^^^^^^^^^^^^^^
  File "/home/tarxemo/venv/lib/python3.12/site-packages/graphene_django/views.py", line 104, in __init__
    schema = graphene_settings.SCHEMA
             ^^^^^^^^^^^^^^^^^^^^^^^^
  File "/home/tarxemo/venv/lib/python3.12/site-packages/graphene_django/settings.py", line 127, in __getattr__
    val = perform_import(val, attr)
          ^^^^^^^^^^^^^^^^^^^^^^^^^
  File "/home/tarxemo/venv/lib/python3.12/site-packages/graphene_django/settings.py", line 66, in perform_import
    return import_from_string(val, setting_name)
           ^^^^^^^^^^^^^^^^^^^^^^^^^^^^^^^^^^^^^
  File "/home/tarxemo/venv/lib/python3.12/site-packages/graphene_django/settings.py", line 89, in import_from_string
    raise ImportError(msg)
ImportError: Could not import 'ElectionBackend.main_schema.schema' for Graphene setting 'SCHEMA'. ModuleNotFoundError: No module named 'django.db.models.functions'.
Internal Server Error: /graphql/
Traceback (most recent call last):
  File "/home/tarxemo/venv/lib/python3.12/site-packages/graphene_django/settings.py", line 80, in import_from_string
    module = importlib.import_module(module_path)
             ^^^^^^^^^^^^^^^^^^^^^^^^^^^^^^^^^^^^
  File "/usr/lib/python3.12/importlib/__init__.py", line 90, in import_module
    return _bootstrap._gcd_import(name[level:], package, level)
           ^^^^^^^^^^^^^^^^^^^^^^^^^^^^^^^^^^^^^^^^^^^^^^^^^^^^
  File "<frozen importlib._bootstrap>", line 1387, in _gcd_import
  File "<frozen importlib._bootstrap>", line 1360, in _find_and_load
  File "<frozen importlib._bootstrap>", line 1331, in _find_and_load_unlocked
  File "<frozen importlib._bootstrap>", line 935, in _load_unlocked
  File "<frozen importlib._bootstrap_external>", line 995, in exec_module
  File "<frozen importlib._bootstrap>", line 488, in _call_with_frames_removed
  File "/home/tarxemo/Desktop/VS/ElectionBackend/ElectionBackend/main_schema.py", line 3, in <module>
    from election.queries.positions import PositionQuery
  File "/home/tarxemo/Desktop/VS/ElectionBackend/election/queries/positions.py", line 11, in <module>
    from django.db.models.functions import TruncHour
ModuleNotFoundError: No module named 'django.db.models.functions'

During handling of the above exception, another exception occurred:

Traceback (most recent call last):
  File "/home/tarxemo/venv/lib/python3.12/site-packages/django/core/handlers/exception.py", line 55, in inner
    response = get_response(request)
               ^^^^^^^^^^^^^^^^^^^^^
  File "/home/tarxemo/venv/lib/python3.12/site-packages/django/core/handlers/base.py", line 197, in _get_response
    response = wrapped_callback(request, *callback_args, **callback_kwargs)
               ^^^^^^^^^^^^^^^^^^^^^^^^^^^^^^^^^^^^^^^^^^^^^^^^^^^^^^^^^^^^
  File "/home/tarxemo/venv/lib/python3.12/site-packages/django/views/decorators/csrf.py", line 65, in _view_wrapper
    return view_func(request, *args, **kwargs)
           ^^^^^^^^^^^^^^^^^^^^^^^^^^^^^^^^^^^
  File "/home/tarxemo/venv/lib/python3.12/site-packages/django/views/generic/base.py", line 97, in view
    self = cls(**initkwargs)
           ^^^^^^^^^^^^^^^^^
  File "/home/tarxemo/venv/lib/python3.12/site-packages/graphene_django/views.py", line 104, in __init__
    schema = graphene_settings.SCHEMA
             ^^^^^^^^^^^^^^^^^^^^^^^^
  File "/home/tarxemo/venv/lib/python3.12/site-packages/graphene_django/settings.py", line 127, in __getattr__
    val = perform_import(val, attr)
          ^^^^^^^^^^^^^^^^^^^^^^^^^
  File "/home/tarxemo/venv/lib/python3.12/site-packages/graphene_django/settings.py", line 66, in perform_import
    return import_from_string(val, setting_name)
           ^^^^^^^^^^^^^^^^^^^^^^^^^^^^^^^^^^^^^
  File "/home/tarxemo/venv/lib/python3.12/site-packages/graphene_django/settings.py", line 89, in import_from_string
    raise ImportError(msg)
ImportError: Could not import 'ElectionBackend.main_schema.schema' for Graphene setting 'SCHEMA'. ModuleNotFoundError: No module named 'django.db.models.functions'.
Watching for file changes with StatReloader
Internal Server Error: /graphql/
Traceback (most recent call last):
  File "/home/tarxemo/venv/lib/python3.12/site-packages/graphene_django/settings.py", line 80, in import_from_string
    module = importlib.import_module(module_path)
             ^^^^^^^^^^^^^^^^^^^^^^^^^^^^^^^^^^^^
  File "/usr/lib/python3.12/importlib/__init__.py", line 90, in import_module
    return _bootstrap._gcd_import(name[level:], package, level)
           ^^^^^^^^^^^^^^^^^^^^^^^^^^^^^^^^^^^^^^^^^^^^^^^^^^^^
  File "<frozen importlib._bootstrap>", line 1387, in _gcd_import
  File "<frozen importlib._bootstrap>", line 1360, in _find_and_load
  File "<frozen importlib._bootstrap>", line 1331, in _find_and_load_unlocked
  File "<frozen importlib._bootstrap>", line 935, in _load_unlocked
  File "<frozen importlib._bootstrap_external>", line 995, in exec_module
  File "<frozen importlib._bootstrap>", line 488, in _call_with_frames_removed
  File "/home/tarxemo/Desktop/VS/ElectionBackend/ElectionBackend/main_schema.py", line 3, in <module>
    from election.queries.positions import PositionQuery
  File "/home/tarxemo/Desktop/VS/ElectionBackend/election/queries/positions.py", line 11, in <module>
    from django.db.models.functions import TruncHour
ModuleNotFoundError: No module named 'django.db.models.functions'

During handling of the above exception, another exception occurred:

Traceback (most recent call last):
  File "/home/tarxemo/venv/lib/python3.12/site-packages/django/core/handlers/exception.py", line 55, in inner
    response = get_response(request)
               ^^^^^^^^^^^^^^^^^^^^^
  File "/home/tarxemo/venv/lib/python3.12/site-packages/django/core/handlers/base.py", line 197, in _get_response
    response = wrapped_callback(request, *callback_args, **callback_kwargs)
               ^^^^^^^^^^^^^^^^^^^^^^^^^^^^^^^^^^^^^^^^^^^^^^^^^^^^^^^^^^^^
  File "/home/tarxemo/venv/lib/python3.12/site-packages/django/views/decorators/csrf.py", line 65, in _view_wrapper
    return view_func(request, *args, **kwargs)
           ^^^^^^^^^^^^^^^^^^^^^^^^^^^^^^^^^^^
  File "/home/tarxemo/venv/lib/python3.12/site-packages/django/views/generic/base.py", line 97, in view
    self = cls(**initkwargs)
           ^^^^^^^^^^^^^^^^^
  File "/home/tarxemo/venv/lib/python3.12/site-packages/graphene_django/views.py", line 104, in __init__
    schema = graphene_settings.SCHEMA
             ^^^^^^^^^^^^^^^^^^^^^^^^
  File "/home/tarxemo/venv/lib/python3.12/site-packages/graphene_django/settings.py", line 127, in __getattr__
    val = perform_import(val, attr)
          ^^^^^^^^^^^^^^^^^^^^^^^^^
  File "/home/tarxemo/venv/lib/python3.12/site-packages/graphene_django/settings.py", line 66, in perform_import
    return import_from_string(val, setting_name)
           ^^^^^^^^^^^^^^^^^^^^^^^^^^^^^^^^^^^^^
  File "/home/tarxemo/venv/lib/python3.12/site-packages/graphene_django/settings.py", line 89, in import_from_string
    raise ImportError(msg)
ImportError: Could not import 'ElectionBackend.main_schema.schema' for Graphene setting 'SCHEMA'. ModuleNotFoundError: No module named 'django.db.models.functions'.
Internal Server Error: /graphql/
Traceback (most recent call last):
  File "/home/tarxemo/venv/lib/python3.12/site-packages/django/core/handlers/exception.py", line 55, in inner
    response = get_response(request)
               ^^^^^^^^^^^^^^^^^^^^^
  File "/home/tarxemo/venv/lib/python3.12/site-packages/django/core/handlers/base.py", line 197, in _get_response
    response = wrapped_callback(request, *callback_args, **callback_kwargs)
               ^^^^^^^^^^^^^^^^^^^^^^^^^^^^^^^^^^^^^^^^^^^^^^^^^^^^^^^^^^^^
  File "/home/tarxemo/venv/lib/python3.12/site-packages/django/views/decorators/csrf.py", line 65, in _view_wrapper
    return view_func(request, *args, **kwargs)
           ^^^^^^^^^^^^^^^^^^^^^^^^^^^^^^^^^^^
  File "/home/tarxemo/venv/lib/python3.12/site-packages/django/views/generic/base.py", line 97, in view
    self = cls(**initkwargs)
           ^^^^^^^^^^^^^^^^^
  File "/home/tarxemo/venv/lib/python3.12/site-packages/graphene_django/views.py", line 104, in __init__
    schema = graphene_settings.SCHEMA
             ^^^^^^^^^^^^^^^^^^^^^^^^
  File "/home/tarxemo/venv/lib/python3.12/site-packages/graphene_django/settings.py", line 127, in __getattr__
    val = perform_import(val, attr)
          ^^^^^^^^^^^^^^^^^^^^^^^^^
  File "/home/tarxemo/venv/lib/python3.12/site-packages/graphene_django/settings.py", line 66, in perform_import
    return import_from_string(val, setting_name)
           ^^^^^^^^^^^^^^^^^^^^^^^^^^^^^^^^^^^^^
  File "/home/tarxemo/venv/lib/python3.12/site-packages/graphene_django/settings.py", line 80, in import_from_string
    module = importlib.import_module(module_path)
             ^^^^^^^^^^^^^^^^^^^^^^^^^^^^^^^^^^^^
  File "/usr/lib/python3.12/importlib/__init__.py", line 90, in import_module
    return _bootstrap._gcd_import(name[level:], package, level)
           ^^^^^^^^^^^^^^^^^^^^^^^^^^^^^^^^^^^^^^^^^^^^^^^^^^^^
  File "<frozen importlib._bootstrap>", line 1387, in _gcd_import
  File "<frozen importlib._bootstrap>", line 1360, in _find_and_load
  File "<frozen importlib._bootstrap>", line 1331, in _find_and_load_unlocked
  File "<frozen importlib._bootstrap>", line 935, in _load_unlocked
  File "<frozen importlib._bootstrap_external>", line 995, in exec_module
  File "<frozen importlib._bootstrap>", line 488, in _call_with_frames_removed
  File "/home/tarxemo/Desktop/VS/ElectionBackend/ElectionBackend/main_schema.py", line 3, in <module>
    from election.queries.positions import PositionQuery
  File "/home/tarxemo/Desktop/VS/ElectionBackend/election/queries/positions.py", line 504, in <module>
    class PositionQuery(graphene.ObjectType):
  File "/home/tarxemo/Desktop/VS/ElectionBackend/election/queries/positions.py", line 509, in PositionQuery
    institutions_with_most_activity = graphene.List(InstitutionStatsType)
                                                    ^^^^^^^^^^^^^^^^^^^^
NameError: name 'InstitutionStatsType' is not defined. Did you mean: 'InstitutionType'?
Internal Server Error: /graphql/
Traceback (most recent call last):
  File "/home/tarxemo/venv/lib/python3.12/site-packages/django/core/handlers/exception.py", line 55, in inner
    response = get_response(request)
               ^^^^^^^^^^^^^^^^^^^^^
  File "/home/tarxemo/venv/lib/python3.12/site-packages/django/core/handlers/base.py", line 197, in _get_response
    response = wrapped_callback(request, *callback_args, **callback_kwargs)
               ^^^^^^^^^^^^^^^^^^^^^^^^^^^^^^^^^^^^^^^^^^^^^^^^^^^^^^^^^^^^
  File "/home/tarxemo/venv/lib/python3.12/site-packages/django/views/decorators/csrf.py", line 65, in _view_wrapper
    return view_func(request, *args, **kwargs)
           ^^^^^^^^^^^^^^^^^^^^^^^^^^^^^^^^^^^
  File "/home/tarxemo/venv/lib/python3.12/site-packages/django/views/generic/base.py", line 97, in view
    self = cls(**initkwargs)
           ^^^^^^^^^^^^^^^^^
  File "/home/tarxemo/venv/lib/python3.12/site-packages/graphene_django/views.py", line 104, in __init__
    schema = graphene_settings.SCHEMA
             ^^^^^^^^^^^^^^^^^^^^^^^^
  File "/home/tarxemo/venv/lib/python3.12/site-packages/graphene_django/settings.py", line 127, in __getattr__
    val = perform_import(val, attr)
          ^^^^^^^^^^^^^^^^^^^^^^^^^
  File "/home/tarxemo/venv/lib/python3.12/site-packages/graphene_django/settings.py", line 66, in perform_import
    return import_from_string(val, setting_name)
           ^^^^^^^^^^^^^^^^^^^^^^^^^^^^^^^^^^^^^
  File "/home/tarxemo/venv/lib/python3.12/site-packages/graphene_django/settings.py", line 80, in import_from_string
    module = importlib.import_module(module_path)
             ^^^^^^^^^^^^^^^^^^^^^^^^^^^^^^^^^^^^
  File "/usr/lib/python3.12/importlib/__init__.py", line 90, in import_module
    return _bootstrap._gcd_import(name[level:], package, level)
           ^^^^^^^^^^^^^^^^^^^^^^^^^^^^^^^^^^^^^^^^^^^^^^^^^^^^
  File "<frozen importlib._bootstrap>", line 1387, in _gcd_import
  File "<frozen importlib._bootstrap>", line 1360, in _find_and_load
  File "<frozen importlib._bootstrap>", line 1331, in _find_and_load_unlocked
  File "<frozen importlib._bootstrap>", line 935, in _load_unlocked
  File "<frozen importlib._bootstrap_external>", line 995, in exec_module
  File "<frozen importlib._bootstrap>", line 488, in _call_with_frames_removed
  File "/home/tarxemo/Desktop/VS/ElectionBackend/ElectionBackend/main_schema.py", line 17, in <module>
    schema = graphene.Schema(query=RootQuery, mutation=RootMutation, subscription=RootSubscription)
             ^^^^^^^^^^^^^^^^^^^^^^^^^^^^^^^^^^^^^^^^^^^^^^^^^^^^^^^^^^^^^^^^^^^^^^^^^^^^^^^^^^^^^^
  File "/home/tarxemo/venv/lib/python3.12/site-packages/graphene/types/schema.py", line 78, in __init__
    self.build_typemap()
  File "/home/tarxemo/venv/lib/python3.12/site-packages/graphene/types/schema.py", line 167, in build_typemap
    self._type_map = TypeMap(
                     ^^^^^^^^
  File "/home/tarxemo/venv/lib/python3.12/site-packages/graphene/types/typemap.py", line 80, in __init__
    super(TypeMap, self).__init__(types)
  File "/home/tarxemo/venv/lib/python3.12/site-packages/graphql/type/typemap.py", line 31, in __init__
    self.update(reduce(self.reducer, types, OrderedDict()))  # type: ignore
                ^^^^^^^^^^^^^^^^^^^^^^^^^^^^^^^^^^^^^^^^^^
  File "/home/tarxemo/venv/lib/python3.12/site-packages/graphene/types/typemap.py", line 88, in reducer
    return self.graphene_reducer(map, type)
           ^^^^^^^^^^^^^^^^^^^^^^^^^^^^^^^^
  File "/home/tarxemo/venv/lib/python3.12/site-packages/graphene/types/typemap.py", line 117, in graphene_reducer
    return GraphQLTypeMap.reducer(map, internal_type)
           ^^^^^^^^^^^^^^^^^^^^^^^^^^^^^^^^^^^^^^^^^^
  File "/home/tarxemo/venv/lib/python3.12/site-packages/graphql/type/typemap.py", line 109, in reducer
    field_map = type_.fields
                ^^^^^^^^^^^^
  File "/home/tarxemo/venv/lib/python3.12/site-packages/graphql/pyutils/cached_property.py", line 22, in __get__
    value = obj.__dict__[self.func.__name__] = self.func(obj)
                                               ^^^^^^^^^^^^^^
  File "/home/tarxemo/venv/lib/python3.12/site-packages/graphql/type/definition.py", line 198, in fields
    return define_field_map(self, self._fields)
           ^^^^^^^^^^^^^^^^^^^^^^^^^^^^^^^^^^^^
  File "/home/tarxemo/venv/lib/python3.12/site-packages/graphql/type/definition.py", line 212, in define_field_map
    field_map = field_map()
                ^^^^^^^^^^^
  File "/home/tarxemo/venv/lib/python3.12/site-packages/graphene/types/typemap.py", line 275, in construct_fields_for_type
    map = self.reducer(map, field.type)
          ^^^^^^^^^^^^^^^^^^^^^^^^^^^^^
  File "/home/tarxemo/venv/lib/python3.12/site-packages/graphene/types/typemap.py", line 88, in reducer
    return self.graphene_reducer(map, type)
           ^^^^^^^^^^^^^^^^^^^^^^^^^^^^^^^^
  File "/home/tarxemo/venv/lib/python3.12/site-packages/graphene/types/typemap.py", line 93, in graphene_reducer
    return self.reducer(map, type.of_type)
           ^^^^^^^^^^^^^^^^^^^^^^^^^^^^^^^
  File "/home/tarxemo/venv/lib/python3.12/site-packages/graphene/types/typemap.py", line 88, in reducer
    return self.graphene_reducer(map, type)
           ^^^^^^^^^^^^^^^^^^^^^^^^^^^^^^^^
  File "/home/tarxemo/venv/lib/python3.12/site-packages/graphene/types/typemap.py", line 117, in graphene_reducer
    return GraphQLTypeMap.reducer(map, internal_type)
           ^^^^^^^^^^^^^^^^^^^^^^^^^^^^^^^^^^^^^^^^^^
  File "/home/tarxemo/venv/lib/python3.12/site-packages/graphql/type/typemap.py", line 109, in reducer
    field_map = type_.fields
                ^^^^^^^^^^^^
  File "/home/tarxemo/venv/lib/python3.12/site-packages/graphql/pyutils/cached_property.py", line 22, in __get__
    value = obj.__dict__[self.func.__name__] = self.func(obj)
                                               ^^^^^^^^^^^^^^
  File "/home/tarxemo/venv/lib/python3.12/site-packages/graphql/type/definition.py", line 198, in fields
    return define_field_map(self, self._fields)
           ^^^^^^^^^^^^^^^^^^^^^^^^^^^^^^^^^^^^
  File "/home/tarxemo/venv/lib/python3.12/site-packages/graphql/type/definition.py", line 212, in define_field_map
    field_map = field_map()
                ^^^^^^^^^^^
  File "/home/tarxemo/venv/lib/python3.12/site-packages/graphene/types/typemap.py", line 275, in construct_fields_for_type
    map = self.reducer(map, field.type)
          ^^^^^^^^^^^^^^^^^^^^^^^^^^^^^
  File "/home/tarxemo/venv/lib/python3.12/site-packages/graphene/types/typemap.py", line 88, in reducer
    return self.graphene_reducer(map, type)
           ^^^^^^^^^^^^^^^^^^^^^^^^^^^^^^^^
  File "/home/tarxemo/venv/lib/python3.12/site-packages/graphene/types/typemap.py", line 93, in graphene_reducer
    return self.reducer(map, type.of_type)
           ^^^^^^^^^^^^^^^^^^^^^^^^^^^^^^^
  File "/home/tarxemo/venv/lib/python3.12/site-packages/graphene/types/typemap.py", line 88, in reducer
    return self.graphene_reducer(map, type)
           ^^^^^^^^^^^^^^^^^^^^^^^^^^^^^^^^
  File "/home/tarxemo/venv/lib/python3.12/site-packages/graphene/types/typemap.py", line 97, in graphene_reducer
    assert _type.graphene_type == type, (
           ^^^^^^^^^^^^^^^^^^^^^^^^^^^
AssertionError: Found different types with the same name in the schema: LeaderType, LeaderType.
/home/tarxemo/Desktop/VS/ElectionBackend/election/types.py changed, reloading.
Watching for file changes with StatReloader
Internal Server Error: /graphql/
Traceback (most recent call last):
  File "/home/tarxemo/venv/lib/python3.12/site-packages/django/core/handlers/exception.py", line 55, in inner
    response = get_response(request)
               ^^^^^^^^^^^^^^^^^^^^^
  File "/home/tarxemo/venv/lib/python3.12/site-packages/django/core/handlers/base.py", line 197, in _get_response
    response = wrapped_callback(request, *callback_args, **callback_kwargs)
               ^^^^^^^^^^^^^^^^^^^^^^^^^^^^^^^^^^^^^^^^^^^^^^^^^^^^^^^^^^^^
  File "/home/tarxemo/venv/lib/python3.12/site-packages/django/views/decorators/csrf.py", line 65, in _view_wrapper
    return view_func(request, *args, **kwargs)
           ^^^^^^^^^^^^^^^^^^^^^^^^^^^^^^^^^^^
  File "/home/tarxemo/venv/lib/python3.12/site-packages/django/views/generic/base.py", line 97, in view
    self = cls(**initkwargs)
           ^^^^^^^^^^^^^^^^^
  File "/home/tarxemo/venv/lib/python3.12/site-packages/graphene_django/views.py", line 104, in __init__
    schema = graphene_settings.SCHEMA
             ^^^^^^^^^^^^^^^^^^^^^^^^
  File "/home/tarxemo/venv/lib/python3.12/site-packages/graphene_django/settings.py", line 127, in __getattr__
    val = perform_import(val, attr)
          ^^^^^^^^^^^^^^^^^^^^^^^^^
  File "/home/tarxemo/venv/lib/python3.12/site-packages/graphene_django/settings.py", line 66, in perform_import
    return import_from_string(val, setting_name)
           ^^^^^^^^^^^^^^^^^^^^^^^^^^^^^^^^^^^^^
  File "/home/tarxemo/venv/lib/python3.12/site-packages/graphene_django/settings.py", line 80, in import_from_string
    module = importlib.import_module(module_path)
             ^^^^^^^^^^^^^^^^^^^^^^^^^^^^^^^^^^^^
  File "/usr/lib/python3.12/importlib/__init__.py", line 90, in import_module
    return _bootstrap._gcd_import(name[level:], package, level)
           ^^^^^^^^^^^^^^^^^^^^^^^^^^^^^^^^^^^^^^^^^^^^^^^^^^^^
  File "<frozen importlib._bootstrap>", line 1387, in _gcd_import
  File "<frozen importlib._bootstrap>", line 1360, in _find_and_load
  File "<frozen importlib._bootstrap>", line 1331, in _find_and_load_unlocked
  File "<frozen importlib._bootstrap>", line 935, in _load_unlocked
  File "<frozen importlib._bootstrap_external>", line 995, in exec_module
  File "<frozen importlib._bootstrap>", line 488, in _call_with_frames_removed
  File "/home/tarxemo/Desktop/VS/ElectionBackend/ElectionBackend/main_schema.py", line 17, in <module>
    schema = graphene.Schema(query=RootQuery, mutation=RootMutation, subscription=RootSubscription)
             ^^^^^^^^^^^^^^^^^^^^^^^^^^^^^^^^^^^^^^^^^^^^^^^^^^^^^^^^^^^^^^^^^^^^^^^^^^^^^^^^^^^^^^
  File "/home/tarxemo/venv/lib/python3.12/site-packages/graphene/types/schema.py", line 78, in __init__
    self.build_typemap()
  File "/home/tarxemo/venv/lib/python3.12/site-packages/graphene/types/schema.py", line 167, in build_typemap
    self._type_map = TypeMap(
                     ^^^^^^^^
  File "/home/tarxemo/venv/lib/python3.12/site-packages/graphene/types/typemap.py", line 80, in __init__
    super(TypeMap, self).__init__(types)
  File "/home/tarxemo/venv/lib/python3.12/site-packages/graphql/type/typemap.py", line 31, in __init__
    self.update(reduce(self.reducer, types, OrderedDict()))  # type: ignore
                ^^^^^^^^^^^^^^^^^^^^^^^^^^^^^^^^^^^^^^^^^^
  File "/home/tarxemo/venv/lib/python3.12/site-packages/graphene/types/typemap.py", line 88, in reducer
    return self.graphene_reducer(map, type)
           ^^^^^^^^^^^^^^^^^^^^^^^^^^^^^^^^
  File "/home/tarxemo/venv/lib/python3.12/site-packages/graphene/types/typemap.py", line 117, in graphene_reducer
    return GraphQLTypeMap.reducer(map, internal_type)
           ^^^^^^^^^^^^^^^^^^^^^^^^^^^^^^^^^^^^^^^^^^
  File "/home/tarxemo/venv/lib/python3.12/site-packages/graphql/type/typemap.py", line 109, in reducer
    field_map = type_.fields
                ^^^^^^^^^^^^
  File "/home/tarxemo/venv/lib/python3.12/site-packages/graphql/pyutils/cached_property.py", line 22, in __get__
    value = obj.__dict__[self.func.__name__] = self.func(obj)
                                               ^^^^^^^^^^^^^^
  File "/home/tarxemo/venv/lib/python3.12/site-packages/graphql/type/definition.py", line 198, in fields
    return define_field_map(self, self._fields)
           ^^^^^^^^^^^^^^^^^^^^^^^^^^^^^^^^^^^^
  File "/home/tarxemo/venv/lib/python3.12/site-packages/graphql/type/definition.py", line 212, in define_field_map
    field_map = field_map()
                ^^^^^^^^^^^
  File "/home/tarxemo/venv/lib/python3.12/site-packages/graphene/types/typemap.py", line 275, in construct_fields_for_type
    map = self.reducer(map, field.type)
          ^^^^^^^^^^^^^^^^^^^^^^^^^^^^^
  File "/home/tarxemo/venv/lib/python3.12/site-packages/graphene/types/typemap.py", line 88, in reducer
    return self.graphene_reducer(map, type)
           ^^^^^^^^^^^^^^^^^^^^^^^^^^^^^^^^
  File "/home/tarxemo/venv/lib/python3.12/site-packages/graphene/types/typemap.py", line 117, in graphene_reducer
    return GraphQLTypeMap.reducer(map, internal_type)
           ^^^^^^^^^^^^^^^^^^^^^^^^^^^^^^^^^^^^^^^^^^
  File "/home/tarxemo/venv/lib/python3.12/site-packages/graphql/type/typemap.py", line 109, in reducer
    field_map = type_.fields
                ^^^^^^^^^^^^
  File "/home/tarxemo/venv/lib/python3.12/site-packages/graphql/pyutils/cached_property.py", line 22, in __get__
    value = obj.__dict__[self.func.__name__] = self.func(obj)
                                               ^^^^^^^^^^^^^^
  File "/home/tarxemo/venv/lib/python3.12/site-packages/graphql/type/definition.py", line 198, in fields
    return define_field_map(self, self._fields)
           ^^^^^^^^^^^^^^^^^^^^^^^^^^^^^^^^^^^^
  File "/home/tarxemo/venv/lib/python3.12/site-packages/graphql/type/definition.py", line 212, in define_field_map
    field_map = field_map()
                ^^^^^^^^^^^
  File "/home/tarxemo/venv/lib/python3.12/site-packages/graphene/types/typemap.py", line 275, in construct_fields_for_type
    map = self.reducer(map, field.type)
          ^^^^^^^^^^^^^^^^^^^^^^^^^^^^^
  File "/home/tarxemo/venv/lib/python3.12/site-packages/graphene/types/typemap.py", line 88, in reducer
    return self.graphene_reducer(map, type)
           ^^^^^^^^^^^^^^^^^^^^^^^^^^^^^^^^
  File "/home/tarxemo/venv/lib/python3.12/site-packages/graphene/types/typemap.py", line 93, in graphene_reducer
    return self.reducer(map, type.of_type)
           ^^^^^^^^^^^^^^^^^^^^^^^^^^^^^^^
  File "/home/tarxemo/venv/lib/python3.12/site-packages/graphene/types/typemap.py", line 88, in reducer
    return self.graphene_reducer(map, type)
           ^^^^^^^^^^^^^^^^^^^^^^^^^^^^^^^^
  File "/home/tarxemo/venv/lib/python3.12/site-packages/graphene/types/typemap.py", line 97, in graphene_reducer
    assert _type.graphene_type == type, (
           ^^^^^^^^^^^^^^^^^^^^^^^^^^^
AssertionError: Found different types with the same name in the schema: PositionStatsType, PositionStatsType.
/home/tarxemo/Desktop/VS/ElectionBackend/election/queries/positions.py changed, reloading.
Watching for file changes with StatReloader
Internal Server Error: /graphql/
Traceback (most recent call last):
  File "/home/tarxemo/venv/lib/python3.12/site-packages/django/core/handlers/exception.py", line 55, in inner
    response = get_response(request)
               ^^^^^^^^^^^^^^^^^^^^^
  File "/home/tarxemo/venv/lib/python3.12/site-packages/django/core/handlers/base.py", line 197, in _get_response
    response = wrapped_callback(request, *callback_args, **callback_kwargs)
               ^^^^^^^^^^^^^^^^^^^^^^^^^^^^^^^^^^^^^^^^^^^^^^^^^^^^^^^^^^^^
  File "/home/tarxemo/venv/lib/python3.12/site-packages/django/views/decorators/csrf.py", line 65, in _view_wrapper
    return view_func(request, *args, **kwargs)
           ^^^^^^^^^^^^^^^^^^^^^^^^^^^^^^^^^^^
  File "/home/tarxemo/venv/lib/python3.12/site-packages/django/views/generic/base.py", line 97, in view
    self = cls(**initkwargs)
           ^^^^^^^^^^^^^^^^^
  File "/home/tarxemo/venv/lib/python3.12/site-packages/graphene_django/views.py", line 104, in __init__
    schema = graphene_settings.SCHEMA
             ^^^^^^^^^^^^^^^^^^^^^^^^
  File "/home/tarxemo/venv/lib/python3.12/site-packages/graphene_django/settings.py", line 127, in __getattr__
    val = perform_import(val, attr)
          ^^^^^^^^^^^^^^^^^^^^^^^^^
  File "/home/tarxemo/venv/lib/python3.12/site-packages/graphene_django/settings.py", line 66, in perform_import
    return import_from_string(val, setting_name)
           ^^^^^^^^^^^^^^^^^^^^^^^^^^^^^^^^^^^^^
  File "/home/tarxemo/venv/lib/python3.12/site-packages/graphene_django/settings.py", line 80, in import_from_string
    module = importlib.import_module(module_path)
             ^^^^^^^^^^^^^^^^^^^^^^^^^^^^^^^^^^^^
  File "/usr/lib/python3.12/importlib/__init__.py", line 90, in import_module
    return _bootstrap._gcd_import(name[level:], package, level)
           ^^^^^^^^^^^^^^^^^^^^^^^^^^^^^^^^^^^^^^^^^^^^^^^^^^^^
  File "<frozen importlib._bootstrap>", line 1387, in _gcd_import
  File "<frozen importlib._bootstrap>", line 1360, in _find_and_load
  File "<frozen importlib._bootstrap>", line 1331, in _find_and_load_unlocked
  File "<frozen importlib._bootstrap>", line 935, in _load_unlocked
  File "<frozen importlib._bootstrap_external>", line 995, in exec_module
  File "<frozen importlib._bootstrap>", line 488, in _call_with_frames_removed
  File "/home/tarxemo/Desktop/VS/ElectionBackend/ElectionBackend/main_schema.py", line 3, in <module>
    from election.queries.positions import PositionQuery
  File "/home/tarxemo/Desktop/VS/ElectionBackend/election/queries/positions.py", line 504, in <module>
    class PositionQuery(graphene.ObjectType):
  File "/home/tarxemo/Desktop/VS/ElectionBackend/election/queries/positions.py", line 508, in PositionQuery
    positions_with_most_contests = graphene.List(PositionStatsType)
                                                 ^^^^^^^^^^^^^^^^^
NameError: name 'PositionStatsType' is not defined. Did you mean: 'PositionDetailsType'?
Internal Server Error: /graphql/
Traceback (most recent call last):
  File "/home/tarxemo/venv/lib/python3.12/site-packages/django/core/handlers/exception.py", line 55, in inner
    response = get_response(request)
               ^^^^^^^^^^^^^^^^^^^^^
  File "/home/tarxemo/venv/lib/python3.12/site-packages/django/core/handlers/base.py", line 197, in _get_response
    response = wrapped_callback(request, *callback_args, **callback_kwargs)
               ^^^^^^^^^^^^^^^^^^^^^^^^^^^^^^^^^^^^^^^^^^^^^^^^^^^^^^^^^^^^
  File "/home/tarxemo/venv/lib/python3.12/site-packages/django/views/decorators/csrf.py", line 65, in _view_wrapper
    return view_func(request, *args, **kwargs)
           ^^^^^^^^^^^^^^^^^^^^^^^^^^^^^^^^^^^
  File "/home/tarxemo/venv/lib/python3.12/site-packages/django/views/generic/base.py", line 97, in view
    self = cls(**initkwargs)
           ^^^^^^^^^^^^^^^^^
  File "/home/tarxemo/venv/lib/python3.12/site-packages/graphene_django/views.py", line 104, in __init__
    schema = graphene_settings.SCHEMA
             ^^^^^^^^^^^^^^^^^^^^^^^^
  File "/home/tarxemo/venv/lib/python3.12/site-packages/graphene_django/settings.py", line 127, in __getattr__
    val = perform_import(val, attr)
          ^^^^^^^^^^^^^^^^^^^^^^^^^
  File "/home/tarxemo/venv/lib/python3.12/site-packages/graphene_django/settings.py", line 66, in perform_import
    return import_from_string(val, setting_name)
           ^^^^^^^^^^^^^^^^^^^^^^^^^^^^^^^^^^^^^
  File "/home/tarxemo/venv/lib/python3.12/site-packages/graphene_django/settings.py", line 80, in import_from_string
    module = importlib.import_module(module_path)
             ^^^^^^^^^^^^^^^^^^^^^^^^^^^^^^^^^^^^
  File "/usr/lib/python3.12/importlib/__init__.py", line 90, in import_module
    return _bootstrap._gcd_import(name[level:], package, level)
           ^^^^^^^^^^^^^^^^^^^^^^^^^^^^^^^^^^^^^^^^^^^^^^^^^^^^
  File "<frozen importlib._bootstrap>", line 1387, in _gcd_import
  File "<frozen importlib._bootstrap>", line 1360, in _find_and_load
  File "<frozen importlib._bootstrap>", line 1331, in _find_and_load_unlocked
  File "<frozen importlib._bootstrap>", line 935, in _load_unlocked
  File "<frozen importlib._bootstrap_external>", line 995, in exec_module
  File "<frozen importlib._bootstrap>", line 488, in _call_with_frames_removed
  File "/home/tarxemo/Desktop/VS/ElectionBackend/ElectionBackend/main_schema.py", line 17, in <module>
    schema = graphene.Schema(query=RootQuery, mutation=RootMutation, subscription=RootSubscription)
             ^^^^^^^^^^^^^^^^^^^^^^^^^^^^^^^^^^^^^^^^^^^^^^^^^^^^^^^^^^^^^^^^^^^^^^^^^^^^^^^^^^^^^^
  File "/home/tarxemo/venv/lib/python3.12/site-packages/graphene/types/schema.py", line 78, in __init__
    self.build_typemap()
  File "/home/tarxemo/venv/lib/python3.12/site-packages/graphene/types/schema.py", line 167, in build_typemap
    self._type_map = TypeMap(
                     ^^^^^^^^
  File "/home/tarxemo/venv/lib/python3.12/site-packages/graphene/types/typemap.py", line 80, in __init__
    super(TypeMap, self).__init__(types)
  File "/home/tarxemo/venv/lib/python3.12/site-packages/graphql/type/typemap.py", line 31, in __init__
    self.update(reduce(self.reducer, types, OrderedDict()))  # type: ignore
                ^^^^^^^^^^^^^^^^^^^^^^^^^^^^^^^^^^^^^^^^^^
  File "/home/tarxemo/venv/lib/python3.12/site-packages/graphene/types/typemap.py", line 88, in reducer
    return self.graphene_reducer(map, type)
           ^^^^^^^^^^^^^^^^^^^^^^^^^^^^^^^^
  File "/home/tarxemo/venv/lib/python3.12/site-packages/graphene/types/typemap.py", line 117, in graphene_reducer
    return GraphQLTypeMap.reducer(map, internal_type)
           ^^^^^^^^^^^^^^^^^^^^^^^^^^^^^^^^^^^^^^^^^^
  File "/home/tarxemo/venv/lib/python3.12/site-packages/graphql/type/typemap.py", line 109, in reducer
    field_map = type_.fields
                ^^^^^^^^^^^^
  File "/home/tarxemo/venv/lib/python3.12/site-packages/graphql/pyutils/cached_property.py", line 22, in __get__
    value = obj.__dict__[self.func.__name__] = self.func(obj)
                                               ^^^^^^^^^^^^^^
  File "/home/tarxemo/venv/lib/python3.12/site-packages/graphql/type/definition.py", line 198, in fields
    return define_field_map(self, self._fields)
           ^^^^^^^^^^^^^^^^^^^^^^^^^^^^^^^^^^^^
  File "/home/tarxemo/venv/lib/python3.12/site-packages/graphql/type/definition.py", line 212, in define_field_map
    field_map = field_map()
                ^^^^^^^^^^^
  File "/home/tarxemo/venv/lib/python3.12/site-packages/graphene/types/typemap.py", line 275, in construct_fields_for_type
    map = self.reducer(map, field.type)
          ^^^^^^^^^^^^^^^^^^^^^^^^^^^^^
  File "/home/tarxemo/venv/lib/python3.12/site-packages/graphene/types/typemap.py", line 88, in reducer
    return self.graphene_reducer(map, type)
           ^^^^^^^^^^^^^^^^^^^^^^^^^^^^^^^^
  File "/home/tarxemo/venv/lib/python3.12/site-packages/graphene/types/typemap.py", line 117, in graphene_reducer
    return GraphQLTypeMap.reducer(map, internal_type)
           ^^^^^^^^^^^^^^^^^^^^^^^^^^^^^^^^^^^^^^^^^^
  File "/home/tarxemo/venv/lib/python3.12/site-packages/graphql/type/typemap.py", line 109, in reducer
    field_map = type_.fields
                ^^^^^^^^^^^^
  File "/home/tarxemo/venv/lib/python3.12/site-packages/graphql/pyutils/cached_property.py", line 22, in __get__
    value = obj.__dict__[self.func.__name__] = self.func(obj)
                                               ^^^^^^^^^^^^^^
  File "/home/tarxemo/venv/lib/python3.12/site-packages/graphql/type/definition.py", line 198, in fields
    return define_field_map(self, self._fields)
           ^^^^^^^^^^^^^^^^^^^^^^^^^^^^^^^^^^^^
  File "/home/tarxemo/venv/lib/python3.12/site-packages/graphql/type/definition.py", line 212, in define_field_map
    field_map = field_map()
                ^^^^^^^^^^^
  File "/home/tarxemo/venv/lib/python3.12/site-packages/graphene/types/typemap.py", line 275, in construct_fields_for_type
    map = self.reducer(map, field.type)
          ^^^^^^^^^^^^^^^^^^^^^^^^^^^^^
  File "/home/tarxemo/venv/lib/python3.12/site-packages/graphene/types/typemap.py", line 88, in reducer
    return self.graphene_reducer(map, type)
           ^^^^^^^^^^^^^^^^^^^^^^^^^^^^^^^^
  File "/home/tarxemo/venv/lib/python3.12/site-packages/graphene/types/typemap.py", line 97, in graphene_reducer
    assert _type.graphene_type == type, (
           ^^^^^^^^^^^^^^^^^^^^^^^^^^^
AssertionError: Found different types with the same name in the schema: VoteType, django.db.models.functions.
/home/tarxemo/Desktop/VS/ElectionBackend/election/queries/simulate_votes.py changed, reloading.
Watching for file changes with StatReloader
Internal Server Error: /graphql/
Traceback (most recent call last):
  File "/home/tarxemo/venv/lib/python3.12/site-packages/django/core/handlers/exception.py", line 55, in inner
    response = get_response(request)
               ^^^^^^^^^^^^^^^^^^^^^
  File "/home/tarxemo/venv/lib/python3.12/site-packages/django/core/handlers/base.py", line 197, in _get_response
    response = wrapped_callback(request, *callback_args, **callback_kwargs)
               ^^^^^^^^^^^^^^^^^^^^^^^^^^^^^^^^^^^^^^^^^^^^^^^^^^^^^^^^^^^^
  File "/home/tarxemo/venv/lib/python3.12/site-packages/django/views/decorators/csrf.py", line 65, in _view_wrapper
    return view_func(request, *args, **kwargs)
           ^^^^^^^^^^^^^^^^^^^^^^^^^^^^^^^^^^^
  File "/home/tarxemo/venv/lib/python3.12/site-packages/django/views/generic/base.py", line 97, in view
    self = cls(**initkwargs)
           ^^^^^^^^^^^^^^^^^
  File "/home/tarxemo/venv/lib/python3.12/site-packages/graphene_django/views.py", line 104, in __init__
    schema = graphene_settings.SCHEMA
             ^^^^^^^^^^^^^^^^^^^^^^^^
  File "/home/tarxemo/venv/lib/python3.12/site-packages/graphene_django/settings.py", line 127, in __getattr__
    val = perform_import(val, attr)
          ^^^^^^^^^^^^^^^^^^^^^^^^^
  File "/home/tarxemo/venv/lib/python3.12/site-packages/graphene_django/settings.py", line 66, in perform_import
    return import_from_string(val, setting_name)
           ^^^^^^^^^^^^^^^^^^^^^^^^^^^^^^^^^^^^^
  File "/home/tarxemo/venv/lib/python3.12/site-packages/graphene_django/settings.py", line 80, in import_from_string
    module = importlib.import_module(module_path)
             ^^^^^^^^^^^^^^^^^^^^^^^^^^^^^^^^^^^^
  File "/usr/lib/python3.12/importlib/__init__.py", line 90, in import_module
    return _bootstrap._gcd_import(name[level:], package, level)
           ^^^^^^^^^^^^^^^^^^^^^^^^^^^^^^^^^^^^^^^^^^^^^^^^^^^^
  File "<frozen importlib._bootstrap>", line 1387, in _gcd_import
  File "<frozen importlib._bootstrap>", line 1360, in _find_and_load
  File "<frozen importlib._bootstrap>", line 1331, in _find_and_load_unlocked
  File "<frozen importlib._bootstrap>", line 935, in _load_unlocked
  File "<frozen importlib._bootstrap_external>", line 995, in exec_module
  File "<frozen importlib._bootstrap>", line 488, in _call_with_frames_removed
  File "/home/tarxemo/Desktop/VS/ElectionBackend/ElectionBackend/main_schema.py", line 1, in <module>
    from election.queries.simulate_votes import VoteMutation, VoteQuery
  File "/home/tarxemo/Desktop/VS/ElectionBackend/election/queries/simulate_votes.py", line 124, in <module>
    class CastVotePayload(graphene.ObjectType):
  File "/home/tarxemo/Desktop/VS/ElectionBackend/election/queries/simulate_votes.py", line 127, in CastVotePayload
    vote = graphene.Field(VoteType)
                          ^^^^^^^^
NameError: name 'VoteType' is not defined
Internal Server Error: /graphql/
Traceback (most recent call last):
  File "/home/tarxemo/venv/lib/python3.12/site-packages/django/core/handlers/exception.py", line 55, in inner
    response = get_response(request)
               ^^^^^^^^^^^^^^^^^^^^^
  File "/home/tarxemo/venv/lib/python3.12/site-packages/django/core/handlers/base.py", line 197, in _get_response
    response = wrapped_callback(request, *callback_args, **callback_kwargs)
               ^^^^^^^^^^^^^^^^^^^^^^^^^^^^^^^^^^^^^^^^^^^^^^^^^^^^^^^^^^^^
  File "/home/tarxemo/venv/lib/python3.12/site-packages/django/views/decorators/csrf.py", line 65, in _view_wrapper
    return view_func(request, *args, **kwargs)
           ^^^^^^^^^^^^^^^^^^^^^^^^^^^^^^^^^^^
  File "/home/tarxemo/venv/lib/python3.12/site-packages/django/views/generic/base.py", line 97, in view
    self = cls(**initkwargs)
           ^^^^^^^^^^^^^^^^^
  File "/home/tarxemo/venv/lib/python3.12/site-packages/graphene_django/views.py", line 104, in __init__
    schema = graphene_settings.SCHEMA
             ^^^^^^^^^^^^^^^^^^^^^^^^
  File "/home/tarxemo/venv/lib/python3.12/site-packages/graphene_django/settings.py", line 127, in __getattr__
    val = perform_import(val, attr)
          ^^^^^^^^^^^^^^^^^^^^^^^^^
  File "/home/tarxemo/venv/lib/python3.12/site-packages/graphene_django/settings.py", line 66, in perform_import
    return import_from_string(val, setting_name)
           ^^^^^^^^^^^^^^^^^^^^^^^^^^^^^^^^^^^^^
  File "/home/tarxemo/venv/lib/python3.12/site-packages/graphene_django/settings.py", line 80, in import_from_string
    module = importlib.import_module(module_path)
             ^^^^^^^^^^^^^^^^^^^^^^^^^^^^^^^^^^^^
  File "/usr/lib/python3.12/importlib/__init__.py", line 90, in import_module
    return _bootstrap._gcd_import(name[level:], package, level)
           ^^^^^^^^^^^^^^^^^^^^^^^^^^^^^^^^^^^^^^^^^^^^^^^^^^^^
  File "<frozen importlib._bootstrap>", line 1387, in _gcd_import
  File "<frozen importlib._bootstrap>", line 1360, in _find_and_load
  File "<frozen importlib._bootstrap>", line 1331, in _find_and_load_unlocked
  File "<frozen importlib._bootstrap>", line 935, in _load_unlocked
  File "<frozen importlib._bootstrap_external>", line 995, in exec_module
  File "<frozen importlib._bootstrap>", line 488, in _call_with_frames_removed
  File "/home/tarxemo/Desktop/VS/ElectionBackend/ElectionBackend/main_schema.py", line 2, in <module>
    from election.mutations.mutations import Mutation
  File "/home/tarxemo/Desktop/VS/ElectionBackend/election/mutations/mutations.py", line 84, in <module>
    class CastVote(graphene.Mutation):
  File "/home/tarxemo/Desktop/VS/ElectionBackend/election/mutations/mutations.py", line 91, in CastVote
    vote = graphene.Field(VoteType)
                          ^^^^^^^^
NameError: name 'VoteType' is not defined
Internal Server Error: /graphql/
Traceback (most recent call last):
  File "/home/tarxemo/venv/lib/python3.12/site-packages/django/core/handlers/exception.py", line 55, in inner
    response = get_response(request)
               ^^^^^^^^^^^^^^^^^^^^^
  File "/home/tarxemo/venv/lib/python3.12/site-packages/django/core/handlers/base.py", line 197, in _get_response
    response = wrapped_callback(request, *callback_args, **callback_kwargs)
               ^^^^^^^^^^^^^^^^^^^^^^^^^^^^^^^^^^^^^^^^^^^^^^^^^^^^^^^^^^^^
  File "/home/tarxemo/venv/lib/python3.12/site-packages/django/views/decorators/csrf.py", line 65, in _view_wrapper
    return view_func(request, *args, **kwargs)
           ^^^^^^^^^^^^^^^^^^^^^^^^^^^^^^^^^^^
  File "/home/tarxemo/venv/lib/python3.12/site-packages/django/views/generic/base.py", line 97, in view
    self = cls(**initkwargs)
           ^^^^^^^^^^^^^^^^^
  File "/home/tarxemo/venv/lib/python3.12/site-packages/graphene_django/views.py", line 104, in __init__
    schema = graphene_settings.SCHEMA
             ^^^^^^^^^^^^^^^^^^^^^^^^
  File "/home/tarxemo/venv/lib/python3.12/site-packages/graphene_django/settings.py", line 127, in __getattr__
    val = perform_import(val, attr)
          ^^^^^^^^^^^^^^^^^^^^^^^^^
  File "/home/tarxemo/venv/lib/python3.12/site-packages/graphene_django/settings.py", line 66, in perform_import
    return import_from_string(val, setting_name)
           ^^^^^^^^^^^^^^^^^^^^^^^^^^^^^^^^^^^^^
  File "/home/tarxemo/venv/lib/python3.12/site-packages/graphene_django/settings.py", line 80, in import_from_string
    module = importlib.import_module(module_path)
             ^^^^^^^^^^^^^^^^^^^^^^^^^^^^^^^^^^^^
  File "/usr/lib/python3.12/importlib/__init__.py", line 90, in import_module
    return _bootstrap._gcd_import(name[level:], package, level)
           ^^^^^^^^^^^^^^^^^^^^^^^^^^^^^^^^^^^^^^^^^^^^^^^^^^^^
  File "<frozen importlib._bootstrap>", line 1387, in _gcd_import
  File "<frozen importlib._bootstrap>", line 1360, in _find_and_load
  File "<frozen importlib._bootstrap>", line 1331, in _find_and_load_unlocked
  File "<frozen importlib._bootstrap>", line 935, in _load_unlocked
  File "<frozen importlib._bootstrap_external>", line 995, in exec_module
  File "<frozen importlib._bootstrap>", line 488, in _call_with_frames_removed
  File "/home/tarxemo/Desktop/VS/ElectionBackend/ElectionBackend/main_schema.py", line 17, in <module>
    schema = graphene.Schema(query=RootQuery, mutation=RootMutation, subscription=RootSubscription)
             ^^^^^^^^^^^^^^^^^^^^^^^^^^^^^^^^^^^^^^^^^^^^^^^^^^^^^^^^^^^^^^^^^^^^^^^^^^^^^^^^^^^^^^
  File "/home/tarxemo/venv/lib/python3.12/site-packages/graphene/types/schema.py", line 78, in __init__
    self.build_typemap()
  File "/home/tarxemo/venv/lib/python3.12/site-packages/graphene/types/schema.py", line 167, in build_typemap
    self._type_map = TypeMap(
                     ^^^^^^^^
  File "/home/tarxemo/venv/lib/python3.12/site-packages/graphene/types/typemap.py", line 80, in __init__
    super(TypeMap, self).__init__(types)
  File "/home/tarxemo/venv/lib/python3.12/site-packages/graphql/type/typemap.py", line 31, in __init__
    self.update(reduce(self.reducer, types, OrderedDict()))  # type: ignore
                ^^^^^^^^^^^^^^^^^^^^^^^^^^^^^^^^^^^^^^^^^^
  File "/home/tarxemo/venv/lib/python3.12/site-packages/graphene/types/typemap.py", line 88, in reducer
    return self.graphene_reducer(map, type)
           ^^^^^^^^^^^^^^^^^^^^^^^^^^^^^^^^
  File "/home/tarxemo/venv/lib/python3.12/site-packages/graphene/types/typemap.py", line 117, in graphene_reducer
    return GraphQLTypeMap.reducer(map, internal_type)
           ^^^^^^^^^^^^^^^^^^^^^^^^^^^^^^^^^^^^^^^^^^
  File "/home/tarxemo/venv/lib/python3.12/site-packages/graphql/type/typemap.py", line 109, in reducer
    field_map = type_.fields
                ^^^^^^^^^^^^
  File "/home/tarxemo/venv/lib/python3.12/site-packages/graphql/pyutils/cached_property.py", line 22, in __get__
    value = obj.__dict__[self.func.__name__] = self.func(obj)
                                               ^^^^^^^^^^^^^^
  File "/home/tarxemo/venv/lib/python3.12/site-packages/graphql/type/definition.py", line 198, in fields
    return define_field_map(self, self._fields)
           ^^^^^^^^^^^^^^^^^^^^^^^^^^^^^^^^^^^^
  File "/home/tarxemo/venv/lib/python3.12/site-packages/graphql/type/definition.py", line 212, in define_field_map
    field_map = field_map()
                ^^^^^^^^^^^
  File "/home/tarxemo/venv/lib/python3.12/site-packages/graphene/types/typemap.py", line 275, in construct_fields_for_type
    map = self.reducer(map, field.type)
          ^^^^^^^^^^^^^^^^^^^^^^^^^^^^^
  File "/home/tarxemo/venv/lib/python3.12/site-packages/graphene/types/typemap.py", line 88, in reducer
    return self.graphene_reducer(map, type)
           ^^^^^^^^^^^^^^^^^^^^^^^^^^^^^^^^
  File "/home/tarxemo/venv/lib/python3.12/site-packages/graphene/types/typemap.py", line 117, in graphene_reducer
    return GraphQLTypeMap.reducer(map, internal_type)
           ^^^^^^^^^^^^^^^^^^^^^^^^^^^^^^^^^^^^^^^^^^
  File "/home/tarxemo/venv/lib/python3.12/site-packages/graphql/type/typemap.py", line 109, in reducer
    field_map = type_.fields
                ^^^^^^^^^^^^
  File "/home/tarxemo/venv/lib/python3.12/site-packages/graphql/pyutils/cached_property.py", line 22, in __get__
    value = obj.__dict__[self.func.__name__] = self.func(obj)
                                               ^^^^^^^^^^^^^^
  File "/home/tarxemo/venv/lib/python3.12/site-packages/graphql/type/definition.py", line 198, in fields
    return define_field_map(self, self._fields)
           ^^^^^^^^^^^^^^^^^^^^^^^^^^^^^^^^^^^^
  File "/home/tarxemo/venv/lib/python3.12/site-packages/graphql/type/definition.py", line 212, in define_field_map
    field_map = field_map()
                ^^^^^^^^^^^
  File "/home/tarxemo/venv/lib/python3.12/site-packages/graphene/types/typemap.py", line 275, in construct_fields_for_type
    map = self.reducer(map, field.type)
          ^^^^^^^^^^^^^^^^^^^^^^^^^^^^^
  File "/home/tarxemo/venv/lib/python3.12/site-packages/graphene/types/typemap.py", line 88, in reducer
    return self.graphene_reducer(map, type)
           ^^^^^^^^^^^^^^^^^^^^^^^^^^^^^^^^
  File "/home/tarxemo/venv/lib/python3.12/site-packages/graphene/types/typemap.py", line 97, in graphene_reducer
    assert _type.graphene_type == type, (
           ^^^^^^^^^^^^^^^^^^^^^^^^^^^
AssertionError: Found different types with the same name in the schema: ElectionType, ElectionType.
Internal Server Error: /graphql/
Traceback (most recent call last):
  File "/home/tarxemo/venv/lib/python3.12/site-packages/django/core/handlers/exception.py", line 55, in inner
    response = get_response(request)
               ^^^^^^^^^^^^^^^^^^^^^
  File "/home/tarxemo/venv/lib/python3.12/site-packages/django/core/handlers/base.py", line 197, in _get_response
    response = wrapped_callback(request, *callback_args, **callback_kwargs)
               ^^^^^^^^^^^^^^^^^^^^^^^^^^^^^^^^^^^^^^^^^^^^^^^^^^^^^^^^^^^^
  File "/home/tarxemo/venv/lib/python3.12/site-packages/django/views/decorators/csrf.py", line 65, in _view_wrapper
    return view_func(request, *args, **kwargs)
           ^^^^^^^^^^^^^^^^^^^^^^^^^^^^^^^^^^^
  File "/home/tarxemo/venv/lib/python3.12/site-packages/django/views/generic/base.py", line 97, in view
    self = cls(**initkwargs)
           ^^^^^^^^^^^^^^^^^
  File "/home/tarxemo/venv/lib/python3.12/site-packages/graphene_django/views.py", line 104, in __init__
    schema = graphene_settings.SCHEMA
             ^^^^^^^^^^^^^^^^^^^^^^^^
  File "/home/tarxemo/venv/lib/python3.12/site-packages/graphene_django/settings.py", line 127, in __getattr__
    val = perform_import(val, attr)
          ^^^^^^^^^^^^^^^^^^^^^^^^^
  File "/home/tarxemo/venv/lib/python3.12/site-packages/graphene_django/settings.py", line 66, in perform_import
    return import_from_string(val, setting_name)
           ^^^^^^^^^^^^^^^^^^^^^^^^^^^^^^^^^^^^^
  File "/home/tarxemo/venv/lib/python3.12/site-packages/graphene_django/settings.py", line 80, in import_from_string
    module = importlib.import_module(module_path)
             ^^^^^^^^^^^^^^^^^^^^^^^^^^^^^^^^^^^^
  File "/usr/lib/python3.12/importlib/__init__.py", line 90, in import_module
    return _bootstrap._gcd_import(name[level:], package, level)
           ^^^^^^^^^^^^^^^^^^^^^^^^^^^^^^^^^^^^^^^^^^^^^^^^^^^^
  File "<frozen importlib._bootstrap>", line 1387, in _gcd_import
  File "<frozen importlib._bootstrap>", line 1360, in _find_and_load
  File "<frozen importlib._bootstrap>", line 1331, in _find_and_load_unlocked
  File "<frozen importlib._bootstrap>", line 935, in _load_unlocked
  File "<frozen importlib._bootstrap_external>", line 995, in exec_module
  File "<frozen importlib._bootstrap>", line 488, in _call_with_frames_removed
  File "/home/tarxemo/Desktop/VS/ElectionBackend/ElectionBackend/main_schema.py", line 17, in <module>
    schema = graphene.Schema(query=RootQuery, mutation=RootMutation, subscription=RootSubscription)
             ^^^^^^^^^^^^^^^^^^^^^^^^^^^^^^^^^^^^^^^^^^^^^^^^^^^^^^^^^^^^^^^^^^^^^^^^^^^^^^^^^^^^^^
  File "/home/tarxemo/venv/lib/python3.12/site-packages/graphene/types/schema.py", line 78, in __init__
    self.build_typemap()
  File "/home/tarxemo/venv/lib/python3.12/site-packages/graphene/types/schema.py", line 167, in build_typemap
    self._type_map = TypeMap(
                     ^^^^^^^^
  File "/home/tarxemo/venv/lib/python3.12/site-packages/graphene/types/typemap.py", line 80, in __init__
    super(TypeMap, self).__init__(types)
  File "/home/tarxemo/venv/lib/python3.12/site-packages/graphql/type/typemap.py", line 31, in __init__
    self.update(reduce(self.reducer, types, OrderedDict()))  # type: ignore
                ^^^^^^^^^^^^^^^^^^^^^^^^^^^^^^^^^^^^^^^^^^
  File "/home/tarxemo/venv/lib/python3.12/site-packages/graphene/types/typemap.py", line 88, in reducer
    return self.graphene_reducer(map, type)
           ^^^^^^^^^^^^^^^^^^^^^^^^^^^^^^^^
  File "/home/tarxemo/venv/lib/python3.12/site-packages/graphene/types/typemap.py", line 117, in graphene_reducer
    return GraphQLTypeMap.reducer(map, internal_type)
           ^^^^^^^^^^^^^^^^^^^^^^^^^^^^^^^^^^^^^^^^^^
  File "/home/tarxemo/venv/lib/python3.12/site-packages/graphql/type/typemap.py", line 109, in reducer
    field_map = type_.fields
                ^^^^^^^^^^^^
  File "/home/tarxemo/venv/lib/python3.12/site-packages/graphql/pyutils/cached_property.py", line 22, in __get__
    value = obj.__dict__[self.func.__name__] = self.func(obj)
                                               ^^^^^^^^^^^^^^
  File "/home/tarxemo/venv/lib/python3.12/site-packages/graphql/type/definition.py", line 198, in fields
    return define_field_map(self, self._fields)
           ^^^^^^^^^^^^^^^^^^^^^^^^^^^^^^^^^^^^
  File "/home/tarxemo/venv/lib/python3.12/site-packages/graphql/type/definition.py", line 212, in define_field_map
    field_map = field_map()
                ^^^^^^^^^^^
  File "/home/tarxemo/venv/lib/python3.12/site-packages/graphene/types/typemap.py", line 275, in construct_fields_for_type
    map = self.reducer(map, field.type)
          ^^^^^^^^^^^^^^^^^^^^^^^^^^^^^
  File "/home/tarxemo/venv/lib/python3.12/site-packages/graphene/types/typemap.py", line 88, in reducer
    return self.graphene_reducer(map, type)
           ^^^^^^^^^^^^^^^^^^^^^^^^^^^^^^^^
  File "/home/tarxemo/venv/lib/python3.12/site-packages/graphene/types/typemap.py", line 117, in graphene_reducer
    return GraphQLTypeMap.reducer(map, internal_type)
           ^^^^^^^^^^^^^^^^^^^^^^^^^^^^^^^^^^^^^^^^^^
  File "/home/tarxemo/venv/lib/python3.12/site-packages/graphql/type/typemap.py", line 109, in reducer
    field_map = type_.fields
                ^^^^^^^^^^^^
  File "/home/tarxemo/venv/lib/python3.12/site-packages/graphql/pyutils/cached_property.py", line 22, in __get__
    value = obj.__dict__[self.func.__name__] = self.func(obj)
                                               ^^^^^^^^^^^^^^
  File "/home/tarxemo/venv/lib/python3.12/site-packages/graphql/type/definition.py", line 198, in fields
    return define_field_map(self, self._fields)
           ^^^^^^^^^^^^^^^^^^^^^^^^^^^^^^^^^^^^
  File "/home/tarxemo/venv/lib/python3.12/site-packages/graphql/type/definition.py", line 212, in define_field_map
    field_map = field_map()
                ^^^^^^^^^^^
  File "/home/tarxemo/venv/lib/python3.12/site-packages/graphene/types/typemap.py", line 275, in construct_fields_for_type
    map = self.reducer(map, field.type)
          ^^^^^^^^^^^^^^^^^^^^^^^^^^^^^
  File "/home/tarxemo/venv/lib/python3.12/site-packages/graphene/types/typemap.py", line 88, in reducer
    return self.graphene_reducer(map, type)
           ^^^^^^^^^^^^^^^^^^^^^^^^^^^^^^^^
  File "/home/tarxemo/venv/lib/python3.12/site-packages/graphene/types/typemap.py", line 97, in graphene_reducer
    assert _type.graphene_type == type, (
           ^^^^^^^^^^^^^^^^^^^^^^^^^^^
AssertionError: Found different types with the same name in the schema: ElectionType, ElectionType.
/home/tarxemo/Desktop/VS/ElectionBackend/election/queries/positions.py changed, reloading.
Watching for file changes with StatReloader
Internal Server Error: /graphql/
Traceback (most recent call last):
  File "/home/tarxemo/venv/lib/python3.12/site-packages/django/core/handlers/exception.py", line 55, in inner
    response = get_response(request)
               ^^^^^^^^^^^^^^^^^^^^^
  File "/home/tarxemo/venv/lib/python3.12/site-packages/django/core/handlers/base.py", line 197, in _get_response
    response = wrapped_callback(request, *callback_args, **callback_kwargs)
               ^^^^^^^^^^^^^^^^^^^^^^^^^^^^^^^^^^^^^^^^^^^^^^^^^^^^^^^^^^^^
  File "/home/tarxemo/venv/lib/python3.12/site-packages/django/views/decorators/csrf.py", line 65, in _view_wrapper
    return view_func(request, *args, **kwargs)
           ^^^^^^^^^^^^^^^^^^^^^^^^^^^^^^^^^^^
  File "/home/tarxemo/venv/lib/python3.12/site-packages/django/views/generic/base.py", line 97, in view
    self = cls(**initkwargs)
           ^^^^^^^^^^^^^^^^^
  File "/home/tarxemo/venv/lib/python3.12/site-packages/graphene_django/views.py", line 104, in __init__
    schema = graphene_settings.SCHEMA
             ^^^^^^^^^^^^^^^^^^^^^^^^
  File "/home/tarxemo/venv/lib/python3.12/site-packages/graphene_django/settings.py", line 127, in __getattr__
    val = perform_import(val, attr)
          ^^^^^^^^^^^^^^^^^^^^^^^^^
  File "/home/tarxemo/venv/lib/python3.12/site-packages/graphene_django/settings.py", line 66, in perform_import
    return import_from_string(val, setting_name)
           ^^^^^^^^^^^^^^^^^^^^^^^^^^^^^^^^^^^^^
  File "/home/tarxemo/venv/lib/python3.12/site-packages/graphene_django/settings.py", line 80, in import_from_string
    module = importlib.import_module(module_path)
             ^^^^^^^^^^^^^^^^^^^^^^^^^^^^^^^^^^^^
  File "/usr/lib/python3.12/importlib/__init__.py", line 90, in import_module
    return _bootstrap._gcd_import(name[level:], package, level)
           ^^^^^^^^^^^^^^^^^^^^^^^^^^^^^^^^^^^^^^^^^^^^^^^^^^^^
  File "<frozen importlib._bootstrap>", line 1387, in _gcd_import
  File "<frozen importlib._bootstrap>", line 1360, in _find_and_load
  File "<frozen importlib._bootstrap>", line 1331, in _find_and_load_unlocked
  File "<frozen importlib._bootstrap>", line 935, in _load_unlocked
  File "<frozen importlib._bootstrap_external>", line 995, in exec_module
  File "<frozen importlib._bootstrap>", line 488, in _call_with_frames_removed
  File "/home/tarxemo/Desktop/VS/ElectionBackend/ElectionBackend/main_schema.py", line 3, in <module>
    from election.queries.positions import PositionQuery
  File "/home/tarxemo/Desktop/VS/ElectionBackend/election/queries/positions.py", line 298, in <module>
    class CandidateDetails(graphene.ObjectType):
  File "/home/tarxemo/Desktop/VS/ElectionBackend/election/queries/positions.py", line 300, in CandidateDetails
    election_details = graphene.Field(ElectionType)
                                      ^^^^^^^^^^^^
NameError: name 'ElectionType' is not defined. Did you mean: 'ElectionListType'?
Internal Server Error: /graphql/
Traceback (most recent call last):
  File "/home/tarxemo/venv/lib/python3.12/site-packages/django/core/handlers/exception.py", line 55, in inner
    response = get_response(request)
               ^^^^^^^^^^^^^^^^^^^^^
  File "/home/tarxemo/venv/lib/python3.12/site-packages/django/core/handlers/base.py", line 197, in _get_response
    response = wrapped_callback(request, *callback_args, **callback_kwargs)
               ^^^^^^^^^^^^^^^^^^^^^^^^^^^^^^^^^^^^^^^^^^^^^^^^^^^^^^^^^^^^
  File "/home/tarxemo/venv/lib/python3.12/site-packages/django/views/decorators/csrf.py", line 65, in _view_wrapper
    return view_func(request, *args, **kwargs)
           ^^^^^^^^^^^^^^^^^^^^^^^^^^^^^^^^^^^
  File "/home/tarxemo/venv/lib/python3.12/site-packages/django/views/generic/base.py", line 97, in view
    self = cls(**initkwargs)
           ^^^^^^^^^^^^^^^^^
  File "/home/tarxemo/venv/lib/python3.12/site-packages/graphene_django/views.py", line 104, in __init__
    schema = graphene_settings.SCHEMA
             ^^^^^^^^^^^^^^^^^^^^^^^^
  File "/home/tarxemo/venv/lib/python3.12/site-packages/graphene_django/settings.py", line 127, in __getattr__
    val = perform_import(val, attr)
          ^^^^^^^^^^^^^^^^^^^^^^^^^
  File "/home/tarxemo/venv/lib/python3.12/site-packages/graphene_django/settings.py", line 66, in perform_import
    return import_from_string(val, setting_name)
           ^^^^^^^^^^^^^^^^^^^^^^^^^^^^^^^^^^^^^
  File "/home/tarxemo/venv/lib/python3.12/site-packages/graphene_django/settings.py", line 80, in import_from_string
    module = importlib.import_module(module_path)
             ^^^^^^^^^^^^^^^^^^^^^^^^^^^^^^^^^^^^
  File "/usr/lib/python3.12/importlib/__init__.py", line 90, in import_module
    return _bootstrap._gcd_import(name[level:], package, level)
           ^^^^^^^^^^^^^^^^^^^^^^^^^^^^^^^^^^^^^^^^^^^^^^^^^^^^
  File "<frozen importlib._bootstrap>", line 1387, in _gcd_import
  File "<frozen importlib._bootstrap>", line 1360, in _find_and_load
  File "<frozen importlib._bootstrap>", line 1331, in _find_and_load_unlocked
  File "<frozen importlib._bootstrap>", line 935, in _load_unlocked
  File "<frozen importlib._bootstrap_external>", line 995, in exec_module
  File "<frozen importlib._bootstrap>", line 488, in _call_with_frames_removed
  File "/home/tarxemo/Desktop/VS/ElectionBackend/ElectionBackend/main_schema.py", line 17, in <module>
    schema = graphene.Schema(query=RootQuery, mutation=RootMutation, subscription=RootSubscription)
             ^^^^^^^^^^^^^^^^^^^^^^^^^^^^^^^^^^^^^^^^^^^^^^^^^^^^^^^^^^^^^^^^^^^^^^^^^^^^^^^^^^^^^^
  File "/home/tarxemo/venv/lib/python3.12/site-packages/graphene/types/schema.py", line 78, in __init__
    self.build_typemap()
  File "/home/tarxemo/venv/lib/python3.12/site-packages/graphene/types/schema.py", line 167, in build_typemap
    self._type_map = TypeMap(
                     ^^^^^^^^
  File "/home/tarxemo/venv/lib/python3.12/site-packages/graphene/types/typemap.py", line 80, in __init__
    super(TypeMap, self).__init__(types)
  File "/home/tarxemo/venv/lib/python3.12/site-packages/graphql/type/typemap.py", line 31, in __init__
    self.update(reduce(self.reducer, types, OrderedDict()))  # type: ignore
                ^^^^^^^^^^^^^^^^^^^^^^^^^^^^^^^^^^^^^^^^^^
  File "/home/tarxemo/venv/lib/python3.12/site-packages/graphene/types/typemap.py", line 88, in reducer
    return self.graphene_reducer(map, type)
           ^^^^^^^^^^^^^^^^^^^^^^^^^^^^^^^^
  File "/home/tarxemo/venv/lib/python3.12/site-packages/graphene/types/typemap.py", line 117, in graphene_reducer
    return GraphQLTypeMap.reducer(map, internal_type)
           ^^^^^^^^^^^^^^^^^^^^^^^^^^^^^^^^^^^^^^^^^^
  File "/home/tarxemo/venv/lib/python3.12/site-packages/graphql/type/typemap.py", line 109, in reducer
    field_map = type_.fields
                ^^^^^^^^^^^^
  File "/home/tarxemo/venv/lib/python3.12/site-packages/graphql/pyutils/cached_property.py", line 22, in __get__
    value = obj.__dict__[self.func.__name__] = self.func(obj)
                                               ^^^^^^^^^^^^^^
  File "/home/tarxemo/venv/lib/python3.12/site-packages/graphql/type/definition.py", line 198, in fields
    return define_field_map(self, self._fields)
           ^^^^^^^^^^^^^^^^^^^^^^^^^^^^^^^^^^^^
  File "/home/tarxemo/venv/lib/python3.12/site-packages/graphql/type/definition.py", line 212, in define_field_map
    field_map = field_map()
                ^^^^^^^^^^^
  File "/home/tarxemo/venv/lib/python3.12/site-packages/graphene/types/typemap.py", line 275, in construct_fields_for_type
    map = self.reducer(map, field.type)
          ^^^^^^^^^^^^^^^^^^^^^^^^^^^^^
  File "/home/tarxemo/venv/lib/python3.12/site-packages/graphene/types/typemap.py", line 88, in reducer
    return self.graphene_reducer(map, type)
           ^^^^^^^^^^^^^^^^^^^^^^^^^^^^^^^^
  File "/home/tarxemo/venv/lib/python3.12/site-packages/graphene/types/typemap.py", line 117, in graphene_reducer
    return GraphQLTypeMap.reducer(map, internal_type)
           ^^^^^^^^^^^^^^^^^^^^^^^^^^^^^^^^^^^^^^^^^^
  File "/home/tarxemo/venv/lib/python3.12/site-packages/graphql/type/typemap.py", line 109, in reducer
    field_map = type_.fields
                ^^^^^^^^^^^^
  File "/home/tarxemo/venv/lib/python3.12/site-packages/graphql/pyutils/cached_property.py", line 22, in __get__
    value = obj.__dict__[self.func.__name__] = self.func(obj)
                                               ^^^^^^^^^^^^^^
  File "/home/tarxemo/venv/lib/python3.12/site-packages/graphql/type/definition.py", line 198, in fields
    return define_field_map(self, self._fields)
           ^^^^^^^^^^^^^^^^^^^^^^^^^^^^^^^^^^^^
  File "/home/tarxemo/venv/lib/python3.12/site-packages/graphql/type/definition.py", line 212, in define_field_map
    field_map = field_map()
                ^^^^^^^^^^^
  File "/home/tarxemo/venv/lib/python3.12/site-packages/graphene/types/typemap.py", line 275, in construct_fields_for_type
    map = self.reducer(map, field.type)
          ^^^^^^^^^^^^^^^^^^^^^^^^^^^^^
  File "/home/tarxemo/venv/lib/python3.12/site-packages/graphene/types/typemap.py", line 88, in reducer
    return self.graphene_reducer(map, type)
           ^^^^^^^^^^^^^^^^^^^^^^^^^^^^^^^^
  File "/home/tarxemo/venv/lib/python3.12/site-packages/graphene/types/typemap.py", line 117, in graphene_reducer
    return GraphQLTypeMap.reducer(map, internal_type)
           ^^^^^^^^^^^^^^^^^^^^^^^^^^^^^^^^^^^^^^^^^^
  File "/home/tarxemo/venv/lib/python3.12/site-packages/graphql/type/typemap.py", line 109, in reducer
    field_map = type_.fields
                ^^^^^^^^^^^^
  File "/home/tarxemo/venv/lib/python3.12/site-packages/graphql/pyutils/cached_property.py", line 22, in __get__
    value = obj.__dict__[self.func.__name__] = self.func(obj)
                                               ^^^^^^^^^^^^^^
  File "/home/tarxemo/venv/lib/python3.12/site-packages/graphql/type/definition.py", line 198, in fields
    return define_field_map(self, self._fields)
           ^^^^^^^^^^^^^^^^^^^^^^^^^^^^^^^^^^^^
  File "/home/tarxemo/venv/lib/python3.12/site-packages/graphql/type/definition.py", line 212, in define_field_map
    field_map = field_map()
                ^^^^^^^^^^^
  File "/home/tarxemo/venv/lib/python3.12/site-packages/graphene/types/typemap.py", line 275, in construct_fields_for_type
    map = self.reducer(map, field.type)
          ^^^^^^^^^^^^^^^^^^^^^^^^^^^^^
  File "/home/tarxemo/venv/lib/python3.12/site-packages/graphene/types/typemap.py", line 88, in reducer
    return self.graphene_reducer(map, type)
           ^^^^^^^^^^^^^^^^^^^^^^^^^^^^^^^^
  File "/home/tarxemo/venv/lib/python3.12/site-packages/graphene/types/typemap.py", line 93, in graphene_reducer
    return self.reducer(map, type.of_type)
           ^^^^^^^^^^^^^^^^^^^^^^^^^^^^^^^
  File "/home/tarxemo/venv/lib/python3.12/site-packages/graphene/types/typemap.py", line 88, in reducer
    return self.graphene_reducer(map, type)
           ^^^^^^^^^^^^^^^^^^^^^^^^^^^^^^^^
  File "/home/tarxemo/venv/lib/python3.12/site-packages/graphene/types/typemap.py", line 97, in graphene_reducer
    assert _type.graphene_type == type, (
           ^^^^^^^^^^^^^^^^^^^^^^^^^^^
AssertionError: Found different types with the same name in the schema: ElectionResultType, ElectionResultType.
/home/tarxemo/Desktop/VS/ElectionBackend/election/queries/positions.py changed, reloading.
Watching for file changes with StatReloader
Internal Server Error: /graphql/
Traceback (most recent call last):
  File "/home/tarxemo/venv/lib/python3.12/site-packages/django/core/handlers/exception.py", line 55, in inner
    response = get_response(request)
               ^^^^^^^^^^^^^^^^^^^^^
  File "/home/tarxemo/venv/lib/python3.12/site-packages/django/core/handlers/base.py", line 197, in _get_response
    response = wrapped_callback(request, *callback_args, **callback_kwargs)
               ^^^^^^^^^^^^^^^^^^^^^^^^^^^^^^^^^^^^^^^^^^^^^^^^^^^^^^^^^^^^
  File "/home/tarxemo/venv/lib/python3.12/site-packages/django/views/decorators/csrf.py", line 65, in _view_wrapper
    return view_func(request, *args, **kwargs)
           ^^^^^^^^^^^^^^^^^^^^^^^^^^^^^^^^^^^
  File "/home/tarxemo/venv/lib/python3.12/site-packages/django/views/generic/base.py", line 97, in view
    self = cls(**initkwargs)
           ^^^^^^^^^^^^^^^^^
  File "/home/tarxemo/venv/lib/python3.12/site-packages/graphene_django/views.py", line 104, in __init__
    schema = graphene_settings.SCHEMA
             ^^^^^^^^^^^^^^^^^^^^^^^^
  File "/home/tarxemo/venv/lib/python3.12/site-packages/graphene_django/settings.py", line 127, in __getattr__
    val = perform_import(val, attr)
          ^^^^^^^^^^^^^^^^^^^^^^^^^
  File "/home/tarxemo/venv/lib/python3.12/site-packages/graphene_django/settings.py", line 66, in perform_import
    return import_from_string(val, setting_name)
           ^^^^^^^^^^^^^^^^^^^^^^^^^^^^^^^^^^^^^
  File "/home/tarxemo/venv/lib/python3.12/site-packages/graphene_django/settings.py", line 80, in import_from_string
    module = importlib.import_module(module_path)
             ^^^^^^^^^^^^^^^^^^^^^^^^^^^^^^^^^^^^
  File "/usr/lib/python3.12/importlib/__init__.py", line 90, in import_module
    return _bootstrap._gcd_import(name[level:], package, level)
           ^^^^^^^^^^^^^^^^^^^^^^^^^^^^^^^^^^^^^^^^^^^^^^^^^^^^
  File "<frozen importlib._bootstrap>", line 1387, in _gcd_import
  File "<frozen importlib._bootstrap>", line 1360, in _find_and_load
  File "<frozen importlib._bootstrap>", line 1331, in _find_and_load_unlocked
  File "<frozen importlib._bootstrap>", line 935, in _load_unlocked
  File "<frozen importlib._bootstrap_external>", line 995, in exec_module
  File "<frozen importlib._bootstrap>", line 488, in _call_with_frames_removed
  File "/home/tarxemo/Desktop/VS/ElectionBackend/ElectionBackend/main_schema.py", line 3, in <module>
    from election.queries.positions import PositionQuery
  File "/home/tarxemo/Desktop/VS/ElectionBackend/election/queries/positions.py", line 298, in <module>
    class CandidateDetails(graphene.ObjectType):
  File "/home/tarxemo/Desktop/VS/ElectionBackend/election/queries/positions.py", line 303, in CandidateDetails
    election_results = graphene.Field(ElectionResultType)
                                      ^^^^^^^^^^^^^^^^^^
NameError: name 'ElectionResultType' is not defined. Did you mean: 'ElectionResult'?
Internal Server Error: /graphql/
Traceback (most recent call last):
  File "/home/tarxemo/venv/lib/python3.12/site-packages/django/core/handlers/exception.py", line 55, in inner
    response = get_response(request)
               ^^^^^^^^^^^^^^^^^^^^^
  File "/home/tarxemo/venv/lib/python3.12/site-packages/django/core/handlers/base.py", line 197, in _get_response
    response = wrapped_callback(request, *callback_args, **callback_kwargs)
               ^^^^^^^^^^^^^^^^^^^^^^^^^^^^^^^^^^^^^^^^^^^^^^^^^^^^^^^^^^^^
  File "/home/tarxemo/venv/lib/python3.12/site-packages/django/views/decorators/csrf.py", line 65, in _view_wrapper
    return view_func(request, *args, **kwargs)
           ^^^^^^^^^^^^^^^^^^^^^^^^^^^^^^^^^^^
  File "/home/tarxemo/venv/lib/python3.12/site-packages/django/views/generic/base.py", line 97, in view
    self = cls(**initkwargs)
           ^^^^^^^^^^^^^^^^^
  File "/home/tarxemo/venv/lib/python3.12/site-packages/graphene_django/views.py", line 104, in __init__
    schema = graphene_settings.SCHEMA
             ^^^^^^^^^^^^^^^^^^^^^^^^
  File "/home/tarxemo/venv/lib/python3.12/site-packages/graphene_django/settings.py", line 127, in __getattr__
    val = perform_import(val, attr)
          ^^^^^^^^^^^^^^^^^^^^^^^^^
  File "/home/tarxemo/venv/lib/python3.12/site-packages/graphene_django/settings.py", line 66, in perform_import
    return import_from_string(val, setting_name)
           ^^^^^^^^^^^^^^^^^^^^^^^^^^^^^^^^^^^^^
  File "/home/tarxemo/venv/lib/python3.12/site-packages/graphene_django/settings.py", line 80, in import_from_string
    module = importlib.import_module(module_path)
             ^^^^^^^^^^^^^^^^^^^^^^^^^^^^^^^^^^^^
  File "/usr/lib/python3.12/importlib/__init__.py", line 90, in import_module
    return _bootstrap._gcd_import(name[level:], package, level)
           ^^^^^^^^^^^^^^^^^^^^^^^^^^^^^^^^^^^^^^^^^^^^^^^^^^^^
  File "<frozen importlib._bootstrap>", line 1387, in _gcd_import
  File "<frozen importlib._bootstrap>", line 1360, in _find_and_load
  File "<frozen importlib._bootstrap>", line 1331, in _find_and_load_unlocked
  File "<frozen importlib._bootstrap>", line 935, in _load_unlocked
  File "<frozen importlib._bootstrap_external>", line 995, in exec_module
  File "<frozen importlib._bootstrap>", line 488, in _call_with_frames_removed
  File "/home/tarxemo/Desktop/VS/ElectionBackend/ElectionBackend/main_schema.py", line 17, in <module>
    schema = graphene.Schema(query=RootQuery, mutation=RootMutation, subscription=RootSubscription)
             ^^^^^^^^^^^^^^^^^^^^^^^^^^^^^^^^^^^^^^^^^^^^^^^^^^^^^^^^^^^^^^^^^^^^^^^^^^^^^^^^^^^^^^
  File "/home/tarxemo/venv/lib/python3.12/site-packages/graphene/types/schema.py", line 78, in __init__
    self.build_typemap()
  File "/home/tarxemo/venv/lib/python3.12/site-packages/graphene/types/schema.py", line 167, in build_typemap
    self._type_map = TypeMap(
                     ^^^^^^^^
  File "/home/tarxemo/venv/lib/python3.12/site-packages/graphene/types/typemap.py", line 80, in __init__
    super(TypeMap, self).__init__(types)
  File "/home/tarxemo/venv/lib/python3.12/site-packages/graphql/type/typemap.py", line 31, in __init__
    self.update(reduce(self.reducer, types, OrderedDict()))  # type: ignore
                ^^^^^^^^^^^^^^^^^^^^^^^^^^^^^^^^^^^^^^^^^^
  File "/home/tarxemo/venv/lib/python3.12/site-packages/graphene/types/typemap.py", line 88, in reducer
    return self.graphene_reducer(map, type)
           ^^^^^^^^^^^^^^^^^^^^^^^^^^^^^^^^
  File "/home/tarxemo/venv/lib/python3.12/site-packages/graphene/types/typemap.py", line 117, in graphene_reducer
    return GraphQLTypeMap.reducer(map, internal_type)
           ^^^^^^^^^^^^^^^^^^^^^^^^^^^^^^^^^^^^^^^^^^
  File "/home/tarxemo/venv/lib/python3.12/site-packages/graphql/type/typemap.py", line 109, in reducer
    field_map = type_.fields
                ^^^^^^^^^^^^
  File "/home/tarxemo/venv/lib/python3.12/site-packages/graphql/pyutils/cached_property.py", line 22, in __get__
    value = obj.__dict__[self.func.__name__] = self.func(obj)
                                               ^^^^^^^^^^^^^^
  File "/home/tarxemo/venv/lib/python3.12/site-packages/graphql/type/definition.py", line 198, in fields
    return define_field_map(self, self._fields)
           ^^^^^^^^^^^^^^^^^^^^^^^^^^^^^^^^^^^^
  File "/home/tarxemo/venv/lib/python3.12/site-packages/graphql/type/definition.py", line 212, in define_field_map
    field_map = field_map()
                ^^^^^^^^^^^
  File "/home/tarxemo/venv/lib/python3.12/site-packages/graphene/types/typemap.py", line 275, in construct_fields_for_type
    map = self.reducer(map, field.type)
          ^^^^^^^^^^^^^^^^^^^^^^^^^^^^^
  File "/home/tarxemo/venv/lib/python3.12/site-packages/graphene/types/typemap.py", line 88, in reducer
    return self.graphene_reducer(map, type)
           ^^^^^^^^^^^^^^^^^^^^^^^^^^^^^^^^
  File "/home/tarxemo/venv/lib/python3.12/site-packages/graphene/types/typemap.py", line 117, in graphene_reducer
    return GraphQLTypeMap.reducer(map, internal_type)
           ^^^^^^^^^^^^^^^^^^^^^^^^^^^^^^^^^^^^^^^^^^
  File "/home/tarxemo/venv/lib/python3.12/site-packages/graphql/type/typemap.py", line 109, in reducer
    field_map = type_.fields
                ^^^^^^^^^^^^
  File "/home/tarxemo/venv/lib/python3.12/site-packages/graphql/pyutils/cached_property.py", line 22, in __get__
    value = obj.__dict__[self.func.__name__] = self.func(obj)
                                               ^^^^^^^^^^^^^^
  File "/home/tarxemo/venv/lib/python3.12/site-packages/graphql/type/definition.py", line 198, in fields
    return define_field_map(self, self._fields)
           ^^^^^^^^^^^^^^^^^^^^^^^^^^^^^^^^^^^^
  File "/home/tarxemo/venv/lib/python3.12/site-packages/graphql/type/definition.py", line 212, in define_field_map
    field_map = field_map()
                ^^^^^^^^^^^
  File "/home/tarxemo/venv/lib/python3.12/site-packages/graphene/types/typemap.py", line 275, in construct_fields_for_type
    map = self.reducer(map, field.type)
          ^^^^^^^^^^^^^^^^^^^^^^^^^^^^^
  File "/home/tarxemo/venv/lib/python3.12/site-packages/graphene/types/typemap.py", line 88, in reducer
    return self.graphene_reducer(map, type)
           ^^^^^^^^^^^^^^^^^^^^^^^^^^^^^^^^
  File "/home/tarxemo/venv/lib/python3.12/site-packages/graphene/types/typemap.py", line 97, in graphene_reducer
    assert _type.graphene_type == type, (
           ^^^^^^^^^^^^^^^^^^^^^^^^^^^
AssertionError: Found different types with the same name in the schema: ElectionType, ElectionType.
/home/tarxemo/Desktop/VS/ElectionBackend/election/mutations/mutations.py changed, reloading.
Watching for file changes with StatReloader
Internal Server Error: /graphql/
Traceback (most recent call last):
  File "/home/tarxemo/venv/lib/python3.12/site-packages/django/core/handlers/exception.py", line 55, in inner
    response = get_response(request)
               ^^^^^^^^^^^^^^^^^^^^^
  File "/home/tarxemo/venv/lib/python3.12/site-packages/django/core/handlers/base.py", line 197, in _get_response
    response = wrapped_callback(request, *callback_args, **callback_kwargs)
               ^^^^^^^^^^^^^^^^^^^^^^^^^^^^^^^^^^^^^^^^^^^^^^^^^^^^^^^^^^^^
  File "/home/tarxemo/venv/lib/python3.12/site-packages/django/views/decorators/csrf.py", line 65, in _view_wrapper
    return view_func(request, *args, **kwargs)
           ^^^^^^^^^^^^^^^^^^^^^^^^^^^^^^^^^^^
  File "/home/tarxemo/venv/lib/python3.12/site-packages/django/views/generic/base.py", line 97, in view
    self = cls(**initkwargs)
           ^^^^^^^^^^^^^^^^^
  File "/home/tarxemo/venv/lib/python3.12/site-packages/graphene_django/views.py", line 104, in __init__
    schema = graphene_settings.SCHEMA
             ^^^^^^^^^^^^^^^^^^^^^^^^
  File "/home/tarxemo/venv/lib/python3.12/site-packages/graphene_django/settings.py", line 127, in __getattr__
    val = perform_import(val, attr)
          ^^^^^^^^^^^^^^^^^^^^^^^^^
  File "/home/tarxemo/venv/lib/python3.12/site-packages/graphene_django/settings.py", line 66, in perform_import
    return import_from_string(val, setting_name)
           ^^^^^^^^^^^^^^^^^^^^^^^^^^^^^^^^^^^^^
  File "/home/tarxemo/venv/lib/python3.12/site-packages/graphene_django/settings.py", line 80, in import_from_string
    module = importlib.import_module(module_path)
             ^^^^^^^^^^^^^^^^^^^^^^^^^^^^^^^^^^^^
  File "/usr/lib/python3.12/importlib/__init__.py", line 90, in import_module
    return _bootstrap._gcd_import(name[level:], package, level)
           ^^^^^^^^^^^^^^^^^^^^^^^^^^^^^^^^^^^^^^^^^^^^^^^^^^^^
  File "<frozen importlib._bootstrap>", line 1387, in _gcd_import
  File "<frozen importlib._bootstrap>", line 1360, in _find_and_load
  File "<frozen importlib._bootstrap>", line 1331, in _find_and_load_unlocked
  File "<frozen importlib._bootstrap>", line 935, in _load_unlocked
  File "<frozen importlib._bootstrap_external>", line 995, in exec_module
  File "<frozen importlib._bootstrap>", line 488, in _call_with_frames_removed
  File "/home/tarxemo/Desktop/VS/ElectionBackend/ElectionBackend/main_schema.py", line 2, in <module>
    from election.mutations.mutations import Mutation
  File "/home/tarxemo/Desktop/VS/ElectionBackend/election/mutations/mutations.py", line 34, in <module>
    class CreateElection(graphene.Mutation):
  File "/home/tarxemo/Desktop/VS/ElectionBackend/election/mutations/mutations.py", line 44, in CreateElection
    election = graphene.Field(ElectionType)
                              ^^^^^^^^^^^^
NameError: name 'ElectionType' is not defined
Internal Server Error: /graphql/
Traceback (most recent call last):
  File "/home/tarxemo/venv/lib/python3.12/site-packages/django/core/handlers/exception.py", line 55, in inner
    response = get_response(request)
               ^^^^^^^^^^^^^^^^^^^^^
  File "/home/tarxemo/venv/lib/python3.12/site-packages/django/core/handlers/base.py", line 197, in _get_response
    response = wrapped_callback(request, *callback_args, **callback_kwargs)
               ^^^^^^^^^^^^^^^^^^^^^^^^^^^^^^^^^^^^^^^^^^^^^^^^^^^^^^^^^^^^
  File "/home/tarxemo/venv/lib/python3.12/site-packages/django/views/decorators/csrf.py", line 65, in _view_wrapper
    return view_func(request, *args, **kwargs)
           ^^^^^^^^^^^^^^^^^^^^^^^^^^^^^^^^^^^
  File "/home/tarxemo/venv/lib/python3.12/site-packages/django/views/generic/base.py", line 97, in view
    self = cls(**initkwargs)
           ^^^^^^^^^^^^^^^^^
  File "/home/tarxemo/venv/lib/python3.12/site-packages/graphene_django/views.py", line 104, in __init__
    schema = graphene_settings.SCHEMA
             ^^^^^^^^^^^^^^^^^^^^^^^^
  File "/home/tarxemo/venv/lib/python3.12/site-packages/graphene_django/settings.py", line 127, in __getattr__
    val = perform_import(val, attr)
          ^^^^^^^^^^^^^^^^^^^^^^^^^
  File "/home/tarxemo/venv/lib/python3.12/site-packages/graphene_django/settings.py", line 66, in perform_import
    return import_from_string(val, setting_name)
           ^^^^^^^^^^^^^^^^^^^^^^^^^^^^^^^^^^^^^
  File "/home/tarxemo/venv/lib/python3.12/site-packages/graphene_django/settings.py", line 80, in import_from_string
    module = importlib.import_module(module_path)
             ^^^^^^^^^^^^^^^^^^^^^^^^^^^^^^^^^^^^
  File "/usr/lib/python3.12/importlib/__init__.py", line 90, in import_module
    return _bootstrap._gcd_import(name[level:], package, level)
           ^^^^^^^^^^^^^^^^^^^^^^^^^^^^^^^^^^^^^^^^^^^^^^^^^^^^
  File "<frozen importlib._bootstrap>", line 1387, in _gcd_import
  File "<frozen importlib._bootstrap>", line 1360, in _find_and_load
  File "<frozen importlib._bootstrap>", line 1331, in _find_and_load_unlocked
  File "<frozen importlib._bootstrap>", line 935, in _load_unlocked
  File "<frozen importlib._bootstrap_external>", line 995, in exec_module
  File "<frozen importlib._bootstrap>", line 488, in _call_with_frames_removed
  File "/home/tarxemo/Desktop/VS/ElectionBackend/ElectionBackend/main_schema.py", line 17, in <module>
    schema = graphene.Schema(query=RootQuery, mutation=RootMutation, subscription=RootSubscription)
             ^^^^^^^^^^^^^^^^^^^^^^^^^^^^^^^^^^^^^^^^^^^^^^^^^^^^^^^^^^^^^^^^^^^^^^^^^^^^^^^^^^^^^^
  File "/home/tarxemo/venv/lib/python3.12/site-packages/graphene/types/schema.py", line 78, in __init__
    self.build_typemap()
  File "/home/tarxemo/venv/lib/python3.12/site-packages/graphene/types/schema.py", line 167, in build_typemap
    self._type_map = TypeMap(
                     ^^^^^^^^
  File "/home/tarxemo/venv/lib/python3.12/site-packages/graphene/types/typemap.py", line 80, in __init__
    super(TypeMap, self).__init__(types)
  File "/home/tarxemo/venv/lib/python3.12/site-packages/graphql/type/typemap.py", line 31, in __init__
    self.update(reduce(self.reducer, types, OrderedDict()))  # type: ignore
                ^^^^^^^^^^^^^^^^^^^^^^^^^^^^^^^^^^^^^^^^^^
  File "/home/tarxemo/venv/lib/python3.12/site-packages/graphene/types/typemap.py", line 88, in reducer
    return self.graphene_reducer(map, type)
           ^^^^^^^^^^^^^^^^^^^^^^^^^^^^^^^^
  File "/home/tarxemo/venv/lib/python3.12/site-packages/graphene/types/typemap.py", line 117, in graphene_reducer
    return GraphQLTypeMap.reducer(map, internal_type)
           ^^^^^^^^^^^^^^^^^^^^^^^^^^^^^^^^^^^^^^^^^^
  File "/home/tarxemo/venv/lib/python3.12/site-packages/graphql/type/typemap.py", line 109, in reducer
    field_map = type_.fields
                ^^^^^^^^^^^^
  File "/home/tarxemo/venv/lib/python3.12/site-packages/graphql/pyutils/cached_property.py", line 22, in __get__
    value = obj.__dict__[self.func.__name__] = self.func(obj)
                                               ^^^^^^^^^^^^^^
  File "/home/tarxemo/venv/lib/python3.12/site-packages/graphql/type/definition.py", line 198, in fields
    return define_field_map(self, self._fields)
           ^^^^^^^^^^^^^^^^^^^^^^^^^^^^^^^^^^^^
  File "/home/tarxemo/venv/lib/python3.12/site-packages/graphql/type/definition.py", line 212, in define_field_map
    field_map = field_map()
                ^^^^^^^^^^^
  File "/home/tarxemo/venv/lib/python3.12/site-packages/graphene/types/typemap.py", line 275, in construct_fields_for_type
    map = self.reducer(map, field.type)
          ^^^^^^^^^^^^^^^^^^^^^^^^^^^^^
  File "/home/tarxemo/venv/lib/python3.12/site-packages/graphene/types/typemap.py", line 88, in reducer
    return self.graphene_reducer(map, type)
           ^^^^^^^^^^^^^^^^^^^^^^^^^^^^^^^^
  File "/home/tarxemo/venv/lib/python3.12/site-packages/graphene/types/typemap.py", line 117, in graphene_reducer
    return GraphQLTypeMap.reducer(map, internal_type)
           ^^^^^^^^^^^^^^^^^^^^^^^^^^^^^^^^^^^^^^^^^^
  File "/home/tarxemo/venv/lib/python3.12/site-packages/graphql/type/typemap.py", line 109, in reducer
    field_map = type_.fields
                ^^^^^^^^^^^^
  File "/home/tarxemo/venv/lib/python3.12/site-packages/graphql/pyutils/cached_property.py", line 22, in __get__
    value = obj.__dict__[self.func.__name__] = self.func(obj)
                                               ^^^^^^^^^^^^^^
  File "/home/tarxemo/venv/lib/python3.12/site-packages/graphql/type/definition.py", line 198, in fields
    return define_field_map(self, self._fields)
           ^^^^^^^^^^^^^^^^^^^^^^^^^^^^^^^^^^^^
  File "/home/tarxemo/venv/lib/python3.12/site-packages/graphql/type/definition.py", line 212, in define_field_map
    field_map = field_map()
                ^^^^^^^^^^^
  File "/home/tarxemo/venv/lib/python3.12/site-packages/graphene/types/typemap.py", line 275, in construct_fields_for_type
    map = self.reducer(map, field.type)
          ^^^^^^^^^^^^^^^^^^^^^^^^^^^^^
  File "/home/tarxemo/venv/lib/python3.12/site-packages/graphene/types/typemap.py", line 88, in reducer
    return self.graphene_reducer(map, type)
           ^^^^^^^^^^^^^^^^^^^^^^^^^^^^^^^^
  File "/home/tarxemo/venv/lib/python3.12/site-packages/graphene/types/typemap.py", line 97, in graphene_reducer
    assert _type.graphene_type == type, (
           ^^^^^^^^^^^^^^^^^^^^^^^^^^^
AssertionError: Found different types with the same name in the schema: CandidateType, CandidateType.
/home/tarxemo/Desktop/VS/ElectionBackend/election/queries/subscriptions.py changed, reloading.
Watching for file changes with StatReloader
Internal Server Error: /graphql/
Traceback (most recent call last):
  File "/home/tarxemo/venv/lib/python3.12/site-packages/django/core/handlers/exception.py", line 55, in inner
    response = get_response(request)
               ^^^^^^^^^^^^^^^^^^^^^
  File "/home/tarxemo/venv/lib/python3.12/site-packages/django/core/handlers/base.py", line 197, in _get_response
    response = wrapped_callback(request, *callback_args, **callback_kwargs)
               ^^^^^^^^^^^^^^^^^^^^^^^^^^^^^^^^^^^^^^^^^^^^^^^^^^^^^^^^^^^^
  File "/home/tarxemo/venv/lib/python3.12/site-packages/django/views/decorators/csrf.py", line 65, in _view_wrapper
    return view_func(request, *args, **kwargs)
           ^^^^^^^^^^^^^^^^^^^^^^^^^^^^^^^^^^^
  File "/home/tarxemo/venv/lib/python3.12/site-packages/django/views/generic/base.py", line 97, in view
    self = cls(**initkwargs)
           ^^^^^^^^^^^^^^^^^
  File "/home/tarxemo/venv/lib/python3.12/site-packages/graphene_django/views.py", line 104, in __init__
    schema = graphene_settings.SCHEMA
             ^^^^^^^^^^^^^^^^^^^^^^^^
  File "/home/tarxemo/venv/lib/python3.12/site-packages/graphene_django/settings.py", line 127, in __getattr__
    val = perform_import(val, attr)
          ^^^^^^^^^^^^^^^^^^^^^^^^^
  File "/home/tarxemo/venv/lib/python3.12/site-packages/graphene_django/settings.py", line 66, in perform_import
    return import_from_string(val, setting_name)
           ^^^^^^^^^^^^^^^^^^^^^^^^^^^^^^^^^^^^^
  File "/home/tarxemo/venv/lib/python3.12/site-packages/graphene_django/settings.py", line 80, in import_from_string
    module = importlib.import_module(module_path)
             ^^^^^^^^^^^^^^^^^^^^^^^^^^^^^^^^^^^^
  File "/usr/lib/python3.12/importlib/__init__.py", line 90, in import_module
    return _bootstrap._gcd_import(name[level:], package, level)
           ^^^^^^^^^^^^^^^^^^^^^^^^^^^^^^^^^^^^^^^^^^^^^^^^^^^^
  File "<frozen importlib._bootstrap>", line 1387, in _gcd_import
  File "<frozen importlib._bootstrap>", line 1360, in _find_and_load
  File "<frozen importlib._bootstrap>", line 1331, in _find_and_load_unlocked
  File "<frozen importlib._bootstrap>", line 935, in _load_unlocked
  File "<frozen importlib._bootstrap_external>", line 995, in exec_module
  File "<frozen importlib._bootstrap>", line 488, in _call_with_frames_removed
  File "/home/tarxemo/Desktop/VS/ElectionBackend/ElectionBackend/main_schema.py", line 17, in <module>
    schema = graphene.Schema(query=RootQuery, mutation=RootMutation, subscription=RootSubscription)
             ^^^^^^^^^^^^^^^^^^^^^^^^^^^^^^^^^^^^^^^^^^^^^^^^^^^^^^^^^^^^^^^^^^^^^^^^^^^^^^^^^^^^^^
  File "/home/tarxemo/venv/lib/python3.12/site-packages/graphene/types/schema.py", line 78, in __init__
    self.build_typemap()
  File "/home/tarxemo/venv/lib/python3.12/site-packages/graphene/types/schema.py", line 167, in build_typemap
    self._type_map = TypeMap(
                     ^^^^^^^^
  File "/home/tarxemo/venv/lib/python3.12/site-packages/graphene/types/typemap.py", line 80, in __init__
    super(TypeMap, self).__init__(types)
  File "/home/tarxemo/venv/lib/python3.12/site-packages/graphql/type/typemap.py", line 31, in __init__
    self.update(reduce(self.reducer, types, OrderedDict()))  # type: ignore
                ^^^^^^^^^^^^^^^^^^^^^^^^^^^^^^^^^^^^^^^^^^
  File "/home/tarxemo/venv/lib/python3.12/site-packages/graphene/types/typemap.py", line 88, in reducer
    return self.graphene_reducer(map, type)
           ^^^^^^^^^^^^^^^^^^^^^^^^^^^^^^^^
  File "/home/tarxemo/venv/lib/python3.12/site-packages/graphene/types/typemap.py", line 117, in graphene_reducer
    return GraphQLTypeMap.reducer(map, internal_type)
           ^^^^^^^^^^^^^^^^^^^^^^^^^^^^^^^^^^^^^^^^^^
  File "/home/tarxemo/venv/lib/python3.12/site-packages/graphql/type/typemap.py", line 109, in reducer
    field_map = type_.fields
                ^^^^^^^^^^^^
  File "/home/tarxemo/venv/lib/python3.12/site-packages/graphql/pyutils/cached_property.py", line 22, in __get__
    value = obj.__dict__[self.func.__name__] = self.func(obj)
                                               ^^^^^^^^^^^^^^
  File "/home/tarxemo/venv/lib/python3.12/site-packages/graphql/type/definition.py", line 198, in fields
    return define_field_map(self, self._fields)
           ^^^^^^^^^^^^^^^^^^^^^^^^^^^^^^^^^^^^
  File "/home/tarxemo/venv/lib/python3.12/site-packages/graphql/type/definition.py", line 212, in define_field_map
    field_map = field_map()
                ^^^^^^^^^^^
  File "/home/tarxemo/venv/lib/python3.12/site-packages/graphene/types/typemap.py", line 275, in construct_fields_for_type
    map = self.reducer(map, field.type)
          ^^^^^^^^^^^^^^^^^^^^^^^^^^^^^
  File "/home/tarxemo/venv/lib/python3.12/site-packages/graphene/types/typemap.py", line 88, in reducer
    return self.graphene_reducer(map, type)
           ^^^^^^^^^^^^^^^^^^^^^^^^^^^^^^^^
  File "/home/tarxemo/venv/lib/python3.12/site-packages/graphene/types/typemap.py", line 117, in graphene_reducer
    return GraphQLTypeMap.reducer(map, internal_type)
           ^^^^^^^^^^^^^^^^^^^^^^^^^^^^^^^^^^^^^^^^^^
  File "/home/tarxemo/venv/lib/python3.12/site-packages/graphql/type/typemap.py", line 109, in reducer
    field_map = type_.fields
                ^^^^^^^^^^^^
  File "/home/tarxemo/venv/lib/python3.12/site-packages/graphql/pyutils/cached_property.py", line 22, in __get__
    value = obj.__dict__[self.func.__name__] = self.func(obj)
                                               ^^^^^^^^^^^^^^
  File "/home/tarxemo/venv/lib/python3.12/site-packages/graphql/type/definition.py", line 198, in fields
    return define_field_map(self, self._fields)
           ^^^^^^^^^^^^^^^^^^^^^^^^^^^^^^^^^^^^
  File "/home/tarxemo/venv/lib/python3.12/site-packages/graphql/type/definition.py", line 212, in define_field_map
    field_map = field_map()
                ^^^^^^^^^^^
  File "/home/tarxemo/venv/lib/python3.12/site-packages/graphene/types/typemap.py", line 275, in construct_fields_for_type
    map = self.reducer(map, field.type)
          ^^^^^^^^^^^^^^^^^^^^^^^^^^^^^
  File "/home/tarxemo/venv/lib/python3.12/site-packages/graphene/types/typemap.py", line 88, in reducer
    return self.graphene_reducer(map, type)
           ^^^^^^^^^^^^^^^^^^^^^^^^^^^^^^^^
  File "/home/tarxemo/venv/lib/python3.12/site-packages/graphene/types/typemap.py", line 97, in graphene_reducer
    assert _type.graphene_type == type, (
           ^^^^^^^^^^^^^^^^^^^^^^^^^^^
AssertionError: Found different types with the same name in the schema: CandidateType, CandidateType.
/home/tarxemo/Desktop/VS/ElectionBackend/election/mutations/mutations.py changed, reloading.
Watching for file changes with StatReloader
Internal Server Error: /graphql/
Traceback (most recent call last):
  File "/home/tarxemo/venv/lib/python3.12/site-packages/django/core/handlers/exception.py", line 55, in inner
    response = get_response(request)
               ^^^^^^^^^^^^^^^^^^^^^
  File "/home/tarxemo/venv/lib/python3.12/site-packages/django/core/handlers/base.py", line 197, in _get_response
    response = wrapped_callback(request, *callback_args, **callback_kwargs)
               ^^^^^^^^^^^^^^^^^^^^^^^^^^^^^^^^^^^^^^^^^^^^^^^^^^^^^^^^^^^^
  File "/home/tarxemo/venv/lib/python3.12/site-packages/django/views/decorators/csrf.py", line 65, in _view_wrapper
    return view_func(request, *args, **kwargs)
           ^^^^^^^^^^^^^^^^^^^^^^^^^^^^^^^^^^^
  File "/home/tarxemo/venv/lib/python3.12/site-packages/django/views/generic/base.py", line 97, in view
    self = cls(**initkwargs)
           ^^^^^^^^^^^^^^^^^
  File "/home/tarxemo/venv/lib/python3.12/site-packages/graphene_django/views.py", line 104, in __init__
    schema = graphene_settings.SCHEMA
             ^^^^^^^^^^^^^^^^^^^^^^^^
  File "/home/tarxemo/venv/lib/python3.12/site-packages/graphene_django/settings.py", line 127, in __getattr__
    val = perform_import(val, attr)
          ^^^^^^^^^^^^^^^^^^^^^^^^^
  File "/home/tarxemo/venv/lib/python3.12/site-packages/graphene_django/settings.py", line 66, in perform_import
    return import_from_string(val, setting_name)
           ^^^^^^^^^^^^^^^^^^^^^^^^^^^^^^^^^^^^^
  File "/home/tarxemo/venv/lib/python3.12/site-packages/graphene_django/settings.py", line 80, in import_from_string
    module = importlib.import_module(module_path)
             ^^^^^^^^^^^^^^^^^^^^^^^^^^^^^^^^^^^^
  File "/usr/lib/python3.12/importlib/__init__.py", line 90, in import_module
    return _bootstrap._gcd_import(name[level:], package, level)
           ^^^^^^^^^^^^^^^^^^^^^^^^^^^^^^^^^^^^^^^^^^^^^^^^^^^^
  File "<frozen importlib._bootstrap>", line 1387, in _gcd_import
  File "<frozen importlib._bootstrap>", line 1360, in _find_and_load
  File "<frozen importlib._bootstrap>", line 1331, in _find_and_load_unlocked
  File "<frozen importlib._bootstrap>", line 935, in _load_unlocked
  File "<frozen importlib._bootstrap_external>", line 995, in exec_module
  File "<frozen importlib._bootstrap>", line 488, in _call_with_frames_removed
  File "/home/tarxemo/Desktop/VS/ElectionBackend/ElectionBackend/main_schema.py", line 1, in <module>
    from election.queries.simulate_votes import VoteMutation, VoteQuery
  File "/home/tarxemo/Desktop/VS/ElectionBackend/election/queries/simulate_votes.py", line 4, in <module>
    from election.types import VoteType
  File "/home/tarxemo/Desktop/VS/ElectionBackend/election/types.py", line 470, in <module>
    class LeaderboardType(graphene.ObjectType):
  File "/home/tarxemo/Desktop/VS/ElectionBackend/election/types.py", line 471, in LeaderboardType
    candidate = graphene.Field(CandidateType)
                               ^^^^^^^^^^^^^
NameError: name 'CandidateType' is not defined. Did you mean: 'Candidate'?
Watching for file changes with StatReloader
Internal Server Error: /graphql/
Traceback (most recent call last):
  File "/home/tarxemo/venv/lib/python3.12/site-packages/django/core/handlers/exception.py", line 55, in inner
    response = get_response(request)
               ^^^^^^^^^^^^^^^^^^^^^
  File "/home/tarxemo/venv/lib/python3.12/site-packages/django/core/handlers/base.py", line 197, in _get_response
    response = wrapped_callback(request, *callback_args, **callback_kwargs)
               ^^^^^^^^^^^^^^^^^^^^^^^^^^^^^^^^^^^^^^^^^^^^^^^^^^^^^^^^^^^^
  File "/home/tarxemo/venv/lib/python3.12/site-packages/django/views/decorators/csrf.py", line 65, in _view_wrapper
    return view_func(request, *args, **kwargs)
           ^^^^^^^^^^^^^^^^^^^^^^^^^^^^^^^^^^^
  File "/home/tarxemo/venv/lib/python3.12/site-packages/django/views/generic/base.py", line 97, in view
    self = cls(**initkwargs)
           ^^^^^^^^^^^^^^^^^
  File "/home/tarxemo/venv/lib/python3.12/site-packages/graphene_django/views.py", line 104, in __init__
    schema = graphene_settings.SCHEMA
             ^^^^^^^^^^^^^^^^^^^^^^^^
  File "/home/tarxemo/venv/lib/python3.12/site-packages/graphene_django/settings.py", line 127, in __getattr__
    val = perform_import(val, attr)
          ^^^^^^^^^^^^^^^^^^^^^^^^^
  File "/home/tarxemo/venv/lib/python3.12/site-packages/graphene_django/settings.py", line 66, in perform_import
    return import_from_string(val, setting_name)
           ^^^^^^^^^^^^^^^^^^^^^^^^^^^^^^^^^^^^^
  File "/home/tarxemo/venv/lib/python3.12/site-packages/graphene_django/settings.py", line 80, in import_from_string
    module = importlib.import_module(module_path)
             ^^^^^^^^^^^^^^^^^^^^^^^^^^^^^^^^^^^^
  File "/usr/lib/python3.12/importlib/__init__.py", line 90, in import_module
    return _bootstrap._gcd_import(name[level:], package, level)
           ^^^^^^^^^^^^^^^^^^^^^^^^^^^^^^^^^^^^^^^^^^^^^^^^^^^^
  File "<frozen importlib._bootstrap>", line 1387, in _gcd_import
  File "<frozen importlib._bootstrap>", line 1360, in _find_and_load
  File "<frozen importlib._bootstrap>", line 1331, in _find_and_load_unlocked
  File "<frozen importlib._bootstrap>", line 935, in _load_unlocked
  File "<frozen importlib._bootstrap_external>", line 995, in exec_module
  File "<frozen importlib._bootstrap>", line 488, in _call_with_frames_removed
  File "/home/tarxemo/Desktop/VS/ElectionBackend/ElectionBackend/main_schema.py", line 1, in <module>
    from election.queries.simulate_votes import VoteMutation, VoteQuery
  File "/home/tarxemo/Desktop/VS/ElectionBackend/election/queries/simulate_votes.py", line 4, in <module>
    from election.types import VoteType
  File "/home/tarxemo/Desktop/VS/ElectionBackend/election/types.py", line 470, in <module>
    class LeaderboardType(graphene.ObjectType):
  File "/home/tarxemo/Desktop/VS/ElectionBackend/election/types.py", line 471, in LeaderboardType
    candidate = graphene.Field(CandidateType)
                               ^^^^^^^^^^^^^
NameError: name 'CandidateType' is not defined. Did you mean: 'Candidate'?
Internal Server Error: /graphql/
Traceback (most recent call last):
  File "/home/tarxemo/venv/lib/python3.12/site-packages/django/core/handlers/exception.py", line 55, in inner
    response = get_response(request)
               ^^^^^^^^^^^^^^^^^^^^^
  File "/home/tarxemo/venv/lib/python3.12/site-packages/django/core/handlers/base.py", line 197, in _get_response
    response = wrapped_callback(request, *callback_args, **callback_kwargs)
               ^^^^^^^^^^^^^^^^^^^^^^^^^^^^^^^^^^^^^^^^^^^^^^^^^^^^^^^^^^^^
  File "/home/tarxemo/venv/lib/python3.12/site-packages/django/views/decorators/csrf.py", line 65, in _view_wrapper
    return view_func(request, *args, **kwargs)
           ^^^^^^^^^^^^^^^^^^^^^^^^^^^^^^^^^^^
  File "/home/tarxemo/venv/lib/python3.12/site-packages/django/views/generic/base.py", line 97, in view
    self = cls(**initkwargs)
           ^^^^^^^^^^^^^^^^^
  File "/home/tarxemo/venv/lib/python3.12/site-packages/graphene_django/views.py", line 104, in __init__
    schema = graphene_settings.SCHEMA
             ^^^^^^^^^^^^^^^^^^^^^^^^
  File "/home/tarxemo/venv/lib/python3.12/site-packages/graphene_django/settings.py", line 127, in __getattr__
    val = perform_import(val, attr)
          ^^^^^^^^^^^^^^^^^^^^^^^^^
  File "/home/tarxemo/venv/lib/python3.12/site-packages/graphene_django/settings.py", line 66, in perform_import
    return import_from_string(val, setting_name)
           ^^^^^^^^^^^^^^^^^^^^^^^^^^^^^^^^^^^^^
  File "/home/tarxemo/venv/lib/python3.12/site-packages/graphene_django/settings.py", line 80, in import_from_string
    module = importlib.import_module(module_path)
             ^^^^^^^^^^^^^^^^^^^^^^^^^^^^^^^^^^^^
  File "/usr/lib/python3.12/importlib/__init__.py", line 90, in import_module
    return _bootstrap._gcd_import(name[level:], package, level)
           ^^^^^^^^^^^^^^^^^^^^^^^^^^^^^^^^^^^^^^^^^^^^^^^^^^^^
  File "<frozen importlib._bootstrap>", line 1387, in _gcd_import
  File "<frozen importlib._bootstrap>", line 1360, in _find_and_load
  File "<frozen importlib._bootstrap>", line 1331, in _find_and_load_unlocked
  File "<frozen importlib._bootstrap>", line 935, in _load_unlocked
  File "<frozen importlib._bootstrap_external>", line 995, in exec_module
  File "<frozen importlib._bootstrap>", line 488, in _call_with_frames_removed
  File "/home/tarxemo/Desktop/VS/ElectionBackend/ElectionBackend/main_schema.py", line 1, in <module>
    from election.queries.simulate_votes import VoteMutation, VoteQuery
  File "/home/tarxemo/Desktop/VS/ElectionBackend/election/queries/simulate_votes.py", line 4, in <module>
    from election.types import VoteType
  File "/home/tarxemo/Desktop/VS/ElectionBackend/election/types.py", line 470, in <module>
    class LeaderboardType(graphene.ObjectType):
  File "/home/tarxemo/Desktop/VS/ElectionBackend/election/types.py", line 471, in LeaderboardType
    candidate = graphene.Field(CandidateType)
                               ^^^^^^^^^^^^^
NameError: name 'CandidateType' is not defined. Did you mean: 'Candidate'?
Internal Server Error: /graphql/
Traceback (most recent call last):
  File "/home/tarxemo/venv/lib/python3.12/site-packages/django/core/handlers/exception.py", line 55, in inner
    response = get_response(request)
               ^^^^^^^^^^^^^^^^^^^^^
  File "/home/tarxemo/venv/lib/python3.12/site-packages/django/core/handlers/base.py", line 197, in _get_response
    response = wrapped_callback(request, *callback_args, **callback_kwargs)
               ^^^^^^^^^^^^^^^^^^^^^^^^^^^^^^^^^^^^^^^^^^^^^^^^^^^^^^^^^^^^
  File "/home/tarxemo/venv/lib/python3.12/site-packages/django/views/decorators/csrf.py", line 65, in _view_wrapper
    return view_func(request, *args, **kwargs)
           ^^^^^^^^^^^^^^^^^^^^^^^^^^^^^^^^^^^
  File "/home/tarxemo/venv/lib/python3.12/site-packages/django/views/generic/base.py", line 97, in view
    self = cls(**initkwargs)
           ^^^^^^^^^^^^^^^^^
  File "/home/tarxemo/venv/lib/python3.12/site-packages/graphene_django/views.py", line 104, in __init__
    schema = graphene_settings.SCHEMA
             ^^^^^^^^^^^^^^^^^^^^^^^^
  File "/home/tarxemo/venv/lib/python3.12/site-packages/graphene_django/settings.py", line 127, in __getattr__
    val = perform_import(val, attr)
          ^^^^^^^^^^^^^^^^^^^^^^^^^
  File "/home/tarxemo/venv/lib/python3.12/site-packages/graphene_django/settings.py", line 66, in perform_import
    return import_from_string(val, setting_name)
           ^^^^^^^^^^^^^^^^^^^^^^^^^^^^^^^^^^^^^
  File "/home/tarxemo/venv/lib/python3.12/site-packages/graphene_django/settings.py", line 80, in import_from_string
    module = importlib.import_module(module_path)
             ^^^^^^^^^^^^^^^^^^^^^^^^^^^^^^^^^^^^
  File "/usr/lib/python3.12/importlib/__init__.py", line 90, in import_module
    return _bootstrap._gcd_import(name[level:], package, level)
           ^^^^^^^^^^^^^^^^^^^^^^^^^^^^^^^^^^^^^^^^^^^^^^^^^^^^
  File "<frozen importlib._bootstrap>", line 1387, in _gcd_import
  File "<frozen importlib._bootstrap>", line 1360, in _find_and_load
  File "<frozen importlib._bootstrap>", line 1331, in _find_and_load_unlocked
  File "<frozen importlib._bootstrap>", line 935, in _load_unlocked
  File "<frozen importlib._bootstrap_external>", line 995, in exec_module
  File "<frozen importlib._bootstrap>", line 488, in _call_with_frames_removed
  File "/home/tarxemo/Desktop/VS/ElectionBackend/ElectionBackend/main_schema.py", line 1, in <module>
    from election.queries.simulate_votes import VoteMutation, VoteQuery
  File "/home/tarxemo/Desktop/VS/ElectionBackend/election/queries/simulate_votes.py", line 4, in <module>
    from election.types import VoteType
  File "/home/tarxemo/Desktop/VS/ElectionBackend/election/types.py", line 470, in <module>
    class LeaderboardType(graphene.ObjectType):
  File "/home/tarxemo/Desktop/VS/ElectionBackend/election/types.py", line 471, in LeaderboardType
    candidate = graphene.Field(CandidateType)
                               ^^^^^^^^^^^^^
NameError: name 'CandidateType' is not defined. Did you mean: 'Candidate'?
Internal Server Error: /graphql/
Traceback (most recent call last):
  File "/home/tarxemo/venv/lib/python3.12/site-packages/django/core/handlers/exception.py", line 55, in inner
    response = get_response(request)
               ^^^^^^^^^^^^^^^^^^^^^
  File "/home/tarxemo/venv/lib/python3.12/site-packages/django/core/handlers/base.py", line 197, in _get_response
    response = wrapped_callback(request, *callback_args, **callback_kwargs)
               ^^^^^^^^^^^^^^^^^^^^^^^^^^^^^^^^^^^^^^^^^^^^^^^^^^^^^^^^^^^^
  File "/home/tarxemo/venv/lib/python3.12/site-packages/django/views/decorators/csrf.py", line 65, in _view_wrapper
    return view_func(request, *args, **kwargs)
           ^^^^^^^^^^^^^^^^^^^^^^^^^^^^^^^^^^^
  File "/home/tarxemo/venv/lib/python3.12/site-packages/django/views/generic/base.py", line 97, in view
    self = cls(**initkwargs)
           ^^^^^^^^^^^^^^^^^
  File "/home/tarxemo/venv/lib/python3.12/site-packages/graphene_django/views.py", line 104, in __init__
    schema = graphene_settings.SCHEMA
             ^^^^^^^^^^^^^^^^^^^^^^^^
  File "/home/tarxemo/venv/lib/python3.12/site-packages/graphene_django/settings.py", line 127, in __getattr__
    val = perform_import(val, attr)
          ^^^^^^^^^^^^^^^^^^^^^^^^^
  File "/home/tarxemo/venv/lib/python3.12/site-packages/graphene_django/settings.py", line 66, in perform_import
    return import_from_string(val, setting_name)
           ^^^^^^^^^^^^^^^^^^^^^^^^^^^^^^^^^^^^^
  File "/home/tarxemo/venv/lib/python3.12/site-packages/graphene_django/settings.py", line 80, in import_from_string
    module = importlib.import_module(module_path)
             ^^^^^^^^^^^^^^^^^^^^^^^^^^^^^^^^^^^^
  File "/usr/lib/python3.12/importlib/__init__.py", line 90, in import_module
    return _bootstrap._gcd_import(name[level:], package, level)
           ^^^^^^^^^^^^^^^^^^^^^^^^^^^^^^^^^^^^^^^^^^^^^^^^^^^^
  File "<frozen importlib._bootstrap>", line 1387, in _gcd_import
  File "<frozen importlib._bootstrap>", line 1360, in _find_and_load
  File "<frozen importlib._bootstrap>", line 1331, in _find_and_load_unlocked
  File "<frozen importlib._bootstrap>", line 935, in _load_unlocked
  File "<frozen importlib._bootstrap_external>", line 995, in exec_module
  File "<frozen importlib._bootstrap>", line 488, in _call_with_frames_removed
  File "/home/tarxemo/Desktop/VS/ElectionBackend/ElectionBackend/main_schema.py", line 1, in <module>
    from election.queries.simulate_votes import VoteMutation, VoteQuery
  File "/home/tarxemo/Desktop/VS/ElectionBackend/election/queries/simulate_votes.py", line 4, in <module>
    from election.types import VoteType
  File "/home/tarxemo/Desktop/VS/ElectionBackend/election/types.py", line 470, in <module>
    class LeaderboardType(graphene.ObjectType):
  File "/home/tarxemo/Desktop/VS/ElectionBackend/election/types.py", line 471, in LeaderboardType
    candidate = graphene.Field(CandidateType)
                               ^^^^^^^^^^^^^
NameError: name 'CandidateType' is not defined. Did you mean: 'Candidate'?
Internal Server Error: /graphql/
Traceback (most recent call last):
  File "/home/tarxemo/venv/lib/python3.12/site-packages/django/core/handlers/exception.py", line 55, in inner
    response = get_response(request)
               ^^^^^^^^^^^^^^^^^^^^^
  File "/home/tarxemo/venv/lib/python3.12/site-packages/django/core/handlers/base.py", line 197, in _get_response
    response = wrapped_callback(request, *callback_args, **callback_kwargs)
               ^^^^^^^^^^^^^^^^^^^^^^^^^^^^^^^^^^^^^^^^^^^^^^^^^^^^^^^^^^^^
  File "/home/tarxemo/venv/lib/python3.12/site-packages/django/views/decorators/csrf.py", line 65, in _view_wrapper
    return view_func(request, *args, **kwargs)
           ^^^^^^^^^^^^^^^^^^^^^^^^^^^^^^^^^^^
  File "/home/tarxemo/venv/lib/python3.12/site-packages/django/views/generic/base.py", line 97, in view
    self = cls(**initkwargs)
           ^^^^^^^^^^^^^^^^^
  File "/home/tarxemo/venv/lib/python3.12/site-packages/graphene_django/views.py", line 104, in __init__
    schema = graphene_settings.SCHEMA
             ^^^^^^^^^^^^^^^^^^^^^^^^
  File "/home/tarxemo/venv/lib/python3.12/site-packages/graphene_django/settings.py", line 127, in __getattr__
    val = perform_import(val, attr)
          ^^^^^^^^^^^^^^^^^^^^^^^^^
  File "/home/tarxemo/venv/lib/python3.12/site-packages/graphene_django/settings.py", line 66, in perform_import
    return import_from_string(val, setting_name)
           ^^^^^^^^^^^^^^^^^^^^^^^^^^^^^^^^^^^^^
  File "/home/tarxemo/venv/lib/python3.12/site-packages/graphene_django/settings.py", line 80, in import_from_string
    module = importlib.import_module(module_path)
             ^^^^^^^^^^^^^^^^^^^^^^^^^^^^^^^^^^^^
  File "/usr/lib/python3.12/importlib/__init__.py", line 90, in import_module
    return _bootstrap._gcd_import(name[level:], package, level)
           ^^^^^^^^^^^^^^^^^^^^^^^^^^^^^^^^^^^^^^^^^^^^^^^^^^^^
  File "<frozen importlib._bootstrap>", line 1387, in _gcd_import
  File "<frozen importlib._bootstrap>", line 1360, in _find_and_load
  File "<frozen importlib._bootstrap>", line 1331, in _find_and_load_unlocked
  File "<frozen importlib._bootstrap>", line 935, in _load_unlocked
  File "<frozen importlib._bootstrap_external>", line 995, in exec_module
  File "<frozen importlib._bootstrap>", line 488, in _call_with_frames_removed
  File "/home/tarxemo/Desktop/VS/ElectionBackend/ElectionBackend/main_schema.py", line 2, in <module>
    from election.mutations.mutations import Mutation
  File "/home/tarxemo/Desktop/VS/ElectionBackend/election/mutations/mutations.py", line 63, in <module>
    class RegisterCandidate(graphene.Mutation):
  File "/home/tarxemo/Desktop/VS/ElectionBackend/election/mutations/mutations.py", line 69, in RegisterCandidate
    candidate = graphene.Field(CandidateType)
                               ^^^^^^^^^^^^^
NameError: name 'CandidateType' is not defined. Did you mean: 'Candidate'?
Internal Server Error: /graphql/
Traceback (most recent call last):
  File "/home/tarxemo/venv/lib/python3.12/site-packages/django/core/handlers/exception.py", line 55, in inner
    response = get_response(request)
               ^^^^^^^^^^^^^^^^^^^^^
  File "/home/tarxemo/venv/lib/python3.12/site-packages/django/core/handlers/base.py", line 197, in _get_response
    response = wrapped_callback(request, *callback_args, **callback_kwargs)
               ^^^^^^^^^^^^^^^^^^^^^^^^^^^^^^^^^^^^^^^^^^^^^^^^^^^^^^^^^^^^
  File "/home/tarxemo/venv/lib/python3.12/site-packages/django/views/decorators/csrf.py", line 65, in _view_wrapper
    return view_func(request, *args, **kwargs)
           ^^^^^^^^^^^^^^^^^^^^^^^^^^^^^^^^^^^
  File "/home/tarxemo/venv/lib/python3.12/site-packages/django/views/generic/base.py", line 97, in view
    self = cls(**initkwargs)
           ^^^^^^^^^^^^^^^^^
  File "/home/tarxemo/venv/lib/python3.12/site-packages/graphene_django/views.py", line 104, in __init__
    schema = graphene_settings.SCHEMA
             ^^^^^^^^^^^^^^^^^^^^^^^^
  File "/home/tarxemo/venv/lib/python3.12/site-packages/graphene_django/settings.py", line 127, in __getattr__
    val = perform_import(val, attr)
          ^^^^^^^^^^^^^^^^^^^^^^^^^
  File "/home/tarxemo/venv/lib/python3.12/site-packages/graphene_django/settings.py", line 66, in perform_import
    return import_from_string(val, setting_name)
           ^^^^^^^^^^^^^^^^^^^^^^^^^^^^^^^^^^^^^
  File "/home/tarxemo/venv/lib/python3.12/site-packages/graphene_django/settings.py", line 80, in import_from_string
    module = importlib.import_module(module_path)
             ^^^^^^^^^^^^^^^^^^^^^^^^^^^^^^^^^^^^
  File "/usr/lib/python3.12/importlib/__init__.py", line 90, in import_module
    return _bootstrap._gcd_import(name[level:], package, level)
           ^^^^^^^^^^^^^^^^^^^^^^^^^^^^^^^^^^^^^^^^^^^^^^^^^^^^
  File "<frozen importlib._bootstrap>", line 1387, in _gcd_import
  File "<frozen importlib._bootstrap>", line 1360, in _find_and_load
  File "<frozen importlib._bootstrap>", line 1331, in _find_and_load_unlocked
  File "<frozen importlib._bootstrap>", line 935, in _load_unlocked
  File "<frozen importlib._bootstrap_external>", line 995, in exec_module
  File "<frozen importlib._bootstrap>", line 488, in _call_with_frames_removed
  File "/home/tarxemo/Desktop/VS/ElectionBackend/ElectionBackend/main_schema.py", line 3, in <module>
    from election.queries.positions import PositionQuery
  File "/home/tarxemo/Desktop/VS/ElectionBackend/election/queries/positions.py", line 143, in <module>
    class PositionDetailsType(graphene.ObjectType):
  File "/home/tarxemo/Desktop/VS/ElectionBackend/election/queries/positions.py", line 145, in PositionDetailsType
    candidates = graphene.List(CandidateType)
                               ^^^^^^^^^^^^^
NameError: name 'CandidateType' is not defined. Did you mean: 'Candidate'?
Internal Server Error: /graphql/
Traceback (most recent call last):
  File "/home/tarxemo/venv/lib/python3.12/site-packages/django/core/handlers/exception.py", line 55, in inner
    response = get_response(request)
               ^^^^^^^^^^^^^^^^^^^^^
  File "/home/tarxemo/venv/lib/python3.12/site-packages/django/core/handlers/base.py", line 197, in _get_response
    response = wrapped_callback(request, *callback_args, **callback_kwargs)
               ^^^^^^^^^^^^^^^^^^^^^^^^^^^^^^^^^^^^^^^^^^^^^^^^^^^^^^^^^^^^
  File "/home/tarxemo/venv/lib/python3.12/site-packages/django/views/decorators/csrf.py", line 65, in _view_wrapper
    return view_func(request, *args, **kwargs)
           ^^^^^^^^^^^^^^^^^^^^^^^^^^^^^^^^^^^
  File "/home/tarxemo/venv/lib/python3.12/site-packages/django/views/generic/base.py", line 97, in view
    self = cls(**initkwargs)
           ^^^^^^^^^^^^^^^^^
  File "/home/tarxemo/venv/lib/python3.12/site-packages/graphene_django/views.py", line 104, in __init__
    schema = graphene_settings.SCHEMA
             ^^^^^^^^^^^^^^^^^^^^^^^^
  File "/home/tarxemo/venv/lib/python3.12/site-packages/graphene_django/settings.py", line 127, in __getattr__
    val = perform_import(val, attr)
          ^^^^^^^^^^^^^^^^^^^^^^^^^
  File "/home/tarxemo/venv/lib/python3.12/site-packages/graphene_django/settings.py", line 66, in perform_import
    return import_from_string(val, setting_name)
           ^^^^^^^^^^^^^^^^^^^^^^^^^^^^^^^^^^^^^
  File "/home/tarxemo/venv/lib/python3.12/site-packages/graphene_django/settings.py", line 80, in import_from_string
    module = importlib.import_module(module_path)
             ^^^^^^^^^^^^^^^^^^^^^^^^^^^^^^^^^^^^
  File "/usr/lib/python3.12/importlib/__init__.py", line 90, in import_module
    return _bootstrap._gcd_import(name[level:], package, level)
           ^^^^^^^^^^^^^^^^^^^^^^^^^^^^^^^^^^^^^^^^^^^^^^^^^^^^
  File "<frozen importlib._bootstrap>", line 1387, in _gcd_import
  File "<frozen importlib._bootstrap>", line 1360, in _find_and_load
  File "<frozen importlib._bootstrap>", line 1331, in _find_and_load_unlocked
  File "<frozen importlib._bootstrap>", line 935, in _load_unlocked
  File "<frozen importlib._bootstrap_external>", line 995, in exec_module
  File "<frozen importlib._bootstrap>", line 488, in _call_with_frames_removed
  File "/home/tarxemo/Desktop/VS/ElectionBackend/ElectionBackend/main_schema.py", line 3, in <module>
    from election.queries.positions import PositionQuery
  File "/home/tarxemo/Desktop/VS/ElectionBackend/election/queries/positions.py", line 178, in <module>
    class VoteStatistics(graphene.ObjectType):
  File "/home/tarxemo/Desktop/VS/ElectionBackend/election/queries/positions.py", line 179, in VoteStatistics
    vote_time_series = graphene.List(VoteRateType)
                                     ^^^^^^^^^^^^
NameError: name 'VoteRateType' is not defined
Internal Server Error: /graphql/
Traceback (most recent call last):
  File "/home/tarxemo/venv/lib/python3.12/site-packages/django/core/handlers/exception.py", line 55, in inner
    response = get_response(request)
               ^^^^^^^^^^^^^^^^^^^^^
  File "/home/tarxemo/venv/lib/python3.12/site-packages/django/core/handlers/base.py", line 197, in _get_response
    response = wrapped_callback(request, *callback_args, **callback_kwargs)
               ^^^^^^^^^^^^^^^^^^^^^^^^^^^^^^^^^^^^^^^^^^^^^^^^^^^^^^^^^^^^
  File "/home/tarxemo/venv/lib/python3.12/site-packages/django/views/decorators/csrf.py", line 65, in _view_wrapper
    return view_func(request, *args, **kwargs)
           ^^^^^^^^^^^^^^^^^^^^^^^^^^^^^^^^^^^
  File "/home/tarxemo/venv/lib/python3.12/site-packages/django/views/generic/base.py", line 97, in view
    self = cls(**initkwargs)
           ^^^^^^^^^^^^^^^^^
  File "/home/tarxemo/venv/lib/python3.12/site-packages/graphene_django/views.py", line 104, in __init__
    schema = graphene_settings.SCHEMA
             ^^^^^^^^^^^^^^^^^^^^^^^^
  File "/home/tarxemo/venv/lib/python3.12/site-packages/graphene_django/settings.py", line 127, in __getattr__
    val = perform_import(val, attr)
          ^^^^^^^^^^^^^^^^^^^^^^^^^
  File "/home/tarxemo/venv/lib/python3.12/site-packages/graphene_django/settings.py", line 66, in perform_import
    return import_from_string(val, setting_name)
           ^^^^^^^^^^^^^^^^^^^^^^^^^^^^^^^^^^^^^
  File "/home/tarxemo/venv/lib/python3.12/site-packages/graphene_django/settings.py", line 80, in import_from_string
    module = importlib.import_module(module_path)
             ^^^^^^^^^^^^^^^^^^^^^^^^^^^^^^^^^^^^
  File "/usr/lib/python3.12/importlib/__init__.py", line 90, in import_module
    return _bootstrap._gcd_import(name[level:], package, level)
           ^^^^^^^^^^^^^^^^^^^^^^^^^^^^^^^^^^^^^^^^^^^^^^^^^^^^
  File "<frozen importlib._bootstrap>", line 1387, in _gcd_import
  File "<frozen importlib._bootstrap>", line 1360, in _find_and_load
  File "<frozen importlib._bootstrap>", line 1331, in _find_and_load_unlocked
  File "<frozen importlib._bootstrap>", line 935, in _load_unlocked
  File "<frozen importlib._bootstrap_external>", line 995, in exec_module
  File "<frozen importlib._bootstrap>", line 488, in _call_with_frames_removed
  File "/home/tarxemo/Desktop/VS/ElectionBackend/ElectionBackend/main_schema.py", line 17, in <module>
    schema = graphene.Schema(query=RootQuery, mutation=RootMutation, subscription=RootSubscription)
             ^^^^^^^^^^^^^^^^^^^^^^^^^^^^^^^^^^^^^^^^^^^^^^^^^^^^^^^^^^^^^^^^^^^^^^^^^^^^^^^^^^^^^^
  File "/home/tarxemo/venv/lib/python3.12/site-packages/graphene/types/schema.py", line 78, in __init__
    self.build_typemap()
  File "/home/tarxemo/venv/lib/python3.12/site-packages/graphene/types/schema.py", line 167, in build_typemap
    self._type_map = TypeMap(
                     ^^^^^^^^
  File "/home/tarxemo/venv/lib/python3.12/site-packages/graphene/types/typemap.py", line 80, in __init__
    super(TypeMap, self).__init__(types)
  File "/home/tarxemo/venv/lib/python3.12/site-packages/graphql/type/typemap.py", line 31, in __init__
    self.update(reduce(self.reducer, types, OrderedDict()))  # type: ignore
                ^^^^^^^^^^^^^^^^^^^^^^^^^^^^^^^^^^^^^^^^^^
  File "/home/tarxemo/venv/lib/python3.12/site-packages/graphene/types/typemap.py", line 88, in reducer
    return self.graphene_reducer(map, type)
           ^^^^^^^^^^^^^^^^^^^^^^^^^^^^^^^^
  File "/home/tarxemo/venv/lib/python3.12/site-packages/graphene/types/typemap.py", line 117, in graphene_reducer
    return GraphQLTypeMap.reducer(map, internal_type)
           ^^^^^^^^^^^^^^^^^^^^^^^^^^^^^^^^^^^^^^^^^^
  File "/home/tarxemo/venv/lib/python3.12/site-packages/graphql/type/typemap.py", line 109, in reducer
    field_map = type_.fields
                ^^^^^^^^^^^^
  File "/home/tarxemo/venv/lib/python3.12/site-packages/graphql/pyutils/cached_property.py", line 22, in __get__
    value = obj.__dict__[self.func.__name__] = self.func(obj)
                                               ^^^^^^^^^^^^^^
  File "/home/tarxemo/venv/lib/python3.12/site-packages/graphql/type/definition.py", line 198, in fields
    return define_field_map(self, self._fields)
           ^^^^^^^^^^^^^^^^^^^^^^^^^^^^^^^^^^^^
  File "/home/tarxemo/venv/lib/python3.12/site-packages/graphql/type/definition.py", line 212, in define_field_map
    field_map = field_map()
                ^^^^^^^^^^^
  File "/home/tarxemo/venv/lib/python3.12/site-packages/graphene/types/typemap.py", line 275, in construct_fields_for_type
    map = self.reducer(map, field.type)
          ^^^^^^^^^^^^^^^^^^^^^^^^^^^^^
  File "/home/tarxemo/venv/lib/python3.12/site-packages/graphene/types/typemap.py", line 88, in reducer
    return self.graphene_reducer(map, type)
           ^^^^^^^^^^^^^^^^^^^^^^^^^^^^^^^^
  File "/home/tarxemo/venv/lib/python3.12/site-packages/graphene/types/typemap.py", line 93, in graphene_reducer
    return self.reducer(map, type.of_type)
           ^^^^^^^^^^^^^^^^^^^^^^^^^^^^^^^
  File "/home/tarxemo/venv/lib/python3.12/site-packages/graphene/types/typemap.py", line 88, in reducer
    return self.graphene_reducer(map, type)
           ^^^^^^^^^^^^^^^^^^^^^^^^^^^^^^^^
  File "/home/tarxemo/venv/lib/python3.12/site-packages/graphene/types/typemap.py", line 117, in graphene_reducer
    return GraphQLTypeMap.reducer(map, internal_type)
           ^^^^^^^^^^^^^^^^^^^^^^^^^^^^^^^^^^^^^^^^^^
  File "/home/tarxemo/venv/lib/python3.12/site-packages/graphql/type/typemap.py", line 109, in reducer
    field_map = type_.fields
                ^^^^^^^^^^^^
  File "/home/tarxemo/venv/lib/python3.12/site-packages/graphql/pyutils/cached_property.py", line 22, in __get__
    value = obj.__dict__[self.func.__name__] = self.func(obj)
                                               ^^^^^^^^^^^^^^
  File "/home/tarxemo/venv/lib/python3.12/site-packages/graphql/type/definition.py", line 198, in fields
    return define_field_map(self, self._fields)
           ^^^^^^^^^^^^^^^^^^^^^^^^^^^^^^^^^^^^
  File "/home/tarxemo/venv/lib/python3.12/site-packages/graphql/type/definition.py", line 212, in define_field_map
    field_map = field_map()
                ^^^^^^^^^^^
  File "/home/tarxemo/venv/lib/python3.12/site-packages/graphene/types/typemap.py", line 275, in construct_fields_for_type
    map = self.reducer(map, field.type)
          ^^^^^^^^^^^^^^^^^^^^^^^^^^^^^
  File "/home/tarxemo/venv/lib/python3.12/site-packages/graphene/types/typemap.py", line 88, in reducer
    return self.graphene_reducer(map, type)
           ^^^^^^^^^^^^^^^^^^^^^^^^^^^^^^^^
  File "/home/tarxemo/venv/lib/python3.12/site-packages/graphene/types/typemap.py", line 93, in graphene_reducer
    return self.reducer(map, type.of_type)
           ^^^^^^^^^^^^^^^^^^^^^^^^^^^^^^^
  File "/home/tarxemo/venv/lib/python3.12/site-packages/graphene/types/typemap.py", line 88, in reducer
    return self.graphene_reducer(map, type)
           ^^^^^^^^^^^^^^^^^^^^^^^^^^^^^^^^
  File "/home/tarxemo/venv/lib/python3.12/site-packages/graphene/types/typemap.py", line 117, in graphene_reducer
    return GraphQLTypeMap.reducer(map, internal_type)
           ^^^^^^^^^^^^^^^^^^^^^^^^^^^^^^^^^^^^^^^^^^
  File "/home/tarxemo/venv/lib/python3.12/site-packages/graphql/type/typemap.py", line 109, in reducer
    field_map = type_.fields
                ^^^^^^^^^^^^
  File "/home/tarxemo/venv/lib/python3.12/site-packages/graphql/pyutils/cached_property.py", line 22, in __get__
    value = obj.__dict__[self.func.__name__] = self.func(obj)
                                               ^^^^^^^^^^^^^^
  File "/home/tarxemo/venv/lib/python3.12/site-packages/graphql/type/definition.py", line 198, in fields
    return define_field_map(self, self._fields)
           ^^^^^^^^^^^^^^^^^^^^^^^^^^^^^^^^^^^^
  File "/home/tarxemo/venv/lib/python3.12/site-packages/graphql/type/definition.py", line 212, in define_field_map
    field_map = field_map()
                ^^^^^^^^^^^
  File "/home/tarxemo/venv/lib/python3.12/site-packages/graphene/types/typemap.py", line 275, in construct_fields_for_type
    map = self.reducer(map, field.type)
          ^^^^^^^^^^^^^^^^^^^^^^^^^^^^^
  File "/home/tarxemo/venv/lib/python3.12/site-packages/graphene/types/typemap.py", line 88, in reducer
    return self.graphene_reducer(map, type)
           ^^^^^^^^^^^^^^^^^^^^^^^^^^^^^^^^
  File "/home/tarxemo/venv/lib/python3.12/site-packages/graphene/types/typemap.py", line 93, in graphene_reducer
    return self.reducer(map, type.of_type)
           ^^^^^^^^^^^^^^^^^^^^^^^^^^^^^^^
  File "/home/tarxemo/venv/lib/python3.12/site-packages/graphene/types/typemap.py", line 88, in reducer
    return self.graphene_reducer(map, type)
           ^^^^^^^^^^^^^^^^^^^^^^^^^^^^^^^^
  File "/home/tarxemo/venv/lib/python3.12/site-packages/graphene/types/typemap.py", line 93, in graphene_reducer
    return self.reducer(map, type.of_type)
           ^^^^^^^^^^^^^^^^^^^^^^^^^^^^^^^
  File "/home/tarxemo/venv/lib/python3.12/site-packages/graphene/types/typemap.py", line 88, in reducer
    return self.graphene_reducer(map, type)
           ^^^^^^^^^^^^^^^^^^^^^^^^^^^^^^^^
  File "/home/tarxemo/venv/lib/python3.12/site-packages/graphene/types/typemap.py", line 93, in graphene_reducer
    return self.reducer(map, type.of_type)
           ^^^^^^^^^^^^^^^^^^^^^^^^^^^^^^^
  File "/home/tarxemo/venv/lib/python3.12/site-packages/graphene/types/typemap.py", line 88, in reducer
    return self.graphene_reducer(map, type)
           ^^^^^^^^^^^^^^^^^^^^^^^^^^^^^^^^
  File "/home/tarxemo/venv/lib/python3.12/site-packages/graphene/types/typemap.py", line 117, in graphene_reducer
    return GraphQLTypeMap.reducer(map, internal_type)
           ^^^^^^^^^^^^^^^^^^^^^^^^^^^^^^^^^^^^^^^^^^
  File "/home/tarxemo/venv/lib/python3.12/site-packages/graphql/type/typemap.py", line 109, in reducer
    field_map = type_.fields
                ^^^^^^^^^^^^
  File "/home/tarxemo/venv/lib/python3.12/site-packages/graphql/pyutils/cached_property.py", line 22, in __get__
    value = obj.__dict__[self.func.__name__] = self.func(obj)
                                               ^^^^^^^^^^^^^^
  File "/home/tarxemo/venv/lib/python3.12/site-packages/graphql/type/definition.py", line 198, in fields
    return define_field_map(self, self._fields)
           ^^^^^^^^^^^^^^^^^^^^^^^^^^^^^^^^^^^^
  File "/home/tarxemo/venv/lib/python3.12/site-packages/graphql/type/definition.py", line 212, in define_field_map
    field_map = field_map()
                ^^^^^^^^^^^
  File "/home/tarxemo/venv/lib/python3.12/site-packages/graphene/types/typemap.py", line 275, in construct_fields_for_type
    map = self.reducer(map, field.type)
          ^^^^^^^^^^^^^^^^^^^^^^^^^^^^^
  File "/home/tarxemo/venv/lib/python3.12/site-packages/graphene/types/typemap.py", line 88, in reducer
    return self.graphene_reducer(map, type)
           ^^^^^^^^^^^^^^^^^^^^^^^^^^^^^^^^
  File "/home/tarxemo/venv/lib/python3.12/site-packages/graphene/types/typemap.py", line 93, in graphene_reducer
    return self.reducer(map, type.of_type)
           ^^^^^^^^^^^^^^^^^^^^^^^^^^^^^^^
  File "/home/tarxemo/venv/lib/python3.12/site-packages/graphene/types/typemap.py", line 88, in reducer
    return self.graphene_reducer(map, type)
           ^^^^^^^^^^^^^^^^^^^^^^^^^^^^^^^^
  File "/home/tarxemo/venv/lib/python3.12/site-packages/graphene/types/typemap.py", line 93, in graphene_reducer
    return self.reducer(map, type.of_type)
           ^^^^^^^^^^^^^^^^^^^^^^^^^^^^^^^
  File "/home/tarxemo/venv/lib/python3.12/site-packages/graphene/types/typemap.py", line 88, in reducer
    return self.graphene_reducer(map, type)
           ^^^^^^^^^^^^^^^^^^^^^^^^^^^^^^^^
  File "/home/tarxemo/venv/lib/python3.12/site-packages/graphene/types/typemap.py", line 93, in graphene_reducer
    return self.reducer(map, type.of_type)
           ^^^^^^^^^^^^^^^^^^^^^^^^^^^^^^^
  File "/home/tarxemo/venv/lib/python3.12/site-packages/graphene/types/typemap.py", line 88, in reducer
    return self.graphene_reducer(map, type)
           ^^^^^^^^^^^^^^^^^^^^^^^^^^^^^^^^
  File "/home/tarxemo/venv/lib/python3.12/site-packages/graphene/types/typemap.py", line 117, in graphene_reducer
    return GraphQLTypeMap.reducer(map, internal_type)
           ^^^^^^^^^^^^^^^^^^^^^^^^^^^^^^^^^^^^^^^^^^
  File "/home/tarxemo/venv/lib/python3.12/site-packages/graphql/type/typemap.py", line 109, in reducer
    field_map = type_.fields
                ^^^^^^^^^^^^
  File "/home/tarxemo/venv/lib/python3.12/site-packages/graphql/pyutils/cached_property.py", line 22, in __get__
    value = obj.__dict__[self.func.__name__] = self.func(obj)
                                               ^^^^^^^^^^^^^^
  File "/home/tarxemo/venv/lib/python3.12/site-packages/graphql/type/definition.py", line 198, in fields
    return define_field_map(self, self._fields)
           ^^^^^^^^^^^^^^^^^^^^^^^^^^^^^^^^^^^^
  File "/home/tarxemo/venv/lib/python3.12/site-packages/graphql/type/definition.py", line 212, in define_field_map
    field_map = field_map()
                ^^^^^^^^^^^
  File "/home/tarxemo/venv/lib/python3.12/site-packages/graphene/types/typemap.py", line 275, in construct_fields_for_type
    map = self.reducer(map, field.type)
          ^^^^^^^^^^^^^^^^^^^^^^^^^^^^^
  File "/home/tarxemo/venv/lib/python3.12/site-packages/graphene/types/typemap.py", line 88, in reducer
    return self.graphene_reducer(map, type)
           ^^^^^^^^^^^^^^^^^^^^^^^^^^^^^^^^
  File "/home/tarxemo/venv/lib/python3.12/site-packages/graphene/types/typemap.py", line 93, in graphene_reducer
    return self.reducer(map, type.of_type)
           ^^^^^^^^^^^^^^^^^^^^^^^^^^^^^^^
  File "/home/tarxemo/venv/lib/python3.12/site-packages/graphene/types/typemap.py", line 88, in reducer
    return self.graphene_reducer(map, type)
           ^^^^^^^^^^^^^^^^^^^^^^^^^^^^^^^^
  File "/home/tarxemo/venv/lib/python3.12/site-packages/graphene/types/typemap.py", line 117, in graphene_reducer
    return GraphQLTypeMap.reducer(map, internal_type)
           ^^^^^^^^^^^^^^^^^^^^^^^^^^^^^^^^^^^^^^^^^^
  File "/home/tarxemo/venv/lib/python3.12/site-packages/graphql/type/typemap.py", line 109, in reducer
    field_map = type_.fields
                ^^^^^^^^^^^^
  File "/home/tarxemo/venv/lib/python3.12/site-packages/graphql/pyutils/cached_property.py", line 22, in __get__
    value = obj.__dict__[self.func.__name__] = self.func(obj)
                                               ^^^^^^^^^^^^^^
  File "/home/tarxemo/venv/lib/python3.12/site-packages/graphql/type/definition.py", line 198, in fields
    return define_field_map(self, self._fields)
           ^^^^^^^^^^^^^^^^^^^^^^^^^^^^^^^^^^^^
  File "/home/tarxemo/venv/lib/python3.12/site-packages/graphql/type/definition.py", line 212, in define_field_map
    field_map = field_map()
                ^^^^^^^^^^^
  File "/home/tarxemo/venv/lib/python3.12/site-packages/graphene/types/typemap.py", line 275, in construct_fields_for_type
    map = self.reducer(map, field.type)
          ^^^^^^^^^^^^^^^^^^^^^^^^^^^^^
  File "/home/tarxemo/venv/lib/python3.12/site-packages/graphene/types/typemap.py", line 88, in reducer
    return self.graphene_reducer(map, type)
           ^^^^^^^^^^^^^^^^^^^^^^^^^^^^^^^^
  File "/home/tarxemo/venv/lib/python3.12/site-packages/graphene/types/typemap.py", line 117, in graphene_reducer
    return GraphQLTypeMap.reducer(map, internal_type)
           ^^^^^^^^^^^^^^^^^^^^^^^^^^^^^^^^^^^^^^^^^^
  File "/home/tarxemo/venv/lib/python3.12/site-packages/graphql/type/typemap.py", line 109, in reducer
    field_map = type_.fields
                ^^^^^^^^^^^^
  File "/home/tarxemo/venv/lib/python3.12/site-packages/graphql/pyutils/cached_property.py", line 22, in __get__
    value = obj.__dict__[self.func.__name__] = self.func(obj)
                                               ^^^^^^^^^^^^^^
  File "/home/tarxemo/venv/lib/python3.12/site-packages/graphql/type/definition.py", line 198, in fields
    return define_field_map(self, self._fields)
           ^^^^^^^^^^^^^^^^^^^^^^^^^^^^^^^^^^^^
  File "/home/tarxemo/venv/lib/python3.12/site-packages/graphql/type/definition.py", line 212, in define_field_map
    field_map = field_map()
                ^^^^^^^^^^^
  File "/home/tarxemo/venv/lib/python3.12/site-packages/graphene/types/typemap.py", line 275, in construct_fields_for_type
    map = self.reducer(map, field.type)
          ^^^^^^^^^^^^^^^^^^^^^^^^^^^^^
  File "/home/tarxemo/venv/lib/python3.12/site-packages/graphene/types/typemap.py", line 88, in reducer
    return self.graphene_reducer(map, type)
           ^^^^^^^^^^^^^^^^^^^^^^^^^^^^^^^^
  File "/home/tarxemo/venv/lib/python3.12/site-packages/graphene/types/typemap.py", line 117, in graphene_reducer
    return GraphQLTypeMap.reducer(map, internal_type)
           ^^^^^^^^^^^^^^^^^^^^^^^^^^^^^^^^^^^^^^^^^^
  File "/home/tarxemo/venv/lib/python3.12/site-packages/graphql/type/typemap.py", line 109, in reducer
    field_map = type_.fields
                ^^^^^^^^^^^^
  File "/home/tarxemo/venv/lib/python3.12/site-packages/graphql/pyutils/cached_property.py", line 22, in __get__
    value = obj.__dict__[self.func.__name__] = self.func(obj)
                                               ^^^^^^^^^^^^^^
  File "/home/tarxemo/venv/lib/python3.12/site-packages/graphql/type/definition.py", line 198, in fields
    return define_field_map(self, self._fields)
           ^^^^^^^^^^^^^^^^^^^^^^^^^^^^^^^^^^^^
  File "/home/tarxemo/venv/lib/python3.12/site-packages/graphql/type/definition.py", line 212, in define_field_map
    field_map = field_map()
                ^^^^^^^^^^^
  File "/home/tarxemo/venv/lib/python3.12/site-packages/graphene/types/typemap.py", line 275, in construct_fields_for_type
    map = self.reducer(map, field.type)
          ^^^^^^^^^^^^^^^^^^^^^^^^^^^^^
  File "/home/tarxemo/venv/lib/python3.12/site-packages/graphene/types/typemap.py", line 88, in reducer
    return self.graphene_reducer(map, type)
           ^^^^^^^^^^^^^^^^^^^^^^^^^^^^^^^^
  File "/home/tarxemo/venv/lib/python3.12/site-packages/graphene/types/typemap.py", line 93, in graphene_reducer
    return self.reducer(map, type.of_type)
           ^^^^^^^^^^^^^^^^^^^^^^^^^^^^^^^
  File "/home/tarxemo/venv/lib/python3.12/site-packages/graphene/types/typemap.py", line 88, in reducer
    return self.graphene_reducer(map, type)
           ^^^^^^^^^^^^^^^^^^^^^^^^^^^^^^^^
  File "/home/tarxemo/venv/lib/python3.12/site-packages/graphene/types/typemap.py", line 117, in graphene_reducer
    return GraphQLTypeMap.reducer(map, internal_type)
           ^^^^^^^^^^^^^^^^^^^^^^^^^^^^^^^^^^^^^^^^^^
  File "/home/tarxemo/venv/lib/python3.12/site-packages/graphql/type/typemap.py", line 109, in reducer
    field_map = type_.fields
                ^^^^^^^^^^^^
  File "/home/tarxemo/venv/lib/python3.12/site-packages/graphql/pyutils/cached_property.py", line 22, in __get__
    value = obj.__dict__[self.func.__name__] = self.func(obj)
                                               ^^^^^^^^^^^^^^
  File "/home/tarxemo/venv/lib/python3.12/site-packages/graphql/type/definition.py", line 198, in fields
    return define_field_map(self, self._fields)
           ^^^^^^^^^^^^^^^^^^^^^^^^^^^^^^^^^^^^
  File "/home/tarxemo/venv/lib/python3.12/site-packages/graphql/type/definition.py", line 212, in define_field_map
    field_map = field_map()
                ^^^^^^^^^^^
  File "/home/tarxemo/venv/lib/python3.12/site-packages/graphene/types/typemap.py", line 275, in construct_fields_for_type
    map = self.reducer(map, field.type)
          ^^^^^^^^^^^^^^^^^^^^^^^^^^^^^
  File "/home/tarxemo/venv/lib/python3.12/site-packages/graphene/types/typemap.py", line 88, in reducer
    return self.graphene_reducer(map, type)
           ^^^^^^^^^^^^^^^^^^^^^^^^^^^^^^^^
  File "/home/tarxemo/venv/lib/python3.12/site-packages/graphene/types/typemap.py", line 93, in graphene_reducer
    return self.reducer(map, type.of_type)
           ^^^^^^^^^^^^^^^^^^^^^^^^^^^^^^^
  File "/home/tarxemo/venv/lib/python3.12/site-packages/graphene/types/typemap.py", line 88, in reducer
    return self.graphene_reducer(map, type)
           ^^^^^^^^^^^^^^^^^^^^^^^^^^^^^^^^
  File "/home/tarxemo/venv/lib/python3.12/site-packages/graphene/types/typemap.py", line 93, in graphene_reducer
    return self.reducer(map, type.of_type)
           ^^^^^^^^^^^^^^^^^^^^^^^^^^^^^^^
  File "/home/tarxemo/venv/lib/python3.12/site-packages/graphene/types/typemap.py", line 88, in reducer
    return self.graphene_reducer(map, type)
           ^^^^^^^^^^^^^^^^^^^^^^^^^^^^^^^^
  File "/home/tarxemo/venv/lib/python3.12/site-packages/graphene/types/typemap.py", line 93, in graphene_reducer
    return self.reducer(map, type.of_type)
           ^^^^^^^^^^^^^^^^^^^^^^^^^^^^^^^
  File "/home/tarxemo/venv/lib/python3.12/site-packages/graphene/types/typemap.py", line 88, in reducer
    return self.graphene_reducer(map, type)
           ^^^^^^^^^^^^^^^^^^^^^^^^^^^^^^^^
  File "/home/tarxemo/venv/lib/python3.12/site-packages/graphene/types/typemap.py", line 97, in graphene_reducer
    assert _type.graphene_type == type, (
           ^^^^^^^^^^^^^^^^^^^^^^^^^^^
AssertionError: Found different types with the same name in the schema: StudentType, StudentType.
/home/tarxemo/Desktop/VS/ElectionBackend/election/queries/positions.py changed, reloading.
Watching for file changes with StatReloader
Watching for file changes with StatReloader
Not Found: /
Not Found: /.well-known/appspecific/com.chrome.devtools.json
Not Found: /.well-known/appspecific/com.chrome.devtools.json
Bad Request: /graphql/
Bad Request: /graphql/
Bad Request: /graphql/
Bad Request: /graphql/
Bad Request: /graphql/
Bad Request: /graphql/
Bad Request: /graphql/
Bad Request: /graphql/
Bad Request: /graphql/
Bad Request: /graphql/
Bad Request: /graphql/
Bad Request: /graphql/
Bad Request: /graphql/
Bad Request: /graphql/
Bad Request: /graphql/
Bad Request: /graphql/
Bad Request: /graphql/
Bad Request: /graphql/
Bad Request: /graphql/
Bad Request: /graphql/
Bad Request: /graphql/
Bad Request: /graphql/
Bad Request: /graphql/
Bad Request: /graphql/
Bad Request: /graphql/
Bad Request: /graphql/
Bad Request: /graphql/
/home/tarxemo/Desktop/VS/ElectionBackend/election/outputs.py changed, reloading.
Watching for file changes with StatReloader
Traceback (most recent call last):
  File "/home/tarxemo/venv/lib/python3.12/site-packages/promise/promise.py", line 489, in _resolve_from_executor
    executor(resolve, reject)
  File "/home/tarxemo/venv/lib/python3.12/site-packages/promise/promise.py", line 756, in executor
    return resolve(f(*args, **kwargs))
                   ^^^^^^^^^^^^^^^^^^
  File "/home/tarxemo/venv/lib/python3.12/site-packages/graphql/execution/middleware.py", line 75, in make_it_promise
    return next(*args, **kwargs)
           ^^^^^^^^^^^^^^^^^^^^^
  File "/home/tarxemo/Desktop/VS/ElectionBackend/election/queries/positions.py", line 908, in resolve_dashboard_stats
    institutions_with_most_activity = Institution.objects.annotate(
                                      ^^^^^^^^^^^^^^^^^^^^^^^^^^^^^
  File "/home/tarxemo/venv/lib/python3.12/site-packages/django/db/models/manager.py", line 87, in manager_method
    return getattr(self.get_queryset(), name)(*args, **kwargs)
           ^^^^^^^^^^^^^^^^^^^^^^^^^^^^^^^^^^^^^^^^^^^^^^^^^^^
  File "/home/tarxemo/venv/lib/python3.12/site-packages/django/db/models/query.py", line 1630, in annotate
    return self._annotate(args, kwargs, select=True)
           ^^^^^^^^^^^^^^^^^^^^^^^^^^^^^^^^^^^^^^^^^
  File "/home/tarxemo/venv/lib/python3.12/site-packages/django/db/models/query.py", line 1680, in _annotate
    clone.query.add_annotation(
  File "/home/tarxemo/venv/lib/python3.12/site-packages/django/db/models/sql/query.py", line 1194, in add_annotation
    annotation = annotation.resolve_expression(self, allow_joins=True, reuse=None)
                 ^^^^^^^^^^^^^^^^^^^^^^^^^^^^^^^^^^^^^^^^^^^^^^^^^^^^^^^^^^^^^^^^^
  File "/home/tarxemo/venv/lib/python3.12/site-packages/django/db/models/aggregates.py", line 63, in resolve_expression
    c = super().resolve_expression(query, allow_joins, reuse, summarize)
        ^^^^^^^^^^^^^^^^^^^^^^^^^^^^^^^^^^^^^^^^^^^^^^^^^^^^^^^^^^^^^^^^
  File "/home/tarxemo/venv/lib/python3.12/site-packages/django/db/models/expressions.py", line 1073, in resolve_expression
    c.source_expressions[pos] = arg.resolve_expression(
                                ^^^^^^^^^^^^^^^^^^^^^^^
  File "/home/tarxemo/venv/lib/python3.12/site-packages/django/db/models/expressions.py", line 895, in resolve_expression
    return query.resolve_ref(self.name, allow_joins, reuse, summarize)
           ^^^^^^^^^^^^^^^^^^^^^^^^^^^^^^^^^^^^^^^^^^^^^^^^^^^^^^^^^^^
  File "/home/tarxemo/venv/lib/python3.12/site-packages/django/db/models/sql/query.py", line 2010, in resolve_ref
    join_info = self.setup_joins(
                ^^^^^^^^^^^^^^^^^
  File "/home/tarxemo/venv/lib/python3.12/site-packages/django/db/models/sql/query.py", line 1863, in setup_joins
    path, final_field, targets, rest = self.names_to_path(
                                       ^^^^^^^^^^^^^^^^^^^
  File "/home/tarxemo/venv/lib/python3.12/site-packages/django/db/models/sql/query.py", line 1768, in names_to_path
    raise FieldError(
graphql.error.located_error.GraphQLLocatedError: Cannot resolve keyword 'elections' into field. Choices are: created_at, description, election, id, institution, leader, level, level_id, name, parent, parent_id, position, student

Traceback (most recent call last):
  File "/home/tarxemo/venv/lib/python3.12/site-packages/promise/promise.py", line 489, in _resolve_from_executor
    executor(resolve, reject)
  File "/home/tarxemo/venv/lib/python3.12/site-packages/promise/promise.py", line 756, in executor
    return resolve(f(*args, **kwargs))
                   ^^^^^^^^^^^^^^^^^^
  File "/home/tarxemo/venv/lib/python3.12/site-packages/graphql/execution/middleware.py", line 75, in make_it_promise
    return next(*args, **kwargs)
           ^^^^^^^^^^^^^^^^^^^^^
  File "/home/tarxemo/Desktop/VS/ElectionBackend/election/queries/positions.py", line 929, in resolve_positions_with_most_contests
    positions = Position.objects.annotate(
                ^^^^^^^^^^^^^^^^^^^^^^^^^^
  File "/home/tarxemo/venv/lib/python3.12/site-packages/django/db/models/manager.py", line 87, in manager_method
    return getattr(self.get_queryset(), name)(*args, **kwargs)
           ^^^^^^^^^^^^^^^^^^^^^^^^^^^^^^^^^^^^^^^^^^^^^^^^^^^
  File "/home/tarxemo/venv/lib/python3.12/site-packages/django/db/models/query.py", line 1630, in annotate
    return self._annotate(args, kwargs, select=True)
           ^^^^^^^^^^^^^^^^^^^^^^^^^^^^^^^^^^^^^^^^^
  File "/home/tarxemo/venv/lib/python3.12/site-packages/django/db/models/query.py", line 1680, in _annotate
    clone.query.add_annotation(
  File "/home/tarxemo/venv/lib/python3.12/site-packages/django/db/models/sql/query.py", line 1194, in add_annotation
    annotation = annotation.resolve_expression(self, allow_joins=True, reuse=None)
                 ^^^^^^^^^^^^^^^^^^^^^^^^^^^^^^^^^^^^^^^^^^^^^^^^^^^^^^^^^^^^^^^^^
  File "/home/tarxemo/venv/lib/python3.12/site-packages/django/db/models/aggregates.py", line 63, in resolve_expression
    c = super().resolve_expression(query, allow_joins, reuse, summarize)
        ^^^^^^^^^^^^^^^^^^^^^^^^^^^^^^^^^^^^^^^^^^^^^^^^^^^^^^^^^^^^^^^^
  File "/home/tarxemo/venv/lib/python3.12/site-packages/django/db/models/expressions.py", line 1073, in resolve_expression
    c.source_expressions[pos] = arg.resolve_expression(
                                ^^^^^^^^^^^^^^^^^^^^^^^
  File "/home/tarxemo/venv/lib/python3.12/site-packages/django/db/models/expressions.py", line 895, in resolve_expression
    return query.resolve_ref(self.name, allow_joins, reuse, summarize)
           ^^^^^^^^^^^^^^^^^^^^^^^^^^^^^^^^^^^^^^^^^^^^^^^^^^^^^^^^^^^
  File "/home/tarxemo/venv/lib/python3.12/site-packages/django/db/models/sql/query.py", line 2010, in resolve_ref
    join_info = self.setup_joins(
                ^^^^^^^^^^^^^^^^^
  File "/home/tarxemo/venv/lib/python3.12/site-packages/django/db/models/sql/query.py", line 1863, in setup_joins
    path, final_field, targets, rest = self.names_to_path(
                                       ^^^^^^^^^^^^^^^^^^^
  File "/home/tarxemo/venv/lib/python3.12/site-packages/django/db/models/sql/query.py", line 1768, in names_to_path
    raise FieldError(
graphql.error.located_error.GraphQLLocatedError: Cannot resolve keyword 'candidates' into field. Choices are: description, election_count, electionposition, elections, id, institution, institution_id, leader, level, level_id, name, voting_power

Traceback (most recent call last):
  File "/home/tarxemo/venv/lib/python3.12/site-packages/promise/promise.py", line 489, in _resolve_from_executor
    executor(resolve, reject)
  File "/home/tarxemo/venv/lib/python3.12/site-packages/promise/promise.py", line 756, in executor
    return resolve(f(*args, **kwargs))
                   ^^^^^^^^^^^^^^^^^^
  File "/home/tarxemo/venv/lib/python3.12/site-packages/graphql/execution/middleware.py", line 75, in make_it_promise
    return next(*args, **kwargs)
           ^^^^^^^^^^^^^^^^^^^^^
  File "/home/tarxemo/Desktop/VS/ElectionBackend/election/queries/positions.py", line 965, in resolve_institutions_with_most_activity
    institutions = Institution.objects.annotate(
                   ^^^^^^^^^^^^^^^^^^^^^^^^^^^^^
  File "/home/tarxemo/venv/lib/python3.12/site-packages/django/db/models/manager.py", line 87, in manager_method
    return getattr(self.get_queryset(), name)(*args, **kwargs)
           ^^^^^^^^^^^^^^^^^^^^^^^^^^^^^^^^^^^^^^^^^^^^^^^^^^^
  File "/home/tarxemo/venv/lib/python3.12/site-packages/django/db/models/query.py", line 1630, in annotate
    return self._annotate(args, kwargs, select=True)
           ^^^^^^^^^^^^^^^^^^^^^^^^^^^^^^^^^^^^^^^^^
  File "/home/tarxemo/venv/lib/python3.12/site-packages/django/db/models/query.py", line 1680, in _annotate
    clone.query.add_annotation(
  File "/home/tarxemo/venv/lib/python3.12/site-packages/django/db/models/sql/query.py", line 1194, in add_annotation
    annotation = annotation.resolve_expression(self, allow_joins=True, reuse=None)
                 ^^^^^^^^^^^^^^^^^^^^^^^^^^^^^^^^^^^^^^^^^^^^^^^^^^^^^^^^^^^^^^^^^
  File "/home/tarxemo/venv/lib/python3.12/site-packages/django/db/models/aggregates.py", line 63, in resolve_expression
    c = super().resolve_expression(query, allow_joins, reuse, summarize)
        ^^^^^^^^^^^^^^^^^^^^^^^^^^^^^^^^^^^^^^^^^^^^^^^^^^^^^^^^^^^^^^^^
  File "/home/tarxemo/venv/lib/python3.12/site-packages/django/db/models/expressions.py", line 1073, in resolve_expression
    c.source_expressions[pos] = arg.resolve_expression(
                                ^^^^^^^^^^^^^^^^^^^^^^^
  File "/home/tarxemo/venv/lib/python3.12/site-packages/django/db/models/expressions.py", line 895, in resolve_expression
    return query.resolve_ref(self.name, allow_joins, reuse, summarize)
           ^^^^^^^^^^^^^^^^^^^^^^^^^^^^^^^^^^^^^^^^^^^^^^^^^^^^^^^^^^^
  File "/home/tarxemo/venv/lib/python3.12/site-packages/django/db/models/sql/query.py", line 2010, in resolve_ref
    join_info = self.setup_joins(
                ^^^^^^^^^^^^^^^^^
  File "/home/tarxemo/venv/lib/python3.12/site-packages/django/db/models/sql/query.py", line 1863, in setup_joins
    path, final_field, targets, rest = self.names_to_path(
                                       ^^^^^^^^^^^^^^^^^^^
  File "/home/tarxemo/venv/lib/python3.12/site-packages/django/db/models/sql/query.py", line 1768, in names_to_path
    raise FieldError(
graphql.error.located_error.GraphQLLocatedError: Cannot resolve keyword 'elections' into field. Choices are: created_at, description, election, id, institution, leader, level, level_id, name, parent, parent_id, position, student

/home/tarxemo/Desktop/VS/ElectionBackend/election/queries/positions.py changed, reloading.
Watching for file changes with StatReloader
/home/tarxemo/Desktop/VS/ElectionBackend/ElectionBackend/main_schema.py changed, reloading.
Watching for file changes with StatReloader
Traceback (most recent call last):
  File "/home/tarxemo/venv/lib/python3.12/site-packages/promise/promise.py", line 489, in _resolve_from_executor
    executor(resolve, reject)
  File "/home/tarxemo/venv/lib/python3.12/site-packages/promise/promise.py", line 756, in executor
    return resolve(f(*args, **kwargs))
                   ^^^^^^^^^^^^^^^^^^
  File "/home/tarxemo/venv/lib/python3.12/site-packages/graphql/execution/middleware.py", line 75, in make_it_promise
    return next(*args, **kwargs)
           ^^^^^^^^^^^^^^^^^^^^^
  File "/home/tarxemo/Desktop/VS/ElectionBackend/election/queries/positions.py", line 907, in resolve_dashboard_stats
    institutions_with_most_activity = Institution.objects.annotate(
                                      ^^^^^^^^^^^^^^^^^^^^^^^^^^^^^
  File "/home/tarxemo/venv/lib/python3.12/site-packages/django/db/models/manager.py", line 87, in manager_method
    return getattr(self.get_queryset(), name)(*args, **kwargs)
           ^^^^^^^^^^^^^^^^^^^^^^^^^^^^^^^^^^^^^^^^^^^^^^^^^^^
  File "/home/tarxemo/venv/lib/python3.12/site-packages/django/db/models/query.py", line 1630, in annotate
    return self._annotate(args, kwargs, select=True)
           ^^^^^^^^^^^^^^^^^^^^^^^^^^^^^^^^^^^^^^^^^
  File "/home/tarxemo/venv/lib/python3.12/site-packages/django/db/models/query.py", line 1680, in _annotate
    clone.query.add_annotation(
  File "/home/tarxemo/venv/lib/python3.12/site-packages/django/db/models/sql/query.py", line 1194, in add_annotation
    annotation = annotation.resolve_expression(self, allow_joins=True, reuse=None)
                 ^^^^^^^^^^^^^^^^^^^^^^^^^^^^^^^^^^^^^^^^^^^^^^^^^^^^^^^^^^^^^^^^^
  File "/home/tarxemo/venv/lib/python3.12/site-packages/django/db/models/aggregates.py", line 63, in resolve_expression
    c = super().resolve_expression(query, allow_joins, reuse, summarize)
        ^^^^^^^^^^^^^^^^^^^^^^^^^^^^^^^^^^^^^^^^^^^^^^^^^^^^^^^^^^^^^^^^
  File "/home/tarxemo/venv/lib/python3.12/site-packages/django/db/models/expressions.py", line 1073, in resolve_expression
    c.source_expressions[pos] = arg.resolve_expression(
                                ^^^^^^^^^^^^^^^^^^^^^^^
  File "/home/tarxemo/venv/lib/python3.12/site-packages/django/db/models/expressions.py", line 895, in resolve_expression
    return query.resolve_ref(self.name, allow_joins, reuse, summarize)
           ^^^^^^^^^^^^^^^^^^^^^^^^^^^^^^^^^^^^^^^^^^^^^^^^^^^^^^^^^^^
  File "/home/tarxemo/venv/lib/python3.12/site-packages/django/db/models/sql/query.py", line 2010, in resolve_ref
    join_info = self.setup_joins(
                ^^^^^^^^^^^^^^^^^
  File "/home/tarxemo/venv/lib/python3.12/site-packages/django/db/models/sql/query.py", line 1863, in setup_joins
    path, final_field, targets, rest = self.names_to_path(
                                       ^^^^^^^^^^^^^^^^^^^
  File "/home/tarxemo/venv/lib/python3.12/site-packages/django/db/models/sql/query.py", line 1768, in names_to_path
    raise FieldError(
graphql.error.located_error.GraphQLLocatedError: Cannot resolve keyword 'elections' into field. Choices are: created_at, description, election, id, institution, leader, level, level_id, name, parent, parent_id, position, student

Traceback (most recent call last):
  File "/home/tarxemo/venv/lib/python3.12/site-packages/promise/promise.py", line 489, in _resolve_from_executor
    executor(resolve, reject)
  File "/home/tarxemo/venv/lib/python3.12/site-packages/promise/promise.py", line 756, in executor
    return resolve(f(*args, **kwargs))
                   ^^^^^^^^^^^^^^^^^^
  File "/home/tarxemo/venv/lib/python3.12/site-packages/graphql/execution/middleware.py", line 75, in make_it_promise
    return next(*args, **kwargs)
           ^^^^^^^^^^^^^^^^^^^^^
  File "/home/tarxemo/Desktop/VS/ElectionBackend/election/queries/positions.py", line 928, in resolve_positions_with_most_contests
    positions = Position.objects.annotate(
                ^^^^^^^^^^^^^^^^^^^^^^^^^^
  File "/home/tarxemo/venv/lib/python3.12/site-packages/django/db/models/manager.py", line 87, in manager_method
    return getattr(self.get_queryset(), name)(*args, **kwargs)
           ^^^^^^^^^^^^^^^^^^^^^^^^^^^^^^^^^^^^^^^^^^^^^^^^^^^
  File "/home/tarxemo/venv/lib/python3.12/site-packages/django/db/models/query.py", line 1630, in annotate
    return self._annotate(args, kwargs, select=True)
           ^^^^^^^^^^^^^^^^^^^^^^^^^^^^^^^^^^^^^^^^^
  File "/home/tarxemo/venv/lib/python3.12/site-packages/django/db/models/query.py", line 1680, in _annotate
    clone.query.add_annotation(
  File "/home/tarxemo/venv/lib/python3.12/site-packages/django/db/models/sql/query.py", line 1194, in add_annotation
    annotation = annotation.resolve_expression(self, allow_joins=True, reuse=None)
                 ^^^^^^^^^^^^^^^^^^^^^^^^^^^^^^^^^^^^^^^^^^^^^^^^^^^^^^^^^^^^^^^^^
  File "/home/tarxemo/venv/lib/python3.12/site-packages/django/db/models/aggregates.py", line 63, in resolve_expression
    c = super().resolve_expression(query, allow_joins, reuse, summarize)
        ^^^^^^^^^^^^^^^^^^^^^^^^^^^^^^^^^^^^^^^^^^^^^^^^^^^^^^^^^^^^^^^^
  File "/home/tarxemo/venv/lib/python3.12/site-packages/django/db/models/expressions.py", line 1073, in resolve_expression
    c.source_expressions[pos] = arg.resolve_expression(
                                ^^^^^^^^^^^^^^^^^^^^^^^
  File "/home/tarxemo/venv/lib/python3.12/site-packages/django/db/models/expressions.py", line 895, in resolve_expression
    return query.resolve_ref(self.name, allow_joins, reuse, summarize)
           ^^^^^^^^^^^^^^^^^^^^^^^^^^^^^^^^^^^^^^^^^^^^^^^^^^^^^^^^^^^
  File "/home/tarxemo/venv/lib/python3.12/site-packages/django/db/models/sql/query.py", line 2010, in resolve_ref
    join_info = self.setup_joins(
                ^^^^^^^^^^^^^^^^^
  File "/home/tarxemo/venv/lib/python3.12/site-packages/django/db/models/sql/query.py", line 1863, in setup_joins
    path, final_field, targets, rest = self.names_to_path(
                                       ^^^^^^^^^^^^^^^^^^^
  File "/home/tarxemo/venv/lib/python3.12/site-packages/django/db/models/sql/query.py", line 1768, in names_to_path
    raise FieldError(
graphql.error.located_error.GraphQLLocatedError: Cannot resolve keyword 'candidates' into field. Choices are: description, election_count, electionposition, elections, id, institution, institution_id, leader, level, level_id, name, voting_power

Traceback (most recent call last):
  File "/home/tarxemo/venv/lib/python3.12/site-packages/promise/promise.py", line 489, in _resolve_from_executor
    executor(resolve, reject)
  File "/home/tarxemo/venv/lib/python3.12/site-packages/promise/promise.py", line 756, in executor
    return resolve(f(*args, **kwargs))
                   ^^^^^^^^^^^^^^^^^^
  File "/home/tarxemo/venv/lib/python3.12/site-packages/graphql/execution/middleware.py", line 75, in make_it_promise
    return next(*args, **kwargs)
           ^^^^^^^^^^^^^^^^^^^^^
  File "/home/tarxemo/Desktop/VS/ElectionBackend/election/queries/positions.py", line 964, in resolve_institutions_with_most_activity
    institutions = Institution.objects.annotate(
                   ^^^^^^^^^^^^^^^^^^^^^^^^^^^^^
  File "/home/tarxemo/venv/lib/python3.12/site-packages/django/db/models/manager.py", line 87, in manager_method
    return getattr(self.get_queryset(), name)(*args, **kwargs)
           ^^^^^^^^^^^^^^^^^^^^^^^^^^^^^^^^^^^^^^^^^^^^^^^^^^^
  File "/home/tarxemo/venv/lib/python3.12/site-packages/django/db/models/query.py", line 1630, in annotate
    return self._annotate(args, kwargs, select=True)
           ^^^^^^^^^^^^^^^^^^^^^^^^^^^^^^^^^^^^^^^^^
  File "/home/tarxemo/venv/lib/python3.12/site-packages/django/db/models/query.py", line 1680, in _annotate
    clone.query.add_annotation(
  File "/home/tarxemo/venv/lib/python3.12/site-packages/django/db/models/sql/query.py", line 1194, in add_annotation
    annotation = annotation.resolve_expression(self, allow_joins=True, reuse=None)
                 ^^^^^^^^^^^^^^^^^^^^^^^^^^^^^^^^^^^^^^^^^^^^^^^^^^^^^^^^^^^^^^^^^
  File "/home/tarxemo/venv/lib/python3.12/site-packages/django/db/models/aggregates.py", line 63, in resolve_expression
    c = super().resolve_expression(query, allow_joins, reuse, summarize)
        ^^^^^^^^^^^^^^^^^^^^^^^^^^^^^^^^^^^^^^^^^^^^^^^^^^^^^^^^^^^^^^^^
  File "/home/tarxemo/venv/lib/python3.12/site-packages/django/db/models/expressions.py", line 1073, in resolve_expression
    c.source_expressions[pos] = arg.resolve_expression(
                                ^^^^^^^^^^^^^^^^^^^^^^^
  File "/home/tarxemo/venv/lib/python3.12/site-packages/django/db/models/expressions.py", line 895, in resolve_expression
    return query.resolve_ref(self.name, allow_joins, reuse, summarize)
           ^^^^^^^^^^^^^^^^^^^^^^^^^^^^^^^^^^^^^^^^^^^^^^^^^^^^^^^^^^^
  File "/home/tarxemo/venv/lib/python3.12/site-packages/django/db/models/sql/query.py", line 2010, in resolve_ref
    join_info = self.setup_joins(
                ^^^^^^^^^^^^^^^^^
  File "/home/tarxemo/venv/lib/python3.12/site-packages/django/db/models/sql/query.py", line 1863, in setup_joins
    path, final_field, targets, rest = self.names_to_path(
                                       ^^^^^^^^^^^^^^^^^^^
  File "/home/tarxemo/venv/lib/python3.12/site-packages/django/db/models/sql/query.py", line 1768, in names_to_path
    raise FieldError(
graphql.error.located_error.GraphQLLocatedError: Cannot resolve keyword 'elections' into field. Choices are: created_at, description, election, id, institution, leader, level, level_id, name, parent, parent_id, position, student

Traceback (most recent call last):
  File "/home/tarxemo/venv/lib/python3.12/site-packages/promise/promise.py", line 489, in _resolve_from_executor
    executor(resolve, reject)
  File "/home/tarxemo/venv/lib/python3.12/site-packages/promise/promise.py", line 756, in executor
    return resolve(f(*args, **kwargs))
                   ^^^^^^^^^^^^^^^^^^
  File "/home/tarxemo/venv/lib/python3.12/site-packages/graphql/execution/middleware.py", line 75, in make_it_promise
    return next(*args, **kwargs)
           ^^^^^^^^^^^^^^^^^^^^^
  File "/home/tarxemo/Desktop/VS/ElectionBackend/election/queries/positions.py", line 907, in resolve_dashboard_stats
    institutions_with_most_activity = Institution.objects.annotate(
                                      ^^^^^^^^^^^^^^^^^^^^^^^^^^^^^
  File "/home/tarxemo/venv/lib/python3.12/site-packages/django/db/models/manager.py", line 87, in manager_method
    return getattr(self.get_queryset(), name)(*args, **kwargs)
           ^^^^^^^^^^^^^^^^^^^^^^^^^^^^^^^^^^^^^^^^^^^^^^^^^^^
  File "/home/tarxemo/venv/lib/python3.12/site-packages/django/db/models/query.py", line 1630, in annotate
    return self._annotate(args, kwargs, select=True)
           ^^^^^^^^^^^^^^^^^^^^^^^^^^^^^^^^^^^^^^^^^
  File "/home/tarxemo/venv/lib/python3.12/site-packages/django/db/models/query.py", line 1680, in _annotate
    clone.query.add_annotation(
  File "/home/tarxemo/venv/lib/python3.12/site-packages/django/db/models/sql/query.py", line 1194, in add_annotation
    annotation = annotation.resolve_expression(self, allow_joins=True, reuse=None)
                 ^^^^^^^^^^^^^^^^^^^^^^^^^^^^^^^^^^^^^^^^^^^^^^^^^^^^^^^^^^^^^^^^^
  File "/home/tarxemo/venv/lib/python3.12/site-packages/django/db/models/aggregates.py", line 63, in resolve_expression
    c = super().resolve_expression(query, allow_joins, reuse, summarize)
        ^^^^^^^^^^^^^^^^^^^^^^^^^^^^^^^^^^^^^^^^^^^^^^^^^^^^^^^^^^^^^^^^
  File "/home/tarxemo/venv/lib/python3.12/site-packages/django/db/models/expressions.py", line 1073, in resolve_expression
    c.source_expressions[pos] = arg.resolve_expression(
                                ^^^^^^^^^^^^^^^^^^^^^^^
  File "/home/tarxemo/venv/lib/python3.12/site-packages/django/db/models/expressions.py", line 895, in resolve_expression
    return query.resolve_ref(self.name, allow_joins, reuse, summarize)
           ^^^^^^^^^^^^^^^^^^^^^^^^^^^^^^^^^^^^^^^^^^^^^^^^^^^^^^^^^^^
  File "/home/tarxemo/venv/lib/python3.12/site-packages/django/db/models/sql/query.py", line 2010, in resolve_ref
    join_info = self.setup_joins(
                ^^^^^^^^^^^^^^^^^
  File "/home/tarxemo/venv/lib/python3.12/site-packages/django/db/models/sql/query.py", line 1863, in setup_joins
    path, final_field, targets, rest = self.names_to_path(
                                       ^^^^^^^^^^^^^^^^^^^
  File "/home/tarxemo/venv/lib/python3.12/site-packages/django/db/models/sql/query.py", line 1768, in names_to_path
    raise FieldError(
graphql.error.located_error.GraphQLLocatedError: Cannot resolve keyword 'elections' into field. Choices are: created_at, description, election, id, institution, leader, level, level_id, name, parent, parent_id, position, student

Traceback (most recent call last):
  File "/home/tarxemo/venv/lib/python3.12/site-packages/promise/promise.py", line 489, in _resolve_from_executor
    executor(resolve, reject)
  File "/home/tarxemo/venv/lib/python3.12/site-packages/promise/promise.py", line 756, in executor
    return resolve(f(*args, **kwargs))
                   ^^^^^^^^^^^^^^^^^^
  File "/home/tarxemo/venv/lib/python3.12/site-packages/graphql/execution/middleware.py", line 75, in make_it_promise
    return next(*args, **kwargs)
           ^^^^^^^^^^^^^^^^^^^^^
  File "/home/tarxemo/Desktop/VS/ElectionBackend/election/queries/positions.py", line 928, in resolve_positions_with_most_contests
    positions = Position.objects.annotate(
                ^^^^^^^^^^^^^^^^^^^^^^^^^^
  File "/home/tarxemo/venv/lib/python3.12/site-packages/django/db/models/manager.py", line 87, in manager_method
    return getattr(self.get_queryset(), name)(*args, **kwargs)
           ^^^^^^^^^^^^^^^^^^^^^^^^^^^^^^^^^^^^^^^^^^^^^^^^^^^
  File "/home/tarxemo/venv/lib/python3.12/site-packages/django/db/models/query.py", line 1630, in annotate
    return self._annotate(args, kwargs, select=True)
           ^^^^^^^^^^^^^^^^^^^^^^^^^^^^^^^^^^^^^^^^^
  File "/home/tarxemo/venv/lib/python3.12/site-packages/django/db/models/query.py", line 1680, in _annotate
    clone.query.add_annotation(
  File "/home/tarxemo/venv/lib/python3.12/site-packages/django/db/models/sql/query.py", line 1194, in add_annotation
    annotation = annotation.resolve_expression(self, allow_joins=True, reuse=None)
                 ^^^^^^^^^^^^^^^^^^^^^^^^^^^^^^^^^^^^^^^^^^^^^^^^^^^^^^^^^^^^^^^^^
  File "/home/tarxemo/venv/lib/python3.12/site-packages/django/db/models/aggregates.py", line 63, in resolve_expression
    c = super().resolve_expression(query, allow_joins, reuse, summarize)
        ^^^^^^^^^^^^^^^^^^^^^^^^^^^^^^^^^^^^^^^^^^^^^^^^^^^^^^^^^^^^^^^^
  File "/home/tarxemo/venv/lib/python3.12/site-packages/django/db/models/expressions.py", line 1073, in resolve_expression
    c.source_expressions[pos] = arg.resolve_expression(
                                ^^^^^^^^^^^^^^^^^^^^^^^
  File "/home/tarxemo/venv/lib/python3.12/site-packages/django/db/models/expressions.py", line 895, in resolve_expression
    return query.resolve_ref(self.name, allow_joins, reuse, summarize)
           ^^^^^^^^^^^^^^^^^^^^^^^^^^^^^^^^^^^^^^^^^^^^^^^^^^^^^^^^^^^
  File "/home/tarxemo/venv/lib/python3.12/site-packages/django/db/models/sql/query.py", line 2010, in resolve_ref
    join_info = self.setup_joins(
                ^^^^^^^^^^^^^^^^^
  File "/home/tarxemo/venv/lib/python3.12/site-packages/django/db/models/sql/query.py", line 1863, in setup_joins
    path, final_field, targets, rest = self.names_to_path(
                                       ^^^^^^^^^^^^^^^^^^^
  File "/home/tarxemo/venv/lib/python3.12/site-packages/django/db/models/sql/query.py", line 1768, in names_to_path
    raise FieldError(
graphql.error.located_error.GraphQLLocatedError: Cannot resolve keyword 'candidates' into field. Choices are: description, election_count, electionposition, elections, id, institution, institution_id, leader, level, level_id, name, voting_power

Traceback (most recent call last):
  File "/home/tarxemo/venv/lib/python3.12/site-packages/promise/promise.py", line 489, in _resolve_from_executor
    executor(resolve, reject)
  File "/home/tarxemo/venv/lib/python3.12/site-packages/promise/promise.py", line 756, in executor
    return resolve(f(*args, **kwargs))
                   ^^^^^^^^^^^^^^^^^^
  File "/home/tarxemo/venv/lib/python3.12/site-packages/graphql/execution/middleware.py", line 75, in make_it_promise
    return next(*args, **kwargs)
           ^^^^^^^^^^^^^^^^^^^^^
  File "/home/tarxemo/Desktop/VS/ElectionBackend/election/queries/positions.py", line 964, in resolve_institutions_with_most_activity
    institutions = Institution.objects.annotate(
                   ^^^^^^^^^^^^^^^^^^^^^^^^^^^^^
  File "/home/tarxemo/venv/lib/python3.12/site-packages/django/db/models/manager.py", line 87, in manager_method
    return getattr(self.get_queryset(), name)(*args, **kwargs)
           ^^^^^^^^^^^^^^^^^^^^^^^^^^^^^^^^^^^^^^^^^^^^^^^^^^^
  File "/home/tarxemo/venv/lib/python3.12/site-packages/django/db/models/query.py", line 1630, in annotate
    return self._annotate(args, kwargs, select=True)
           ^^^^^^^^^^^^^^^^^^^^^^^^^^^^^^^^^^^^^^^^^
  File "/home/tarxemo/venv/lib/python3.12/site-packages/django/db/models/query.py", line 1680, in _annotate
    clone.query.add_annotation(
  File "/home/tarxemo/venv/lib/python3.12/site-packages/django/db/models/sql/query.py", line 1194, in add_annotation
    annotation = annotation.resolve_expression(self, allow_joins=True, reuse=None)
                 ^^^^^^^^^^^^^^^^^^^^^^^^^^^^^^^^^^^^^^^^^^^^^^^^^^^^^^^^^^^^^^^^^
  File "/home/tarxemo/venv/lib/python3.12/site-packages/django/db/models/aggregates.py", line 63, in resolve_expression
    c = super().resolve_expression(query, allow_joins, reuse, summarize)
        ^^^^^^^^^^^^^^^^^^^^^^^^^^^^^^^^^^^^^^^^^^^^^^^^^^^^^^^^^^^^^^^^
  File "/home/tarxemo/venv/lib/python3.12/site-packages/django/db/models/expressions.py", line 1073, in resolve_expression
    c.source_expressions[pos] = arg.resolve_expression(
                                ^^^^^^^^^^^^^^^^^^^^^^^
  File "/home/tarxemo/venv/lib/python3.12/site-packages/django/db/models/expressions.py", line 895, in resolve_expression
    return query.resolve_ref(self.name, allow_joins, reuse, summarize)
           ^^^^^^^^^^^^^^^^^^^^^^^^^^^^^^^^^^^^^^^^^^^^^^^^^^^^^^^^^^^
  File "/home/tarxemo/venv/lib/python3.12/site-packages/django/db/models/sql/query.py", line 2010, in resolve_ref
    join_info = self.setup_joins(
                ^^^^^^^^^^^^^^^^^
  File "/home/tarxemo/venv/lib/python3.12/site-packages/django/db/models/sql/query.py", line 1863, in setup_joins
    path, final_field, targets, rest = self.names_to_path(
                                       ^^^^^^^^^^^^^^^^^^^
  File "/home/tarxemo/venv/lib/python3.12/site-packages/django/db/models/sql/query.py", line 1768, in names_to_path
    raise FieldError(
graphql.error.located_error.GraphQLLocatedError: Cannot resolve keyword 'elections' into field. Choices are: created_at, description, election, id, institution, leader, level, level_id, name, parent, parent_id, position, student

/home/tarxemo/Desktop/VS/ElectionBackend/election/queries/positions.py changed, reloading.
Watching for file changes with StatReloader
Traceback (most recent call last):
  File "/home/tarxemo/venv/lib/python3.12/site-packages/promise/promise.py", line 489, in _resolve_from_executor
    executor(resolve, reject)
  File "/home/tarxemo/venv/lib/python3.12/site-packages/promise/promise.py", line 756, in executor
    return resolve(f(*args, **kwargs))
                   ^^^^^^^^^^^^^^^^^^
  File "/home/tarxemo/venv/lib/python3.12/site-packages/graphql/execution/middleware.py", line 75, in make_it_promise
    return next(*args, **kwargs)
           ^^^^^^^^^^^^^^^^^^^^^
  File "/home/tarxemo/Desktop/VS/ElectionBackend/election/queries/positions.py", line 907, in resolve_dashboard_stats
    institutions_with_most_activity = Institution.objects.annotate(
                                      ^^^^^^^^^^^^^^^^^^^^^^^^^^^^^
  File "/home/tarxemo/venv/lib/python3.12/site-packages/django/db/models/manager.py", line 87, in manager_method
    return getattr(self.get_queryset(), name)(*args, **kwargs)
           ^^^^^^^^^^^^^^^^^^^^^^^^^^^^^^^^^^^^^^^^^^^^^^^^^^^
  File "/home/tarxemo/venv/lib/python3.12/site-packages/django/db/models/query.py", line 1630, in annotate
    return self._annotate(args, kwargs, select=True)
           ^^^^^^^^^^^^^^^^^^^^^^^^^^^^^^^^^^^^^^^^^
  File "/home/tarxemo/venv/lib/python3.12/site-packages/django/db/models/query.py", line 1680, in _annotate
    clone.query.add_annotation(
  File "/home/tarxemo/venv/lib/python3.12/site-packages/django/db/models/sql/query.py", line 1194, in add_annotation
    annotation = annotation.resolve_expression(self, allow_joins=True, reuse=None)
                 ^^^^^^^^^^^^^^^^^^^^^^^^^^^^^^^^^^^^^^^^^^^^^^^^^^^^^^^^^^^^^^^^^
  File "/home/tarxemo/venv/lib/python3.12/site-packages/django/db/models/aggregates.py", line 63, in resolve_expression
    c = super().resolve_expression(query, allow_joins, reuse, summarize)
        ^^^^^^^^^^^^^^^^^^^^^^^^^^^^^^^^^^^^^^^^^^^^^^^^^^^^^^^^^^^^^^^^
  File "/home/tarxemo/venv/lib/python3.12/site-packages/django/db/models/expressions.py", line 1073, in resolve_expression
    c.source_expressions[pos] = arg.resolve_expression(
                                ^^^^^^^^^^^^^^^^^^^^^^^
  File "/home/tarxemo/venv/lib/python3.12/site-packages/django/db/models/expressions.py", line 895, in resolve_expression
    return query.resolve_ref(self.name, allow_joins, reuse, summarize)
           ^^^^^^^^^^^^^^^^^^^^^^^^^^^^^^^^^^^^^^^^^^^^^^^^^^^^^^^^^^^
  File "/home/tarxemo/venv/lib/python3.12/site-packages/django/db/models/sql/query.py", line 2010, in resolve_ref
    join_info = self.setup_joins(
                ^^^^^^^^^^^^^^^^^
  File "/home/tarxemo/venv/lib/python3.12/site-packages/django/db/models/sql/query.py", line 1863, in setup_joins
    path, final_field, targets, rest = self.names_to_path(
                                       ^^^^^^^^^^^^^^^^^^^
  File "/home/tarxemo/venv/lib/python3.12/site-packages/django/db/models/sql/query.py", line 1768, in names_to_path
    raise FieldError(
graphql.error.located_error.GraphQLLocatedError: Cannot resolve keyword 'elections' into field. Choices are: created_at, description, election, id, institution, leader, level, level_id, name, parent, parent_id, position, student

Traceback (most recent call last):
  File "/home/tarxemo/venv/lib/python3.12/site-packages/promise/promise.py", line 489, in _resolve_from_executor
    executor(resolve, reject)
  File "/home/tarxemo/venv/lib/python3.12/site-packages/promise/promise.py", line 756, in executor
    return resolve(f(*args, **kwargs))
                   ^^^^^^^^^^^^^^^^^^
  File "/home/tarxemo/venv/lib/python3.12/site-packages/graphql/execution/middleware.py", line 75, in make_it_promise
    return next(*args, **kwargs)
           ^^^^^^^^^^^^^^^^^^^^^
  File "/home/tarxemo/Desktop/VS/ElectionBackend/election/queries/positions.py", line 928, in resolve_positions_with_most_contests
    positions = Position.objects.annotate(
                ^^^^^^^^^^^^^^^^^^^^^^^^^^
  File "/home/tarxemo/venv/lib/python3.12/site-packages/django/db/models/manager.py", line 87, in manager_method
    return getattr(self.get_queryset(), name)(*args, **kwargs)
           ^^^^^^^^^^^^^^^^^^^^^^^^^^^^^^^^^^^^^^^^^^^^^^^^^^^
  File "/home/tarxemo/venv/lib/python3.12/site-packages/django/db/models/query.py", line 1630, in annotate
    return self._annotate(args, kwargs, select=True)
           ^^^^^^^^^^^^^^^^^^^^^^^^^^^^^^^^^^^^^^^^^
  File "/home/tarxemo/venv/lib/python3.12/site-packages/django/db/models/query.py", line 1680, in _annotate
    clone.query.add_annotation(
  File "/home/tarxemo/venv/lib/python3.12/site-packages/django/db/models/sql/query.py", line 1194, in add_annotation
    annotation = annotation.resolve_expression(self, allow_joins=True, reuse=None)
                 ^^^^^^^^^^^^^^^^^^^^^^^^^^^^^^^^^^^^^^^^^^^^^^^^^^^^^^^^^^^^^^^^^
  File "/home/tarxemo/venv/lib/python3.12/site-packages/django/db/models/aggregates.py", line 63, in resolve_expression
    c = super().resolve_expression(query, allow_joins, reuse, summarize)
        ^^^^^^^^^^^^^^^^^^^^^^^^^^^^^^^^^^^^^^^^^^^^^^^^^^^^^^^^^^^^^^^^
  File "/home/tarxemo/venv/lib/python3.12/site-packages/django/db/models/expressions.py", line 1073, in resolve_expression
    c.source_expressions[pos] = arg.resolve_expression(
                                ^^^^^^^^^^^^^^^^^^^^^^^
  File "/home/tarxemo/venv/lib/python3.12/site-packages/django/db/models/expressions.py", line 895, in resolve_expression
    return query.resolve_ref(self.name, allow_joins, reuse, summarize)
           ^^^^^^^^^^^^^^^^^^^^^^^^^^^^^^^^^^^^^^^^^^^^^^^^^^^^^^^^^^^
  File "/home/tarxemo/venv/lib/python3.12/site-packages/django/db/models/sql/query.py", line 2010, in resolve_ref
    join_info = self.setup_joins(
                ^^^^^^^^^^^^^^^^^
  File "/home/tarxemo/venv/lib/python3.12/site-packages/django/db/models/sql/query.py", line 1863, in setup_joins
    path, final_field, targets, rest = self.names_to_path(
                                       ^^^^^^^^^^^^^^^^^^^
  File "/home/tarxemo/venv/lib/python3.12/site-packages/django/db/models/sql/query.py", line 1768, in names_to_path
    raise FieldError(
graphql.error.located_error.GraphQLLocatedError: Cannot resolve keyword 'candidates' into field. Choices are: description, election_count, electionposition, elections, id, institution, institution_id, leader, level, level_id, name, voting_power

Traceback (most recent call last):
  File "/home/tarxemo/venv/lib/python3.12/site-packages/promise/promise.py", line 489, in _resolve_from_executor
    executor(resolve, reject)
  File "/home/tarxemo/venv/lib/python3.12/site-packages/promise/promise.py", line 756, in executor
    return resolve(f(*args, **kwargs))
                   ^^^^^^^^^^^^^^^^^^
  File "/home/tarxemo/venv/lib/python3.12/site-packages/graphql/execution/middleware.py", line 75, in make_it_promise
    return next(*args, **kwargs)
           ^^^^^^^^^^^^^^^^^^^^^
  File "/home/tarxemo/Desktop/VS/ElectionBackend/election/queries/positions.py", line 964, in resolve_institutions_with_most_activity
    institutions = Institution.objects.annotate(
                   ^^^^^^^^^^^^^^^^^^^^^^^^^^^^^
  File "/home/tarxemo/venv/lib/python3.12/site-packages/django/db/models/manager.py", line 87, in manager_method
    return getattr(self.get_queryset(), name)(*args, **kwargs)
           ^^^^^^^^^^^^^^^^^^^^^^^^^^^^^^^^^^^^^^^^^^^^^^^^^^^
  File "/home/tarxemo/venv/lib/python3.12/site-packages/django/db/models/query.py", line 1630, in annotate
    return self._annotate(args, kwargs, select=True)
           ^^^^^^^^^^^^^^^^^^^^^^^^^^^^^^^^^^^^^^^^^
  File "/home/tarxemo/venv/lib/python3.12/site-packages/django/db/models/query.py", line 1680, in _annotate
    clone.query.add_annotation(
  File "/home/tarxemo/venv/lib/python3.12/site-packages/django/db/models/sql/query.py", line 1194, in add_annotation
    annotation = annotation.resolve_expression(self, allow_joins=True, reuse=None)
                 ^^^^^^^^^^^^^^^^^^^^^^^^^^^^^^^^^^^^^^^^^^^^^^^^^^^^^^^^^^^^^^^^^
  File "/home/tarxemo/venv/lib/python3.12/site-packages/django/db/models/aggregates.py", line 63, in resolve_expression
    c = super().resolve_expression(query, allow_joins, reuse, summarize)
        ^^^^^^^^^^^^^^^^^^^^^^^^^^^^^^^^^^^^^^^^^^^^^^^^^^^^^^^^^^^^^^^^
  File "/home/tarxemo/venv/lib/python3.12/site-packages/django/db/models/expressions.py", line 1073, in resolve_expression
    c.source_expressions[pos] = arg.resolve_expression(
                                ^^^^^^^^^^^^^^^^^^^^^^^
  File "/home/tarxemo/venv/lib/python3.12/site-packages/django/db/models/expressions.py", line 895, in resolve_expression
    return query.resolve_ref(self.name, allow_joins, reuse, summarize)
           ^^^^^^^^^^^^^^^^^^^^^^^^^^^^^^^^^^^^^^^^^^^^^^^^^^^^^^^^^^^
  File "/home/tarxemo/venv/lib/python3.12/site-packages/django/db/models/sql/query.py", line 2010, in resolve_ref
    join_info = self.setup_joins(
                ^^^^^^^^^^^^^^^^^
  File "/home/tarxemo/venv/lib/python3.12/site-packages/django/db/models/sql/query.py", line 1863, in setup_joins
    path, final_field, targets, rest = self.names_to_path(
                                       ^^^^^^^^^^^^^^^^^^^
  File "/home/tarxemo/venv/lib/python3.12/site-packages/django/db/models/sql/query.py", line 1768, in names_to_path
    raise FieldError(
graphql.error.located_error.GraphQLLocatedError: Cannot resolve keyword 'elections' into field. Choices are: created_at, description, election, id, institution, leader, level, level_id, name, parent, parent_id, position, student

/home/tarxemo/Desktop/VS/ElectionBackend/election/queries/positions.py changed, reloading.
Watching for file changes with StatReloader
Traceback (most recent call last):
  File "/home/tarxemo/venv/lib/python3.12/site-packages/promise/promise.py", line 489, in _resolve_from_executor
    executor(resolve, reject)
  File "/home/tarxemo/venv/lib/python3.12/site-packages/promise/promise.py", line 756, in executor
    return resolve(f(*args, **kwargs))
                   ^^^^^^^^^^^^^^^^^^
  File "/home/tarxemo/venv/lib/python3.12/site-packages/graphql/execution/middleware.py", line 75, in make_it_promise
    return next(*args, **kwargs)
           ^^^^^^^^^^^^^^^^^^^^^
  File "/home/tarxemo/Desktop/VS/ElectionBackend/election/queries/positions.py", line 907, in resolve_dashboard_stats
    institutions_with_most_activity = Institution.objects.annotate(
                                      ^^^^^^^^^^^^^^^^^^^^^^^^^^^^^
  File "/home/tarxemo/venv/lib/python3.12/site-packages/django/db/models/manager.py", line 87, in manager_method
    return getattr(self.get_queryset(), name)(*args, **kwargs)
           ^^^^^^^^^^^^^^^^^^^^^^^^^^^^^^^^^^^^^^^^^^^^^^^^^^^
  File "/home/tarxemo/venv/lib/python3.12/site-packages/django/db/models/query.py", line 1630, in annotate
    return self._annotate(args, kwargs, select=True)
           ^^^^^^^^^^^^^^^^^^^^^^^^^^^^^^^^^^^^^^^^^
  File "/home/tarxemo/venv/lib/python3.12/site-packages/django/db/models/query.py", line 1680, in _annotate
    clone.query.add_annotation(
  File "/home/tarxemo/venv/lib/python3.12/site-packages/django/db/models/sql/query.py", line 1194, in add_annotation
    annotation = annotation.resolve_expression(self, allow_joins=True, reuse=None)
                 ^^^^^^^^^^^^^^^^^^^^^^^^^^^^^^^^^^^^^^^^^^^^^^^^^^^^^^^^^^^^^^^^^
  File "/home/tarxemo/venv/lib/python3.12/site-packages/django/db/models/aggregates.py", line 63, in resolve_expression
    c = super().resolve_expression(query, allow_joins, reuse, summarize)
        ^^^^^^^^^^^^^^^^^^^^^^^^^^^^^^^^^^^^^^^^^^^^^^^^^^^^^^^^^^^^^^^^
  File "/home/tarxemo/venv/lib/python3.12/site-packages/django/db/models/expressions.py", line 1073, in resolve_expression
    c.source_expressions[pos] = arg.resolve_expression(
                                ^^^^^^^^^^^^^^^^^^^^^^^
  File "/home/tarxemo/venv/lib/python3.12/site-packages/django/db/models/expressions.py", line 895, in resolve_expression
    return query.resolve_ref(self.name, allow_joins, reuse, summarize)
           ^^^^^^^^^^^^^^^^^^^^^^^^^^^^^^^^^^^^^^^^^^^^^^^^^^^^^^^^^^^
  File "/home/tarxemo/venv/lib/python3.12/site-packages/django/db/models/sql/query.py", line 2010, in resolve_ref
    join_info = self.setup_joins(
                ^^^^^^^^^^^^^^^^^
  File "/home/tarxemo/venv/lib/python3.12/site-packages/django/db/models/sql/query.py", line 1863, in setup_joins
    path, final_field, targets, rest = self.names_to_path(
                                       ^^^^^^^^^^^^^^^^^^^
  File "/home/tarxemo/venv/lib/python3.12/site-packages/django/db/models/sql/query.py", line 1768, in names_to_path
    raise FieldError(
graphql.error.located_error.GraphQLLocatedError: Cannot resolve keyword 'elections' into field. Choices are: created_at, description, election, id, institution, leader, level, level_id, name, parent, parent_id, position, student

Traceback (most recent call last):
  File "/home/tarxemo/venv/lib/python3.12/site-packages/promise/promise.py", line 489, in _resolve_from_executor
    executor(resolve, reject)
  File "/home/tarxemo/venv/lib/python3.12/site-packages/promise/promise.py", line 756, in executor
    return resolve(f(*args, **kwargs))
                   ^^^^^^^^^^^^^^^^^^
  File "/home/tarxemo/venv/lib/python3.12/site-packages/graphql/execution/middleware.py", line 75, in make_it_promise
    return next(*args, **kwargs)
           ^^^^^^^^^^^^^^^^^^^^^
  File "/home/tarxemo/Desktop/VS/ElectionBackend/election/queries/positions.py", line 928, in resolve_positions_with_most_contests
    positions = Position.objects.annotate(
                ^^^^^^^^^^^^^^^^^^^^^^^^^^
  File "/home/tarxemo/venv/lib/python3.12/site-packages/django/db/models/manager.py", line 87, in manager_method
    return getattr(self.get_queryset(), name)(*args, **kwargs)
           ^^^^^^^^^^^^^^^^^^^^^^^^^^^^^^^^^^^^^^^^^^^^^^^^^^^
  File "/home/tarxemo/venv/lib/python3.12/site-packages/django/db/models/query.py", line 1630, in annotate
    return self._annotate(args, kwargs, select=True)
           ^^^^^^^^^^^^^^^^^^^^^^^^^^^^^^^^^^^^^^^^^
  File "/home/tarxemo/venv/lib/python3.12/site-packages/django/db/models/query.py", line 1680, in _annotate
    clone.query.add_annotation(
  File "/home/tarxemo/venv/lib/python3.12/site-packages/django/db/models/sql/query.py", line 1194, in add_annotation
    annotation = annotation.resolve_expression(self, allow_joins=True, reuse=None)
                 ^^^^^^^^^^^^^^^^^^^^^^^^^^^^^^^^^^^^^^^^^^^^^^^^^^^^^^^^^^^^^^^^^
  File "/home/tarxemo/venv/lib/python3.12/site-packages/django/db/models/aggregates.py", line 63, in resolve_expression
    c = super().resolve_expression(query, allow_joins, reuse, summarize)
        ^^^^^^^^^^^^^^^^^^^^^^^^^^^^^^^^^^^^^^^^^^^^^^^^^^^^^^^^^^^^^^^^
  File "/home/tarxemo/venv/lib/python3.12/site-packages/django/db/models/expressions.py", line 1073, in resolve_expression
    c.source_expressions[pos] = arg.resolve_expression(
                                ^^^^^^^^^^^^^^^^^^^^^^^
  File "/home/tarxemo/venv/lib/python3.12/site-packages/django/db/models/expressions.py", line 895, in resolve_expression
    return query.resolve_ref(self.name, allow_joins, reuse, summarize)
           ^^^^^^^^^^^^^^^^^^^^^^^^^^^^^^^^^^^^^^^^^^^^^^^^^^^^^^^^^^^
  File "/home/tarxemo/venv/lib/python3.12/site-packages/django/db/models/sql/query.py", line 2010, in resolve_ref
    join_info = self.setup_joins(
                ^^^^^^^^^^^^^^^^^
  File "/home/tarxemo/venv/lib/python3.12/site-packages/django/db/models/sql/query.py", line 1863, in setup_joins
    path, final_field, targets, rest = self.names_to_path(
                                       ^^^^^^^^^^^^^^^^^^^
  File "/home/tarxemo/venv/lib/python3.12/site-packages/django/db/models/sql/query.py", line 1768, in names_to_path
    raise FieldError(
graphql.error.located_error.GraphQLLocatedError: Cannot resolve keyword 'candidates' into field. Choices are: description, election_count, electionposition, elections, id, institution, institution_id, leader, level, level_id, name, voting_power

Traceback (most recent call last):
  File "/home/tarxemo/venv/lib/python3.12/site-packages/promise/promise.py", line 489, in _resolve_from_executor
    executor(resolve, reject)
  File "/home/tarxemo/venv/lib/python3.12/site-packages/promise/promise.py", line 756, in executor
    return resolve(f(*args, **kwargs))
                   ^^^^^^^^^^^^^^^^^^
  File "/home/tarxemo/venv/lib/python3.12/site-packages/graphql/execution/middleware.py", line 75, in make_it_promise
    return next(*args, **kwargs)
           ^^^^^^^^^^^^^^^^^^^^^
  File "/home/tarxemo/Desktop/VS/ElectionBackend/election/queries/positions.py", line 907, in resolve_dashboard_stats
    institutions_with_most_activity = Institution.objects.annotate(
                                      ^^^^^^^^^^^^^^^^^^^^^^^^^^^^^
  File "/home/tarxemo/venv/lib/python3.12/site-packages/django/db/models/manager.py", line 87, in manager_method
    return getattr(self.get_queryset(), name)(*args, **kwargs)
           ^^^^^^^^^^^^^^^^^^^^^^^^^^^^^^^^^^^^^^^^^^^^^^^^^^^
  File "/home/tarxemo/venv/lib/python3.12/site-packages/django/db/models/query.py", line 1630, in annotate
    return self._annotate(args, kwargs, select=True)
           ^^^^^^^^^^^^^^^^^^^^^^^^^^^^^^^^^^^^^^^^^
  File "/home/tarxemo/venv/lib/python3.12/site-packages/django/db/models/query.py", line 1680, in _annotate
    clone.query.add_annotation(
  File "/home/tarxemo/venv/lib/python3.12/site-packages/django/db/models/sql/query.py", line 1194, in add_annotation
    annotation = annotation.resolve_expression(self, allow_joins=True, reuse=None)
                 ^^^^^^^^^^^^^^^^^^^^^^^^^^^^^^^^^^^^^^^^^^^^^^^^^^^^^^^^^^^^^^^^^
  File "/home/tarxemo/venv/lib/python3.12/site-packages/django/db/models/aggregates.py", line 63, in resolve_expression
    c = super().resolve_expression(query, allow_joins, reuse, summarize)
        ^^^^^^^^^^^^^^^^^^^^^^^^^^^^^^^^^^^^^^^^^^^^^^^^^^^^^^^^^^^^^^^^
  File "/home/tarxemo/venv/lib/python3.12/site-packages/django/db/models/expressions.py", line 1073, in resolve_expression
    c.source_expressions[pos] = arg.resolve_expression(
                                ^^^^^^^^^^^^^^^^^^^^^^^
  File "/home/tarxemo/venv/lib/python3.12/site-packages/django/db/models/expressions.py", line 895, in resolve_expression
    return query.resolve_ref(self.name, allow_joins, reuse, summarize)
           ^^^^^^^^^^^^^^^^^^^^^^^^^^^^^^^^^^^^^^^^^^^^^^^^^^^^^^^^^^^
  File "/home/tarxemo/venv/lib/python3.12/site-packages/django/db/models/sql/query.py", line 2010, in resolve_ref
    join_info = self.setup_joins(
                ^^^^^^^^^^^^^^^^^
  File "/home/tarxemo/venv/lib/python3.12/site-packages/django/db/models/sql/query.py", line 1863, in setup_joins
    path, final_field, targets, rest = self.names_to_path(
                                       ^^^^^^^^^^^^^^^^^^^
  File "/home/tarxemo/venv/lib/python3.12/site-packages/django/db/models/sql/query.py", line 1768, in names_to_path
    raise FieldError(
graphql.error.located_error.GraphQLLocatedError: Cannot resolve keyword 'elections' into field. Choices are: created_at, description, election, id, institution, leader, level, level_id, name, parent, parent_id, position, student

Traceback (most recent call last):
  File "/home/tarxemo/venv/lib/python3.12/site-packages/promise/promise.py", line 489, in _resolve_from_executor
    executor(resolve, reject)
  File "/home/tarxemo/venv/lib/python3.12/site-packages/promise/promise.py", line 756, in executor
    return resolve(f(*args, **kwargs))
                   ^^^^^^^^^^^^^^^^^^
  File "/home/tarxemo/venv/lib/python3.12/site-packages/graphql/execution/middleware.py", line 75, in make_it_promise
    return next(*args, **kwargs)
           ^^^^^^^^^^^^^^^^^^^^^
  File "/home/tarxemo/Desktop/VS/ElectionBackend/election/queries/positions.py", line 964, in resolve_institutions_with_most_activity
    institutions = Institution.objects.annotate(
                   ^^^^^^^^^^^^^^^^^^^^^^^^^^^^^
  File "/home/tarxemo/venv/lib/python3.12/site-packages/django/db/models/manager.py", line 87, in manager_method
    return getattr(self.get_queryset(), name)(*args, **kwargs)
           ^^^^^^^^^^^^^^^^^^^^^^^^^^^^^^^^^^^^^^^^^^^^^^^^^^^
  File "/home/tarxemo/venv/lib/python3.12/site-packages/django/db/models/query.py", line 1630, in annotate
    return self._annotate(args, kwargs, select=True)
           ^^^^^^^^^^^^^^^^^^^^^^^^^^^^^^^^^^^^^^^^^
  File "/home/tarxemo/venv/lib/python3.12/site-packages/django/db/models/query.py", line 1680, in _annotate
    clone.query.add_annotation(
  File "/home/tarxemo/venv/lib/python3.12/site-packages/django/db/models/sql/query.py", line 1194, in add_annotation
    annotation = annotation.resolve_expression(self, allow_joins=True, reuse=None)
                 ^^^^^^^^^^^^^^^^^^^^^^^^^^^^^^^^^^^^^^^^^^^^^^^^^^^^^^^^^^^^^^^^^
  File "/home/tarxemo/venv/lib/python3.12/site-packages/django/db/models/aggregates.py", line 63, in resolve_expression
    c = super().resolve_expression(query, allow_joins, reuse, summarize)
        ^^^^^^^^^^^^^^^^^^^^^^^^^^^^^^^^^^^^^^^^^^^^^^^^^^^^^^^^^^^^^^^^
  File "/home/tarxemo/venv/lib/python3.12/site-packages/django/db/models/expressions.py", line 1073, in resolve_expression
    c.source_expressions[pos] = arg.resolve_expression(
                                ^^^^^^^^^^^^^^^^^^^^^^^
  File "/home/tarxemo/venv/lib/python3.12/site-packages/django/db/models/expressions.py", line 895, in resolve_expression
    return query.resolve_ref(self.name, allow_joins, reuse, summarize)
           ^^^^^^^^^^^^^^^^^^^^^^^^^^^^^^^^^^^^^^^^^^^^^^^^^^^^^^^^^^^
  File "/home/tarxemo/venv/lib/python3.12/site-packages/django/db/models/sql/query.py", line 2010, in resolve_ref
    join_info = self.setup_joins(
                ^^^^^^^^^^^^^^^^^
  File "/home/tarxemo/venv/lib/python3.12/site-packages/django/db/models/sql/query.py", line 1863, in setup_joins
    path, final_field, targets, rest = self.names_to_path(
                                       ^^^^^^^^^^^^^^^^^^^
  File "/home/tarxemo/venv/lib/python3.12/site-packages/django/db/models/sql/query.py", line 1768, in names_to_path
    raise FieldError(
graphql.error.located_error.GraphQLLocatedError: Cannot resolve keyword 'elections' into field. Choices are: created_at, description, election, id, institution, leader, level, level_id, name, parent, parent_id, position, student

/home/tarxemo/Desktop/VS/ElectionBackend/election/queries/positions.py changed, reloading.
Watching for file changes with StatReloader
Traceback (most recent call last):
  File "/home/tarxemo/venv/lib/python3.12/site-packages/promise/promise.py", line 489, in _resolve_from_executor
    executor(resolve, reject)
  File "/home/tarxemo/venv/lib/python3.12/site-packages/promise/promise.py", line 756, in executor
    return resolve(f(*args, **kwargs))
                   ^^^^^^^^^^^^^^^^^^
  File "/home/tarxemo/venv/lib/python3.12/site-packages/graphql/execution/middleware.py", line 75, in make_it_promise
    return next(*args, **kwargs)
           ^^^^^^^^^^^^^^^^^^^^^
  File "/home/tarxemo/Desktop/VS/ElectionBackend/election/queries/positions.py", line 902, in resolve_dashboard_stats
    positions_with_most_contests = Position.objects.annotate(
                                   ^^^^^^^^^^^^^^^^^^^^^^^^^^
  File "/home/tarxemo/venv/lib/python3.12/site-packages/django/db/models/manager.py", line 87, in manager_method
    return getattr(self.get_queryset(), name)(*args, **kwargs)
           ^^^^^^^^^^^^^^^^^^^^^^^^^^^^^^^^^^^^^^^^^^^^^^^^^^^
  File "/home/tarxemo/venv/lib/python3.12/site-packages/django/db/models/query.py", line 1630, in annotate
    return self._annotate(args, kwargs, select=True)
           ^^^^^^^^^^^^^^^^^^^^^^^^^^^^^^^^^^^^^^^^^
  File "/home/tarxemo/venv/lib/python3.12/site-packages/django/db/models/query.py", line 1680, in _annotate
    clone.query.add_annotation(
  File "/home/tarxemo/venv/lib/python3.12/site-packages/django/db/models/sql/query.py", line 1194, in add_annotation
    annotation = annotation.resolve_expression(self, allow_joins=True, reuse=None)
                 ^^^^^^^^^^^^^^^^^^^^^^^^^^^^^^^^^^^^^^^^^^^^^^^^^^^^^^^^^^^^^^^^^
  File "/home/tarxemo/venv/lib/python3.12/site-packages/django/db/models/aggregates.py", line 63, in resolve_expression
    c = super().resolve_expression(query, allow_joins, reuse, summarize)
        ^^^^^^^^^^^^^^^^^^^^^^^^^^^^^^^^^^^^^^^^^^^^^^^^^^^^^^^^^^^^^^^^
  File "/home/tarxemo/venv/lib/python3.12/site-packages/django/db/models/expressions.py", line 1073, in resolve_expression
    c.source_expressions[pos] = arg.resolve_expression(
                                ^^^^^^^^^^^^^^^^^^^^^^^
  File "/home/tarxemo/venv/lib/python3.12/site-packages/django/db/models/expressions.py", line 895, in resolve_expression
    return query.resolve_ref(self.name, allow_joins, reuse, summarize)
           ^^^^^^^^^^^^^^^^^^^^^^^^^^^^^^^^^^^^^^^^^^^^^^^^^^^^^^^^^^^
  File "/home/tarxemo/venv/lib/python3.12/site-packages/django/db/models/sql/query.py", line 2010, in resolve_ref
    join_info = self.setup_joins(
                ^^^^^^^^^^^^^^^^^
  File "/home/tarxemo/venv/lib/python3.12/site-packages/django/db/models/sql/query.py", line 1863, in setup_joins
    path, final_field, targets, rest = self.names_to_path(
                                       ^^^^^^^^^^^^^^^^^^^
  File "/home/tarxemo/venv/lib/python3.12/site-packages/django/db/models/sql/query.py", line 1768, in names_to_path
    raise FieldError(
graphql.error.located_error.GraphQLLocatedError: Cannot resolve keyword 'election' into field. Choices are: description, electionposition, elections, id, institution, institution_id, leader, level, level_id, name, voting_power

Traceback (most recent call last):
  File "/home/tarxemo/venv/lib/python3.12/site-packages/promise/promise.py", line 489, in _resolve_from_executor
    executor(resolve, reject)
  File "/home/tarxemo/venv/lib/python3.12/site-packages/promise/promise.py", line 756, in executor
    return resolve(f(*args, **kwargs))
                   ^^^^^^^^^^^^^^^^^^
  File "/home/tarxemo/venv/lib/python3.12/site-packages/graphql/execution/middleware.py", line 75, in make_it_promise
    return next(*args, **kwargs)
           ^^^^^^^^^^^^^^^^^^^^^
  File "/home/tarxemo/Desktop/VS/ElectionBackend/election/queries/positions.py", line 928, in resolve_positions_with_most_contests
    positions = Position.objects.annotate(
                ^^^^^^^^^^^^^^^^^^^^^^^^^^
  File "/home/tarxemo/venv/lib/python3.12/site-packages/django/db/models/manager.py", line 87, in manager_method
    return getattr(self.get_queryset(), name)(*args, **kwargs)
           ^^^^^^^^^^^^^^^^^^^^^^^^^^^^^^^^^^^^^^^^^^^^^^^^^^^
  File "/home/tarxemo/venv/lib/python3.12/site-packages/django/db/models/query.py", line 1630, in annotate
    return self._annotate(args, kwargs, select=True)
           ^^^^^^^^^^^^^^^^^^^^^^^^^^^^^^^^^^^^^^^^^
  File "/home/tarxemo/venv/lib/python3.12/site-packages/django/db/models/query.py", line 1680, in _annotate
    clone.query.add_annotation(
  File "/home/tarxemo/venv/lib/python3.12/site-packages/django/db/models/sql/query.py", line 1194, in add_annotation
    annotation = annotation.resolve_expression(self, allow_joins=True, reuse=None)
                 ^^^^^^^^^^^^^^^^^^^^^^^^^^^^^^^^^^^^^^^^^^^^^^^^^^^^^^^^^^^^^^^^^
  File "/home/tarxemo/venv/lib/python3.12/site-packages/django/db/models/aggregates.py", line 63, in resolve_expression
    c = super().resolve_expression(query, allow_joins, reuse, summarize)
        ^^^^^^^^^^^^^^^^^^^^^^^^^^^^^^^^^^^^^^^^^^^^^^^^^^^^^^^^^^^^^^^^
  File "/home/tarxemo/venv/lib/python3.12/site-packages/django/db/models/expressions.py", line 1073, in resolve_expression
    c.source_expressions[pos] = arg.resolve_expression(
                                ^^^^^^^^^^^^^^^^^^^^^^^
  File "/home/tarxemo/venv/lib/python3.12/site-packages/django/db/models/expressions.py", line 895, in resolve_expression
    return query.resolve_ref(self.name, allow_joins, reuse, summarize)
           ^^^^^^^^^^^^^^^^^^^^^^^^^^^^^^^^^^^^^^^^^^^^^^^^^^^^^^^^^^^
  File "/home/tarxemo/venv/lib/python3.12/site-packages/django/db/models/sql/query.py", line 2010, in resolve_ref
    join_info = self.setup_joins(
                ^^^^^^^^^^^^^^^^^
  File "/home/tarxemo/venv/lib/python3.12/site-packages/django/db/models/sql/query.py", line 1863, in setup_joins
    path, final_field, targets, rest = self.names_to_path(
                                       ^^^^^^^^^^^^^^^^^^^
  File "/home/tarxemo/venv/lib/python3.12/site-packages/django/db/models/sql/query.py", line 1768, in names_to_path
    raise FieldError(
graphql.error.located_error.GraphQLLocatedError: Cannot resolve keyword 'candidates' into field. Choices are: description, election_count, electionposition, elections, id, institution, institution_id, leader, level, level_id, name, voting_power

Traceback (most recent call last):
  File "/home/tarxemo/venv/lib/python3.12/site-packages/promise/promise.py", line 489, in _resolve_from_executor
    executor(resolve, reject)
  File "/home/tarxemo/venv/lib/python3.12/site-packages/promise/promise.py", line 756, in executor
    return resolve(f(*args, **kwargs))
                   ^^^^^^^^^^^^^^^^^^
  File "/home/tarxemo/venv/lib/python3.12/site-packages/graphql/execution/middleware.py", line 75, in make_it_promise
    return next(*args, **kwargs)
           ^^^^^^^^^^^^^^^^^^^^^
  File "/home/tarxemo/Desktop/VS/ElectionBackend/election/queries/positions.py", line 964, in resolve_institutions_with_most_activity
    institutions = Institution.objects.annotate(
                   ^^^^^^^^^^^^^^^^^^^^^^^^^^^^^
  File "/home/tarxemo/venv/lib/python3.12/site-packages/django/db/models/manager.py", line 87, in manager_method
    return getattr(self.get_queryset(), name)(*args, **kwargs)
           ^^^^^^^^^^^^^^^^^^^^^^^^^^^^^^^^^^^^^^^^^^^^^^^^^^^
  File "/home/tarxemo/venv/lib/python3.12/site-packages/django/db/models/query.py", line 1630, in annotate
    return self._annotate(args, kwargs, select=True)
           ^^^^^^^^^^^^^^^^^^^^^^^^^^^^^^^^^^^^^^^^^
  File "/home/tarxemo/venv/lib/python3.12/site-packages/django/db/models/query.py", line 1680, in _annotate
    clone.query.add_annotation(
  File "/home/tarxemo/venv/lib/python3.12/site-packages/django/db/models/sql/query.py", line 1194, in add_annotation
    annotation = annotation.resolve_expression(self, allow_joins=True, reuse=None)
                 ^^^^^^^^^^^^^^^^^^^^^^^^^^^^^^^^^^^^^^^^^^^^^^^^^^^^^^^^^^^^^^^^^
  File "/home/tarxemo/venv/lib/python3.12/site-packages/django/db/models/aggregates.py", line 63, in resolve_expression
    c = super().resolve_expression(query, allow_joins, reuse, summarize)
        ^^^^^^^^^^^^^^^^^^^^^^^^^^^^^^^^^^^^^^^^^^^^^^^^^^^^^^^^^^^^^^^^
  File "/home/tarxemo/venv/lib/python3.12/site-packages/django/db/models/expressions.py", line 1073, in resolve_expression
    c.source_expressions[pos] = arg.resolve_expression(
                                ^^^^^^^^^^^^^^^^^^^^^^^
  File "/home/tarxemo/venv/lib/python3.12/site-packages/django/db/models/expressions.py", line 895, in resolve_expression
    return query.resolve_ref(self.name, allow_joins, reuse, summarize)
           ^^^^^^^^^^^^^^^^^^^^^^^^^^^^^^^^^^^^^^^^^^^^^^^^^^^^^^^^^^^
  File "/home/tarxemo/venv/lib/python3.12/site-packages/django/db/models/sql/query.py", line 2010, in resolve_ref
    join_info = self.setup_joins(
                ^^^^^^^^^^^^^^^^^
  File "/home/tarxemo/venv/lib/python3.12/site-packages/django/db/models/sql/query.py", line 1863, in setup_joins
    path, final_field, targets, rest = self.names_to_path(
                                       ^^^^^^^^^^^^^^^^^^^
  File "/home/tarxemo/venv/lib/python3.12/site-packages/django/db/models/sql/query.py", line 1768, in names_to_path
    raise FieldError(
graphql.error.located_error.GraphQLLocatedError: Cannot resolve keyword 'elections' into field. Choices are: created_at, description, election, id, institution, leader, level, level_id, name, parent, parent_id, position, student

/home/tarxemo/Desktop/VS/ElectionBackend/election/queries/positions.py changed, reloading.
Watching for file changes with StatReloader
Traceback (most recent call last):
  File "/home/tarxemo/venv/lib/python3.12/site-packages/promise/promise.py", line 489, in _resolve_from_executor
    executor(resolve, reject)
  File "/home/tarxemo/venv/lib/python3.12/site-packages/promise/promise.py", line 756, in executor
    return resolve(f(*args, **kwargs))
                   ^^^^^^^^^^^^^^^^^^
  File "/home/tarxemo/venv/lib/python3.12/site-packages/graphql/execution/middleware.py", line 75, in make_it_promise
    return next(*args, **kwargs)
           ^^^^^^^^^^^^^^^^^^^^^
  File "/home/tarxemo/Desktop/VS/ElectionBackend/election/queries/positions.py", line 928, in resolve_positions_with_most_contests
    positions = Position.objects.annotate(
                ^^^^^^^^^^^^^^^^^^^^^^^^^^
  File "/home/tarxemo/venv/lib/python3.12/site-packages/django/db/models/manager.py", line 87, in manager_method
    return getattr(self.get_queryset(), name)(*args, **kwargs)
           ^^^^^^^^^^^^^^^^^^^^^^^^^^^^^^^^^^^^^^^^^^^^^^^^^^^
  File "/home/tarxemo/venv/lib/python3.12/site-packages/django/db/models/query.py", line 1630, in annotate
    return self._annotate(args, kwargs, select=True)
           ^^^^^^^^^^^^^^^^^^^^^^^^^^^^^^^^^^^^^^^^^
  File "/home/tarxemo/venv/lib/python3.12/site-packages/django/db/models/query.py", line 1680, in _annotate
    clone.query.add_annotation(
  File "/home/tarxemo/venv/lib/python3.12/site-packages/django/db/models/sql/query.py", line 1194, in add_annotation
    annotation = annotation.resolve_expression(self, allow_joins=True, reuse=None)
                 ^^^^^^^^^^^^^^^^^^^^^^^^^^^^^^^^^^^^^^^^^^^^^^^^^^^^^^^^^^^^^^^^^
  File "/home/tarxemo/venv/lib/python3.12/site-packages/django/db/models/aggregates.py", line 63, in resolve_expression
    c = super().resolve_expression(query, allow_joins, reuse, summarize)
        ^^^^^^^^^^^^^^^^^^^^^^^^^^^^^^^^^^^^^^^^^^^^^^^^^^^^^^^^^^^^^^^^
  File "/home/tarxemo/venv/lib/python3.12/site-packages/django/db/models/expressions.py", line 1073, in resolve_expression
    c.source_expressions[pos] = arg.resolve_expression(
                                ^^^^^^^^^^^^^^^^^^^^^^^
  File "/home/tarxemo/venv/lib/python3.12/site-packages/django/db/models/expressions.py", line 895, in resolve_expression
    return query.resolve_ref(self.name, allow_joins, reuse, summarize)
           ^^^^^^^^^^^^^^^^^^^^^^^^^^^^^^^^^^^^^^^^^^^^^^^^^^^^^^^^^^^
  File "/home/tarxemo/venv/lib/python3.12/site-packages/django/db/models/sql/query.py", line 2010, in resolve_ref
    join_info = self.setup_joins(
                ^^^^^^^^^^^^^^^^^
  File "/home/tarxemo/venv/lib/python3.12/site-packages/django/db/models/sql/query.py", line 1863, in setup_joins
    path, final_field, targets, rest = self.names_to_path(
                                       ^^^^^^^^^^^^^^^^^^^
  File "/home/tarxemo/venv/lib/python3.12/site-packages/django/db/models/sql/query.py", line 1768, in names_to_path
    raise FieldError(
graphql.error.located_error.GraphQLLocatedError: Cannot resolve keyword 'candidates' into field. Choices are: description, election_count, electionposition, elections, id, institution, institution_id, leader, level, level_id, name, voting_power

Traceback (most recent call last):
  File "/home/tarxemo/venv/lib/python3.12/site-packages/promise/promise.py", line 489, in _resolve_from_executor
    executor(resolve, reject)
  File "/home/tarxemo/venv/lib/python3.12/site-packages/promise/promise.py", line 756, in executor
    return resolve(f(*args, **kwargs))
                   ^^^^^^^^^^^^^^^^^^
  File "/home/tarxemo/venv/lib/python3.12/site-packages/graphql/execution/middleware.py", line 75, in make_it_promise
    return next(*args, **kwargs)
           ^^^^^^^^^^^^^^^^^^^^^
  File "/home/tarxemo/Desktop/VS/ElectionBackend/election/queries/positions.py", line 964, in resolve_institutions_with_most_activity
    institutions = Institution.objects.annotate(
                   ^^^^^^^^^^^^^^^^^^^^^^^^^^^^^
  File "/home/tarxemo/venv/lib/python3.12/site-packages/django/db/models/manager.py", line 87, in manager_method
    return getattr(self.get_queryset(), name)(*args, **kwargs)
           ^^^^^^^^^^^^^^^^^^^^^^^^^^^^^^^^^^^^^^^^^^^^^^^^^^^
  File "/home/tarxemo/venv/lib/python3.12/site-packages/django/db/models/query.py", line 1630, in annotate
    return self._annotate(args, kwargs, select=True)
           ^^^^^^^^^^^^^^^^^^^^^^^^^^^^^^^^^^^^^^^^^
  File "/home/tarxemo/venv/lib/python3.12/site-packages/django/db/models/query.py", line 1680, in _annotate
    clone.query.add_annotation(
  File "/home/tarxemo/venv/lib/python3.12/site-packages/django/db/models/sql/query.py", line 1194, in add_annotation
    annotation = annotation.resolve_expression(self, allow_joins=True, reuse=None)
                 ^^^^^^^^^^^^^^^^^^^^^^^^^^^^^^^^^^^^^^^^^^^^^^^^^^^^^^^^^^^^^^^^^
  File "/home/tarxemo/venv/lib/python3.12/site-packages/django/db/models/aggregates.py", line 63, in resolve_expression
    c = super().resolve_expression(query, allow_joins, reuse, summarize)
        ^^^^^^^^^^^^^^^^^^^^^^^^^^^^^^^^^^^^^^^^^^^^^^^^^^^^^^^^^^^^^^^^
  File "/home/tarxemo/venv/lib/python3.12/site-packages/django/db/models/expressions.py", line 1073, in resolve_expression
    c.source_expressions[pos] = arg.resolve_expression(
                                ^^^^^^^^^^^^^^^^^^^^^^^
  File "/home/tarxemo/venv/lib/python3.12/site-packages/django/db/models/expressions.py", line 895, in resolve_expression
    return query.resolve_ref(self.name, allow_joins, reuse, summarize)
           ^^^^^^^^^^^^^^^^^^^^^^^^^^^^^^^^^^^^^^^^^^^^^^^^^^^^^^^^^^^
  File "/home/tarxemo/venv/lib/python3.12/site-packages/django/db/models/sql/query.py", line 2010, in resolve_ref
    join_info = self.setup_joins(
                ^^^^^^^^^^^^^^^^^
  File "/home/tarxemo/venv/lib/python3.12/site-packages/django/db/models/sql/query.py", line 1863, in setup_joins
    path, final_field, targets, rest = self.names_to_path(
                                       ^^^^^^^^^^^^^^^^^^^
  File "/home/tarxemo/venv/lib/python3.12/site-packages/django/db/models/sql/query.py", line 1768, in names_to_path
    raise FieldError(
graphql.error.located_error.GraphQLLocatedError: Cannot resolve keyword 'elections' into field. Choices are: created_at, description, election, id, institution, leader, level, level_id, name, parent, parent_id, position, student

Traceback (most recent call last):
  File "/home/tarxemo/venv/lib/python3.12/site-packages/promise/promise.py", line 489, in _resolve_from_executor
    executor(resolve, reject)
  File "/home/tarxemo/venv/lib/python3.12/site-packages/promise/promise.py", line 756, in executor
    return resolve(f(*args, **kwargs))
                   ^^^^^^^^^^^^^^^^^^
  File "/home/tarxemo/venv/lib/python3.12/site-packages/graphql/execution/middleware.py", line 75, in make_it_promise
    return next(*args, **kwargs)
           ^^^^^^^^^^^^^^^^^^^^^
  File "/home/tarxemo/Desktop/VS/ElectionBackend/election/queries/positions.py", line 964, in resolve_institutions_with_most_activity
    institutions = Institution.objects.annotate(
                   ^^^^^^^^^^^^^^^^^^^^^^^^^^^^^
  File "/home/tarxemo/venv/lib/python3.12/site-packages/django/db/models/manager.py", line 87, in manager_method
    return getattr(self.get_queryset(), name)(*args, **kwargs)
           ^^^^^^^^^^^^^^^^^^^^^^^^^^^^^^^^^^^^^^^^^^^^^^^^^^^
  File "/home/tarxemo/venv/lib/python3.12/site-packages/django/db/models/query.py", line 1630, in annotate
    return self._annotate(args, kwargs, select=True)
           ^^^^^^^^^^^^^^^^^^^^^^^^^^^^^^^^^^^^^^^^^
  File "/home/tarxemo/venv/lib/python3.12/site-packages/django/db/models/query.py", line 1680, in _annotate
    clone.query.add_annotation(
  File "/home/tarxemo/venv/lib/python3.12/site-packages/django/db/models/sql/query.py", line 1194, in add_annotation
    annotation = annotation.resolve_expression(self, allow_joins=True, reuse=None)
                 ^^^^^^^^^^^^^^^^^^^^^^^^^^^^^^^^^^^^^^^^^^^^^^^^^^^^^^^^^^^^^^^^^
  File "/home/tarxemo/venv/lib/python3.12/site-packages/django/db/models/aggregates.py", line 63, in resolve_expression
    c = super().resolve_expression(query, allow_joins, reuse, summarize)
        ^^^^^^^^^^^^^^^^^^^^^^^^^^^^^^^^^^^^^^^^^^^^^^^^^^^^^^^^^^^^^^^^
  File "/home/tarxemo/venv/lib/python3.12/site-packages/django/db/models/expressions.py", line 1073, in resolve_expression
    c.source_expressions[pos] = arg.resolve_expression(
                                ^^^^^^^^^^^^^^^^^^^^^^^
  File "/home/tarxemo/venv/lib/python3.12/site-packages/django/db/models/expressions.py", line 895, in resolve_expression
    return query.resolve_ref(self.name, allow_joins, reuse, summarize)
           ^^^^^^^^^^^^^^^^^^^^^^^^^^^^^^^^^^^^^^^^^^^^^^^^^^^^^^^^^^^
  File "/home/tarxemo/venv/lib/python3.12/site-packages/django/db/models/sql/query.py", line 2010, in resolve_ref
    join_info = self.setup_joins(
                ^^^^^^^^^^^^^^^^^
  File "/home/tarxemo/venv/lib/python3.12/site-packages/django/db/models/sql/query.py", line 1863, in setup_joins
    path, final_field, targets, rest = self.names_to_path(
                                       ^^^^^^^^^^^^^^^^^^^
  File "/home/tarxemo/venv/lib/python3.12/site-packages/django/db/models/sql/query.py", line 1768, in names_to_path
    raise FieldError(
graphql.error.located_error.GraphQLLocatedError: Cannot resolve keyword 'elections' into field. Choices are: created_at, description, election, id, institution, leader, level, level_id, name, parent, parent_id, position, student

/home/tarxemo/Desktop/VS/ElectionBackend/election/queries/positions.py changed, reloading.
Watching for file changes with StatReloader
Traceback (most recent call last):
  File "/home/tarxemo/venv/lib/python3.12/site-packages/promise/promise.py", line 489, in _resolve_from_executor
    executor(resolve, reject)
  File "/home/tarxemo/venv/lib/python3.12/site-packages/promise/promise.py", line 756, in executor
    return resolve(f(*args, **kwargs))
                   ^^^^^^^^^^^^^^^^^^
  File "/home/tarxemo/venv/lib/python3.12/site-packages/graphql/execution/middleware.py", line 75, in make_it_promise
    return next(*args, **kwargs)
           ^^^^^^^^^^^^^^^^^^^^^
  File "/home/tarxemo/Desktop/VS/ElectionBackend/election/queries/positions.py", line 975, in resolve_institutions_with_most_activity
    turnout=F('total_votes_cast') * 100.0 / F('total_voters')
            ^
graphql.error.located_error.GraphQLLocatedError: name 'F' is not defined

/home/tarxemo/Desktop/VS/ElectionBackend/election/queries/positions.py changed, reloading.
Watching for file changes with StatReloader
Traceback (most recent call last):
  File "/home/tarxemo/venv/lib/python3.12/site-packages/promise/promise.py", line 489, in _resolve_from_executor
    executor(resolve, reject)
  File "/home/tarxemo/venv/lib/python3.12/site-packages/promise/promise.py", line 756, in executor
    return resolve(f(*args, **kwargs))
                   ^^^^^^^^^^^^^^^^^^
  File "/home/tarxemo/venv/lib/python3.12/site-packages/graphql/execution/middleware.py", line 75, in make_it_promise
    return next(*args, **kwargs)
           ^^^^^^^^^^^^^^^^^^^^^
  File "/home/tarxemo/Desktop/VS/ElectionBackend/election/queries/positions.py", line 974, in resolve_institutions_with_most_activity
    ).annotate(
      ^^^^^^^^^
  File "/home/tarxemo/venv/lib/python3.12/site-packages/django/db/models/query.py", line 1630, in annotate
    return self._annotate(args, kwargs, select=True)
           ^^^^^^^^^^^^^^^^^^^^^^^^^^^^^^^^^^^^^^^^^
  File "/home/tarxemo/venv/lib/python3.12/site-packages/django/db/models/query.py", line 1680, in _annotate
    clone.query.add_annotation(
  File "/home/tarxemo/venv/lib/python3.12/site-packages/django/db/models/sql/query.py", line 1194, in add_annotation
    annotation = annotation.resolve_expression(self, allow_joins=True, reuse=None)
                 ^^^^^^^^^^^^^^^^^^^^^^^^^^^^^^^^^^^^^^^^^^^^^^^^^^^^^^^^^^^^^^^^^
  File "/home/tarxemo/venv/lib/python3.12/site-packages/django/db/models/expressions.py", line 753, in resolve_expression
    lhs = self.lhs.resolve_expression(
          ^^^^^^^^^^^^^^^^^^^^^^^^^^^^
  File "/home/tarxemo/venv/lib/python3.12/site-packages/django/db/models/expressions.py", line 753, in resolve_expression
    lhs = self.lhs.resolve_expression(
          ^^^^^^^^^^^^^^^^^^^^^^^^^^^^
  File "/home/tarxemo/venv/lib/python3.12/site-packages/django/db/models/expressions.py", line 895, in resolve_expression
    return query.resolve_ref(self.name, allow_joins, reuse, summarize)
           ^^^^^^^^^^^^^^^^^^^^^^^^^^^^^^^^^^^^^^^^^^^^^^^^^^^^^^^^^^^
  File "/home/tarxemo/venv/lib/python3.12/site-packages/django/db/models/sql/query.py", line 2010, in resolve_ref
    join_info = self.setup_joins(
                ^^^^^^^^^^^^^^^^^
  File "/home/tarxemo/venv/lib/python3.12/site-packages/django/db/models/sql/query.py", line 1863, in setup_joins
    path, final_field, targets, rest = self.names_to_path(
                                       ^^^^^^^^^^^^^^^^^^^
  File "/home/tarxemo/venv/lib/python3.12/site-packages/django/db/models/sql/query.py", line 1768, in names_to_path
    raise FieldError(
graphql.error.located_error.GraphQLLocatedError: Cannot resolve keyword 'total_votes_cast' into field. Choices are: academic_year, academic_year_id, description, electionposition, electionresult, electionstatistics, end_datetime, id, institution, institution_id, level, level_id, name, positions, start_datetime, status, votes

Traceback (most recent call last):
  File "/home/tarxemo/venv/lib/python3.12/site-packages/promise/promise.py", line 489, in _resolve_from_executor
    executor(resolve, reject)
  File "/home/tarxemo/venv/lib/python3.12/site-packages/promise/promise.py", line 756, in executor
    return resolve(f(*args, **kwargs))
                   ^^^^^^^^^^^^^^^^^^
  File "/home/tarxemo/venv/lib/python3.12/site-packages/graphql/execution/middleware.py", line 75, in make_it_promise
    return next(*args, **kwargs)
           ^^^^^^^^^^^^^^^^^^^^^
  File "/home/tarxemo/Desktop/VS/ElectionBackend/election/queries/positions.py", line 928, in resolve_positions_with_most_contests
    positions = Position.objects.annotate(
                ^^^^^^^^^^^^^^^^^^^^^^^^^^
  File "/home/tarxemo/venv/lib/python3.12/site-packages/django/db/models/manager.py", line 87, in manager_method
    return getattr(self.get_queryset(), name)(*args, **kwargs)
           ^^^^^^^^^^^^^^^^^^^^^^^^^^^^^^^^^^^^^^^^^^^^^^^^^^^
  File "/home/tarxemo/venv/lib/python3.12/site-packages/django/db/models/query.py", line 1630, in annotate
    return self._annotate(args, kwargs, select=True)
           ^^^^^^^^^^^^^^^^^^^^^^^^^^^^^^^^^^^^^^^^^
  File "/home/tarxemo/venv/lib/python3.12/site-packages/django/db/models/query.py", line 1680, in _annotate
    clone.query.add_annotation(
  File "/home/tarxemo/venv/lib/python3.12/site-packages/django/db/models/sql/query.py", line 1194, in add_annotation
    annotation = annotation.resolve_expression(self, allow_joins=True, reuse=None)
                 ^^^^^^^^^^^^^^^^^^^^^^^^^^^^^^^^^^^^^^^^^^^^^^^^^^^^^^^^^^^^^^^^^
  File "/home/tarxemo/venv/lib/python3.12/site-packages/django/db/models/aggregates.py", line 63, in resolve_expression
    c = super().resolve_expression(query, allow_joins, reuse, summarize)
        ^^^^^^^^^^^^^^^^^^^^^^^^^^^^^^^^^^^^^^^^^^^^^^^^^^^^^^^^^^^^^^^^
  File "/home/tarxemo/venv/lib/python3.12/site-packages/django/db/models/expressions.py", line 1073, in resolve_expression
    c.source_expressions[pos] = arg.resolve_expression(
                                ^^^^^^^^^^^^^^^^^^^^^^^
  File "/home/tarxemo/venv/lib/python3.12/site-packages/django/db/models/expressions.py", line 895, in resolve_expression
    return query.resolve_ref(self.name, allow_joins, reuse, summarize)
           ^^^^^^^^^^^^^^^^^^^^^^^^^^^^^^^^^^^^^^^^^^^^^^^^^^^^^^^^^^^
  File "/home/tarxemo/venv/lib/python3.12/site-packages/django/db/models/sql/query.py", line 2010, in resolve_ref
    join_info = self.setup_joins(
                ^^^^^^^^^^^^^^^^^
  File "/home/tarxemo/venv/lib/python3.12/site-packages/django/db/models/sql/query.py", line 1863, in setup_joins
    path, final_field, targets, rest = self.names_to_path(
                                       ^^^^^^^^^^^^^^^^^^^
  File "/home/tarxemo/venv/lib/python3.12/site-packages/django/db/models/sql/query.py", line 1768, in names_to_path
    raise FieldError(
graphql.error.located_error.GraphQLLocatedError: Cannot resolve keyword 'candidates' into field. Choices are: description, election_count, electionposition, elections, id, institution, institution_id, leader, level, level_id, name, voting_power

Traceback (most recent call last):
  File "/home/tarxemo/venv/lib/python3.12/site-packages/promise/promise.py", line 489, in _resolve_from_executor
    executor(resolve, reject)
  File "/home/tarxemo/venv/lib/python3.12/site-packages/promise/promise.py", line 756, in executor
    return resolve(f(*args, **kwargs))
                   ^^^^^^^^^^^^^^^^^^
  File "/home/tarxemo/venv/lib/python3.12/site-packages/graphql/execution/middleware.py", line 75, in make_it_promise
    return next(*args, **kwargs)
           ^^^^^^^^^^^^^^^^^^^^^
  File "/home/tarxemo/Desktop/VS/ElectionBackend/election/queries/positions.py", line 974, in resolve_institutions_with_most_activity
    ).annotate(
      ^^^^^^^^^
  File "/home/tarxemo/venv/lib/python3.12/site-packages/django/db/models/query.py", line 1630, in annotate
    return self._annotate(args, kwargs, select=True)
           ^^^^^^^^^^^^^^^^^^^^^^^^^^^^^^^^^^^^^^^^^
  File "/home/tarxemo/venv/lib/python3.12/site-packages/django/db/models/query.py", line 1680, in _annotate
    clone.query.add_annotation(
  File "/home/tarxemo/venv/lib/python3.12/site-packages/django/db/models/sql/query.py", line 1194, in add_annotation
    annotation = annotation.resolve_expression(self, allow_joins=True, reuse=None)
                 ^^^^^^^^^^^^^^^^^^^^^^^^^^^^^^^^^^^^^^^^^^^^^^^^^^^^^^^^^^^^^^^^^
  File "/home/tarxemo/venv/lib/python3.12/site-packages/django/db/models/expressions.py", line 753, in resolve_expression
    lhs = self.lhs.resolve_expression(
          ^^^^^^^^^^^^^^^^^^^^^^^^^^^^
  File "/home/tarxemo/venv/lib/python3.12/site-packages/django/db/models/expressions.py", line 753, in resolve_expression
    lhs = self.lhs.resolve_expression(
          ^^^^^^^^^^^^^^^^^^^^^^^^^^^^
  File "/home/tarxemo/venv/lib/python3.12/site-packages/django/db/models/expressions.py", line 895, in resolve_expression
    return query.resolve_ref(self.name, allow_joins, reuse, summarize)
           ^^^^^^^^^^^^^^^^^^^^^^^^^^^^^^^^^^^^^^^^^^^^^^^^^^^^^^^^^^^
  File "/home/tarxemo/venv/lib/python3.12/site-packages/django/db/models/sql/query.py", line 2010, in resolve_ref
    join_info = self.setup_joins(
                ^^^^^^^^^^^^^^^^^
  File "/home/tarxemo/venv/lib/python3.12/site-packages/django/db/models/sql/query.py", line 1863, in setup_joins
    path, final_field, targets, rest = self.names_to_path(
                                       ^^^^^^^^^^^^^^^^^^^
  File "/home/tarxemo/venv/lib/python3.12/site-packages/django/db/models/sql/query.py", line 1768, in names_to_path
    raise FieldError(
graphql.error.located_error.GraphQLLocatedError: Cannot resolve keyword 'total_votes_cast' into field. Choices are: academic_year, academic_year_id, description, electionposition, electionresult, electionstatistics, end_datetime, id, institution, institution_id, level, level_id, name, positions, start_datetime, status, votes

/home/tarxemo/Desktop/VS/ElectionBackend/election/queries/positions.py changed, reloading.
Watching for file changes with StatReloader
Traceback (most recent call last):
  File "/home/tarxemo/venv/lib/python3.12/site-packages/promise/promise.py", line 489, in _resolve_from_executor
    executor(resolve, reject)
  File "/home/tarxemo/venv/lib/python3.12/site-packages/promise/promise.py", line 756, in executor
    return resolve(f(*args, **kwargs))
                   ^^^^^^^^^^^^^^^^^^
  File "/home/tarxemo/venv/lib/python3.12/site-packages/graphql/execution/middleware.py", line 75, in make_it_promise
    return next(*args, **kwargs)
           ^^^^^^^^^^^^^^^^^^^^^
  File "/home/tarxemo/Desktop/VS/ElectionBackend/election/queries/positions.py", line 928, in resolve_positions_with_most_contests
    positions = Position.objects.annotate(
                ^^^^^^^^^^^^^^^^^^^^^^^^^^
  File "/home/tarxemo/venv/lib/python3.12/site-packages/django/db/models/manager.py", line 87, in manager_method
    return getattr(self.get_queryset(), name)(*args, **kwargs)
           ^^^^^^^^^^^^^^^^^^^^^^^^^^^^^^^^^^^^^^^^^^^^^^^^^^^
  File "/home/tarxemo/venv/lib/python3.12/site-packages/django/db/models/query.py", line 1630, in annotate
    return self._annotate(args, kwargs, select=True)
           ^^^^^^^^^^^^^^^^^^^^^^^^^^^^^^^^^^^^^^^^^
  File "/home/tarxemo/venv/lib/python3.12/site-packages/django/db/models/query.py", line 1680, in _annotate
    clone.query.add_annotation(
  File "/home/tarxemo/venv/lib/python3.12/site-packages/django/db/models/sql/query.py", line 1194, in add_annotation
    annotation = annotation.resolve_expression(self, allow_joins=True, reuse=None)
                 ^^^^^^^^^^^^^^^^^^^^^^^^^^^^^^^^^^^^^^^^^^^^^^^^^^^^^^^^^^^^^^^^^
  File "/home/tarxemo/venv/lib/python3.12/site-packages/django/db/models/aggregates.py", line 63, in resolve_expression
    c = super().resolve_expression(query, allow_joins, reuse, summarize)
        ^^^^^^^^^^^^^^^^^^^^^^^^^^^^^^^^^^^^^^^^^^^^^^^^^^^^^^^^^^^^^^^^
  File "/home/tarxemo/venv/lib/python3.12/site-packages/django/db/models/expressions.py", line 1073, in resolve_expression
    c.source_expressions[pos] = arg.resolve_expression(
                                ^^^^^^^^^^^^^^^^^^^^^^^
  File "/home/tarxemo/venv/lib/python3.12/site-packages/django/db/models/expressions.py", line 895, in resolve_expression
    return query.resolve_ref(self.name, allow_joins, reuse, summarize)
           ^^^^^^^^^^^^^^^^^^^^^^^^^^^^^^^^^^^^^^^^^^^^^^^^^^^^^^^^^^^
  File "/home/tarxemo/venv/lib/python3.12/site-packages/django/db/models/sql/query.py", line 2010, in resolve_ref
    join_info = self.setup_joins(
                ^^^^^^^^^^^^^^^^^
  File "/home/tarxemo/venv/lib/python3.12/site-packages/django/db/models/sql/query.py", line 1863, in setup_joins
    path, final_field, targets, rest = self.names_to_path(
                                       ^^^^^^^^^^^^^^^^^^^
  File "/home/tarxemo/venv/lib/python3.12/site-packages/django/db/models/sql/query.py", line 1768, in names_to_path
    raise FieldError(
graphql.error.located_error.GraphQLLocatedError: Cannot resolve keyword 'candidates' into field. Choices are: description, election_count, electionposition, elections, id, institution, institution_id, leader, level, level_id, name, voting_power

Traceback (most recent call last):
  File "/home/tarxemo/venv/lib/python3.12/site-packages/promise/promise.py", line 489, in _resolve_from_executor
    executor(resolve, reject)
  File "/home/tarxemo/venv/lib/python3.12/site-packages/promise/promise.py", line 756, in executor
    return resolve(f(*args, **kwargs))
                   ^^^^^^^^^^^^^^^^^^
  File "/home/tarxemo/venv/lib/python3.12/site-packages/graphql/execution/middleware.py", line 75, in make_it_promise
    return next(*args, **kwargs)
           ^^^^^^^^^^^^^^^^^^^^^
  File "/home/tarxemo/Desktop/VS/ElectionBackend/election/queries/positions.py", line 964, in resolve_institutions_with_most_activity
    institutions = Institution.objects.annotate(
                   ^^^^^^^^^^^^^^^^^^^^^^^^^^^^^
  File "/home/tarxemo/venv/lib/python3.12/site-packages/django/db/models/manager.py", line 87, in manager_method
    return getattr(self.get_queryset(), name)(*args, **kwargs)
           ^^^^^^^^^^^^^^^^^^^^^^^^^^^^^^^^^^^^^^^^^^^^^^^^^^^
  File "/home/tarxemo/venv/lib/python3.12/site-packages/django/db/models/query.py", line 1630, in annotate
    return self._annotate(args, kwargs, select=True)
           ^^^^^^^^^^^^^^^^^^^^^^^^^^^^^^^^^^^^^^^^^
  File "/home/tarxemo/venv/lib/python3.12/site-packages/django/db/models/query.py", line 1680, in _annotate
    clone.query.add_annotation(
  File "/home/tarxemo/venv/lib/python3.12/site-packages/django/db/models/sql/query.py", line 1194, in add_annotation
    annotation = annotation.resolve_expression(self, allow_joins=True, reuse=None)
                 ^^^^^^^^^^^^^^^^^^^^^^^^^^^^^^^^^^^^^^^^^^^^^^^^^^^^^^^^^^^^^^^^^
  File "/home/tarxemo/venv/lib/python3.12/site-packages/django/db/models/aggregates.py", line 63, in resolve_expression
    c = super().resolve_expression(query, allow_joins, reuse, summarize)
        ^^^^^^^^^^^^^^^^^^^^^^^^^^^^^^^^^^^^^^^^^^^^^^^^^^^^^^^^^^^^^^^^
  File "/home/tarxemo/venv/lib/python3.12/site-packages/django/db/models/expressions.py", line 1073, in resolve_expression
    c.source_expressions[pos] = arg.resolve_expression(
                                ^^^^^^^^^^^^^^^^^^^^^^^
  File "/home/tarxemo/venv/lib/python3.12/site-packages/django/db/models/expressions.py", line 895, in resolve_expression
    return query.resolve_ref(self.name, allow_joins, reuse, summarize)
           ^^^^^^^^^^^^^^^^^^^^^^^^^^^^^^^^^^^^^^^^^^^^^^^^^^^^^^^^^^^
  File "/home/tarxemo/venv/lib/python3.12/site-packages/django/db/models/sql/query.py", line 2010, in resolve_ref
    join_info = self.setup_joins(
                ^^^^^^^^^^^^^^^^^
  File "/home/tarxemo/venv/lib/python3.12/site-packages/django/db/models/sql/query.py", line 1863, in setup_joins
    path, final_field, targets, rest = self.names_to_path(
                                       ^^^^^^^^^^^^^^^^^^^
  File "/home/tarxemo/venv/lib/python3.12/site-packages/django/db/models/sql/query.py", line 1768, in names_to_path
    raise FieldError(
graphql.error.located_error.GraphQLLocatedError: Cannot resolve keyword 'elections' into field. Choices are: created_at, description, election, id, institution, leader, level, level_id, name, parent, parent_id, position, student

/home/tarxemo/Desktop/VS/ElectionBackend/election/queries/positions.py changed, reloading.
Watching for file changes with StatReloader
/home/tarxemo/Desktop/VS/ElectionBackend/election/models.py changed, reloading.
Watching for file changes with StatReloader
Traceback (most recent call last):
  File "/home/tarxemo/venv/lib/python3.12/site-packages/promise/promise.py", line 489, in _resolve_from_executor
    executor(resolve, reject)
  File "/home/tarxemo/venv/lib/python3.12/site-packages/promise/promise.py", line 756, in executor
    return resolve(f(*args, **kwargs))
                   ^^^^^^^^^^^^^^^^^^
  File "/home/tarxemo/venv/lib/python3.12/site-packages/graphql/execution/middleware.py", line 75, in make_it_promise
    return next(*args, **kwargs)
           ^^^^^^^^^^^^^^^^^^^^^
  File "/home/tarxemo/Desktop/VS/ElectionBackend/election/queries/positions.py", line 907, in resolve_dashboard_stats
    institutions_with_most_activity = Institution.objects.annotate(
                                      ^^^^^^^^^^^^^^^^^^^^^^^^^^^^^
  File "/home/tarxemo/venv/lib/python3.12/site-packages/django/db/models/manager.py", line 87, in manager_method
    return getattr(self.get_queryset(), name)(*args, **kwargs)
           ^^^^^^^^^^^^^^^^^^^^^^^^^^^^^^^^^^^^^^^^^^^^^^^^^^^
  File "/home/tarxemo/venv/lib/python3.12/site-packages/django/db/models/query.py", line 1630, in annotate
    return self._annotate(args, kwargs, select=True)
           ^^^^^^^^^^^^^^^^^^^^^^^^^^^^^^^^^^^^^^^^^
  File "/home/tarxemo/venv/lib/python3.12/site-packages/django/db/models/query.py", line 1680, in _annotate
    clone.query.add_annotation(
  File "/home/tarxemo/venv/lib/python3.12/site-packages/django/db/models/sql/query.py", line 1194, in add_annotation
    annotation = annotation.resolve_expression(self, allow_joins=True, reuse=None)
                 ^^^^^^^^^^^^^^^^^^^^^^^^^^^^^^^^^^^^^^^^^^^^^^^^^^^^^^^^^^^^^^^^^
  File "/home/tarxemo/venv/lib/python3.12/site-packages/django/db/models/aggregates.py", line 63, in resolve_expression
    c = super().resolve_expression(query, allow_joins, reuse, summarize)
        ^^^^^^^^^^^^^^^^^^^^^^^^^^^^^^^^^^^^^^^^^^^^^^^^^^^^^^^^^^^^^^^^
  File "/home/tarxemo/venv/lib/python3.12/site-packages/django/db/models/expressions.py", line 1073, in resolve_expression
    c.source_expressions[pos] = arg.resolve_expression(
                                ^^^^^^^^^^^^^^^^^^^^^^^
  File "/home/tarxemo/venv/lib/python3.12/site-packages/django/db/models/expressions.py", line 895, in resolve_expression
    return query.resolve_ref(self.name, allow_joins, reuse, summarize)
           ^^^^^^^^^^^^^^^^^^^^^^^^^^^^^^^^^^^^^^^^^^^^^^^^^^^^^^^^^^^
  File "/home/tarxemo/venv/lib/python3.12/site-packages/django/db/models/sql/query.py", line 2010, in resolve_ref
    join_info = self.setup_joins(
                ^^^^^^^^^^^^^^^^^
  File "/home/tarxemo/venv/lib/python3.12/site-packages/django/db/models/sql/query.py", line 1863, in setup_joins
    path, final_field, targets, rest = self.names_to_path(
                                       ^^^^^^^^^^^^^^^^^^^
  File "/home/tarxemo/venv/lib/python3.12/site-packages/django/db/models/sql/query.py", line 1768, in names_to_path
    raise FieldError(
graphql.error.located_error.GraphQLLocatedError: Cannot resolve keyword 'election' into field. Choices are: created_at, description, elections, id, institution, leader, level, level_id, name, parent, parent_id, position, student

Traceback (most recent call last):
  File "/home/tarxemo/venv/lib/python3.12/site-packages/promise/promise.py", line 489, in _resolve_from_executor
    executor(resolve, reject)
  File "/home/tarxemo/venv/lib/python3.12/site-packages/promise/promise.py", line 756, in executor
    return resolve(f(*args, **kwargs))
                   ^^^^^^^^^^^^^^^^^^
  File "/home/tarxemo/venv/lib/python3.12/site-packages/graphql/execution/middleware.py", line 75, in make_it_promise
    return next(*args, **kwargs)
           ^^^^^^^^^^^^^^^^^^^^^
  File "/home/tarxemo/Desktop/VS/ElectionBackend/election/queries/positions.py", line 964, in resolve_institutions_with_most_activity
    institutions = Institution.objects.annotate(
                   ^^^^^^^^^^^^^^^^^^^^^^^^^^^^^
  File "/home/tarxemo/venv/lib/python3.12/site-packages/django/db/models/manager.py", line 87, in manager_method
    return getattr(self.get_queryset(), name)(*args, **kwargs)
           ^^^^^^^^^^^^^^^^^^^^^^^^^^^^^^^^^^^^^^^^^^^^^^^^^^^
  File "/home/tarxemo/venv/lib/python3.12/site-packages/django/db/models/query.py", line 1630, in annotate
    return self._annotate(args, kwargs, select=True)
           ^^^^^^^^^^^^^^^^^^^^^^^^^^^^^^^^^^^^^^^^^
  File "/home/tarxemo/venv/lib/python3.12/site-packages/django/db/models/query.py", line 1680, in _annotate
    clone.query.add_annotation(
  File "/home/tarxemo/venv/lib/python3.12/site-packages/django/db/models/sql/query.py", line 1194, in add_annotation
    annotation = annotation.resolve_expression(self, allow_joins=True, reuse=None)
                 ^^^^^^^^^^^^^^^^^^^^^^^^^^^^^^^^^^^^^^^^^^^^^^^^^^^^^^^^^^^^^^^^^
  File "/home/tarxemo/venv/lib/python3.12/site-packages/django/db/models/aggregates.py", line 63, in resolve_expression
    c = super().resolve_expression(query, allow_joins, reuse, summarize)
        ^^^^^^^^^^^^^^^^^^^^^^^^^^^^^^^^^^^^^^^^^^^^^^^^^^^^^^^^^^^^^^^^
  File "/home/tarxemo/venv/lib/python3.12/site-packages/django/db/models/expressions.py", line 1073, in resolve_expression
    c.source_expressions[pos] = arg.resolve_expression(
                                ^^^^^^^^^^^^^^^^^^^^^^^
  File "/home/tarxemo/venv/lib/python3.12/site-packages/django/db/models/expressions.py", line 895, in resolve_expression
    return query.resolve_ref(self.name, allow_joins, reuse, summarize)
           ^^^^^^^^^^^^^^^^^^^^^^^^^^^^^^^^^^^^^^^^^^^^^^^^^^^^^^^^^^^
  File "/home/tarxemo/venv/lib/python3.12/site-packages/django/db/models/sql/query.py", line 2010, in resolve_ref
    join_info = self.setup_joins(
                ^^^^^^^^^^^^^^^^^
  File "/home/tarxemo/venv/lib/python3.12/site-packages/django/db/models/sql/query.py", line 1863, in setup_joins
    path, final_field, targets, rest = self.names_to_path(
                                       ^^^^^^^^^^^^^^^^^^^
  File "/home/tarxemo/venv/lib/python3.12/site-packages/django/db/models/sql/query.py", line 1768, in names_to_path
    raise FieldError(
graphql.error.located_error.GraphQLLocatedError: Cannot resolve keyword 'election' into field. Choices are: created_at, description, elections, id, institution, leader, level, level_id, name, parent, parent_id, position, student

Traceback (most recent call last):
  File "/home/tarxemo/venv/lib/python3.12/site-packages/promise/promise.py", line 489, in _resolve_from_executor
    executor(resolve, reject)
  File "/home/tarxemo/venv/lib/python3.12/site-packages/promise/promise.py", line 756, in executor
    return resolve(f(*args, **kwargs))
                   ^^^^^^^^^^^^^^^^^^
  File "/home/tarxemo/venv/lib/python3.12/site-packages/graphql/execution/middleware.py", line 75, in make_it_promise
    return next(*args, **kwargs)
           ^^^^^^^^^^^^^^^^^^^^^
  File "/home/tarxemo/Desktop/VS/ElectionBackend/election/types.py", line 652, in resolve_position
    return self.position
           ^^^^^^^^^^^^^
graphql.error.located_error.GraphQLLocatedError: 'dict' object has no attribute 'position'

Traceback (most recent call last):
  File "/home/tarxemo/venv/lib/python3.12/site-packages/promise/promise.py", line 489, in _resolve_from_executor
    executor(resolve, reject)
  File "/home/tarxemo/venv/lib/python3.12/site-packages/promise/promise.py", line 756, in executor
    return resolve(f(*args, **kwargs))
                   ^^^^^^^^^^^^^^^^^^
  File "/home/tarxemo/venv/lib/python3.12/site-packages/graphql/execution/middleware.py", line 75, in make_it_promise
    return next(*args, **kwargs)
           ^^^^^^^^^^^^^^^^^^^^^
  File "/home/tarxemo/Desktop/VS/ElectionBackend/election/types.py", line 655, in resolve_election_count
    return self.election_count
           ^^^^^^^^^^^^^^^^^^^
graphql.error.located_error.GraphQLLocatedError: 'dict' object has no attribute 'election_count'

Traceback (most recent call last):
  File "/home/tarxemo/venv/lib/python3.12/site-packages/promise/promise.py", line 489, in _resolve_from_executor
    executor(resolve, reject)
  File "/home/tarxemo/venv/lib/python3.12/site-packages/promise/promise.py", line 756, in executor
    return resolve(f(*args, **kwargs))
                   ^^^^^^^^^^^^^^^^^^
  File "/home/tarxemo/venv/lib/python3.12/site-packages/graphql/execution/middleware.py", line 75, in make_it_promise
    return next(*args, **kwargs)
           ^^^^^^^^^^^^^^^^^^^^^
  File "/home/tarxemo/Desktop/VS/ElectionBackend/election/types.py", line 658, in resolve_candidate_count
    return self.candidate_count
           ^^^^^^^^^^^^^^^^^^^^
graphql.error.located_error.GraphQLLocatedError: 'dict' object has no attribute 'candidate_count'

Traceback (most recent call last):
  File "/home/tarxemo/venv/lib/python3.12/site-packages/promise/promise.py", line 489, in _resolve_from_executor
    executor(resolve, reject)
  File "/home/tarxemo/venv/lib/python3.12/site-packages/promise/promise.py", line 756, in executor
    return resolve(f(*args, **kwargs))
                   ^^^^^^^^^^^^^^^^^^
  File "/home/tarxemo/venv/lib/python3.12/site-packages/graphql/execution/middleware.py", line 75, in make_it_promise
    return next(*args, **kwargs)
           ^^^^^^^^^^^^^^^^^^^^^
  File "/home/tarxemo/Desktop/VS/ElectionBackend/election/types.py", line 661, in resolve_average_votes_per_election
    return self.average_votes_per_election
           ^^^^^^^^^^^^^^^^^^^^^^^^^^^^^^^
graphql.error.located_error.GraphQLLocatedError: 'dict' object has no attribute 'average_votes_per_election'

Traceback (most recent call last):
  File "/home/tarxemo/venv/lib/python3.12/site-packages/promise/promise.py", line 489, in _resolve_from_executor
    executor(resolve, reject)
  File "/home/tarxemo/venv/lib/python3.12/site-packages/promise/promise.py", line 756, in executor
    return resolve(f(*args, **kwargs))
                   ^^^^^^^^^^^^^^^^^^
  File "/home/tarxemo/venv/lib/python3.12/site-packages/graphql/execution/middleware.py", line 75, in make_it_promise
    return next(*args, **kwargs)
           ^^^^^^^^^^^^^^^^^^^^^
  File "/home/tarxemo/Desktop/VS/ElectionBackend/election/types.py", line 664, in resolve_most_contested_election
    return self.most_contested_election
           ^^^^^^^^^^^^^^^^^^^^^^^^^^^^
graphql.error.located_error.GraphQLLocatedError: 'dict' object has no attribute 'most_contested_election'

Traceback (most recent call last):
  File "/home/tarxemo/venv/lib/python3.12/site-packages/promise/promise.py", line 489, in _resolve_from_executor
    executor(resolve, reject)
  File "/home/tarxemo/venv/lib/python3.12/site-packages/promise/promise.py", line 756, in executor
    return resolve(f(*args, **kwargs))
                   ^^^^^^^^^^^^^^^^^^
  File "/home/tarxemo/venv/lib/python3.12/site-packages/graphql/execution/middleware.py", line 75, in make_it_promise
    return next(*args, **kwargs)
           ^^^^^^^^^^^^^^^^^^^^^
  File "/home/tarxemo/Desktop/VS/ElectionBackend/election/types.py", line 652, in resolve_position
    return self.position
           ^^^^^^^^^^^^^
graphql.error.located_error.GraphQLLocatedError: 'dict' object has no attribute 'position'

Traceback (most recent call last):
  File "/home/tarxemo/venv/lib/python3.12/site-packages/promise/promise.py", line 489, in _resolve_from_executor
    executor(resolve, reject)
  File "/home/tarxemo/venv/lib/python3.12/site-packages/promise/promise.py", line 756, in executor
    return resolve(f(*args, **kwargs))
                   ^^^^^^^^^^^^^^^^^^
  File "/home/tarxemo/venv/lib/python3.12/site-packages/graphql/execution/middleware.py", line 75, in make_it_promise
    return next(*args, **kwargs)
           ^^^^^^^^^^^^^^^^^^^^^
  File "/home/tarxemo/Desktop/VS/ElectionBackend/election/types.py", line 655, in resolve_election_count
    return self.election_count
           ^^^^^^^^^^^^^^^^^^^
graphql.error.located_error.GraphQLLocatedError: 'dict' object has no attribute 'election_count'

Traceback (most recent call last):
  File "/home/tarxemo/venv/lib/python3.12/site-packages/promise/promise.py", line 489, in _resolve_from_executor
    executor(resolve, reject)
  File "/home/tarxemo/venv/lib/python3.12/site-packages/promise/promise.py", line 756, in executor
    return resolve(f(*args, **kwargs))
                   ^^^^^^^^^^^^^^^^^^
  File "/home/tarxemo/venv/lib/python3.12/site-packages/graphql/execution/middleware.py", line 75, in make_it_promise
    return next(*args, **kwargs)
           ^^^^^^^^^^^^^^^^^^^^^
  File "/home/tarxemo/Desktop/VS/ElectionBackend/election/types.py", line 658, in resolve_candidate_count
    return self.candidate_count
           ^^^^^^^^^^^^^^^^^^^^
graphql.error.located_error.GraphQLLocatedError: 'dict' object has no attribute 'candidate_count'

Traceback (most recent call last):
  File "/home/tarxemo/venv/lib/python3.12/site-packages/promise/promise.py", line 489, in _resolve_from_executor
    executor(resolve, reject)
  File "/home/tarxemo/venv/lib/python3.12/site-packages/promise/promise.py", line 756, in executor
    return resolve(f(*args, **kwargs))
                   ^^^^^^^^^^^^^^^^^^
  File "/home/tarxemo/venv/lib/python3.12/site-packages/graphql/execution/middleware.py", line 75, in make_it_promise
    return next(*args, **kwargs)
           ^^^^^^^^^^^^^^^^^^^^^
  File "/home/tarxemo/Desktop/VS/ElectionBackend/election/types.py", line 661, in resolve_average_votes_per_election
    return self.average_votes_per_election
           ^^^^^^^^^^^^^^^^^^^^^^^^^^^^^^^
graphql.error.located_error.GraphQLLocatedError: 'dict' object has no attribute 'average_votes_per_election'

Traceback (most recent call last):
  File "/home/tarxemo/venv/lib/python3.12/site-packages/promise/promise.py", line 489, in _resolve_from_executor
    executor(resolve, reject)
  File "/home/tarxemo/venv/lib/python3.12/site-packages/promise/promise.py", line 756, in executor
    return resolve(f(*args, **kwargs))
                   ^^^^^^^^^^^^^^^^^^
  File "/home/tarxemo/venv/lib/python3.12/site-packages/graphql/execution/middleware.py", line 75, in make_it_promise
    return next(*args, **kwargs)
           ^^^^^^^^^^^^^^^^^^^^^
  File "/home/tarxemo/Desktop/VS/ElectionBackend/election/types.py", line 664, in resolve_most_contested_election
    return self.most_contested_election
           ^^^^^^^^^^^^^^^^^^^^^^^^^^^^
graphql.error.located_error.GraphQLLocatedError: 'dict' object has no attribute 'most_contested_election'

Traceback (most recent call last):
  File "/home/tarxemo/venv/lib/python3.12/site-packages/promise/promise.py", line 489, in _resolve_from_executor
    executor(resolve, reject)
  File "/home/tarxemo/venv/lib/python3.12/site-packages/promise/promise.py", line 756, in executor
    return resolve(f(*args, **kwargs))
                   ^^^^^^^^^^^^^^^^^^
  File "/home/tarxemo/venv/lib/python3.12/site-packages/graphql/execution/middleware.py", line 75, in make_it_promise
    return next(*args, **kwargs)
           ^^^^^^^^^^^^^^^^^^^^^
  File "/home/tarxemo/Desktop/VS/ElectionBackend/election/types.py", line 652, in resolve_position
    return self.position
           ^^^^^^^^^^^^^
graphql.error.located_error.GraphQLLocatedError: 'dict' object has no attribute 'position'

Traceback (most recent call last):
  File "/home/tarxemo/venv/lib/python3.12/site-packages/promise/promise.py", line 489, in _resolve_from_executor
    executor(resolve, reject)
  File "/home/tarxemo/venv/lib/python3.12/site-packages/promise/promise.py", line 756, in executor
    return resolve(f(*args, **kwargs))
                   ^^^^^^^^^^^^^^^^^^
  File "/home/tarxemo/venv/lib/python3.12/site-packages/graphql/execution/middleware.py", line 75, in make_it_promise
    return next(*args, **kwargs)
           ^^^^^^^^^^^^^^^^^^^^^
  File "/home/tarxemo/Desktop/VS/ElectionBackend/election/types.py", line 655, in resolve_election_count
    return self.election_count
           ^^^^^^^^^^^^^^^^^^^
graphql.error.located_error.GraphQLLocatedError: 'dict' object has no attribute 'election_count'

Traceback (most recent call last):
  File "/home/tarxemo/venv/lib/python3.12/site-packages/promise/promise.py", line 489, in _resolve_from_executor
    executor(resolve, reject)
  File "/home/tarxemo/venv/lib/python3.12/site-packages/promise/promise.py", line 756, in executor
    return resolve(f(*args, **kwargs))
                   ^^^^^^^^^^^^^^^^^^
  File "/home/tarxemo/venv/lib/python3.12/site-packages/graphql/execution/middleware.py", line 75, in make_it_promise
    return next(*args, **kwargs)
           ^^^^^^^^^^^^^^^^^^^^^
  File "/home/tarxemo/Desktop/VS/ElectionBackend/election/types.py", line 658, in resolve_candidate_count
    return self.candidate_count
           ^^^^^^^^^^^^^^^^^^^^
graphql.error.located_error.GraphQLLocatedError: 'dict' object has no attribute 'candidate_count'

Traceback (most recent call last):
  File "/home/tarxemo/venv/lib/python3.12/site-packages/promise/promise.py", line 489, in _resolve_from_executor
    executor(resolve, reject)
  File "/home/tarxemo/venv/lib/python3.12/site-packages/promise/promise.py", line 756, in executor
    return resolve(f(*args, **kwargs))
                   ^^^^^^^^^^^^^^^^^^
  File "/home/tarxemo/venv/lib/python3.12/site-packages/graphql/execution/middleware.py", line 75, in make_it_promise
    return next(*args, **kwargs)
           ^^^^^^^^^^^^^^^^^^^^^
  File "/home/tarxemo/Desktop/VS/ElectionBackend/election/types.py", line 661, in resolve_average_votes_per_election
    return self.average_votes_per_election
           ^^^^^^^^^^^^^^^^^^^^^^^^^^^^^^^
graphql.error.located_error.GraphQLLocatedError: 'dict' object has no attribute 'average_votes_per_election'

Traceback (most recent call last):
  File "/home/tarxemo/venv/lib/python3.12/site-packages/promise/promise.py", line 489, in _resolve_from_executor
    executor(resolve, reject)
  File "/home/tarxemo/venv/lib/python3.12/site-packages/promise/promise.py", line 756, in executor
    return resolve(f(*args, **kwargs))
                   ^^^^^^^^^^^^^^^^^^
  File "/home/tarxemo/venv/lib/python3.12/site-packages/graphql/execution/middleware.py", line 75, in make_it_promise
    return next(*args, **kwargs)
           ^^^^^^^^^^^^^^^^^^^^^
  File "/home/tarxemo/Desktop/VS/ElectionBackend/election/types.py", line 664, in resolve_most_contested_election
    return self.most_contested_election
           ^^^^^^^^^^^^^^^^^^^^^^^^^^^^
graphql.error.located_error.GraphQLLocatedError: 'dict' object has no attribute 'most_contested_election'

Traceback (most recent call last):
  File "/home/tarxemo/venv/lib/python3.12/site-packages/promise/promise.py", line 489, in _resolve_from_executor
    executor(resolve, reject)
  File "/home/tarxemo/venv/lib/python3.12/site-packages/promise/promise.py", line 756, in executor
    return resolve(f(*args, **kwargs))
                   ^^^^^^^^^^^^^^^^^^
  File "/home/tarxemo/venv/lib/python3.12/site-packages/graphql/execution/middleware.py", line 75, in make_it_promise
    return next(*args, **kwargs)
           ^^^^^^^^^^^^^^^^^^^^^
  File "/home/tarxemo/Desktop/VS/ElectionBackend/election/types.py", line 652, in resolve_position
    return self.position
           ^^^^^^^^^^^^^
graphql.error.located_error.GraphQLLocatedError: 'dict' object has no attribute 'position'

Traceback (most recent call last):
  File "/home/tarxemo/venv/lib/python3.12/site-packages/promise/promise.py", line 489, in _resolve_from_executor
    executor(resolve, reject)
  File "/home/tarxemo/venv/lib/python3.12/site-packages/promise/promise.py", line 756, in executor
    return resolve(f(*args, **kwargs))
                   ^^^^^^^^^^^^^^^^^^
  File "/home/tarxemo/venv/lib/python3.12/site-packages/graphql/execution/middleware.py", line 75, in make_it_promise
    return next(*args, **kwargs)
           ^^^^^^^^^^^^^^^^^^^^^
  File "/home/tarxemo/Desktop/VS/ElectionBackend/election/types.py", line 655, in resolve_election_count
    return self.election_count
           ^^^^^^^^^^^^^^^^^^^
graphql.error.located_error.GraphQLLocatedError: 'dict' object has no attribute 'election_count'

Traceback (most recent call last):
  File "/home/tarxemo/venv/lib/python3.12/site-packages/promise/promise.py", line 489, in _resolve_from_executor
    executor(resolve, reject)
  File "/home/tarxemo/venv/lib/python3.12/site-packages/promise/promise.py", line 756, in executor
    return resolve(f(*args, **kwargs))
                   ^^^^^^^^^^^^^^^^^^
  File "/home/tarxemo/venv/lib/python3.12/site-packages/graphql/execution/middleware.py", line 75, in make_it_promise
    return next(*args, **kwargs)
           ^^^^^^^^^^^^^^^^^^^^^
  File "/home/tarxemo/Desktop/VS/ElectionBackend/election/types.py", line 658, in resolve_candidate_count
    return self.candidate_count
           ^^^^^^^^^^^^^^^^^^^^
graphql.error.located_error.GraphQLLocatedError: 'dict' object has no attribute 'candidate_count'

Traceback (most recent call last):
  File "/home/tarxemo/venv/lib/python3.12/site-packages/promise/promise.py", line 489, in _resolve_from_executor
    executor(resolve, reject)
  File "/home/tarxemo/venv/lib/python3.12/site-packages/promise/promise.py", line 756, in executor
    return resolve(f(*args, **kwargs))
                   ^^^^^^^^^^^^^^^^^^
  File "/home/tarxemo/venv/lib/python3.12/site-packages/graphql/execution/middleware.py", line 75, in make_it_promise
    return next(*args, **kwargs)
           ^^^^^^^^^^^^^^^^^^^^^
  File "/home/tarxemo/Desktop/VS/ElectionBackend/election/types.py", line 661, in resolve_average_votes_per_election
    return self.average_votes_per_election
           ^^^^^^^^^^^^^^^^^^^^^^^^^^^^^^^
graphql.error.located_error.GraphQLLocatedError: 'dict' object has no attribute 'average_votes_per_election'

Traceback (most recent call last):
  File "/home/tarxemo/venv/lib/python3.12/site-packages/promise/promise.py", line 489, in _resolve_from_executor
    executor(resolve, reject)
  File "/home/tarxemo/venv/lib/python3.12/site-packages/promise/promise.py", line 756, in executor
    return resolve(f(*args, **kwargs))
                   ^^^^^^^^^^^^^^^^^^
  File "/home/tarxemo/venv/lib/python3.12/site-packages/graphql/execution/middleware.py", line 75, in make_it_promise
    return next(*args, **kwargs)
           ^^^^^^^^^^^^^^^^^^^^^
  File "/home/tarxemo/Desktop/VS/ElectionBackend/election/types.py", line 664, in resolve_most_contested_election
    return self.most_contested_election
           ^^^^^^^^^^^^^^^^^^^^^^^^^^^^
graphql.error.located_error.GraphQLLocatedError: 'dict' object has no attribute 'most_contested_election'

Traceback (most recent call last):
  File "/home/tarxemo/venv/lib/python3.12/site-packages/promise/promise.py", line 489, in _resolve_from_executor
    executor(resolve, reject)
  File "/home/tarxemo/venv/lib/python3.12/site-packages/promise/promise.py", line 756, in executor
    return resolve(f(*args, **kwargs))
                   ^^^^^^^^^^^^^^^^^^
  File "/home/tarxemo/venv/lib/python3.12/site-packages/graphql/execution/middleware.py", line 75, in make_it_promise
    return next(*args, **kwargs)
           ^^^^^^^^^^^^^^^^^^^^^
  File "/home/tarxemo/Desktop/VS/ElectionBackend/election/types.py", line 652, in resolve_position
    return self.position
           ^^^^^^^^^^^^^
graphql.error.located_error.GraphQLLocatedError: 'dict' object has no attribute 'position'

Traceback (most recent call last):
  File "/home/tarxemo/venv/lib/python3.12/site-packages/promise/promise.py", line 489, in _resolve_from_executor
    executor(resolve, reject)
  File "/home/tarxemo/venv/lib/python3.12/site-packages/promise/promise.py", line 756, in executor
    return resolve(f(*args, **kwargs))
                   ^^^^^^^^^^^^^^^^^^
  File "/home/tarxemo/venv/lib/python3.12/site-packages/graphql/execution/middleware.py", line 75, in make_it_promise
    return next(*args, **kwargs)
           ^^^^^^^^^^^^^^^^^^^^^
  File "/home/tarxemo/Desktop/VS/ElectionBackend/election/types.py", line 655, in resolve_election_count
    return self.election_count
           ^^^^^^^^^^^^^^^^^^^
graphql.error.located_error.GraphQLLocatedError: 'dict' object has no attribute 'election_count'

Traceback (most recent call last):
  File "/home/tarxemo/venv/lib/python3.12/site-packages/promise/promise.py", line 489, in _resolve_from_executor
    executor(resolve, reject)
  File "/home/tarxemo/venv/lib/python3.12/site-packages/promise/promise.py", line 756, in executor
    return resolve(f(*args, **kwargs))
                   ^^^^^^^^^^^^^^^^^^
  File "/home/tarxemo/venv/lib/python3.12/site-packages/graphql/execution/middleware.py", line 75, in make_it_promise
    return next(*args, **kwargs)
           ^^^^^^^^^^^^^^^^^^^^^
  File "/home/tarxemo/Desktop/VS/ElectionBackend/election/types.py", line 658, in resolve_candidate_count
    return self.candidate_count
           ^^^^^^^^^^^^^^^^^^^^
graphql.error.located_error.GraphQLLocatedError: 'dict' object has no attribute 'candidate_count'

Traceback (most recent call last):
  File "/home/tarxemo/venv/lib/python3.12/site-packages/promise/promise.py", line 489, in _resolve_from_executor
    executor(resolve, reject)
  File "/home/tarxemo/venv/lib/python3.12/site-packages/promise/promise.py", line 756, in executor
    return resolve(f(*args, **kwargs))
                   ^^^^^^^^^^^^^^^^^^
  File "/home/tarxemo/venv/lib/python3.12/site-packages/graphql/execution/middleware.py", line 75, in make_it_promise
    return next(*args, **kwargs)
           ^^^^^^^^^^^^^^^^^^^^^
  File "/home/tarxemo/Desktop/VS/ElectionBackend/election/types.py", line 661, in resolve_average_votes_per_election
    return self.average_votes_per_election
           ^^^^^^^^^^^^^^^^^^^^^^^^^^^^^^^
graphql.error.located_error.GraphQLLocatedError: 'dict' object has no attribute 'average_votes_per_election'

Traceback (most recent call last):
  File "/home/tarxemo/venv/lib/python3.12/site-packages/promise/promise.py", line 489, in _resolve_from_executor
    executor(resolve, reject)
  File "/home/tarxemo/venv/lib/python3.12/site-packages/promise/promise.py", line 756, in executor
    return resolve(f(*args, **kwargs))
                   ^^^^^^^^^^^^^^^^^^
  File "/home/tarxemo/venv/lib/python3.12/site-packages/graphql/execution/middleware.py", line 75, in make_it_promise
    return next(*args, **kwargs)
           ^^^^^^^^^^^^^^^^^^^^^
  File "/home/tarxemo/Desktop/VS/ElectionBackend/election/types.py", line 664, in resolve_most_contested_election
    return self.most_contested_election
           ^^^^^^^^^^^^^^^^^^^^^^^^^^^^
graphql.error.located_error.GraphQLLocatedError: 'dict' object has no attribute 'most_contested_election'

Traceback (most recent call last):
  File "/home/tarxemo/venv/lib/python3.12/site-packages/promise/promise.py", line 489, in _resolve_from_executor
    executor(resolve, reject)
  File "/home/tarxemo/venv/lib/python3.12/site-packages/promise/promise.py", line 756, in executor
    return resolve(f(*args, **kwargs))
                   ^^^^^^^^^^^^^^^^^^
  File "/home/tarxemo/venv/lib/python3.12/site-packages/graphql/execution/middleware.py", line 75, in make_it_promise
    return next(*args, **kwargs)
           ^^^^^^^^^^^^^^^^^^^^^
  File "/home/tarxemo/Desktop/VS/ElectionBackend/election/types.py", line 652, in resolve_position
    return self.position
           ^^^^^^^^^^^^^
graphql.error.located_error.GraphQLLocatedError: 'dict' object has no attribute 'position'

Traceback (most recent call last):
  File "/home/tarxemo/venv/lib/python3.12/site-packages/promise/promise.py", line 489, in _resolve_from_executor
    executor(resolve, reject)
  File "/home/tarxemo/venv/lib/python3.12/site-packages/promise/promise.py", line 756, in executor
    return resolve(f(*args, **kwargs))
                   ^^^^^^^^^^^^^^^^^^
  File "/home/tarxemo/venv/lib/python3.12/site-packages/graphql/execution/middleware.py", line 75, in make_it_promise
    return next(*args, **kwargs)
           ^^^^^^^^^^^^^^^^^^^^^
  File "/home/tarxemo/Desktop/VS/ElectionBackend/election/types.py", line 655, in resolve_election_count
    return self.election_count
           ^^^^^^^^^^^^^^^^^^^
graphql.error.located_error.GraphQLLocatedError: 'dict' object has no attribute 'election_count'

Traceback (most recent call last):
  File "/home/tarxemo/venv/lib/python3.12/site-packages/promise/promise.py", line 489, in _resolve_from_executor
    executor(resolve, reject)
  File "/home/tarxemo/venv/lib/python3.12/site-packages/promise/promise.py", line 756, in executor
    return resolve(f(*args, **kwargs))
                   ^^^^^^^^^^^^^^^^^^
  File "/home/tarxemo/venv/lib/python3.12/site-packages/graphql/execution/middleware.py", line 75, in make_it_promise
    return next(*args, **kwargs)
           ^^^^^^^^^^^^^^^^^^^^^
  File "/home/tarxemo/Desktop/VS/ElectionBackend/election/types.py", line 658, in resolve_candidate_count
    return self.candidate_count
           ^^^^^^^^^^^^^^^^^^^^
graphql.error.located_error.GraphQLLocatedError: 'dict' object has no attribute 'candidate_count'

Traceback (most recent call last):
  File "/home/tarxemo/venv/lib/python3.12/site-packages/promise/promise.py", line 489, in _resolve_from_executor
    executor(resolve, reject)
  File "/home/tarxemo/venv/lib/python3.12/site-packages/promise/promise.py", line 756, in executor
    return resolve(f(*args, **kwargs))
                   ^^^^^^^^^^^^^^^^^^
  File "/home/tarxemo/venv/lib/python3.12/site-packages/graphql/execution/middleware.py", line 75, in make_it_promise
    return next(*args, **kwargs)
           ^^^^^^^^^^^^^^^^^^^^^
  File "/home/tarxemo/Desktop/VS/ElectionBackend/election/types.py", line 661, in resolve_average_votes_per_election
    return self.average_votes_per_election
           ^^^^^^^^^^^^^^^^^^^^^^^^^^^^^^^
graphql.error.located_error.GraphQLLocatedError: 'dict' object has no attribute 'average_votes_per_election'

Traceback (most recent call last):
  File "/home/tarxemo/venv/lib/python3.12/site-packages/promise/promise.py", line 489, in _resolve_from_executor
    executor(resolve, reject)
  File "/home/tarxemo/venv/lib/python3.12/site-packages/promise/promise.py", line 756, in executor
    return resolve(f(*args, **kwargs))
                   ^^^^^^^^^^^^^^^^^^
  File "/home/tarxemo/venv/lib/python3.12/site-packages/graphql/execution/middleware.py", line 75, in make_it_promise
    return next(*args, **kwargs)
           ^^^^^^^^^^^^^^^^^^^^^
  File "/home/tarxemo/Desktop/VS/ElectionBackend/election/types.py", line 664, in resolve_most_contested_election
    return self.most_contested_election
           ^^^^^^^^^^^^^^^^^^^^^^^^^^^^
graphql.error.located_error.GraphQLLocatedError: 'dict' object has no attribute 'most_contested_election'

Traceback (most recent call last):
  File "/home/tarxemo/venv/lib/python3.12/site-packages/promise/promise.py", line 489, in _resolve_from_executor
    executor(resolve, reject)
  File "/home/tarxemo/venv/lib/python3.12/site-packages/promise/promise.py", line 756, in executor
    return resolve(f(*args, **kwargs))
                   ^^^^^^^^^^^^^^^^^^
  File "/home/tarxemo/venv/lib/python3.12/site-packages/graphql/execution/middleware.py", line 75, in make_it_promise
    return next(*args, **kwargs)
           ^^^^^^^^^^^^^^^^^^^^^
  File "/home/tarxemo/Desktop/VS/ElectionBackend/election/types.py", line 652, in resolve_position
    return self.position
           ^^^^^^^^^^^^^
graphql.error.located_error.GraphQLLocatedError: 'dict' object has no attribute 'position'

Traceback (most recent call last):
  File "/home/tarxemo/venv/lib/python3.12/site-packages/promise/promise.py", line 489, in _resolve_from_executor
    executor(resolve, reject)
  File "/home/tarxemo/venv/lib/python3.12/site-packages/promise/promise.py", line 756, in executor
    return resolve(f(*args, **kwargs))
                   ^^^^^^^^^^^^^^^^^^
  File "/home/tarxemo/venv/lib/python3.12/site-packages/graphql/execution/middleware.py", line 75, in make_it_promise
    return next(*args, **kwargs)
           ^^^^^^^^^^^^^^^^^^^^^
  File "/home/tarxemo/Desktop/VS/ElectionBackend/election/types.py", line 655, in resolve_election_count
    return self.election_count
           ^^^^^^^^^^^^^^^^^^^
graphql.error.located_error.GraphQLLocatedError: 'dict' object has no attribute 'election_count'

Traceback (most recent call last):
  File "/home/tarxemo/venv/lib/python3.12/site-packages/promise/promise.py", line 489, in _resolve_from_executor
    executor(resolve, reject)
  File "/home/tarxemo/venv/lib/python3.12/site-packages/promise/promise.py", line 756, in executor
    return resolve(f(*args, **kwargs))
                   ^^^^^^^^^^^^^^^^^^
  File "/home/tarxemo/venv/lib/python3.12/site-packages/graphql/execution/middleware.py", line 75, in make_it_promise
    return next(*args, **kwargs)
           ^^^^^^^^^^^^^^^^^^^^^
  File "/home/tarxemo/Desktop/VS/ElectionBackend/election/types.py", line 658, in resolve_candidate_count
    return self.candidate_count
           ^^^^^^^^^^^^^^^^^^^^
graphql.error.located_error.GraphQLLocatedError: 'dict' object has no attribute 'candidate_count'

Traceback (most recent call last):
  File "/home/tarxemo/venv/lib/python3.12/site-packages/promise/promise.py", line 489, in _resolve_from_executor
    executor(resolve, reject)
  File "/home/tarxemo/venv/lib/python3.12/site-packages/promise/promise.py", line 756, in executor
    return resolve(f(*args, **kwargs))
                   ^^^^^^^^^^^^^^^^^^
  File "/home/tarxemo/venv/lib/python3.12/site-packages/graphql/execution/middleware.py", line 75, in make_it_promise
    return next(*args, **kwargs)
           ^^^^^^^^^^^^^^^^^^^^^
  File "/home/tarxemo/Desktop/VS/ElectionBackend/election/types.py", line 661, in resolve_average_votes_per_election
    return self.average_votes_per_election
           ^^^^^^^^^^^^^^^^^^^^^^^^^^^^^^^
graphql.error.located_error.GraphQLLocatedError: 'dict' object has no attribute 'average_votes_per_election'

Traceback (most recent call last):
  File "/home/tarxemo/venv/lib/python3.12/site-packages/promise/promise.py", line 489, in _resolve_from_executor
    executor(resolve, reject)
  File "/home/tarxemo/venv/lib/python3.12/site-packages/promise/promise.py", line 756, in executor
    return resolve(f(*args, **kwargs))
                   ^^^^^^^^^^^^^^^^^^
  File "/home/tarxemo/venv/lib/python3.12/site-packages/graphql/execution/middleware.py", line 75, in make_it_promise
    return next(*args, **kwargs)
           ^^^^^^^^^^^^^^^^^^^^^
  File "/home/tarxemo/Desktop/VS/ElectionBackend/election/types.py", line 664, in resolve_most_contested_election
    return self.most_contested_election
           ^^^^^^^^^^^^^^^^^^^^^^^^^^^^
graphql.error.located_error.GraphQLLocatedError: 'dict' object has no attribute 'most_contested_election'

Traceback (most recent call last):
  File "/home/tarxemo/venv/lib/python3.12/site-packages/promise/promise.py", line 489, in _resolve_from_executor
    executor(resolve, reject)
  File "/home/tarxemo/venv/lib/python3.12/site-packages/promise/promise.py", line 756, in executor
    return resolve(f(*args, **kwargs))
                   ^^^^^^^^^^^^^^^^^^
  File "/home/tarxemo/venv/lib/python3.12/site-packages/graphql/execution/middleware.py", line 75, in make_it_promise
    return next(*args, **kwargs)
           ^^^^^^^^^^^^^^^^^^^^^
  File "/home/tarxemo/Desktop/VS/ElectionBackend/election/types.py", line 652, in resolve_position
    return self.position
           ^^^^^^^^^^^^^
graphql.error.located_error.GraphQLLocatedError: 'dict' object has no attribute 'position'

Traceback (most recent call last):
  File "/home/tarxemo/venv/lib/python3.12/site-packages/promise/promise.py", line 489, in _resolve_from_executor
    executor(resolve, reject)
  File "/home/tarxemo/venv/lib/python3.12/site-packages/promise/promise.py", line 756, in executor
    return resolve(f(*args, **kwargs))
                   ^^^^^^^^^^^^^^^^^^
  File "/home/tarxemo/venv/lib/python3.12/site-packages/graphql/execution/middleware.py", line 75, in make_it_promise
    return next(*args, **kwargs)
           ^^^^^^^^^^^^^^^^^^^^^
  File "/home/tarxemo/Desktop/VS/ElectionBackend/election/types.py", line 655, in resolve_election_count
    return self.election_count
           ^^^^^^^^^^^^^^^^^^^
graphql.error.located_error.GraphQLLocatedError: 'dict' object has no attribute 'election_count'

Traceback (most recent call last):
  File "/home/tarxemo/venv/lib/python3.12/site-packages/promise/promise.py", line 489, in _resolve_from_executor
    executor(resolve, reject)
  File "/home/tarxemo/venv/lib/python3.12/site-packages/promise/promise.py", line 756, in executor
    return resolve(f(*args, **kwargs))
                   ^^^^^^^^^^^^^^^^^^
  File "/home/tarxemo/venv/lib/python3.12/site-packages/graphql/execution/middleware.py", line 75, in make_it_promise
    return next(*args, **kwargs)
           ^^^^^^^^^^^^^^^^^^^^^
  File "/home/tarxemo/Desktop/VS/ElectionBackend/election/types.py", line 658, in resolve_candidate_count
    return self.candidate_count
           ^^^^^^^^^^^^^^^^^^^^
graphql.error.located_error.GraphQLLocatedError: 'dict' object has no attribute 'candidate_count'

Traceback (most recent call last):
  File "/home/tarxemo/venv/lib/python3.12/site-packages/promise/promise.py", line 489, in _resolve_from_executor
    executor(resolve, reject)
  File "/home/tarxemo/venv/lib/python3.12/site-packages/promise/promise.py", line 756, in executor
    return resolve(f(*args, **kwargs))
                   ^^^^^^^^^^^^^^^^^^
  File "/home/tarxemo/venv/lib/python3.12/site-packages/graphql/execution/middleware.py", line 75, in make_it_promise
    return next(*args, **kwargs)
           ^^^^^^^^^^^^^^^^^^^^^
  File "/home/tarxemo/Desktop/VS/ElectionBackend/election/types.py", line 661, in resolve_average_votes_per_election
    return self.average_votes_per_election
           ^^^^^^^^^^^^^^^^^^^^^^^^^^^^^^^
graphql.error.located_error.GraphQLLocatedError: 'dict' object has no attribute 'average_votes_per_election'

Traceback (most recent call last):
  File "/home/tarxemo/venv/lib/python3.12/site-packages/promise/promise.py", line 489, in _resolve_from_executor
    executor(resolve, reject)
  File "/home/tarxemo/venv/lib/python3.12/site-packages/promise/promise.py", line 756, in executor
    return resolve(f(*args, **kwargs))
                   ^^^^^^^^^^^^^^^^^^
  File "/home/tarxemo/venv/lib/python3.12/site-packages/graphql/execution/middleware.py", line 75, in make_it_promise
    return next(*args, **kwargs)
           ^^^^^^^^^^^^^^^^^^^^^
  File "/home/tarxemo/Desktop/VS/ElectionBackend/election/types.py", line 664, in resolve_most_contested_election
    return self.most_contested_election
           ^^^^^^^^^^^^^^^^^^^^^^^^^^^^
graphql.error.located_error.GraphQLLocatedError: 'dict' object has no attribute 'most_contested_election'

Traceback (most recent call last):
  File "/home/tarxemo/venv/lib/python3.12/site-packages/promise/promise.py", line 489, in _resolve_from_executor
    executor(resolve, reject)
  File "/home/tarxemo/venv/lib/python3.12/site-packages/promise/promise.py", line 756, in executor
    return resolve(f(*args, **kwargs))
                   ^^^^^^^^^^^^^^^^^^
  File "/home/tarxemo/venv/lib/python3.12/site-packages/graphql/execution/middleware.py", line 75, in make_it_promise
    return next(*args, **kwargs)
           ^^^^^^^^^^^^^^^^^^^^^
  File "/home/tarxemo/Desktop/VS/ElectionBackend/election/types.py", line 652, in resolve_position
    return self.position
           ^^^^^^^^^^^^^
graphql.error.located_error.GraphQLLocatedError: 'dict' object has no attribute 'position'

Traceback (most recent call last):
  File "/home/tarxemo/venv/lib/python3.12/site-packages/promise/promise.py", line 489, in _resolve_from_executor
    executor(resolve, reject)
  File "/home/tarxemo/venv/lib/python3.12/site-packages/promise/promise.py", line 756, in executor
    return resolve(f(*args, **kwargs))
                   ^^^^^^^^^^^^^^^^^^
  File "/home/tarxemo/venv/lib/python3.12/site-packages/graphql/execution/middleware.py", line 75, in make_it_promise
    return next(*args, **kwargs)
           ^^^^^^^^^^^^^^^^^^^^^
  File "/home/tarxemo/Desktop/VS/ElectionBackend/election/types.py", line 655, in resolve_election_count
    return self.election_count
           ^^^^^^^^^^^^^^^^^^^
graphql.error.located_error.GraphQLLocatedError: 'dict' object has no attribute 'election_count'

Traceback (most recent call last):
  File "/home/tarxemo/venv/lib/python3.12/site-packages/promise/promise.py", line 489, in _resolve_from_executor
    executor(resolve, reject)
  File "/home/tarxemo/venv/lib/python3.12/site-packages/promise/promise.py", line 756, in executor
    return resolve(f(*args, **kwargs))
                   ^^^^^^^^^^^^^^^^^^
  File "/home/tarxemo/venv/lib/python3.12/site-packages/graphql/execution/middleware.py", line 75, in make_it_promise
    return next(*args, **kwargs)
           ^^^^^^^^^^^^^^^^^^^^^
  File "/home/tarxemo/Desktop/VS/ElectionBackend/election/types.py", line 658, in resolve_candidate_count
    return self.candidate_count
           ^^^^^^^^^^^^^^^^^^^^
graphql.error.located_error.GraphQLLocatedError: 'dict' object has no attribute 'candidate_count'

Traceback (most recent call last):
  File "/home/tarxemo/venv/lib/python3.12/site-packages/promise/promise.py", line 489, in _resolve_from_executor
    executor(resolve, reject)
  File "/home/tarxemo/venv/lib/python3.12/site-packages/promise/promise.py", line 756, in executor
    return resolve(f(*args, **kwargs))
                   ^^^^^^^^^^^^^^^^^^
  File "/home/tarxemo/venv/lib/python3.12/site-packages/graphql/execution/middleware.py", line 75, in make_it_promise
    return next(*args, **kwargs)
           ^^^^^^^^^^^^^^^^^^^^^
  File "/home/tarxemo/Desktop/VS/ElectionBackend/election/types.py", line 661, in resolve_average_votes_per_election
    return self.average_votes_per_election
           ^^^^^^^^^^^^^^^^^^^^^^^^^^^^^^^
graphql.error.located_error.GraphQLLocatedError: 'dict' object has no attribute 'average_votes_per_election'

Traceback (most recent call last):
  File "/home/tarxemo/venv/lib/python3.12/site-packages/promise/promise.py", line 489, in _resolve_from_executor
    executor(resolve, reject)
  File "/home/tarxemo/venv/lib/python3.12/site-packages/promise/promise.py", line 756, in executor
    return resolve(f(*args, **kwargs))
                   ^^^^^^^^^^^^^^^^^^
  File "/home/tarxemo/venv/lib/python3.12/site-packages/graphql/execution/middleware.py", line 75, in make_it_promise
    return next(*args, **kwargs)
           ^^^^^^^^^^^^^^^^^^^^^
  File "/home/tarxemo/Desktop/VS/ElectionBackend/election/types.py", line 664, in resolve_most_contested_election
    return self.most_contested_election
           ^^^^^^^^^^^^^^^^^^^^^^^^^^^^
graphql.error.located_error.GraphQLLocatedError: 'dict' object has no attribute 'most_contested_election'

Traceback (most recent call last):
  File "/home/tarxemo/venv/lib/python3.12/site-packages/promise/promise.py", line 489, in _resolve_from_executor
    executor(resolve, reject)
  File "/home/tarxemo/venv/lib/python3.12/site-packages/promise/promise.py", line 756, in executor
    return resolve(f(*args, **kwargs))
                   ^^^^^^^^^^^^^^^^^^
  File "/home/tarxemo/venv/lib/python3.12/site-packages/graphql/execution/middleware.py", line 75, in make_it_promise
    return next(*args, **kwargs)
           ^^^^^^^^^^^^^^^^^^^^^
  File "/home/tarxemo/Desktop/VS/ElectionBackend/election/types.py", line 652, in resolve_position
    return self.position
           ^^^^^^^^^^^^^
graphql.error.located_error.GraphQLLocatedError: 'dict' object has no attribute 'position'

Traceback (most recent call last):
  File "/home/tarxemo/venv/lib/python3.12/site-packages/promise/promise.py", line 489, in _resolve_from_executor
    executor(resolve, reject)
  File "/home/tarxemo/venv/lib/python3.12/site-packages/promise/promise.py", line 756, in executor
    return resolve(f(*args, **kwargs))
                   ^^^^^^^^^^^^^^^^^^
  File "/home/tarxemo/venv/lib/python3.12/site-packages/graphql/execution/middleware.py", line 75, in make_it_promise
    return next(*args, **kwargs)
           ^^^^^^^^^^^^^^^^^^^^^
  File "/home/tarxemo/Desktop/VS/ElectionBackend/election/types.py", line 655, in resolve_election_count
    return self.election_count
           ^^^^^^^^^^^^^^^^^^^
graphql.error.located_error.GraphQLLocatedError: 'dict' object has no attribute 'election_count'

Traceback (most recent call last):
  File "/home/tarxemo/venv/lib/python3.12/site-packages/promise/promise.py", line 489, in _resolve_from_executor
    executor(resolve, reject)
  File "/home/tarxemo/venv/lib/python3.12/site-packages/promise/promise.py", line 756, in executor
    return resolve(f(*args, **kwargs))
                   ^^^^^^^^^^^^^^^^^^
  File "/home/tarxemo/venv/lib/python3.12/site-packages/graphql/execution/middleware.py", line 75, in make_it_promise
    return next(*args, **kwargs)
           ^^^^^^^^^^^^^^^^^^^^^
  File "/home/tarxemo/Desktop/VS/ElectionBackend/election/types.py", line 658, in resolve_candidate_count
    return self.candidate_count
           ^^^^^^^^^^^^^^^^^^^^
graphql.error.located_error.GraphQLLocatedError: 'dict' object has no attribute 'candidate_count'

Traceback (most recent call last):
  File "/home/tarxemo/venv/lib/python3.12/site-packages/promise/promise.py", line 489, in _resolve_from_executor
    executor(resolve, reject)
  File "/home/tarxemo/venv/lib/python3.12/site-packages/promise/promise.py", line 756, in executor
    return resolve(f(*args, **kwargs))
                   ^^^^^^^^^^^^^^^^^^
  File "/home/tarxemo/venv/lib/python3.12/site-packages/graphql/execution/middleware.py", line 75, in make_it_promise
    return next(*args, **kwargs)
           ^^^^^^^^^^^^^^^^^^^^^
  File "/home/tarxemo/Desktop/VS/ElectionBackend/election/types.py", line 661, in resolve_average_votes_per_election
    return self.average_votes_per_election
           ^^^^^^^^^^^^^^^^^^^^^^^^^^^^^^^
graphql.error.located_error.GraphQLLocatedError: 'dict' object has no attribute 'average_votes_per_election'

Traceback (most recent call last):
  File "/home/tarxemo/venv/lib/python3.12/site-packages/promise/promise.py", line 489, in _resolve_from_executor
    executor(resolve, reject)
  File "/home/tarxemo/venv/lib/python3.12/site-packages/promise/promise.py", line 756, in executor
    return resolve(f(*args, **kwargs))
                   ^^^^^^^^^^^^^^^^^^
  File "/home/tarxemo/venv/lib/python3.12/site-packages/graphql/execution/middleware.py", line 75, in make_it_promise
    return next(*args, **kwargs)
           ^^^^^^^^^^^^^^^^^^^^^
  File "/home/tarxemo/Desktop/VS/ElectionBackend/election/types.py", line 664, in resolve_most_contested_election
    return self.most_contested_election
           ^^^^^^^^^^^^^^^^^^^^^^^^^^^^
graphql.error.located_error.GraphQLLocatedError: 'dict' object has no attribute 'most_contested_election'

Traceback (most recent call last):
  File "/home/tarxemo/venv/lib/python3.12/site-packages/promise/promise.py", line 489, in _resolve_from_executor
    executor(resolve, reject)
  File "/home/tarxemo/venv/lib/python3.12/site-packages/promise/promise.py", line 756, in executor
    return resolve(f(*args, **kwargs))
                   ^^^^^^^^^^^^^^^^^^
  File "/home/tarxemo/venv/lib/python3.12/site-packages/graphql/execution/middleware.py", line 75, in make_it_promise
    return next(*args, **kwargs)
           ^^^^^^^^^^^^^^^^^^^^^
  File "/home/tarxemo/Desktop/VS/ElectionBackend/election/queries/positions.py", line 907, in resolve_dashboard_stats
    institutions_with_most_activity = Institution.objects.annotate(
                                      ^^^^^^^^^^^^^^^^^^^^^^^^^^^^^
  File "/home/tarxemo/venv/lib/python3.12/site-packages/django/db/models/manager.py", line 87, in manager_method
    return getattr(self.get_queryset(), name)(*args, **kwargs)
           ^^^^^^^^^^^^^^^^^^^^^^^^^^^^^^^^^^^^^^^^^^^^^^^^^^^
  File "/home/tarxemo/venv/lib/python3.12/site-packages/django/db/models/query.py", line 1630, in annotate
    return self._annotate(args, kwargs, select=True)
           ^^^^^^^^^^^^^^^^^^^^^^^^^^^^^^^^^^^^^^^^^
  File "/home/tarxemo/venv/lib/python3.12/site-packages/django/db/models/query.py", line 1680, in _annotate
    clone.query.add_annotation(
  File "/home/tarxemo/venv/lib/python3.12/site-packages/django/db/models/sql/query.py", line 1194, in add_annotation
    annotation = annotation.resolve_expression(self, allow_joins=True, reuse=None)
                 ^^^^^^^^^^^^^^^^^^^^^^^^^^^^^^^^^^^^^^^^^^^^^^^^^^^^^^^^^^^^^^^^^
  File "/home/tarxemo/venv/lib/python3.12/site-packages/django/db/models/aggregates.py", line 63, in resolve_expression
    c = super().resolve_expression(query, allow_joins, reuse, summarize)
        ^^^^^^^^^^^^^^^^^^^^^^^^^^^^^^^^^^^^^^^^^^^^^^^^^^^^^^^^^^^^^^^^
  File "/home/tarxemo/venv/lib/python3.12/site-packages/django/db/models/expressions.py", line 1073, in resolve_expression
    c.source_expressions[pos] = arg.resolve_expression(
                                ^^^^^^^^^^^^^^^^^^^^^^^
  File "/home/tarxemo/venv/lib/python3.12/site-packages/django/db/models/expressions.py", line 895, in resolve_expression
    return query.resolve_ref(self.name, allow_joins, reuse, summarize)
           ^^^^^^^^^^^^^^^^^^^^^^^^^^^^^^^^^^^^^^^^^^^^^^^^^^^^^^^^^^^
  File "/home/tarxemo/venv/lib/python3.12/site-packages/django/db/models/sql/query.py", line 2010, in resolve_ref
    join_info = self.setup_joins(
                ^^^^^^^^^^^^^^^^^
  File "/home/tarxemo/venv/lib/python3.12/site-packages/django/db/models/sql/query.py", line 1863, in setup_joins
    path, final_field, targets, rest = self.names_to_path(
                                       ^^^^^^^^^^^^^^^^^^^
  File "/home/tarxemo/venv/lib/python3.12/site-packages/django/db/models/sql/query.py", line 1768, in names_to_path
    raise FieldError(
graphql.error.located_error.GraphQLLocatedError: Cannot resolve keyword 'election' into field. Choices are: created_at, description, elections, id, institution, leader, level, level_id, name, parent, parent_id, position, student

Traceback (most recent call last):
  File "/home/tarxemo/venv/lib/python3.12/site-packages/promise/promise.py", line 489, in _resolve_from_executor
    executor(resolve, reject)
  File "/home/tarxemo/venv/lib/python3.12/site-packages/promise/promise.py", line 756, in executor
    return resolve(f(*args, **kwargs))
                   ^^^^^^^^^^^^^^^^^^
  File "/home/tarxemo/venv/lib/python3.12/site-packages/graphql/execution/middleware.py", line 75, in make_it_promise
    return next(*args, **kwargs)
           ^^^^^^^^^^^^^^^^^^^^^
  File "/home/tarxemo/Desktop/VS/ElectionBackend/election/queries/positions.py", line 964, in resolve_institutions_with_most_activity
    institutions = Institution.objects.annotate(
                   ^^^^^^^^^^^^^^^^^^^^^^^^^^^^^
  File "/home/tarxemo/venv/lib/python3.12/site-packages/django/db/models/manager.py", line 87, in manager_method
    return getattr(self.get_queryset(), name)(*args, **kwargs)
           ^^^^^^^^^^^^^^^^^^^^^^^^^^^^^^^^^^^^^^^^^^^^^^^^^^^
  File "/home/tarxemo/venv/lib/python3.12/site-packages/django/db/models/query.py", line 1630, in annotate
    return self._annotate(args, kwargs, select=True)
           ^^^^^^^^^^^^^^^^^^^^^^^^^^^^^^^^^^^^^^^^^
  File "/home/tarxemo/venv/lib/python3.12/site-packages/django/db/models/query.py", line 1680, in _annotate
    clone.query.add_annotation(
  File "/home/tarxemo/venv/lib/python3.12/site-packages/django/db/models/sql/query.py", line 1194, in add_annotation
    annotation = annotation.resolve_expression(self, allow_joins=True, reuse=None)
                 ^^^^^^^^^^^^^^^^^^^^^^^^^^^^^^^^^^^^^^^^^^^^^^^^^^^^^^^^^^^^^^^^^
  File "/home/tarxemo/venv/lib/python3.12/site-packages/django/db/models/aggregates.py", line 63, in resolve_expression
    c = super().resolve_expression(query, allow_joins, reuse, summarize)
        ^^^^^^^^^^^^^^^^^^^^^^^^^^^^^^^^^^^^^^^^^^^^^^^^^^^^^^^^^^^^^^^^
  File "/home/tarxemo/venv/lib/python3.12/site-packages/django/db/models/expressions.py", line 1073, in resolve_expression
    c.source_expressions[pos] = arg.resolve_expression(
                                ^^^^^^^^^^^^^^^^^^^^^^^
  File "/home/tarxemo/venv/lib/python3.12/site-packages/django/db/models/expressions.py", line 895, in resolve_expression
    return query.resolve_ref(self.name, allow_joins, reuse, summarize)
           ^^^^^^^^^^^^^^^^^^^^^^^^^^^^^^^^^^^^^^^^^^^^^^^^^^^^^^^^^^^
  File "/home/tarxemo/venv/lib/python3.12/site-packages/django/db/models/sql/query.py", line 2010, in resolve_ref
    join_info = self.setup_joins(
                ^^^^^^^^^^^^^^^^^
  File "/home/tarxemo/venv/lib/python3.12/site-packages/django/db/models/sql/query.py", line 1863, in setup_joins
    path, final_field, targets, rest = self.names_to_path(
                                       ^^^^^^^^^^^^^^^^^^^
  File "/home/tarxemo/venv/lib/python3.12/site-packages/django/db/models/sql/query.py", line 1768, in names_to_path
    raise FieldError(
graphql.error.located_error.GraphQLLocatedError: Cannot resolve keyword 'election' into field. Choices are: created_at, description, elections, id, institution, leader, level, level_id, name, parent, parent_id, position, student

Traceback (most recent call last):
  File "/home/tarxemo/venv/lib/python3.12/site-packages/promise/promise.py", line 489, in _resolve_from_executor
    executor(resolve, reject)
  File "/home/tarxemo/venv/lib/python3.12/site-packages/promise/promise.py", line 756, in executor
    return resolve(f(*args, **kwargs))
                   ^^^^^^^^^^^^^^^^^^
  File "/home/tarxemo/venv/lib/python3.12/site-packages/graphql/execution/middleware.py", line 75, in make_it_promise
    return next(*args, **kwargs)
           ^^^^^^^^^^^^^^^^^^^^^
  File "/home/tarxemo/Desktop/VS/ElectionBackend/election/types.py", line 652, in resolve_position
    return self.position
           ^^^^^^^^^^^^^
graphql.error.located_error.GraphQLLocatedError: 'dict' object has no attribute 'position'

Traceback (most recent call last):
  File "/home/tarxemo/venv/lib/python3.12/site-packages/promise/promise.py", line 489, in _resolve_from_executor
    executor(resolve, reject)
  File "/home/tarxemo/venv/lib/python3.12/site-packages/promise/promise.py", line 756, in executor
    return resolve(f(*args, **kwargs))
                   ^^^^^^^^^^^^^^^^^^
  File "/home/tarxemo/venv/lib/python3.12/site-packages/graphql/execution/middleware.py", line 75, in make_it_promise
    return next(*args, **kwargs)
           ^^^^^^^^^^^^^^^^^^^^^
  File "/home/tarxemo/Desktop/VS/ElectionBackend/election/types.py", line 655, in resolve_election_count
    return self.election_count
           ^^^^^^^^^^^^^^^^^^^
graphql.error.located_error.GraphQLLocatedError: 'dict' object has no attribute 'election_count'

Traceback (most recent call last):
  File "/home/tarxemo/venv/lib/python3.12/site-packages/promise/promise.py", line 489, in _resolve_from_executor
    executor(resolve, reject)
  File "/home/tarxemo/venv/lib/python3.12/site-packages/promise/promise.py", line 756, in executor
    return resolve(f(*args, **kwargs))
                   ^^^^^^^^^^^^^^^^^^
  File "/home/tarxemo/venv/lib/python3.12/site-packages/graphql/execution/middleware.py", line 75, in make_it_promise
    return next(*args, **kwargs)
           ^^^^^^^^^^^^^^^^^^^^^
  File "/home/tarxemo/Desktop/VS/ElectionBackend/election/types.py", line 658, in resolve_candidate_count
    return self.candidate_count
           ^^^^^^^^^^^^^^^^^^^^
graphql.error.located_error.GraphQLLocatedError: 'dict' object has no attribute 'candidate_count'

Traceback (most recent call last):
  File "/home/tarxemo/venv/lib/python3.12/site-packages/promise/promise.py", line 489, in _resolve_from_executor
    executor(resolve, reject)
  File "/home/tarxemo/venv/lib/python3.12/site-packages/promise/promise.py", line 756, in executor
    return resolve(f(*args, **kwargs))
                   ^^^^^^^^^^^^^^^^^^
  File "/home/tarxemo/venv/lib/python3.12/site-packages/graphql/execution/middleware.py", line 75, in make_it_promise
    return next(*args, **kwargs)
           ^^^^^^^^^^^^^^^^^^^^^
  File "/home/tarxemo/Desktop/VS/ElectionBackend/election/types.py", line 661, in resolve_average_votes_per_election
    return self.average_votes_per_election
           ^^^^^^^^^^^^^^^^^^^^^^^^^^^^^^^
graphql.error.located_error.GraphQLLocatedError: 'dict' object has no attribute 'average_votes_per_election'

Traceback (most recent call last):
  File "/home/tarxemo/venv/lib/python3.12/site-packages/promise/promise.py", line 489, in _resolve_from_executor
    executor(resolve, reject)
  File "/home/tarxemo/venv/lib/python3.12/site-packages/promise/promise.py", line 756, in executor
    return resolve(f(*args, **kwargs))
                   ^^^^^^^^^^^^^^^^^^
  File "/home/tarxemo/venv/lib/python3.12/site-packages/graphql/execution/middleware.py", line 75, in make_it_promise
    return next(*args, **kwargs)
           ^^^^^^^^^^^^^^^^^^^^^
  File "/home/tarxemo/Desktop/VS/ElectionBackend/election/types.py", line 664, in resolve_most_contested_election
    return self.most_contested_election
           ^^^^^^^^^^^^^^^^^^^^^^^^^^^^
graphql.error.located_error.GraphQLLocatedError: 'dict' object has no attribute 'most_contested_election'

Traceback (most recent call last):
  File "/home/tarxemo/venv/lib/python3.12/site-packages/promise/promise.py", line 489, in _resolve_from_executor
    executor(resolve, reject)
  File "/home/tarxemo/venv/lib/python3.12/site-packages/promise/promise.py", line 756, in executor
    return resolve(f(*args, **kwargs))
                   ^^^^^^^^^^^^^^^^^^
  File "/home/tarxemo/venv/lib/python3.12/site-packages/graphql/execution/middleware.py", line 75, in make_it_promise
    return next(*args, **kwargs)
           ^^^^^^^^^^^^^^^^^^^^^
  File "/home/tarxemo/Desktop/VS/ElectionBackend/election/types.py", line 652, in resolve_position
    return self.position
           ^^^^^^^^^^^^^
graphql.error.located_error.GraphQLLocatedError: 'dict' object has no attribute 'position'

Traceback (most recent call last):
  File "/home/tarxemo/venv/lib/python3.12/site-packages/promise/promise.py", line 489, in _resolve_from_executor
    executor(resolve, reject)
  File "/home/tarxemo/venv/lib/python3.12/site-packages/promise/promise.py", line 756, in executor
    return resolve(f(*args, **kwargs))
                   ^^^^^^^^^^^^^^^^^^
  File "/home/tarxemo/venv/lib/python3.12/site-packages/graphql/execution/middleware.py", line 75, in make_it_promise
    return next(*args, **kwargs)
           ^^^^^^^^^^^^^^^^^^^^^
  File "/home/tarxemo/Desktop/VS/ElectionBackend/election/types.py", line 655, in resolve_election_count
    return self.election_count
           ^^^^^^^^^^^^^^^^^^^
graphql.error.located_error.GraphQLLocatedError: 'dict' object has no attribute 'election_count'

Traceback (most recent call last):
  File "/home/tarxemo/venv/lib/python3.12/site-packages/promise/promise.py", line 489, in _resolve_from_executor
    executor(resolve, reject)
  File "/home/tarxemo/venv/lib/python3.12/site-packages/promise/promise.py", line 756, in executor
    return resolve(f(*args, **kwargs))
                   ^^^^^^^^^^^^^^^^^^
  File "/home/tarxemo/venv/lib/python3.12/site-packages/graphql/execution/middleware.py", line 75, in make_it_promise
    return next(*args, **kwargs)
           ^^^^^^^^^^^^^^^^^^^^^
  File "/home/tarxemo/Desktop/VS/ElectionBackend/election/types.py", line 658, in resolve_candidate_count
    return self.candidate_count
           ^^^^^^^^^^^^^^^^^^^^
graphql.error.located_error.GraphQLLocatedError: 'dict' object has no attribute 'candidate_count'

Traceback (most recent call last):
  File "/home/tarxemo/venv/lib/python3.12/site-packages/promise/promise.py", line 489, in _resolve_from_executor
    executor(resolve, reject)
  File "/home/tarxemo/venv/lib/python3.12/site-packages/promise/promise.py", line 756, in executor
    return resolve(f(*args, **kwargs))
                   ^^^^^^^^^^^^^^^^^^
  File "/home/tarxemo/venv/lib/python3.12/site-packages/graphql/execution/middleware.py", line 75, in make_it_promise
    return next(*args, **kwargs)
           ^^^^^^^^^^^^^^^^^^^^^
  File "/home/tarxemo/Desktop/VS/ElectionBackend/election/types.py", line 661, in resolve_average_votes_per_election
    return self.average_votes_per_election
           ^^^^^^^^^^^^^^^^^^^^^^^^^^^^^^^
graphql.error.located_error.GraphQLLocatedError: 'dict' object has no attribute 'average_votes_per_election'

Traceback (most recent call last):
  File "/home/tarxemo/venv/lib/python3.12/site-packages/promise/promise.py", line 489, in _resolve_from_executor
    executor(resolve, reject)
  File "/home/tarxemo/venv/lib/python3.12/site-packages/promise/promise.py", line 756, in executor
    return resolve(f(*args, **kwargs))
                   ^^^^^^^^^^^^^^^^^^
  File "/home/tarxemo/venv/lib/python3.12/site-packages/graphql/execution/middleware.py", line 75, in make_it_promise
    return next(*args, **kwargs)
           ^^^^^^^^^^^^^^^^^^^^^
  File "/home/tarxemo/Desktop/VS/ElectionBackend/election/types.py", line 664, in resolve_most_contested_election
    return self.most_contested_election
           ^^^^^^^^^^^^^^^^^^^^^^^^^^^^
graphql.error.located_error.GraphQLLocatedError: 'dict' object has no attribute 'most_contested_election'

Traceback (most recent call last):
  File "/home/tarxemo/venv/lib/python3.12/site-packages/promise/promise.py", line 489, in _resolve_from_executor
    executor(resolve, reject)
  File "/home/tarxemo/venv/lib/python3.12/site-packages/promise/promise.py", line 756, in executor
    return resolve(f(*args, **kwargs))
                   ^^^^^^^^^^^^^^^^^^
  File "/home/tarxemo/venv/lib/python3.12/site-packages/graphql/execution/middleware.py", line 75, in make_it_promise
    return next(*args, **kwargs)
           ^^^^^^^^^^^^^^^^^^^^^
  File "/home/tarxemo/Desktop/VS/ElectionBackend/election/types.py", line 652, in resolve_position
    return self.position
           ^^^^^^^^^^^^^
graphql.error.located_error.GraphQLLocatedError: 'dict' object has no attribute 'position'

Traceback (most recent call last):
  File "/home/tarxemo/venv/lib/python3.12/site-packages/promise/promise.py", line 489, in _resolve_from_executor
    executor(resolve, reject)
  File "/home/tarxemo/venv/lib/python3.12/site-packages/promise/promise.py", line 756, in executor
    return resolve(f(*args, **kwargs))
                   ^^^^^^^^^^^^^^^^^^
  File "/home/tarxemo/venv/lib/python3.12/site-packages/graphql/execution/middleware.py", line 75, in make_it_promise
    return next(*args, **kwargs)
           ^^^^^^^^^^^^^^^^^^^^^
  File "/home/tarxemo/Desktop/VS/ElectionBackend/election/types.py", line 655, in resolve_election_count
    return self.election_count
           ^^^^^^^^^^^^^^^^^^^
graphql.error.located_error.GraphQLLocatedError: 'dict' object has no attribute 'election_count'

Traceback (most recent call last):
  File "/home/tarxemo/venv/lib/python3.12/site-packages/promise/promise.py", line 489, in _resolve_from_executor
    executor(resolve, reject)
  File "/home/tarxemo/venv/lib/python3.12/site-packages/promise/promise.py", line 756, in executor
    return resolve(f(*args, **kwargs))
                   ^^^^^^^^^^^^^^^^^^
  File "/home/tarxemo/venv/lib/python3.12/site-packages/graphql/execution/middleware.py", line 75, in make_it_promise
    return next(*args, **kwargs)
           ^^^^^^^^^^^^^^^^^^^^^
  File "/home/tarxemo/Desktop/VS/ElectionBackend/election/types.py", line 658, in resolve_candidate_count
    return self.candidate_count
           ^^^^^^^^^^^^^^^^^^^^
graphql.error.located_error.GraphQLLocatedError: 'dict' object has no attribute 'candidate_count'

Traceback (most recent call last):
  File "/home/tarxemo/venv/lib/python3.12/site-packages/promise/promise.py", line 489, in _resolve_from_executor
    executor(resolve, reject)
  File "/home/tarxemo/venv/lib/python3.12/site-packages/promise/promise.py", line 756, in executor
    return resolve(f(*args, **kwargs))
                   ^^^^^^^^^^^^^^^^^^
  File "/home/tarxemo/venv/lib/python3.12/site-packages/graphql/execution/middleware.py", line 75, in make_it_promise
    return next(*args, **kwargs)
           ^^^^^^^^^^^^^^^^^^^^^
  File "/home/tarxemo/Desktop/VS/ElectionBackend/election/types.py", line 661, in resolve_average_votes_per_election
    return self.average_votes_per_election
           ^^^^^^^^^^^^^^^^^^^^^^^^^^^^^^^
graphql.error.located_error.GraphQLLocatedError: 'dict' object has no attribute 'average_votes_per_election'

Traceback (most recent call last):
  File "/home/tarxemo/venv/lib/python3.12/site-packages/promise/promise.py", line 489, in _resolve_from_executor
    executor(resolve, reject)
  File "/home/tarxemo/venv/lib/python3.12/site-packages/promise/promise.py", line 756, in executor
    return resolve(f(*args, **kwargs))
                   ^^^^^^^^^^^^^^^^^^
  File "/home/tarxemo/venv/lib/python3.12/site-packages/graphql/execution/middleware.py", line 75, in make_it_promise
    return next(*args, **kwargs)
           ^^^^^^^^^^^^^^^^^^^^^
  File "/home/tarxemo/Desktop/VS/ElectionBackend/election/types.py", line 664, in resolve_most_contested_election
    return self.most_contested_election
           ^^^^^^^^^^^^^^^^^^^^^^^^^^^^
graphql.error.located_error.GraphQLLocatedError: 'dict' object has no attribute 'most_contested_election'

Traceback (most recent call last):
  File "/home/tarxemo/venv/lib/python3.12/site-packages/promise/promise.py", line 489, in _resolve_from_executor
    executor(resolve, reject)
  File "/home/tarxemo/venv/lib/python3.12/site-packages/promise/promise.py", line 756, in executor
    return resolve(f(*args, **kwargs))
                   ^^^^^^^^^^^^^^^^^^
  File "/home/tarxemo/venv/lib/python3.12/site-packages/graphql/execution/middleware.py", line 75, in make_it_promise
    return next(*args, **kwargs)
           ^^^^^^^^^^^^^^^^^^^^^
  File "/home/tarxemo/Desktop/VS/ElectionBackend/election/types.py", line 652, in resolve_position
    return self.position
           ^^^^^^^^^^^^^
graphql.error.located_error.GraphQLLocatedError: 'dict' object has no attribute 'position'

Traceback (most recent call last):
  File "/home/tarxemo/venv/lib/python3.12/site-packages/promise/promise.py", line 489, in _resolve_from_executor
    executor(resolve, reject)
  File "/home/tarxemo/venv/lib/python3.12/site-packages/promise/promise.py", line 756, in executor
    return resolve(f(*args, **kwargs))
                   ^^^^^^^^^^^^^^^^^^
  File "/home/tarxemo/venv/lib/python3.12/site-packages/graphql/execution/middleware.py", line 75, in make_it_promise
    return next(*args, **kwargs)
           ^^^^^^^^^^^^^^^^^^^^^
  File "/home/tarxemo/Desktop/VS/ElectionBackend/election/types.py", line 655, in resolve_election_count
    return self.election_count
           ^^^^^^^^^^^^^^^^^^^
graphql.error.located_error.GraphQLLocatedError: 'dict' object has no attribute 'election_count'

Traceback (most recent call last):
  File "/home/tarxemo/venv/lib/python3.12/site-packages/promise/promise.py", line 489, in _resolve_from_executor
    executor(resolve, reject)
  File "/home/tarxemo/venv/lib/python3.12/site-packages/promise/promise.py", line 756, in executor
    return resolve(f(*args, **kwargs))
                   ^^^^^^^^^^^^^^^^^^
  File "/home/tarxemo/venv/lib/python3.12/site-packages/graphql/execution/middleware.py", line 75, in make_it_promise
    return next(*args, **kwargs)
           ^^^^^^^^^^^^^^^^^^^^^
  File "/home/tarxemo/Desktop/VS/ElectionBackend/election/types.py", line 658, in resolve_candidate_count
    return self.candidate_count
           ^^^^^^^^^^^^^^^^^^^^
graphql.error.located_error.GraphQLLocatedError: 'dict' object has no attribute 'candidate_count'

Traceback (most recent call last):
  File "/home/tarxemo/venv/lib/python3.12/site-packages/promise/promise.py", line 489, in _resolve_from_executor
    executor(resolve, reject)
  File "/home/tarxemo/venv/lib/python3.12/site-packages/promise/promise.py", line 756, in executor
    return resolve(f(*args, **kwargs))
                   ^^^^^^^^^^^^^^^^^^
  File "/home/tarxemo/venv/lib/python3.12/site-packages/graphql/execution/middleware.py", line 75, in make_it_promise
    return next(*args, **kwargs)
           ^^^^^^^^^^^^^^^^^^^^^
  File "/home/tarxemo/Desktop/VS/ElectionBackend/election/types.py", line 661, in resolve_average_votes_per_election
    return self.average_votes_per_election
           ^^^^^^^^^^^^^^^^^^^^^^^^^^^^^^^
graphql.error.located_error.GraphQLLocatedError: 'dict' object has no attribute 'average_votes_per_election'

Traceback (most recent call last):
  File "/home/tarxemo/venv/lib/python3.12/site-packages/promise/promise.py", line 489, in _resolve_from_executor
    executor(resolve, reject)
  File "/home/tarxemo/venv/lib/python3.12/site-packages/promise/promise.py", line 756, in executor
    return resolve(f(*args, **kwargs))
                   ^^^^^^^^^^^^^^^^^^
  File "/home/tarxemo/venv/lib/python3.12/site-packages/graphql/execution/middleware.py", line 75, in make_it_promise
    return next(*args, **kwargs)
           ^^^^^^^^^^^^^^^^^^^^^
  File "/home/tarxemo/Desktop/VS/ElectionBackend/election/types.py", line 664, in resolve_most_contested_election
    return self.most_contested_election
           ^^^^^^^^^^^^^^^^^^^^^^^^^^^^
graphql.error.located_error.GraphQLLocatedError: 'dict' object has no attribute 'most_contested_election'

Traceback (most recent call last):
  File "/home/tarxemo/venv/lib/python3.12/site-packages/promise/promise.py", line 489, in _resolve_from_executor
    executor(resolve, reject)
  File "/home/tarxemo/venv/lib/python3.12/site-packages/promise/promise.py", line 756, in executor
    return resolve(f(*args, **kwargs))
                   ^^^^^^^^^^^^^^^^^^
  File "/home/tarxemo/venv/lib/python3.12/site-packages/graphql/execution/middleware.py", line 75, in make_it_promise
    return next(*args, **kwargs)
           ^^^^^^^^^^^^^^^^^^^^^
  File "/home/tarxemo/Desktop/VS/ElectionBackend/election/types.py", line 652, in resolve_position
    return self.position
           ^^^^^^^^^^^^^
graphql.error.located_error.GraphQLLocatedError: 'dict' object has no attribute 'position'

Traceback (most recent call last):
  File "/home/tarxemo/venv/lib/python3.12/site-packages/promise/promise.py", line 489, in _resolve_from_executor
    executor(resolve, reject)
  File "/home/tarxemo/venv/lib/python3.12/site-packages/promise/promise.py", line 756, in executor
    return resolve(f(*args, **kwargs))
                   ^^^^^^^^^^^^^^^^^^
  File "/home/tarxemo/venv/lib/python3.12/site-packages/graphql/execution/middleware.py", line 75, in make_it_promise
    return next(*args, **kwargs)
           ^^^^^^^^^^^^^^^^^^^^^
  File "/home/tarxemo/Desktop/VS/ElectionBackend/election/types.py", line 655, in resolve_election_count
    return self.election_count
           ^^^^^^^^^^^^^^^^^^^
graphql.error.located_error.GraphQLLocatedError: 'dict' object has no attribute 'election_count'

Traceback (most recent call last):
  File "/home/tarxemo/venv/lib/python3.12/site-packages/promise/promise.py", line 489, in _resolve_from_executor
    executor(resolve, reject)
  File "/home/tarxemo/venv/lib/python3.12/site-packages/promise/promise.py", line 756, in executor
    return resolve(f(*args, **kwargs))
                   ^^^^^^^^^^^^^^^^^^
  File "/home/tarxemo/venv/lib/python3.12/site-packages/graphql/execution/middleware.py", line 75, in make_it_promise
    return next(*args, **kwargs)
           ^^^^^^^^^^^^^^^^^^^^^
  File "/home/tarxemo/Desktop/VS/ElectionBackend/election/types.py", line 658, in resolve_candidate_count
    return self.candidate_count
           ^^^^^^^^^^^^^^^^^^^^
graphql.error.located_error.GraphQLLocatedError: 'dict' object has no attribute 'candidate_count'

Traceback (most recent call last):
  File "/home/tarxemo/venv/lib/python3.12/site-packages/promise/promise.py", line 489, in _resolve_from_executor
    executor(resolve, reject)
  File "/home/tarxemo/venv/lib/python3.12/site-packages/promise/promise.py", line 756, in executor
    return resolve(f(*args, **kwargs))
                   ^^^^^^^^^^^^^^^^^^
  File "/home/tarxemo/venv/lib/python3.12/site-packages/graphql/execution/middleware.py", line 75, in make_it_promise
    return next(*args, **kwargs)
           ^^^^^^^^^^^^^^^^^^^^^
  File "/home/tarxemo/Desktop/VS/ElectionBackend/election/types.py", line 661, in resolve_average_votes_per_election
    return self.average_votes_per_election
           ^^^^^^^^^^^^^^^^^^^^^^^^^^^^^^^
graphql.error.located_error.GraphQLLocatedError: 'dict' object has no attribute 'average_votes_per_election'

Traceback (most recent call last):
  File "/home/tarxemo/venv/lib/python3.12/site-packages/promise/promise.py", line 489, in _resolve_from_executor
    executor(resolve, reject)
  File "/home/tarxemo/venv/lib/python3.12/site-packages/promise/promise.py", line 756, in executor
    return resolve(f(*args, **kwargs))
                   ^^^^^^^^^^^^^^^^^^
  File "/home/tarxemo/venv/lib/python3.12/site-packages/graphql/execution/middleware.py", line 75, in make_it_promise
    return next(*args, **kwargs)
           ^^^^^^^^^^^^^^^^^^^^^
  File "/home/tarxemo/Desktop/VS/ElectionBackend/election/types.py", line 664, in resolve_most_contested_election
    return self.most_contested_election
           ^^^^^^^^^^^^^^^^^^^^^^^^^^^^
graphql.error.located_error.GraphQLLocatedError: 'dict' object has no attribute 'most_contested_election'

Traceback (most recent call last):
  File "/home/tarxemo/venv/lib/python3.12/site-packages/promise/promise.py", line 489, in _resolve_from_executor
    executor(resolve, reject)
  File "/home/tarxemo/venv/lib/python3.12/site-packages/promise/promise.py", line 756, in executor
    return resolve(f(*args, **kwargs))
                   ^^^^^^^^^^^^^^^^^^
  File "/home/tarxemo/venv/lib/python3.12/site-packages/graphql/execution/middleware.py", line 75, in make_it_promise
    return next(*args, **kwargs)
           ^^^^^^^^^^^^^^^^^^^^^
  File "/home/tarxemo/Desktop/VS/ElectionBackend/election/types.py", line 652, in resolve_position
    return self.position
           ^^^^^^^^^^^^^
graphql.error.located_error.GraphQLLocatedError: 'dict' object has no attribute 'position'

Traceback (most recent call last):
  File "/home/tarxemo/venv/lib/python3.12/site-packages/promise/promise.py", line 489, in _resolve_from_executor
    executor(resolve, reject)
  File "/home/tarxemo/venv/lib/python3.12/site-packages/promise/promise.py", line 756, in executor
    return resolve(f(*args, **kwargs))
                   ^^^^^^^^^^^^^^^^^^
  File "/home/tarxemo/venv/lib/python3.12/site-packages/graphql/execution/middleware.py", line 75, in make_it_promise
    return next(*args, **kwargs)
           ^^^^^^^^^^^^^^^^^^^^^
  File "/home/tarxemo/Desktop/VS/ElectionBackend/election/types.py", line 655, in resolve_election_count
    return self.election_count
           ^^^^^^^^^^^^^^^^^^^
graphql.error.located_error.GraphQLLocatedError: 'dict' object has no attribute 'election_count'

Traceback (most recent call last):
  File "/home/tarxemo/venv/lib/python3.12/site-packages/promise/promise.py", line 489, in _resolve_from_executor
    executor(resolve, reject)
  File "/home/tarxemo/venv/lib/python3.12/site-packages/promise/promise.py", line 756, in executor
    return resolve(f(*args, **kwargs))
                   ^^^^^^^^^^^^^^^^^^
  File "/home/tarxemo/venv/lib/python3.12/site-packages/graphql/execution/middleware.py", line 75, in make_it_promise
    return next(*args, **kwargs)
           ^^^^^^^^^^^^^^^^^^^^^
  File "/home/tarxemo/Desktop/VS/ElectionBackend/election/types.py", line 658, in resolve_candidate_count
    return self.candidate_count
           ^^^^^^^^^^^^^^^^^^^^
graphql.error.located_error.GraphQLLocatedError: 'dict' object has no attribute 'candidate_count'

Traceback (most recent call last):
  File "/home/tarxemo/venv/lib/python3.12/site-packages/promise/promise.py", line 489, in _resolve_from_executor
    executor(resolve, reject)
  File "/home/tarxemo/venv/lib/python3.12/site-packages/promise/promise.py", line 756, in executor
    return resolve(f(*args, **kwargs))
                   ^^^^^^^^^^^^^^^^^^
  File "/home/tarxemo/venv/lib/python3.12/site-packages/graphql/execution/middleware.py", line 75, in make_it_promise
    return next(*args, **kwargs)
           ^^^^^^^^^^^^^^^^^^^^^
  File "/home/tarxemo/Desktop/VS/ElectionBackend/election/types.py", line 661, in resolve_average_votes_per_election
    return self.average_votes_per_election
           ^^^^^^^^^^^^^^^^^^^^^^^^^^^^^^^
graphql.error.located_error.GraphQLLocatedError: 'dict' object has no attribute 'average_votes_per_election'

Traceback (most recent call last):
  File "/home/tarxemo/venv/lib/python3.12/site-packages/promise/promise.py", line 489, in _resolve_from_executor
    executor(resolve, reject)
  File "/home/tarxemo/venv/lib/python3.12/site-packages/promise/promise.py", line 756, in executor
    return resolve(f(*args, **kwargs))
                   ^^^^^^^^^^^^^^^^^^
  File "/home/tarxemo/venv/lib/python3.12/site-packages/graphql/execution/middleware.py", line 75, in make_it_promise
    return next(*args, **kwargs)
           ^^^^^^^^^^^^^^^^^^^^^
  File "/home/tarxemo/Desktop/VS/ElectionBackend/election/types.py", line 664, in resolve_most_contested_election
    return self.most_contested_election
           ^^^^^^^^^^^^^^^^^^^^^^^^^^^^
graphql.error.located_error.GraphQLLocatedError: 'dict' object has no attribute 'most_contested_election'

Traceback (most recent call last):
  File "/home/tarxemo/venv/lib/python3.12/site-packages/promise/promise.py", line 489, in _resolve_from_executor
    executor(resolve, reject)
  File "/home/tarxemo/venv/lib/python3.12/site-packages/promise/promise.py", line 756, in executor
    return resolve(f(*args, **kwargs))
                   ^^^^^^^^^^^^^^^^^^
  File "/home/tarxemo/venv/lib/python3.12/site-packages/graphql/execution/middleware.py", line 75, in make_it_promise
    return next(*args, **kwargs)
           ^^^^^^^^^^^^^^^^^^^^^
  File "/home/tarxemo/Desktop/VS/ElectionBackend/election/types.py", line 652, in resolve_position
    return self.position
           ^^^^^^^^^^^^^
graphql.error.located_error.GraphQLLocatedError: 'dict' object has no attribute 'position'

Traceback (most recent call last):
  File "/home/tarxemo/venv/lib/python3.12/site-packages/promise/promise.py", line 489, in _resolve_from_executor
    executor(resolve, reject)
  File "/home/tarxemo/venv/lib/python3.12/site-packages/promise/promise.py", line 756, in executor
    return resolve(f(*args, **kwargs))
                   ^^^^^^^^^^^^^^^^^^
  File "/home/tarxemo/venv/lib/python3.12/site-packages/graphql/execution/middleware.py", line 75, in make_it_promise
    return next(*args, **kwargs)
           ^^^^^^^^^^^^^^^^^^^^^
  File "/home/tarxemo/Desktop/VS/ElectionBackend/election/types.py", line 655, in resolve_election_count
    return self.election_count
           ^^^^^^^^^^^^^^^^^^^
graphql.error.located_error.GraphQLLocatedError: 'dict' object has no attribute 'election_count'

Traceback (most recent call last):
  File "/home/tarxemo/venv/lib/python3.12/site-packages/promise/promise.py", line 489, in _resolve_from_executor
    executor(resolve, reject)
  File "/home/tarxemo/venv/lib/python3.12/site-packages/promise/promise.py", line 756, in executor
    return resolve(f(*args, **kwargs))
                   ^^^^^^^^^^^^^^^^^^
  File "/home/tarxemo/venv/lib/python3.12/site-packages/graphql/execution/middleware.py", line 75, in make_it_promise
    return next(*args, **kwargs)
           ^^^^^^^^^^^^^^^^^^^^^
  File "/home/tarxemo/Desktop/VS/ElectionBackend/election/types.py", line 658, in resolve_candidate_count
    return self.candidate_count
           ^^^^^^^^^^^^^^^^^^^^
graphql.error.located_error.GraphQLLocatedError: 'dict' object has no attribute 'candidate_count'

Traceback (most recent call last):
  File "/home/tarxemo/venv/lib/python3.12/site-packages/promise/promise.py", line 489, in _resolve_from_executor
    executor(resolve, reject)
  File "/home/tarxemo/venv/lib/python3.12/site-packages/promise/promise.py", line 756, in executor
    return resolve(f(*args, **kwargs))
                   ^^^^^^^^^^^^^^^^^^
  File "/home/tarxemo/venv/lib/python3.12/site-packages/graphql/execution/middleware.py", line 75, in make_it_promise
    return next(*args, **kwargs)
           ^^^^^^^^^^^^^^^^^^^^^
  File "/home/tarxemo/Desktop/VS/ElectionBackend/election/types.py", line 661, in resolve_average_votes_per_election
    return self.average_votes_per_election
           ^^^^^^^^^^^^^^^^^^^^^^^^^^^^^^^
graphql.error.located_error.GraphQLLocatedError: 'dict' object has no attribute 'average_votes_per_election'

Traceback (most recent call last):
  File "/home/tarxemo/venv/lib/python3.12/site-packages/promise/promise.py", line 489, in _resolve_from_executor
    executor(resolve, reject)
  File "/home/tarxemo/venv/lib/python3.12/site-packages/promise/promise.py", line 756, in executor
    return resolve(f(*args, **kwargs))
                   ^^^^^^^^^^^^^^^^^^
  File "/home/tarxemo/venv/lib/python3.12/site-packages/graphql/execution/middleware.py", line 75, in make_it_promise
    return next(*args, **kwargs)
           ^^^^^^^^^^^^^^^^^^^^^
  File "/home/tarxemo/Desktop/VS/ElectionBackend/election/types.py", line 664, in resolve_most_contested_election
    return self.most_contested_election
           ^^^^^^^^^^^^^^^^^^^^^^^^^^^^
graphql.error.located_error.GraphQLLocatedError: 'dict' object has no attribute 'most_contested_election'

Traceback (most recent call last):
  File "/home/tarxemo/venv/lib/python3.12/site-packages/promise/promise.py", line 489, in _resolve_from_executor
    executor(resolve, reject)
  File "/home/tarxemo/venv/lib/python3.12/site-packages/promise/promise.py", line 756, in executor
    return resolve(f(*args, **kwargs))
                   ^^^^^^^^^^^^^^^^^^
  File "/home/tarxemo/venv/lib/python3.12/site-packages/graphql/execution/middleware.py", line 75, in make_it_promise
    return next(*args, **kwargs)
           ^^^^^^^^^^^^^^^^^^^^^
  File "/home/tarxemo/Desktop/VS/ElectionBackend/election/types.py", line 652, in resolve_position
    return self.position
           ^^^^^^^^^^^^^
graphql.error.located_error.GraphQLLocatedError: 'dict' object has no attribute 'position'

Traceback (most recent call last):
  File "/home/tarxemo/venv/lib/python3.12/site-packages/promise/promise.py", line 489, in _resolve_from_executor
    executor(resolve, reject)
  File "/home/tarxemo/venv/lib/python3.12/site-packages/promise/promise.py", line 756, in executor
    return resolve(f(*args, **kwargs))
                   ^^^^^^^^^^^^^^^^^^
  File "/home/tarxemo/venv/lib/python3.12/site-packages/graphql/execution/middleware.py", line 75, in make_it_promise
    return next(*args, **kwargs)
           ^^^^^^^^^^^^^^^^^^^^^
  File "/home/tarxemo/Desktop/VS/ElectionBackend/election/types.py", line 655, in resolve_election_count
    return self.election_count
           ^^^^^^^^^^^^^^^^^^^
graphql.error.located_error.GraphQLLocatedError: 'dict' object has no attribute 'election_count'

Traceback (most recent call last):
  File "/home/tarxemo/venv/lib/python3.12/site-packages/promise/promise.py", line 489, in _resolve_from_executor
    executor(resolve, reject)
  File "/home/tarxemo/venv/lib/python3.12/site-packages/promise/promise.py", line 756, in executor
    return resolve(f(*args, **kwargs))
                   ^^^^^^^^^^^^^^^^^^
  File "/home/tarxemo/venv/lib/python3.12/site-packages/graphql/execution/middleware.py", line 75, in make_it_promise
    return next(*args, **kwargs)
           ^^^^^^^^^^^^^^^^^^^^^
  File "/home/tarxemo/Desktop/VS/ElectionBackend/election/types.py", line 658, in resolve_candidate_count
    return self.candidate_count
           ^^^^^^^^^^^^^^^^^^^^
graphql.error.located_error.GraphQLLocatedError: 'dict' object has no attribute 'candidate_count'

Traceback (most recent call last):
  File "/home/tarxemo/venv/lib/python3.12/site-packages/promise/promise.py", line 489, in _resolve_from_executor
    executor(resolve, reject)
  File "/home/tarxemo/venv/lib/python3.12/site-packages/promise/promise.py", line 756, in executor
    return resolve(f(*args, **kwargs))
                   ^^^^^^^^^^^^^^^^^^
  File "/home/tarxemo/venv/lib/python3.12/site-packages/graphql/execution/middleware.py", line 75, in make_it_promise
    return next(*args, **kwargs)
           ^^^^^^^^^^^^^^^^^^^^^
  File "/home/tarxemo/Desktop/VS/ElectionBackend/election/types.py", line 661, in resolve_average_votes_per_election
    return self.average_votes_per_election
           ^^^^^^^^^^^^^^^^^^^^^^^^^^^^^^^
graphql.error.located_error.GraphQLLocatedError: 'dict' object has no attribute 'average_votes_per_election'

Traceback (most recent call last):
  File "/home/tarxemo/venv/lib/python3.12/site-packages/promise/promise.py", line 489, in _resolve_from_executor
    executor(resolve, reject)
  File "/home/tarxemo/venv/lib/python3.12/site-packages/promise/promise.py", line 756, in executor
    return resolve(f(*args, **kwargs))
                   ^^^^^^^^^^^^^^^^^^
  File "/home/tarxemo/venv/lib/python3.12/site-packages/graphql/execution/middleware.py", line 75, in make_it_promise
    return next(*args, **kwargs)
           ^^^^^^^^^^^^^^^^^^^^^
  File "/home/tarxemo/Desktop/VS/ElectionBackend/election/types.py", line 664, in resolve_most_contested_election
    return self.most_contested_election
           ^^^^^^^^^^^^^^^^^^^^^^^^^^^^
graphql.error.located_error.GraphQLLocatedError: 'dict' object has no attribute 'most_contested_election'

Traceback (most recent call last):
  File "/home/tarxemo/venv/lib/python3.12/site-packages/promise/promise.py", line 489, in _resolve_from_executor
    executor(resolve, reject)
  File "/home/tarxemo/venv/lib/python3.12/site-packages/promise/promise.py", line 756, in executor
    return resolve(f(*args, **kwargs))
                   ^^^^^^^^^^^^^^^^^^
  File "/home/tarxemo/venv/lib/python3.12/site-packages/graphql/execution/middleware.py", line 75, in make_it_promise
    return next(*args, **kwargs)
           ^^^^^^^^^^^^^^^^^^^^^
  File "/home/tarxemo/Desktop/VS/ElectionBackend/election/types.py", line 652, in resolve_position
    return self.position
           ^^^^^^^^^^^^^
graphql.error.located_error.GraphQLLocatedError: 'dict' object has no attribute 'position'

Traceback (most recent call last):
  File "/home/tarxemo/venv/lib/python3.12/site-packages/promise/promise.py", line 489, in _resolve_from_executor
    executor(resolve, reject)
  File "/home/tarxemo/venv/lib/python3.12/site-packages/promise/promise.py", line 756, in executor
    return resolve(f(*args, **kwargs))
                   ^^^^^^^^^^^^^^^^^^
  File "/home/tarxemo/venv/lib/python3.12/site-packages/graphql/execution/middleware.py", line 75, in make_it_promise
    return next(*args, **kwargs)
           ^^^^^^^^^^^^^^^^^^^^^
  File "/home/tarxemo/Desktop/VS/ElectionBackend/election/types.py", line 655, in resolve_election_count
    return self.election_count
           ^^^^^^^^^^^^^^^^^^^
graphql.error.located_error.GraphQLLocatedError: 'dict' object has no attribute 'election_count'

Traceback (most recent call last):
  File "/home/tarxemo/venv/lib/python3.12/site-packages/promise/promise.py", line 489, in _resolve_from_executor
    executor(resolve, reject)
  File "/home/tarxemo/venv/lib/python3.12/site-packages/promise/promise.py", line 756, in executor
    return resolve(f(*args, **kwargs))
                   ^^^^^^^^^^^^^^^^^^
  File "/home/tarxemo/venv/lib/python3.12/site-packages/graphql/execution/middleware.py", line 75, in make_it_promise
    return next(*args, **kwargs)
           ^^^^^^^^^^^^^^^^^^^^^
  File "/home/tarxemo/Desktop/VS/ElectionBackend/election/types.py", line 658, in resolve_candidate_count
    return self.candidate_count
           ^^^^^^^^^^^^^^^^^^^^
graphql.error.located_error.GraphQLLocatedError: 'dict' object has no attribute 'candidate_count'

Traceback (most recent call last):
  File "/home/tarxemo/venv/lib/python3.12/site-packages/promise/promise.py", line 489, in _resolve_from_executor
    executor(resolve, reject)
  File "/home/tarxemo/venv/lib/python3.12/site-packages/promise/promise.py", line 756, in executor
    return resolve(f(*args, **kwargs))
                   ^^^^^^^^^^^^^^^^^^
  File "/home/tarxemo/venv/lib/python3.12/site-packages/graphql/execution/middleware.py", line 75, in make_it_promise
    return next(*args, **kwargs)
           ^^^^^^^^^^^^^^^^^^^^^
  File "/home/tarxemo/Desktop/VS/ElectionBackend/election/types.py", line 661, in resolve_average_votes_per_election
    return self.average_votes_per_election
           ^^^^^^^^^^^^^^^^^^^^^^^^^^^^^^^
graphql.error.located_error.GraphQLLocatedError: 'dict' object has no attribute 'average_votes_per_election'

Traceback (most recent call last):
  File "/home/tarxemo/venv/lib/python3.12/site-packages/promise/promise.py", line 489, in _resolve_from_executor
    executor(resolve, reject)
  File "/home/tarxemo/venv/lib/python3.12/site-packages/promise/promise.py", line 756, in executor
    return resolve(f(*args, **kwargs))
                   ^^^^^^^^^^^^^^^^^^
  File "/home/tarxemo/venv/lib/python3.12/site-packages/graphql/execution/middleware.py", line 75, in make_it_promise
    return next(*args, **kwargs)
           ^^^^^^^^^^^^^^^^^^^^^
  File "/home/tarxemo/Desktop/VS/ElectionBackend/election/types.py", line 664, in resolve_most_contested_election
    return self.most_contested_election
           ^^^^^^^^^^^^^^^^^^^^^^^^^^^^
graphql.error.located_error.GraphQLLocatedError: 'dict' object has no attribute 'most_contested_election'

Traceback (most recent call last):
  File "/home/tarxemo/venv/lib/python3.12/site-packages/promise/promise.py", line 489, in _resolve_from_executor
    executor(resolve, reject)
  File "/home/tarxemo/venv/lib/python3.12/site-packages/promise/promise.py", line 756, in executor
    return resolve(f(*args, **kwargs))
                   ^^^^^^^^^^^^^^^^^^
  File "/home/tarxemo/venv/lib/python3.12/site-packages/graphql/execution/middleware.py", line 75, in make_it_promise
    return next(*args, **kwargs)
           ^^^^^^^^^^^^^^^^^^^^^
  File "/home/tarxemo/Desktop/VS/ElectionBackend/election/types.py", line 652, in resolve_position
    return self.position
           ^^^^^^^^^^^^^
graphql.error.located_error.GraphQLLocatedError: 'dict' object has no attribute 'position'

Traceback (most recent call last):
  File "/home/tarxemo/venv/lib/python3.12/site-packages/promise/promise.py", line 489, in _resolve_from_executor
    executor(resolve, reject)
  File "/home/tarxemo/venv/lib/python3.12/site-packages/promise/promise.py", line 756, in executor
    return resolve(f(*args, **kwargs))
                   ^^^^^^^^^^^^^^^^^^
  File "/home/tarxemo/venv/lib/python3.12/site-packages/graphql/execution/middleware.py", line 75, in make_it_promise
    return next(*args, **kwargs)
           ^^^^^^^^^^^^^^^^^^^^^
  File "/home/tarxemo/Desktop/VS/ElectionBackend/election/types.py", line 655, in resolve_election_count
    return self.election_count
           ^^^^^^^^^^^^^^^^^^^
graphql.error.located_error.GraphQLLocatedError: 'dict' object has no attribute 'election_count'

Traceback (most recent call last):
  File "/home/tarxemo/venv/lib/python3.12/site-packages/promise/promise.py", line 489, in _resolve_from_executor
    executor(resolve, reject)
  File "/home/tarxemo/venv/lib/python3.12/site-packages/promise/promise.py", line 756, in executor
    return resolve(f(*args, **kwargs))
                   ^^^^^^^^^^^^^^^^^^
  File "/home/tarxemo/venv/lib/python3.12/site-packages/graphql/execution/middleware.py", line 75, in make_it_promise
    return next(*args, **kwargs)
           ^^^^^^^^^^^^^^^^^^^^^
  File "/home/tarxemo/Desktop/VS/ElectionBackend/election/types.py", line 658, in resolve_candidate_count
    return self.candidate_count
           ^^^^^^^^^^^^^^^^^^^^
graphql.error.located_error.GraphQLLocatedError: 'dict' object has no attribute 'candidate_count'

Traceback (most recent call last):
  File "/home/tarxemo/venv/lib/python3.12/site-packages/promise/promise.py", line 489, in _resolve_from_executor
    executor(resolve, reject)
  File "/home/tarxemo/venv/lib/python3.12/site-packages/promise/promise.py", line 756, in executor
    return resolve(f(*args, **kwargs))
                   ^^^^^^^^^^^^^^^^^^
  File "/home/tarxemo/venv/lib/python3.12/site-packages/graphql/execution/middleware.py", line 75, in make_it_promise
    return next(*args, **kwargs)
           ^^^^^^^^^^^^^^^^^^^^^
  File "/home/tarxemo/Desktop/VS/ElectionBackend/election/types.py", line 661, in resolve_average_votes_per_election
    return self.average_votes_per_election
           ^^^^^^^^^^^^^^^^^^^^^^^^^^^^^^^
graphql.error.located_error.GraphQLLocatedError: 'dict' object has no attribute 'average_votes_per_election'

Traceback (most recent call last):
  File "/home/tarxemo/venv/lib/python3.12/site-packages/promise/promise.py", line 489, in _resolve_from_executor
    executor(resolve, reject)
  File "/home/tarxemo/venv/lib/python3.12/site-packages/promise/promise.py", line 756, in executor
    return resolve(f(*args, **kwargs))
                   ^^^^^^^^^^^^^^^^^^
  File "/home/tarxemo/venv/lib/python3.12/site-packages/graphql/execution/middleware.py", line 75, in make_it_promise
    return next(*args, **kwargs)
           ^^^^^^^^^^^^^^^^^^^^^
  File "/home/tarxemo/Desktop/VS/ElectionBackend/election/types.py", line 664, in resolve_most_contested_election
    return self.most_contested_election
           ^^^^^^^^^^^^^^^^^^^^^^^^^^^^
graphql.error.located_error.GraphQLLocatedError: 'dict' object has no attribute 'most_contested_election'

Traceback (most recent call last):
  File "/home/tarxemo/venv/lib/python3.12/site-packages/promise/promise.py", line 489, in _resolve_from_executor
    executor(resolve, reject)
  File "/home/tarxemo/venv/lib/python3.12/site-packages/promise/promise.py", line 756, in executor
    return resolve(f(*args, **kwargs))
                   ^^^^^^^^^^^^^^^^^^
  File "/home/tarxemo/venv/lib/python3.12/site-packages/graphql/execution/middleware.py", line 75, in make_it_promise
    return next(*args, **kwargs)
           ^^^^^^^^^^^^^^^^^^^^^
  File "/home/tarxemo/Desktop/VS/ElectionBackend/election/queries/positions.py", line 907, in resolve_dashboard_stats
    institutions_with_most_activity = Institution.objects.annotate(
                                      ^^^^^^^^^^^^^^^^^^^^^^^^^^^^^
  File "/home/tarxemo/venv/lib/python3.12/site-packages/django/db/models/manager.py", line 87, in manager_method
    return getattr(self.get_queryset(), name)(*args, **kwargs)
           ^^^^^^^^^^^^^^^^^^^^^^^^^^^^^^^^^^^^^^^^^^^^^^^^^^^
  File "/home/tarxemo/venv/lib/python3.12/site-packages/django/db/models/query.py", line 1630, in annotate
    return self._annotate(args, kwargs, select=True)
           ^^^^^^^^^^^^^^^^^^^^^^^^^^^^^^^^^^^^^^^^^
  File "/home/tarxemo/venv/lib/python3.12/site-packages/django/db/models/query.py", line 1680, in _annotate
    clone.query.add_annotation(
  File "/home/tarxemo/venv/lib/python3.12/site-packages/django/db/models/sql/query.py", line 1194, in add_annotation
    annotation = annotation.resolve_expression(self, allow_joins=True, reuse=None)
                 ^^^^^^^^^^^^^^^^^^^^^^^^^^^^^^^^^^^^^^^^^^^^^^^^^^^^^^^^^^^^^^^^^
  File "/home/tarxemo/venv/lib/python3.12/site-packages/django/db/models/aggregates.py", line 63, in resolve_expression
    c = super().resolve_expression(query, allow_joins, reuse, summarize)
        ^^^^^^^^^^^^^^^^^^^^^^^^^^^^^^^^^^^^^^^^^^^^^^^^^^^^^^^^^^^^^^^^
  File "/home/tarxemo/venv/lib/python3.12/site-packages/django/db/models/expressions.py", line 1073, in resolve_expression
    c.source_expressions[pos] = arg.resolve_expression(
                                ^^^^^^^^^^^^^^^^^^^^^^^
  File "/home/tarxemo/venv/lib/python3.12/site-packages/django/db/models/expressions.py", line 895, in resolve_expression
    return query.resolve_ref(self.name, allow_joins, reuse, summarize)
           ^^^^^^^^^^^^^^^^^^^^^^^^^^^^^^^^^^^^^^^^^^^^^^^^^^^^^^^^^^^
  File "/home/tarxemo/venv/lib/python3.12/site-packages/django/db/models/sql/query.py", line 2010, in resolve_ref
    join_info = self.setup_joins(
                ^^^^^^^^^^^^^^^^^
  File "/home/tarxemo/venv/lib/python3.12/site-packages/django/db/models/sql/query.py", line 1863, in setup_joins
    path, final_field, targets, rest = self.names_to_path(
                                       ^^^^^^^^^^^^^^^^^^^
  File "/home/tarxemo/venv/lib/python3.12/site-packages/django/db/models/sql/query.py", line 1768, in names_to_path
    raise FieldError(
graphql.error.located_error.GraphQLLocatedError: Cannot resolve keyword 'election' into field. Choices are: created_at, description, elections, id, institution, leader, level, level_id, name, parent, parent_id, position, student

/home/tarxemo/Desktop/VS/ElectionBackend/election/queries/positions.py changed, reloading.
Watching for file changes with StatReloader
Traceback (most recent call last):
  File "/home/tarxemo/venv/lib/python3.12/site-packages/promise/promise.py", line 489, in _resolve_from_executor
    executor(resolve, reject)
  File "/home/tarxemo/venv/lib/python3.12/site-packages/promise/promise.py", line 756, in executor
    return resolve(f(*args, **kwargs))
                   ^^^^^^^^^^^^^^^^^^
  File "/home/tarxemo/venv/lib/python3.12/site-packages/graphql/execution/middleware.py", line 75, in make_it_promise
    return next(*args, **kwargs)
           ^^^^^^^^^^^^^^^^^^^^^
  File "/home/tarxemo/Desktop/VS/ElectionBackend/election/queries/positions.py", line 907, in resolve_dashboard_stats
    institutions_with_most_activity = Institution.objects.annotate(
                                      ^^^^^^^^^^^^^^^^^^^^^^^^^^^^^
  File "/home/tarxemo/venv/lib/python3.12/site-packages/django/db/models/manager.py", line 87, in manager_method
    return getattr(self.get_queryset(), name)(*args, **kwargs)
           ^^^^^^^^^^^^^^^^^^^^^^^^^^^^^^^^^^^^^^^^^^^^^^^^^^^
  File "/home/tarxemo/venv/lib/python3.12/site-packages/django/db/models/query.py", line 1630, in annotate
    return self._annotate(args, kwargs, select=True)
           ^^^^^^^^^^^^^^^^^^^^^^^^^^^^^^^^^^^^^^^^^
  File "/home/tarxemo/venv/lib/python3.12/site-packages/django/db/models/query.py", line 1680, in _annotate
    clone.query.add_annotation(
  File "/home/tarxemo/venv/lib/python3.12/site-packages/django/db/models/sql/query.py", line 1194, in add_annotation
    annotation = annotation.resolve_expression(self, allow_joins=True, reuse=None)
                 ^^^^^^^^^^^^^^^^^^^^^^^^^^^^^^^^^^^^^^^^^^^^^^^^^^^^^^^^^^^^^^^^^
  File "/home/tarxemo/venv/lib/python3.12/site-packages/django/db/models/aggregates.py", line 63, in resolve_expression
    c = super().resolve_expression(query, allow_joins, reuse, summarize)
        ^^^^^^^^^^^^^^^^^^^^^^^^^^^^^^^^^^^^^^^^^^^^^^^^^^^^^^^^^^^^^^^^
  File "/home/tarxemo/venv/lib/python3.12/site-packages/django/db/models/expressions.py", line 1073, in resolve_expression
    c.source_expressions[pos] = arg.resolve_expression(
                                ^^^^^^^^^^^^^^^^^^^^^^^
  File "/home/tarxemo/venv/lib/python3.12/site-packages/django/db/models/expressions.py", line 895, in resolve_expression
    return query.resolve_ref(self.name, allow_joins, reuse, summarize)
           ^^^^^^^^^^^^^^^^^^^^^^^^^^^^^^^^^^^^^^^^^^^^^^^^^^^^^^^^^^^
  File "/home/tarxemo/venv/lib/python3.12/site-packages/django/db/models/sql/query.py", line 2010, in resolve_ref
    join_info = self.setup_joins(
                ^^^^^^^^^^^^^^^^^
  File "/home/tarxemo/venv/lib/python3.12/site-packages/django/db/models/sql/query.py", line 1863, in setup_joins
    path, final_field, targets, rest = self.names_to_path(
                                       ^^^^^^^^^^^^^^^^^^^
  File "/home/tarxemo/venv/lib/python3.12/site-packages/django/db/models/sql/query.py", line 1768, in names_to_path
    raise FieldError(
graphql.error.located_error.GraphQLLocatedError: Cannot resolve keyword 'election' into field. Choices are: created_at, description, elections, id, institution, leader, level, level_id, name, parent, parent_id, position, student

Traceback (most recent call last):
  File "/home/tarxemo/venv/lib/python3.12/site-packages/promise/promise.py", line 489, in _resolve_from_executor
    executor(resolve, reject)
  File "/home/tarxemo/venv/lib/python3.12/site-packages/promise/promise.py", line 756, in executor
    return resolve(f(*args, **kwargs))
                   ^^^^^^^^^^^^^^^^^^
  File "/home/tarxemo/venv/lib/python3.12/site-packages/graphql/execution/middleware.py", line 75, in make_it_promise
    return next(*args, **kwargs)
           ^^^^^^^^^^^^^^^^^^^^^
  File "/home/tarxemo/Desktop/VS/ElectionBackend/election/queries/positions.py", line 907, in resolve_dashboard_stats
    institutions_with_most_activity = Institution.objects.annotate(
                                      ^^^^^^^^^^^^^^^^^^^^^^^^^^^^^
  File "/home/tarxemo/venv/lib/python3.12/site-packages/django/db/models/manager.py", line 87, in manager_method
    return getattr(self.get_queryset(), name)(*args, **kwargs)
           ^^^^^^^^^^^^^^^^^^^^^^^^^^^^^^^^^^^^^^^^^^^^^^^^^^^
  File "/home/tarxemo/venv/lib/python3.12/site-packages/django/db/models/query.py", line 1630, in annotate
    return self._annotate(args, kwargs, select=True)
           ^^^^^^^^^^^^^^^^^^^^^^^^^^^^^^^^^^^^^^^^^
  File "/home/tarxemo/venv/lib/python3.12/site-packages/django/db/models/query.py", line 1680, in _annotate
    clone.query.add_annotation(
  File "/home/tarxemo/venv/lib/python3.12/site-packages/django/db/models/sql/query.py", line 1194, in add_annotation
    annotation = annotation.resolve_expression(self, allow_joins=True, reuse=None)
                 ^^^^^^^^^^^^^^^^^^^^^^^^^^^^^^^^^^^^^^^^^^^^^^^^^^^^^^^^^^^^^^^^^
  File "/home/tarxemo/venv/lib/python3.12/site-packages/django/db/models/aggregates.py", line 63, in resolve_expression
    c = super().resolve_expression(query, allow_joins, reuse, summarize)
        ^^^^^^^^^^^^^^^^^^^^^^^^^^^^^^^^^^^^^^^^^^^^^^^^^^^^^^^^^^^^^^^^
  File "/home/tarxemo/venv/lib/python3.12/site-packages/django/db/models/expressions.py", line 1073, in resolve_expression
    c.source_expressions[pos] = arg.resolve_expression(
                                ^^^^^^^^^^^^^^^^^^^^^^^
  File "/home/tarxemo/venv/lib/python3.12/site-packages/django/db/models/expressions.py", line 895, in resolve_expression
    return query.resolve_ref(self.name, allow_joins, reuse, summarize)
           ^^^^^^^^^^^^^^^^^^^^^^^^^^^^^^^^^^^^^^^^^^^^^^^^^^^^^^^^^^^
  File "/home/tarxemo/venv/lib/python3.12/site-packages/django/db/models/sql/query.py", line 2010, in resolve_ref
    join_info = self.setup_joins(
                ^^^^^^^^^^^^^^^^^
  File "/home/tarxemo/venv/lib/python3.12/site-packages/django/db/models/sql/query.py", line 1863, in setup_joins
    path, final_field, targets, rest = self.names_to_path(
                                       ^^^^^^^^^^^^^^^^^^^
  File "/home/tarxemo/venv/lib/python3.12/site-packages/django/db/models/sql/query.py", line 1768, in names_to_path
    raise FieldError(
graphql.error.located_error.GraphQLLocatedError: Cannot resolve keyword 'election' into field. Choices are: created_at, description, elections, id, institution, leader, level, level_id, name, parent, parent_id, position, student

Traceback (most recent call last):
  File "/home/tarxemo/venv/lib/python3.12/site-packages/promise/promise.py", line 489, in _resolve_from_executor
    executor(resolve, reject)
  File "/home/tarxemo/venv/lib/python3.12/site-packages/promise/promise.py", line 756, in executor
    return resolve(f(*args, **kwargs))
                   ^^^^^^^^^^^^^^^^^^
  File "/home/tarxemo/venv/lib/python3.12/site-packages/graphql/execution/middleware.py", line 75, in make_it_promise
    return next(*args, **kwargs)
           ^^^^^^^^^^^^^^^^^^^^^
  File "/home/tarxemo/Desktop/VS/ElectionBackend/election/queries/positions.py", line 928, in resolve_positions_with_most_contests
    positions = Position.objects.annotate(
                ^^^^^^^^^^^^^^^^^^^^^^^^^^
  File "/home/tarxemo/venv/lib/python3.12/site-packages/django/db/models/manager.py", line 87, in manager_method
    return getattr(self.get_queryset(), name)(*args, **kwargs)
           ^^^^^^^^^^^^^^^^^^^^^^^^^^^^^^^^^^^^^^^^^^^^^^^^^^^
  File "/home/tarxemo/venv/lib/python3.12/site-packages/django/db/models/query.py", line 1630, in annotate
    return self._annotate(args, kwargs, select=True)
           ^^^^^^^^^^^^^^^^^^^^^^^^^^^^^^^^^^^^^^^^^
  File "/home/tarxemo/venv/lib/python3.12/site-packages/django/db/models/query.py", line 1680, in _annotate
    clone.query.add_annotation(
  File "/home/tarxemo/venv/lib/python3.12/site-packages/django/db/models/sql/query.py", line 1194, in add_annotation
    annotation = annotation.resolve_expression(self, allow_joins=True, reuse=None)
                 ^^^^^^^^^^^^^^^^^^^^^^^^^^^^^^^^^^^^^^^^^^^^^^^^^^^^^^^^^^^^^^^^^
  File "/home/tarxemo/venv/lib/python3.12/site-packages/django/db/models/aggregates.py", line 63, in resolve_expression
    c = super().resolve_expression(query, allow_joins, reuse, summarize)
        ^^^^^^^^^^^^^^^^^^^^^^^^^^^^^^^^^^^^^^^^^^^^^^^^^^^^^^^^^^^^^^^^
  File "/home/tarxemo/venv/lib/python3.12/site-packages/django/db/models/expressions.py", line 1073, in resolve_expression
    c.source_expressions[pos] = arg.resolve_expression(
                                ^^^^^^^^^^^^^^^^^^^^^^^
  File "/home/tarxemo/venv/lib/python3.12/site-packages/django/db/models/expressions.py", line 895, in resolve_expression
    return query.resolve_ref(self.name, allow_joins, reuse, summarize)
           ^^^^^^^^^^^^^^^^^^^^^^^^^^^^^^^^^^^^^^^^^^^^^^^^^^^^^^^^^^^
  File "/home/tarxemo/venv/lib/python3.12/site-packages/django/db/models/sql/query.py", line 2010, in resolve_ref
    join_info = self.setup_joins(
                ^^^^^^^^^^^^^^^^^
  File "/home/tarxemo/venv/lib/python3.12/site-packages/django/db/models/sql/query.py", line 1863, in setup_joins
    path, final_field, targets, rest = self.names_to_path(
                                       ^^^^^^^^^^^^^^^^^^^
  File "/home/tarxemo/venv/lib/python3.12/site-packages/django/db/models/sql/query.py", line 1768, in names_to_path
    raise FieldError(
graphql.error.located_error.GraphQLLocatedError: Cannot resolve keyword 'candidates' into field. Choices are: description, election_count, electionposition, elections, id, institution, institution_id, leader, level, level_id, name, voting_power

Traceback (most recent call last):
  File "/home/tarxemo/venv/lib/python3.12/site-packages/promise/promise.py", line 489, in _resolve_from_executor
    executor(resolve, reject)
  File "/home/tarxemo/venv/lib/python3.12/site-packages/promise/promise.py", line 756, in executor
    return resolve(f(*args, **kwargs))
                   ^^^^^^^^^^^^^^^^^^
  File "/home/tarxemo/venv/lib/python3.12/site-packages/graphql/execution/middleware.py", line 75, in make_it_promise
    return next(*args, **kwargs)
           ^^^^^^^^^^^^^^^^^^^^^
  File "/home/tarxemo/Desktop/VS/ElectionBackend/election/queries/positions.py", line 975, in resolve_institutions_with_most_activity
    turnout=F('total_votes_cast') * 100.0 / F('total_voters')
            ^
graphql.error.located_error.GraphQLLocatedError: name 'F' is not defined

Traceback (most recent call last):
  File "/home/tarxemo/venv/lib/python3.12/site-packages/promise/promise.py", line 489, in _resolve_from_executor
    executor(resolve, reject)
  File "/home/tarxemo/venv/lib/python3.12/site-packages/promise/promise.py", line 756, in executor
    return resolve(f(*args, **kwargs))
                   ^^^^^^^^^^^^^^^^^^
  File "/home/tarxemo/venv/lib/python3.12/site-packages/graphql/execution/middleware.py", line 75, in make_it_promise
    return next(*args, **kwargs)
           ^^^^^^^^^^^^^^^^^^^^^
  File "/home/tarxemo/Desktop/VS/ElectionBackend/election/queries/positions.py", line 928, in resolve_positions_with_most_contests
    positions = Position.objects.annotate(
                ^^^^^^^^^^^^^^^^^^^^^^^^^^
  File "/home/tarxemo/venv/lib/python3.12/site-packages/django/db/models/manager.py", line 87, in manager_method
    return getattr(self.get_queryset(), name)(*args, **kwargs)
           ^^^^^^^^^^^^^^^^^^^^^^^^^^^^^^^^^^^^^^^^^^^^^^^^^^^
  File "/home/tarxemo/venv/lib/python3.12/site-packages/django/db/models/query.py", line 1630, in annotate
    return self._annotate(args, kwargs, select=True)
           ^^^^^^^^^^^^^^^^^^^^^^^^^^^^^^^^^^^^^^^^^
  File "/home/tarxemo/venv/lib/python3.12/site-packages/django/db/models/query.py", line 1680, in _annotate
    clone.query.add_annotation(
  File "/home/tarxemo/venv/lib/python3.12/site-packages/django/db/models/sql/query.py", line 1194, in add_annotation
    annotation = annotation.resolve_expression(self, allow_joins=True, reuse=None)
                 ^^^^^^^^^^^^^^^^^^^^^^^^^^^^^^^^^^^^^^^^^^^^^^^^^^^^^^^^^^^^^^^^^
  File "/home/tarxemo/venv/lib/python3.12/site-packages/django/db/models/aggregates.py", line 63, in resolve_expression
    c = super().resolve_expression(query, allow_joins, reuse, summarize)
        ^^^^^^^^^^^^^^^^^^^^^^^^^^^^^^^^^^^^^^^^^^^^^^^^^^^^^^^^^^^^^^^^
  File "/home/tarxemo/venv/lib/python3.12/site-packages/django/db/models/expressions.py", line 1073, in resolve_expression
    c.source_expressions[pos] = arg.resolve_expression(
                                ^^^^^^^^^^^^^^^^^^^^^^^
  File "/home/tarxemo/venv/lib/python3.12/site-packages/django/db/models/expressions.py", line 895, in resolve_expression
    return query.resolve_ref(self.name, allow_joins, reuse, summarize)
           ^^^^^^^^^^^^^^^^^^^^^^^^^^^^^^^^^^^^^^^^^^^^^^^^^^^^^^^^^^^
  File "/home/tarxemo/venv/lib/python3.12/site-packages/django/db/models/sql/query.py", line 2010, in resolve_ref
    join_info = self.setup_joins(
                ^^^^^^^^^^^^^^^^^
  File "/home/tarxemo/venv/lib/python3.12/site-packages/django/db/models/sql/query.py", line 1863, in setup_joins
    path, final_field, targets, rest = self.names_to_path(
                                       ^^^^^^^^^^^^^^^^^^^
  File "/home/tarxemo/venv/lib/python3.12/site-packages/django/db/models/sql/query.py", line 1768, in names_to_path
    raise FieldError(
graphql.error.located_error.GraphQLLocatedError: Cannot resolve keyword 'candidates' into field. Choices are: description, election_count, electionposition, elections, id, institution, institution_id, leader, level, level_id, name, voting_power

Traceback (most recent call last):
  File "/home/tarxemo/venv/lib/python3.12/site-packages/promise/promise.py", line 489, in _resolve_from_executor
    executor(resolve, reject)
  File "/home/tarxemo/venv/lib/python3.12/site-packages/promise/promise.py", line 756, in executor
    return resolve(f(*args, **kwargs))
                   ^^^^^^^^^^^^^^^^^^
  File "/home/tarxemo/venv/lib/python3.12/site-packages/graphql/execution/middleware.py", line 75, in make_it_promise
    return next(*args, **kwargs)
           ^^^^^^^^^^^^^^^^^^^^^
  File "/home/tarxemo/Desktop/VS/ElectionBackend/election/queries/positions.py", line 975, in resolve_institutions_with_most_activity
    turnout=F('total_votes_cast') * 100.0 / F('total_voters')
            ^
graphql.error.located_error.GraphQLLocatedError: name 'F' is not defined

/home/tarxemo/Desktop/VS/ElectionBackend/election/queries/positions.py changed, reloading.
Watching for file changes with StatReloader
Traceback (most recent call last):
  File "/home/tarxemo/venv/lib/python3.12/site-packages/promise/promise.py", line 489, in _resolve_from_executor
    executor(resolve, reject)
  File "/home/tarxemo/venv/lib/python3.12/site-packages/promise/promise.py", line 756, in executor
    return resolve(f(*args, **kwargs))
                   ^^^^^^^^^^^^^^^^^^
  File "/home/tarxemo/venv/lib/python3.12/site-packages/graphql/execution/middleware.py", line 75, in make_it_promise
    return next(*args, **kwargs)
           ^^^^^^^^^^^^^^^^^^^^^
  File "/home/tarxemo/Desktop/VS/ElectionBackend/election/queries/positions.py", line 928, in resolve_positions_with_most_contests
    positions = Position.objects.annotate(
                ^^^^^^^^^^^^^^^^^^^^^^^^^^
  File "/home/tarxemo/venv/lib/python3.12/site-packages/django/db/models/manager.py", line 87, in manager_method
    return getattr(self.get_queryset(), name)(*args, **kwargs)
           ^^^^^^^^^^^^^^^^^^^^^^^^^^^^^^^^^^^^^^^^^^^^^^^^^^^
  File "/home/tarxemo/venv/lib/python3.12/site-packages/django/db/models/query.py", line 1630, in annotate
    return self._annotate(args, kwargs, select=True)
           ^^^^^^^^^^^^^^^^^^^^^^^^^^^^^^^^^^^^^^^^^
  File "/home/tarxemo/venv/lib/python3.12/site-packages/django/db/models/query.py", line 1680, in _annotate
    clone.query.add_annotation(
  File "/home/tarxemo/venv/lib/python3.12/site-packages/django/db/models/sql/query.py", line 1194, in add_annotation
    annotation = annotation.resolve_expression(self, allow_joins=True, reuse=None)
                 ^^^^^^^^^^^^^^^^^^^^^^^^^^^^^^^^^^^^^^^^^^^^^^^^^^^^^^^^^^^^^^^^^
  File "/home/tarxemo/venv/lib/python3.12/site-packages/django/db/models/aggregates.py", line 63, in resolve_expression
    c = super().resolve_expression(query, allow_joins, reuse, summarize)
        ^^^^^^^^^^^^^^^^^^^^^^^^^^^^^^^^^^^^^^^^^^^^^^^^^^^^^^^^^^^^^^^^
  File "/home/tarxemo/venv/lib/python3.12/site-packages/django/db/models/expressions.py", line 1073, in resolve_expression
    c.source_expressions[pos] = arg.resolve_expression(
                                ^^^^^^^^^^^^^^^^^^^^^^^
  File "/home/tarxemo/venv/lib/python3.12/site-packages/django/db/models/expressions.py", line 895, in resolve_expression
    return query.resolve_ref(self.name, allow_joins, reuse, summarize)
           ^^^^^^^^^^^^^^^^^^^^^^^^^^^^^^^^^^^^^^^^^^^^^^^^^^^^^^^^^^^
  File "/home/tarxemo/venv/lib/python3.12/site-packages/django/db/models/sql/query.py", line 2010, in resolve_ref
    join_info = self.setup_joins(
                ^^^^^^^^^^^^^^^^^
  File "/home/tarxemo/venv/lib/python3.12/site-packages/django/db/models/sql/query.py", line 1863, in setup_joins
    path, final_field, targets, rest = self.names_to_path(
                                       ^^^^^^^^^^^^^^^^^^^
  File "/home/tarxemo/venv/lib/python3.12/site-packages/django/db/models/sql/query.py", line 1768, in names_to_path
    raise FieldError(
graphql.error.located_error.GraphQLLocatedError: Cannot resolve keyword 'candidates' into field. Choices are: description, election_count, electionposition, elections, id, institution, institution_id, leader, level, level_id, name, voting_power

Traceback (most recent call last):
  File "/home/tarxemo/venv/lib/python3.12/site-packages/promise/promise.py", line 489, in _resolve_from_executor
    executor(resolve, reject)
  File "/home/tarxemo/venv/lib/python3.12/site-packages/promise/promise.py", line 756, in executor
    return resolve(f(*args, **kwargs))
                   ^^^^^^^^^^^^^^^^^^
  File "/home/tarxemo/venv/lib/python3.12/site-packages/graphql/execution/middleware.py", line 75, in make_it_promise
    return next(*args, **kwargs)
           ^^^^^^^^^^^^^^^^^^^^^
  File "/home/tarxemo/Desktop/VS/ElectionBackend/election/queries/positions.py", line 975, in resolve_institutions_with_most_activity
    turnout=F('total_votes_cast') * 100.0 / F('total_voters')
            ^
graphql.error.located_error.GraphQLLocatedError: name 'F' is not defined

/home/tarxemo/Desktop/VS/ElectionBackend/election/queries/positions.py changed, reloading.
Watching for file changes with StatReloader
Traceback (most recent call last):
  File "/home/tarxemo/venv/lib/python3.12/site-packages/promise/promise.py", line 489, in _resolve_from_executor
    executor(resolve, reject)
  File "/home/tarxemo/venv/lib/python3.12/site-packages/promise/promise.py", line 756, in executor
    return resolve(f(*args, **kwargs))
                   ^^^^^^^^^^^^^^^^^^
  File "/home/tarxemo/venv/lib/python3.12/site-packages/graphql/execution/middleware.py", line 75, in make_it_promise
    return next(*args, **kwargs)
           ^^^^^^^^^^^^^^^^^^^^^
  File "/home/tarxemo/Desktop/VS/ElectionBackend/election/queries/positions.py", line 928, in resolve_positions_with_most_contests
    positions = Position.objects.annotate(
                ^^^^^^^^^^^^^^^^^^^^^^^^^^
  File "/home/tarxemo/venv/lib/python3.12/site-packages/django/db/models/manager.py", line 87, in manager_method
    return getattr(self.get_queryset(), name)(*args, **kwargs)
           ^^^^^^^^^^^^^^^^^^^^^^^^^^^^^^^^^^^^^^^^^^^^^^^^^^^
  File "/home/tarxemo/venv/lib/python3.12/site-packages/django/db/models/query.py", line 1630, in annotate
    return self._annotate(args, kwargs, select=True)
           ^^^^^^^^^^^^^^^^^^^^^^^^^^^^^^^^^^^^^^^^^
  File "/home/tarxemo/venv/lib/python3.12/site-packages/django/db/models/query.py", line 1680, in _annotate
    clone.query.add_annotation(
  File "/home/tarxemo/venv/lib/python3.12/site-packages/django/db/models/sql/query.py", line 1194, in add_annotation
    annotation = annotation.resolve_expression(self, allow_joins=True, reuse=None)
                 ^^^^^^^^^^^^^^^^^^^^^^^^^^^^^^^^^^^^^^^^^^^^^^^^^^^^^^^^^^^^^^^^^
  File "/home/tarxemo/venv/lib/python3.12/site-packages/django/db/models/aggregates.py", line 63, in resolve_expression
    c = super().resolve_expression(query, allow_joins, reuse, summarize)
        ^^^^^^^^^^^^^^^^^^^^^^^^^^^^^^^^^^^^^^^^^^^^^^^^^^^^^^^^^^^^^^^^
  File "/home/tarxemo/venv/lib/python3.12/site-packages/django/db/models/expressions.py", line 1073, in resolve_expression
    c.source_expressions[pos] = arg.resolve_expression(
                                ^^^^^^^^^^^^^^^^^^^^^^^
  File "/home/tarxemo/venv/lib/python3.12/site-packages/django/db/models/expressions.py", line 895, in resolve_expression
    return query.resolve_ref(self.name, allow_joins, reuse, summarize)
           ^^^^^^^^^^^^^^^^^^^^^^^^^^^^^^^^^^^^^^^^^^^^^^^^^^^^^^^^^^^
  File "/home/tarxemo/venv/lib/python3.12/site-packages/django/db/models/sql/query.py", line 2010, in resolve_ref
    join_info = self.setup_joins(
                ^^^^^^^^^^^^^^^^^
  File "/home/tarxemo/venv/lib/python3.12/site-packages/django/db/models/sql/query.py", line 1863, in setup_joins
    path, final_field, targets, rest = self.names_to_path(
                                       ^^^^^^^^^^^^^^^^^^^
  File "/home/tarxemo/venv/lib/python3.12/site-packages/django/db/models/sql/query.py", line 1768, in names_to_path
    raise FieldError(
graphql.error.located_error.GraphQLLocatedError: Cannot resolve keyword 'candidates' into field. Choices are: description, election_count, electionposition, elections, id, institution, institution_id, leader, level, level_id, name, voting_power

Traceback (most recent call last):
  File "/home/tarxemo/venv/lib/python3.12/site-packages/promise/promise.py", line 489, in _resolve_from_executor
    executor(resolve, reject)
  File "/home/tarxemo/venv/lib/python3.12/site-packages/promise/promise.py", line 756, in executor
    return resolve(f(*args, **kwargs))
                   ^^^^^^^^^^^^^^^^^^
  File "/home/tarxemo/venv/lib/python3.12/site-packages/graphql/execution/middleware.py", line 75, in make_it_promise
    return next(*args, **kwargs)
           ^^^^^^^^^^^^^^^^^^^^^
  File "/home/tarxemo/Desktop/VS/ElectionBackend/election/queries/positions.py", line 974, in resolve_institutions_with_most_activity
    ).annotate(
      ^^^^^^^^^
  File "/home/tarxemo/venv/lib/python3.12/site-packages/django/db/models/query.py", line 1630, in annotate
    return self._annotate(args, kwargs, select=True)
           ^^^^^^^^^^^^^^^^^^^^^^^^^^^^^^^^^^^^^^^^^
  File "/home/tarxemo/venv/lib/python3.12/site-packages/django/db/models/query.py", line 1680, in _annotate
    clone.query.add_annotation(
  File "/home/tarxemo/venv/lib/python3.12/site-packages/django/db/models/sql/query.py", line 1194, in add_annotation
    annotation = annotation.resolve_expression(self, allow_joins=True, reuse=None)
                 ^^^^^^^^^^^^^^^^^^^^^^^^^^^^^^^^^^^^^^^^^^^^^^^^^^^^^^^^^^^^^^^^^
  File "/home/tarxemo/venv/lib/python3.12/site-packages/django/db/models/expressions.py", line 753, in resolve_expression
    lhs = self.lhs.resolve_expression(
          ^^^^^^^^^^^^^^^^^^^^^^^^^^^^
  File "/home/tarxemo/venv/lib/python3.12/site-packages/django/db/models/expressions.py", line 753, in resolve_expression
    lhs = self.lhs.resolve_expression(
          ^^^^^^^^^^^^^^^^^^^^^^^^^^^^
  File "/home/tarxemo/venv/lib/python3.12/site-packages/django/db/models/expressions.py", line 895, in resolve_expression
    return query.resolve_ref(self.name, allow_joins, reuse, summarize)
           ^^^^^^^^^^^^^^^^^^^^^^^^^^^^^^^^^^^^^^^^^^^^^^^^^^^^^^^^^^^
  File "/home/tarxemo/venv/lib/python3.12/site-packages/django/db/models/sql/query.py", line 2010, in resolve_ref
    join_info = self.setup_joins(
                ^^^^^^^^^^^^^^^^^
  File "/home/tarxemo/venv/lib/python3.12/site-packages/django/db/models/sql/query.py", line 1863, in setup_joins
    path, final_field, targets, rest = self.names_to_path(
                                       ^^^^^^^^^^^^^^^^^^^
  File "/home/tarxemo/venv/lib/python3.12/site-packages/django/db/models/sql/query.py", line 1768, in names_to_path
    raise FieldError(
graphql.error.located_error.GraphQLLocatedError: Cannot resolve keyword 'total_votes_cast' into field. Choices are: academic_year, academic_year_id, description, electionposition, electionresult, electionstatistics, end_datetime, id, institution, institution_id, level, level_id, name, positions, start_datetime, status, votes

/home/tarxemo/Desktop/VS/ElectionBackend/election/queries/positions.py changed, reloading.
Watching for file changes with StatReloader
Traceback (most recent call last):
  File "/home/tarxemo/venv/lib/python3.12/site-packages/promise/promise.py", line 489, in _resolve_from_executor
    executor(resolve, reject)
  File "/home/tarxemo/venv/lib/python3.12/site-packages/promise/promise.py", line 756, in executor
    return resolve(f(*args, **kwargs))
                   ^^^^^^^^^^^^^^^^^^
  File "/home/tarxemo/venv/lib/python3.12/site-packages/graphql/execution/middleware.py", line 75, in make_it_promise
    return next(*args, **kwargs)
           ^^^^^^^^^^^^^^^^^^^^^
  File "/home/tarxemo/Desktop/VS/ElectionBackend/election/queries/positions.py", line 975, in resolve_institutions_with_most_activity
    ).annotate(
      ^^^^^^^^^
  File "/home/tarxemo/venv/lib/python3.12/site-packages/django/db/models/query.py", line 1630, in annotate
    return self._annotate(args, kwargs, select=True)
           ^^^^^^^^^^^^^^^^^^^^^^^^^^^^^^^^^^^^^^^^^
  File "/home/tarxemo/venv/lib/python3.12/site-packages/django/db/models/query.py", line 1680, in _annotate
    clone.query.add_annotation(
  File "/home/tarxemo/venv/lib/python3.12/site-packages/django/db/models/sql/query.py", line 1194, in add_annotation
    annotation = annotation.resolve_expression(self, allow_joins=True, reuse=None)
                 ^^^^^^^^^^^^^^^^^^^^^^^^^^^^^^^^^^^^^^^^^^^^^^^^^^^^^^^^^^^^^^^^^
  File "/home/tarxemo/venv/lib/python3.12/site-packages/django/db/models/expressions.py", line 753, in resolve_expression
    lhs = self.lhs.resolve_expression(
          ^^^^^^^^^^^^^^^^^^^^^^^^^^^^
  File "/home/tarxemo/venv/lib/python3.12/site-packages/django/db/models/expressions.py", line 753, in resolve_expression
    lhs = self.lhs.resolve_expression(
          ^^^^^^^^^^^^^^^^^^^^^^^^^^^^
  File "/home/tarxemo/venv/lib/python3.12/site-packages/django/db/models/expressions.py", line 895, in resolve_expression
    return query.resolve_ref(self.name, allow_joins, reuse, summarize)
           ^^^^^^^^^^^^^^^^^^^^^^^^^^^^^^^^^^^^^^^^^^^^^^^^^^^^^^^^^^^
  File "/home/tarxemo/venv/lib/python3.12/site-packages/django/db/models/sql/query.py", line 2010, in resolve_ref
    join_info = self.setup_joins(
                ^^^^^^^^^^^^^^^^^
  File "/home/tarxemo/venv/lib/python3.12/site-packages/django/db/models/sql/query.py", line 1863, in setup_joins
    path, final_field, targets, rest = self.names_to_path(
                                       ^^^^^^^^^^^^^^^^^^^
  File "/home/tarxemo/venv/lib/python3.12/site-packages/django/db/models/sql/query.py", line 1768, in names_to_path
    raise FieldError(
graphql.error.located_error.GraphQLLocatedError: Cannot resolve keyword 'total_votes_cast' into field. Choices are: academic_year, academic_year_id, description, electionposition, electionresult, electionstatistics, end_datetime, id, institution, institution_id, level, level_id, name, positions, start_datetime, status, votes

Traceback (most recent call last):
  File "/home/tarxemo/venv/lib/python3.12/site-packages/promise/promise.py", line 489, in _resolve_from_executor
    executor(resolve, reject)
  File "/home/tarxemo/venv/lib/python3.12/site-packages/promise/promise.py", line 756, in executor
    return resolve(f(*args, **kwargs))
                   ^^^^^^^^^^^^^^^^^^
  File "/home/tarxemo/venv/lib/python3.12/site-packages/graphql/execution/middleware.py", line 75, in make_it_promise
    return next(*args, **kwargs)
           ^^^^^^^^^^^^^^^^^^^^^
  File "/home/tarxemo/Desktop/VS/ElectionBackend/election/types.py", line 652, in resolve_position
    return self.position
           ^^^^^^^^^^^^^
graphql.error.located_error.GraphQLLocatedError: 'dict' object has no attribute 'position'

Traceback (most recent call last):
  File "/home/tarxemo/venv/lib/python3.12/site-packages/promise/promise.py", line 489, in _resolve_from_executor
    executor(resolve, reject)
  File "/home/tarxemo/venv/lib/python3.12/site-packages/promise/promise.py", line 756, in executor
    return resolve(f(*args, **kwargs))
                   ^^^^^^^^^^^^^^^^^^
  File "/home/tarxemo/venv/lib/python3.12/site-packages/graphql/execution/middleware.py", line 75, in make_it_promise
    return next(*args, **kwargs)
           ^^^^^^^^^^^^^^^^^^^^^
  File "/home/tarxemo/Desktop/VS/ElectionBackend/election/types.py", line 655, in resolve_election_count
    return self.election_count
           ^^^^^^^^^^^^^^^^^^^
graphql.error.located_error.GraphQLLocatedError: 'dict' object has no attribute 'election_count'

Traceback (most recent call last):
  File "/home/tarxemo/venv/lib/python3.12/site-packages/promise/promise.py", line 489, in _resolve_from_executor
    executor(resolve, reject)
  File "/home/tarxemo/venv/lib/python3.12/site-packages/promise/promise.py", line 756, in executor
    return resolve(f(*args, **kwargs))
                   ^^^^^^^^^^^^^^^^^^
  File "/home/tarxemo/venv/lib/python3.12/site-packages/graphql/execution/middleware.py", line 75, in make_it_promise
    return next(*args, **kwargs)
           ^^^^^^^^^^^^^^^^^^^^^
  File "/home/tarxemo/Desktop/VS/ElectionBackend/election/types.py", line 658, in resolve_candidate_count
    return self.candidate_count
           ^^^^^^^^^^^^^^^^^^^^
graphql.error.located_error.GraphQLLocatedError: 'dict' object has no attribute 'candidate_count'

Traceback (most recent call last):
  File "/home/tarxemo/venv/lib/python3.12/site-packages/promise/promise.py", line 489, in _resolve_from_executor
    executor(resolve, reject)
  File "/home/tarxemo/venv/lib/python3.12/site-packages/promise/promise.py", line 756, in executor
    return resolve(f(*args, **kwargs))
                   ^^^^^^^^^^^^^^^^^^
  File "/home/tarxemo/venv/lib/python3.12/site-packages/graphql/execution/middleware.py", line 75, in make_it_promise
    return next(*args, **kwargs)
           ^^^^^^^^^^^^^^^^^^^^^
  File "/home/tarxemo/Desktop/VS/ElectionBackend/election/types.py", line 661, in resolve_average_votes_per_election
    return self.average_votes_per_election
           ^^^^^^^^^^^^^^^^^^^^^^^^^^^^^^^
graphql.error.located_error.GraphQLLocatedError: 'dict' object has no attribute 'average_votes_per_election'

Traceback (most recent call last):
  File "/home/tarxemo/venv/lib/python3.12/site-packages/promise/promise.py", line 489, in _resolve_from_executor
    executor(resolve, reject)
  File "/home/tarxemo/venv/lib/python3.12/site-packages/promise/promise.py", line 756, in executor
    return resolve(f(*args, **kwargs))
                   ^^^^^^^^^^^^^^^^^^
  File "/home/tarxemo/venv/lib/python3.12/site-packages/graphql/execution/middleware.py", line 75, in make_it_promise
    return next(*args, **kwargs)
           ^^^^^^^^^^^^^^^^^^^^^
  File "/home/tarxemo/Desktop/VS/ElectionBackend/election/types.py", line 664, in resolve_most_contested_election
    return self.most_contested_election
           ^^^^^^^^^^^^^^^^^^^^^^^^^^^^
graphql.error.located_error.GraphQLLocatedError: 'dict' object has no attribute 'most_contested_election'

Traceback (most recent call last):
  File "/home/tarxemo/venv/lib/python3.12/site-packages/promise/promise.py", line 489, in _resolve_from_executor
    executor(resolve, reject)
  File "/home/tarxemo/venv/lib/python3.12/site-packages/promise/promise.py", line 756, in executor
    return resolve(f(*args, **kwargs))
                   ^^^^^^^^^^^^^^^^^^
  File "/home/tarxemo/venv/lib/python3.12/site-packages/graphql/execution/middleware.py", line 75, in make_it_promise
    return next(*args, **kwargs)
           ^^^^^^^^^^^^^^^^^^^^^
  File "/home/tarxemo/Desktop/VS/ElectionBackend/election/types.py", line 652, in resolve_position
    return self.position
           ^^^^^^^^^^^^^
graphql.error.located_error.GraphQLLocatedError: 'dict' object has no attribute 'position'

Traceback (most recent call last):
  File "/home/tarxemo/venv/lib/python3.12/site-packages/promise/promise.py", line 489, in _resolve_from_executor
    executor(resolve, reject)
  File "/home/tarxemo/venv/lib/python3.12/site-packages/promise/promise.py", line 756, in executor
    return resolve(f(*args, **kwargs))
                   ^^^^^^^^^^^^^^^^^^
  File "/home/tarxemo/venv/lib/python3.12/site-packages/graphql/execution/middleware.py", line 75, in make_it_promise
    return next(*args, **kwargs)
           ^^^^^^^^^^^^^^^^^^^^^
  File "/home/tarxemo/Desktop/VS/ElectionBackend/election/types.py", line 655, in resolve_election_count
    return self.election_count
           ^^^^^^^^^^^^^^^^^^^
graphql.error.located_error.GraphQLLocatedError: 'dict' object has no attribute 'election_count'

Traceback (most recent call last):
  File "/home/tarxemo/venv/lib/python3.12/site-packages/promise/promise.py", line 489, in _resolve_from_executor
    executor(resolve, reject)
  File "/home/tarxemo/venv/lib/python3.12/site-packages/promise/promise.py", line 756, in executor
    return resolve(f(*args, **kwargs))
                   ^^^^^^^^^^^^^^^^^^
  File "/home/tarxemo/venv/lib/python3.12/site-packages/graphql/execution/middleware.py", line 75, in make_it_promise
    return next(*args, **kwargs)
           ^^^^^^^^^^^^^^^^^^^^^
  File "/home/tarxemo/Desktop/VS/ElectionBackend/election/types.py", line 658, in resolve_candidate_count
    return self.candidate_count
           ^^^^^^^^^^^^^^^^^^^^
graphql.error.located_error.GraphQLLocatedError: 'dict' object has no attribute 'candidate_count'

Traceback (most recent call last):
  File "/home/tarxemo/venv/lib/python3.12/site-packages/promise/promise.py", line 489, in _resolve_from_executor
    executor(resolve, reject)
  File "/home/tarxemo/venv/lib/python3.12/site-packages/promise/promise.py", line 756, in executor
    return resolve(f(*args, **kwargs))
                   ^^^^^^^^^^^^^^^^^^
  File "/home/tarxemo/venv/lib/python3.12/site-packages/graphql/execution/middleware.py", line 75, in make_it_promise
    return next(*args, **kwargs)
           ^^^^^^^^^^^^^^^^^^^^^
  File "/home/tarxemo/Desktop/VS/ElectionBackend/election/types.py", line 661, in resolve_average_votes_per_election
    return self.average_votes_per_election
           ^^^^^^^^^^^^^^^^^^^^^^^^^^^^^^^
graphql.error.located_error.GraphQLLocatedError: 'dict' object has no attribute 'average_votes_per_election'

Traceback (most recent call last):
  File "/home/tarxemo/venv/lib/python3.12/site-packages/promise/promise.py", line 489, in _resolve_from_executor
    executor(resolve, reject)
  File "/home/tarxemo/venv/lib/python3.12/site-packages/promise/promise.py", line 756, in executor
    return resolve(f(*args, **kwargs))
                   ^^^^^^^^^^^^^^^^^^
  File "/home/tarxemo/venv/lib/python3.12/site-packages/graphql/execution/middleware.py", line 75, in make_it_promise
    return next(*args, **kwargs)
           ^^^^^^^^^^^^^^^^^^^^^
  File "/home/tarxemo/Desktop/VS/ElectionBackend/election/types.py", line 664, in resolve_most_contested_election
    return self.most_contested_election
           ^^^^^^^^^^^^^^^^^^^^^^^^^^^^
graphql.error.located_error.GraphQLLocatedError: 'dict' object has no attribute 'most_contested_election'

Traceback (most recent call last):
  File "/home/tarxemo/venv/lib/python3.12/site-packages/promise/promise.py", line 489, in _resolve_from_executor
    executor(resolve, reject)
  File "/home/tarxemo/venv/lib/python3.12/site-packages/promise/promise.py", line 756, in executor
    return resolve(f(*args, **kwargs))
                   ^^^^^^^^^^^^^^^^^^
  File "/home/tarxemo/venv/lib/python3.12/site-packages/graphql/execution/middleware.py", line 75, in make_it_promise
    return next(*args, **kwargs)
           ^^^^^^^^^^^^^^^^^^^^^
  File "/home/tarxemo/Desktop/VS/ElectionBackend/election/types.py", line 652, in resolve_position
    return self.position
           ^^^^^^^^^^^^^
graphql.error.located_error.GraphQLLocatedError: 'dict' object has no attribute 'position'

Traceback (most recent call last):
  File "/home/tarxemo/venv/lib/python3.12/site-packages/promise/promise.py", line 489, in _resolve_from_executor
    executor(resolve, reject)
  File "/home/tarxemo/venv/lib/python3.12/site-packages/promise/promise.py", line 756, in executor
    return resolve(f(*args, **kwargs))
                   ^^^^^^^^^^^^^^^^^^
  File "/home/tarxemo/venv/lib/python3.12/site-packages/graphql/execution/middleware.py", line 75, in make_it_promise
    return next(*args, **kwargs)
           ^^^^^^^^^^^^^^^^^^^^^
  File "/home/tarxemo/Desktop/VS/ElectionBackend/election/types.py", line 655, in resolve_election_count
    return self.election_count
           ^^^^^^^^^^^^^^^^^^^
graphql.error.located_error.GraphQLLocatedError: 'dict' object has no attribute 'election_count'

Traceback (most recent call last):
  File "/home/tarxemo/venv/lib/python3.12/site-packages/promise/promise.py", line 489, in _resolve_from_executor
    executor(resolve, reject)
  File "/home/tarxemo/venv/lib/python3.12/site-packages/promise/promise.py", line 756, in executor
    return resolve(f(*args, **kwargs))
                   ^^^^^^^^^^^^^^^^^^
  File "/home/tarxemo/venv/lib/python3.12/site-packages/graphql/execution/middleware.py", line 75, in make_it_promise
    return next(*args, **kwargs)
           ^^^^^^^^^^^^^^^^^^^^^
  File "/home/tarxemo/Desktop/VS/ElectionBackend/election/types.py", line 658, in resolve_candidate_count
    return self.candidate_count
           ^^^^^^^^^^^^^^^^^^^^
graphql.error.located_error.GraphQLLocatedError: 'dict' object has no attribute 'candidate_count'

Traceback (most recent call last):
  File "/home/tarxemo/venv/lib/python3.12/site-packages/promise/promise.py", line 489, in _resolve_from_executor
    executor(resolve, reject)
  File "/home/tarxemo/venv/lib/python3.12/site-packages/promise/promise.py", line 756, in executor
    return resolve(f(*args, **kwargs))
                   ^^^^^^^^^^^^^^^^^^
  File "/home/tarxemo/venv/lib/python3.12/site-packages/graphql/execution/middleware.py", line 75, in make_it_promise
    return next(*args, **kwargs)
           ^^^^^^^^^^^^^^^^^^^^^
  File "/home/tarxemo/Desktop/VS/ElectionBackend/election/types.py", line 661, in resolve_average_votes_per_election
    return self.average_votes_per_election
           ^^^^^^^^^^^^^^^^^^^^^^^^^^^^^^^
graphql.error.located_error.GraphQLLocatedError: 'dict' object has no attribute 'average_votes_per_election'

Traceback (most recent call last):
  File "/home/tarxemo/venv/lib/python3.12/site-packages/promise/promise.py", line 489, in _resolve_from_executor
    executor(resolve, reject)
  File "/home/tarxemo/venv/lib/python3.12/site-packages/promise/promise.py", line 756, in executor
    return resolve(f(*args, **kwargs))
                   ^^^^^^^^^^^^^^^^^^
  File "/home/tarxemo/venv/lib/python3.12/site-packages/graphql/execution/middleware.py", line 75, in make_it_promise
    return next(*args, **kwargs)
           ^^^^^^^^^^^^^^^^^^^^^
  File "/home/tarxemo/Desktop/VS/ElectionBackend/election/types.py", line 664, in resolve_most_contested_election
    return self.most_contested_election
           ^^^^^^^^^^^^^^^^^^^^^^^^^^^^
graphql.error.located_error.GraphQLLocatedError: 'dict' object has no attribute 'most_contested_election'

Traceback (most recent call last):
  File "/home/tarxemo/venv/lib/python3.12/site-packages/promise/promise.py", line 489, in _resolve_from_executor
    executor(resolve, reject)
  File "/home/tarxemo/venv/lib/python3.12/site-packages/promise/promise.py", line 756, in executor
    return resolve(f(*args, **kwargs))
                   ^^^^^^^^^^^^^^^^^^
  File "/home/tarxemo/venv/lib/python3.12/site-packages/graphql/execution/middleware.py", line 75, in make_it_promise
    return next(*args, **kwargs)
           ^^^^^^^^^^^^^^^^^^^^^
  File "/home/tarxemo/Desktop/VS/ElectionBackend/election/types.py", line 652, in resolve_position
    return self.position
           ^^^^^^^^^^^^^
graphql.error.located_error.GraphQLLocatedError: 'dict' object has no attribute 'position'

Traceback (most recent call last):
  File "/home/tarxemo/venv/lib/python3.12/site-packages/promise/promise.py", line 489, in _resolve_from_executor
    executor(resolve, reject)
  File "/home/tarxemo/venv/lib/python3.12/site-packages/promise/promise.py", line 756, in executor
    return resolve(f(*args, **kwargs))
                   ^^^^^^^^^^^^^^^^^^
  File "/home/tarxemo/venv/lib/python3.12/site-packages/graphql/execution/middleware.py", line 75, in make_it_promise
    return next(*args, **kwargs)
           ^^^^^^^^^^^^^^^^^^^^^
  File "/home/tarxemo/Desktop/VS/ElectionBackend/election/types.py", line 655, in resolve_election_count
    return self.election_count
           ^^^^^^^^^^^^^^^^^^^
graphql.error.located_error.GraphQLLocatedError: 'dict' object has no attribute 'election_count'

Traceback (most recent call last):
  File "/home/tarxemo/venv/lib/python3.12/site-packages/promise/promise.py", line 489, in _resolve_from_executor
    executor(resolve, reject)
  File "/home/tarxemo/venv/lib/python3.12/site-packages/promise/promise.py", line 756, in executor
    return resolve(f(*args, **kwargs))
                   ^^^^^^^^^^^^^^^^^^
  File "/home/tarxemo/venv/lib/python3.12/site-packages/graphql/execution/middleware.py", line 75, in make_it_promise
    return next(*args, **kwargs)
           ^^^^^^^^^^^^^^^^^^^^^
  File "/home/tarxemo/Desktop/VS/ElectionBackend/election/types.py", line 658, in resolve_candidate_count
    return self.candidate_count
           ^^^^^^^^^^^^^^^^^^^^
graphql.error.located_error.GraphQLLocatedError: 'dict' object has no attribute 'candidate_count'

Traceback (most recent call last):
  File "/home/tarxemo/venv/lib/python3.12/site-packages/promise/promise.py", line 489, in _resolve_from_executor
    executor(resolve, reject)
  File "/home/tarxemo/venv/lib/python3.12/site-packages/promise/promise.py", line 756, in executor
    return resolve(f(*args, **kwargs))
                   ^^^^^^^^^^^^^^^^^^
  File "/home/tarxemo/venv/lib/python3.12/site-packages/graphql/execution/middleware.py", line 75, in make_it_promise
    return next(*args, **kwargs)
           ^^^^^^^^^^^^^^^^^^^^^
  File "/home/tarxemo/Desktop/VS/ElectionBackend/election/types.py", line 661, in resolve_average_votes_per_election
    return self.average_votes_per_election
           ^^^^^^^^^^^^^^^^^^^^^^^^^^^^^^^
graphql.error.located_error.GraphQLLocatedError: 'dict' object has no attribute 'average_votes_per_election'

Traceback (most recent call last):
  File "/home/tarxemo/venv/lib/python3.12/site-packages/promise/promise.py", line 489, in _resolve_from_executor
    executor(resolve, reject)
  File "/home/tarxemo/venv/lib/python3.12/site-packages/promise/promise.py", line 756, in executor
    return resolve(f(*args, **kwargs))
                   ^^^^^^^^^^^^^^^^^^
  File "/home/tarxemo/venv/lib/python3.12/site-packages/graphql/execution/middleware.py", line 75, in make_it_promise
    return next(*args, **kwargs)
           ^^^^^^^^^^^^^^^^^^^^^
  File "/home/tarxemo/Desktop/VS/ElectionBackend/election/types.py", line 664, in resolve_most_contested_election
    return self.most_contested_election
           ^^^^^^^^^^^^^^^^^^^^^^^^^^^^
graphql.error.located_error.GraphQLLocatedError: 'dict' object has no attribute 'most_contested_election'

Traceback (most recent call last):
  File "/home/tarxemo/venv/lib/python3.12/site-packages/promise/promise.py", line 489, in _resolve_from_executor
    executor(resolve, reject)
  File "/home/tarxemo/venv/lib/python3.12/site-packages/promise/promise.py", line 756, in executor
    return resolve(f(*args, **kwargs))
                   ^^^^^^^^^^^^^^^^^^
  File "/home/tarxemo/venv/lib/python3.12/site-packages/graphql/execution/middleware.py", line 75, in make_it_promise
    return next(*args, **kwargs)
           ^^^^^^^^^^^^^^^^^^^^^
  File "/home/tarxemo/Desktop/VS/ElectionBackend/election/types.py", line 652, in resolve_position
    return self.position
           ^^^^^^^^^^^^^
graphql.error.located_error.GraphQLLocatedError: 'dict' object has no attribute 'position'

Traceback (most recent call last):
  File "/home/tarxemo/venv/lib/python3.12/site-packages/promise/promise.py", line 489, in _resolve_from_executor
    executor(resolve, reject)
  File "/home/tarxemo/venv/lib/python3.12/site-packages/promise/promise.py", line 756, in executor
    return resolve(f(*args, **kwargs))
                   ^^^^^^^^^^^^^^^^^^
  File "/home/tarxemo/venv/lib/python3.12/site-packages/graphql/execution/middleware.py", line 75, in make_it_promise
    return next(*args, **kwargs)
           ^^^^^^^^^^^^^^^^^^^^^
  File "/home/tarxemo/Desktop/VS/ElectionBackend/election/types.py", line 655, in resolve_election_count
    return self.election_count
           ^^^^^^^^^^^^^^^^^^^
graphql.error.located_error.GraphQLLocatedError: 'dict' object has no attribute 'election_count'

Traceback (most recent call last):
  File "/home/tarxemo/venv/lib/python3.12/site-packages/promise/promise.py", line 489, in _resolve_from_executor
    executor(resolve, reject)
  File "/home/tarxemo/venv/lib/python3.12/site-packages/promise/promise.py", line 756, in executor
    return resolve(f(*args, **kwargs))
                   ^^^^^^^^^^^^^^^^^^
  File "/home/tarxemo/venv/lib/python3.12/site-packages/graphql/execution/middleware.py", line 75, in make_it_promise
    return next(*args, **kwargs)
           ^^^^^^^^^^^^^^^^^^^^^
  File "/home/tarxemo/Desktop/VS/ElectionBackend/election/types.py", line 658, in resolve_candidate_count
    return self.candidate_count
           ^^^^^^^^^^^^^^^^^^^^
graphql.error.located_error.GraphQLLocatedError: 'dict' object has no attribute 'candidate_count'

Traceback (most recent call last):
  File "/home/tarxemo/venv/lib/python3.12/site-packages/promise/promise.py", line 489, in _resolve_from_executor
    executor(resolve, reject)
  File "/home/tarxemo/venv/lib/python3.12/site-packages/promise/promise.py", line 756, in executor
    return resolve(f(*args, **kwargs))
                   ^^^^^^^^^^^^^^^^^^
  File "/home/tarxemo/venv/lib/python3.12/site-packages/graphql/execution/middleware.py", line 75, in make_it_promise
    return next(*args, **kwargs)
           ^^^^^^^^^^^^^^^^^^^^^
  File "/home/tarxemo/Desktop/VS/ElectionBackend/election/types.py", line 661, in resolve_average_votes_per_election
    return self.average_votes_per_election
           ^^^^^^^^^^^^^^^^^^^^^^^^^^^^^^^
graphql.error.located_error.GraphQLLocatedError: 'dict' object has no attribute 'average_votes_per_election'

Traceback (most recent call last):
  File "/home/tarxemo/venv/lib/python3.12/site-packages/promise/promise.py", line 489, in _resolve_from_executor
    executor(resolve, reject)
  File "/home/tarxemo/venv/lib/python3.12/site-packages/promise/promise.py", line 756, in executor
    return resolve(f(*args, **kwargs))
                   ^^^^^^^^^^^^^^^^^^
  File "/home/tarxemo/venv/lib/python3.12/site-packages/graphql/execution/middleware.py", line 75, in make_it_promise
    return next(*args, **kwargs)
           ^^^^^^^^^^^^^^^^^^^^^
  File "/home/tarxemo/Desktop/VS/ElectionBackend/election/types.py", line 664, in resolve_most_contested_election
    return self.most_contested_election
           ^^^^^^^^^^^^^^^^^^^^^^^^^^^^
graphql.error.located_error.GraphQLLocatedError: 'dict' object has no attribute 'most_contested_election'

Traceback (most recent call last):
  File "/home/tarxemo/venv/lib/python3.12/site-packages/promise/promise.py", line 489, in _resolve_from_executor
    executor(resolve, reject)
  File "/home/tarxemo/venv/lib/python3.12/site-packages/promise/promise.py", line 756, in executor
    return resolve(f(*args, **kwargs))
                   ^^^^^^^^^^^^^^^^^^
  File "/home/tarxemo/venv/lib/python3.12/site-packages/graphql/execution/middleware.py", line 75, in make_it_promise
    return next(*args, **kwargs)
           ^^^^^^^^^^^^^^^^^^^^^
  File "/home/tarxemo/Desktop/VS/ElectionBackend/election/types.py", line 652, in resolve_position
    return self.position
           ^^^^^^^^^^^^^
graphql.error.located_error.GraphQLLocatedError: 'dict' object has no attribute 'position'

Traceback (most recent call last):
  File "/home/tarxemo/venv/lib/python3.12/site-packages/promise/promise.py", line 489, in _resolve_from_executor
    executor(resolve, reject)
  File "/home/tarxemo/venv/lib/python3.12/site-packages/promise/promise.py", line 756, in executor
    return resolve(f(*args, **kwargs))
                   ^^^^^^^^^^^^^^^^^^
  File "/home/tarxemo/venv/lib/python3.12/site-packages/graphql/execution/middleware.py", line 75, in make_it_promise
    return next(*args, **kwargs)
           ^^^^^^^^^^^^^^^^^^^^^
  File "/home/tarxemo/Desktop/VS/ElectionBackend/election/types.py", line 655, in resolve_election_count
    return self.election_count
           ^^^^^^^^^^^^^^^^^^^
graphql.error.located_error.GraphQLLocatedError: 'dict' object has no attribute 'election_count'

Traceback (most recent call last):
  File "/home/tarxemo/venv/lib/python3.12/site-packages/promise/promise.py", line 489, in _resolve_from_executor
    executor(resolve, reject)
  File "/home/tarxemo/venv/lib/python3.12/site-packages/promise/promise.py", line 756, in executor
    return resolve(f(*args, **kwargs))
                   ^^^^^^^^^^^^^^^^^^
  File "/home/tarxemo/venv/lib/python3.12/site-packages/graphql/execution/middleware.py", line 75, in make_it_promise
    return next(*args, **kwargs)
           ^^^^^^^^^^^^^^^^^^^^^
  File "/home/tarxemo/Desktop/VS/ElectionBackend/election/types.py", line 658, in resolve_candidate_count
    return self.candidate_count
           ^^^^^^^^^^^^^^^^^^^^
graphql.error.located_error.GraphQLLocatedError: 'dict' object has no attribute 'candidate_count'

Traceback (most recent call last):
  File "/home/tarxemo/venv/lib/python3.12/site-packages/promise/promise.py", line 489, in _resolve_from_executor
    executor(resolve, reject)
  File "/home/tarxemo/venv/lib/python3.12/site-packages/promise/promise.py", line 756, in executor
    return resolve(f(*args, **kwargs))
                   ^^^^^^^^^^^^^^^^^^
  File "/home/tarxemo/venv/lib/python3.12/site-packages/graphql/execution/middleware.py", line 75, in make_it_promise
    return next(*args, **kwargs)
           ^^^^^^^^^^^^^^^^^^^^^
  File "/home/tarxemo/Desktop/VS/ElectionBackend/election/types.py", line 661, in resolve_average_votes_per_election
    return self.average_votes_per_election
           ^^^^^^^^^^^^^^^^^^^^^^^^^^^^^^^
graphql.error.located_error.GraphQLLocatedError: 'dict' object has no attribute 'average_votes_per_election'

Traceback (most recent call last):
  File "/home/tarxemo/venv/lib/python3.12/site-packages/promise/promise.py", line 489, in _resolve_from_executor
    executor(resolve, reject)
  File "/home/tarxemo/venv/lib/python3.12/site-packages/promise/promise.py", line 756, in executor
    return resolve(f(*args, **kwargs))
                   ^^^^^^^^^^^^^^^^^^
  File "/home/tarxemo/venv/lib/python3.12/site-packages/graphql/execution/middleware.py", line 75, in make_it_promise
    return next(*args, **kwargs)
           ^^^^^^^^^^^^^^^^^^^^^
  File "/home/tarxemo/Desktop/VS/ElectionBackend/election/types.py", line 664, in resolve_most_contested_election
    return self.most_contested_election
           ^^^^^^^^^^^^^^^^^^^^^^^^^^^^
graphql.error.located_error.GraphQLLocatedError: 'dict' object has no attribute 'most_contested_election'

Traceback (most recent call last):
  File "/home/tarxemo/venv/lib/python3.12/site-packages/promise/promise.py", line 489, in _resolve_from_executor
    executor(resolve, reject)
  File "/home/tarxemo/venv/lib/python3.12/site-packages/promise/promise.py", line 756, in executor
    return resolve(f(*args, **kwargs))
                   ^^^^^^^^^^^^^^^^^^
  File "/home/tarxemo/venv/lib/python3.12/site-packages/graphql/execution/middleware.py", line 75, in make_it_promise
    return next(*args, **kwargs)
           ^^^^^^^^^^^^^^^^^^^^^
  File "/home/tarxemo/Desktop/VS/ElectionBackend/election/types.py", line 652, in resolve_position
    return self.position
           ^^^^^^^^^^^^^
graphql.error.located_error.GraphQLLocatedError: 'dict' object has no attribute 'position'

Traceback (most recent call last):
  File "/home/tarxemo/venv/lib/python3.12/site-packages/promise/promise.py", line 489, in _resolve_from_executor
    executor(resolve, reject)
  File "/home/tarxemo/venv/lib/python3.12/site-packages/promise/promise.py", line 756, in executor
    return resolve(f(*args, **kwargs))
                   ^^^^^^^^^^^^^^^^^^
  File "/home/tarxemo/venv/lib/python3.12/site-packages/graphql/execution/middleware.py", line 75, in make_it_promise
    return next(*args, **kwargs)
           ^^^^^^^^^^^^^^^^^^^^^
  File "/home/tarxemo/Desktop/VS/ElectionBackend/election/types.py", line 655, in resolve_election_count
    return self.election_count
           ^^^^^^^^^^^^^^^^^^^
graphql.error.located_error.GraphQLLocatedError: 'dict' object has no attribute 'election_count'

Traceback (most recent call last):
  File "/home/tarxemo/venv/lib/python3.12/site-packages/promise/promise.py", line 489, in _resolve_from_executor
    executor(resolve, reject)
  File "/home/tarxemo/venv/lib/python3.12/site-packages/promise/promise.py", line 756, in executor
    return resolve(f(*args, **kwargs))
                   ^^^^^^^^^^^^^^^^^^
  File "/home/tarxemo/venv/lib/python3.12/site-packages/graphql/execution/middleware.py", line 75, in make_it_promise
    return next(*args, **kwargs)
           ^^^^^^^^^^^^^^^^^^^^^
  File "/home/tarxemo/Desktop/VS/ElectionBackend/election/types.py", line 658, in resolve_candidate_count
    return self.candidate_count
           ^^^^^^^^^^^^^^^^^^^^
graphql.error.located_error.GraphQLLocatedError: 'dict' object has no attribute 'candidate_count'

Traceback (most recent call last):
  File "/home/tarxemo/venv/lib/python3.12/site-packages/promise/promise.py", line 489, in _resolve_from_executor
    executor(resolve, reject)
  File "/home/tarxemo/venv/lib/python3.12/site-packages/promise/promise.py", line 756, in executor
    return resolve(f(*args, **kwargs))
                   ^^^^^^^^^^^^^^^^^^
  File "/home/tarxemo/venv/lib/python3.12/site-packages/graphql/execution/middleware.py", line 75, in make_it_promise
    return next(*args, **kwargs)
           ^^^^^^^^^^^^^^^^^^^^^
  File "/home/tarxemo/Desktop/VS/ElectionBackend/election/types.py", line 661, in resolve_average_votes_per_election
    return self.average_votes_per_election
           ^^^^^^^^^^^^^^^^^^^^^^^^^^^^^^^
graphql.error.located_error.GraphQLLocatedError: 'dict' object has no attribute 'average_votes_per_election'

Traceback (most recent call last):
  File "/home/tarxemo/venv/lib/python3.12/site-packages/promise/promise.py", line 489, in _resolve_from_executor
    executor(resolve, reject)
  File "/home/tarxemo/venv/lib/python3.12/site-packages/promise/promise.py", line 756, in executor
    return resolve(f(*args, **kwargs))
                   ^^^^^^^^^^^^^^^^^^
  File "/home/tarxemo/venv/lib/python3.12/site-packages/graphql/execution/middleware.py", line 75, in make_it_promise
    return next(*args, **kwargs)
           ^^^^^^^^^^^^^^^^^^^^^
  File "/home/tarxemo/Desktop/VS/ElectionBackend/election/types.py", line 664, in resolve_most_contested_election
    return self.most_contested_election
           ^^^^^^^^^^^^^^^^^^^^^^^^^^^^
graphql.error.located_error.GraphQLLocatedError: 'dict' object has no attribute 'most_contested_election'

Traceback (most recent call last):
  File "/home/tarxemo/venv/lib/python3.12/site-packages/promise/promise.py", line 489, in _resolve_from_executor
    executor(resolve, reject)
  File "/home/tarxemo/venv/lib/python3.12/site-packages/promise/promise.py", line 756, in executor
    return resolve(f(*args, **kwargs))
                   ^^^^^^^^^^^^^^^^^^
  File "/home/tarxemo/venv/lib/python3.12/site-packages/graphql/execution/middleware.py", line 75, in make_it_promise
    return next(*args, **kwargs)
           ^^^^^^^^^^^^^^^^^^^^^
  File "/home/tarxemo/Desktop/VS/ElectionBackend/election/types.py", line 652, in resolve_position
    return self.position
           ^^^^^^^^^^^^^
graphql.error.located_error.GraphQLLocatedError: 'dict' object has no attribute 'position'

Traceback (most recent call last):
  File "/home/tarxemo/venv/lib/python3.12/site-packages/promise/promise.py", line 489, in _resolve_from_executor
    executor(resolve, reject)
  File "/home/tarxemo/venv/lib/python3.12/site-packages/promise/promise.py", line 756, in executor
    return resolve(f(*args, **kwargs))
                   ^^^^^^^^^^^^^^^^^^
  File "/home/tarxemo/venv/lib/python3.12/site-packages/graphql/execution/middleware.py", line 75, in make_it_promise
    return next(*args, **kwargs)
           ^^^^^^^^^^^^^^^^^^^^^
  File "/home/tarxemo/Desktop/VS/ElectionBackend/election/types.py", line 655, in resolve_election_count
    return self.election_count
           ^^^^^^^^^^^^^^^^^^^
graphql.error.located_error.GraphQLLocatedError: 'dict' object has no attribute 'election_count'

Traceback (most recent call last):
  File "/home/tarxemo/venv/lib/python3.12/site-packages/promise/promise.py", line 489, in _resolve_from_executor
    executor(resolve, reject)
  File "/home/tarxemo/venv/lib/python3.12/site-packages/promise/promise.py", line 756, in executor
    return resolve(f(*args, **kwargs))
                   ^^^^^^^^^^^^^^^^^^
  File "/home/tarxemo/venv/lib/python3.12/site-packages/graphql/execution/middleware.py", line 75, in make_it_promise
    return next(*args, **kwargs)
           ^^^^^^^^^^^^^^^^^^^^^
  File "/home/tarxemo/Desktop/VS/ElectionBackend/election/types.py", line 658, in resolve_candidate_count
    return self.candidate_count
           ^^^^^^^^^^^^^^^^^^^^
graphql.error.located_error.GraphQLLocatedError: 'dict' object has no attribute 'candidate_count'

Traceback (most recent call last):
  File "/home/tarxemo/venv/lib/python3.12/site-packages/promise/promise.py", line 489, in _resolve_from_executor
    executor(resolve, reject)
  File "/home/tarxemo/venv/lib/python3.12/site-packages/promise/promise.py", line 756, in executor
    return resolve(f(*args, **kwargs))
                   ^^^^^^^^^^^^^^^^^^
  File "/home/tarxemo/venv/lib/python3.12/site-packages/graphql/execution/middleware.py", line 75, in make_it_promise
    return next(*args, **kwargs)
           ^^^^^^^^^^^^^^^^^^^^^
  File "/home/tarxemo/Desktop/VS/ElectionBackend/election/types.py", line 661, in resolve_average_votes_per_election
    return self.average_votes_per_election
           ^^^^^^^^^^^^^^^^^^^^^^^^^^^^^^^
graphql.error.located_error.GraphQLLocatedError: 'dict' object has no attribute 'average_votes_per_election'

Traceback (most recent call last):
  File "/home/tarxemo/venv/lib/python3.12/site-packages/promise/promise.py", line 489, in _resolve_from_executor
    executor(resolve, reject)
  File "/home/tarxemo/venv/lib/python3.12/site-packages/promise/promise.py", line 756, in executor
    return resolve(f(*args, **kwargs))
                   ^^^^^^^^^^^^^^^^^^
  File "/home/tarxemo/venv/lib/python3.12/site-packages/graphql/execution/middleware.py", line 75, in make_it_promise
    return next(*args, **kwargs)
           ^^^^^^^^^^^^^^^^^^^^^
  File "/home/tarxemo/Desktop/VS/ElectionBackend/election/types.py", line 664, in resolve_most_contested_election
    return self.most_contested_election
           ^^^^^^^^^^^^^^^^^^^^^^^^^^^^
graphql.error.located_error.GraphQLLocatedError: 'dict' object has no attribute 'most_contested_election'

Traceback (most recent call last):
  File "/home/tarxemo/venv/lib/python3.12/site-packages/promise/promise.py", line 489, in _resolve_from_executor
    executor(resolve, reject)
  File "/home/tarxemo/venv/lib/python3.12/site-packages/promise/promise.py", line 756, in executor
    return resolve(f(*args, **kwargs))
                   ^^^^^^^^^^^^^^^^^^
  File "/home/tarxemo/venv/lib/python3.12/site-packages/graphql/execution/middleware.py", line 75, in make_it_promise
    return next(*args, **kwargs)
           ^^^^^^^^^^^^^^^^^^^^^
  File "/home/tarxemo/Desktop/VS/ElectionBackend/election/types.py", line 652, in resolve_position
    return self.position
           ^^^^^^^^^^^^^
graphql.error.located_error.GraphQLLocatedError: 'dict' object has no attribute 'position'

Traceback (most recent call last):
  File "/home/tarxemo/venv/lib/python3.12/site-packages/promise/promise.py", line 489, in _resolve_from_executor
    executor(resolve, reject)
  File "/home/tarxemo/venv/lib/python3.12/site-packages/promise/promise.py", line 756, in executor
    return resolve(f(*args, **kwargs))
                   ^^^^^^^^^^^^^^^^^^
  File "/home/tarxemo/venv/lib/python3.12/site-packages/graphql/execution/middleware.py", line 75, in make_it_promise
    return next(*args, **kwargs)
           ^^^^^^^^^^^^^^^^^^^^^
  File "/home/tarxemo/Desktop/VS/ElectionBackend/election/types.py", line 655, in resolve_election_count
    return self.election_count
           ^^^^^^^^^^^^^^^^^^^
graphql.error.located_error.GraphQLLocatedError: 'dict' object has no attribute 'election_count'

Traceback (most recent call last):
  File "/home/tarxemo/venv/lib/python3.12/site-packages/promise/promise.py", line 489, in _resolve_from_executor
    executor(resolve, reject)
  File "/home/tarxemo/venv/lib/python3.12/site-packages/promise/promise.py", line 756, in executor
    return resolve(f(*args, **kwargs))
                   ^^^^^^^^^^^^^^^^^^
  File "/home/tarxemo/venv/lib/python3.12/site-packages/graphql/execution/middleware.py", line 75, in make_it_promise
    return next(*args, **kwargs)
           ^^^^^^^^^^^^^^^^^^^^^
  File "/home/tarxemo/Desktop/VS/ElectionBackend/election/types.py", line 658, in resolve_candidate_count
    return self.candidate_count
           ^^^^^^^^^^^^^^^^^^^^
graphql.error.located_error.GraphQLLocatedError: 'dict' object has no attribute 'candidate_count'

Traceback (most recent call last):
  File "/home/tarxemo/venv/lib/python3.12/site-packages/promise/promise.py", line 489, in _resolve_from_executor
    executor(resolve, reject)
  File "/home/tarxemo/venv/lib/python3.12/site-packages/promise/promise.py", line 756, in executor
    return resolve(f(*args, **kwargs))
                   ^^^^^^^^^^^^^^^^^^
  File "/home/tarxemo/venv/lib/python3.12/site-packages/graphql/execution/middleware.py", line 75, in make_it_promise
    return next(*args, **kwargs)
           ^^^^^^^^^^^^^^^^^^^^^
  File "/home/tarxemo/Desktop/VS/ElectionBackend/election/types.py", line 661, in resolve_average_votes_per_election
    return self.average_votes_per_election
           ^^^^^^^^^^^^^^^^^^^^^^^^^^^^^^^
graphql.error.located_error.GraphQLLocatedError: 'dict' object has no attribute 'average_votes_per_election'

Traceback (most recent call last):
  File "/home/tarxemo/venv/lib/python3.12/site-packages/promise/promise.py", line 489, in _resolve_from_executor
    executor(resolve, reject)
  File "/home/tarxemo/venv/lib/python3.12/site-packages/promise/promise.py", line 756, in executor
    return resolve(f(*args, **kwargs))
                   ^^^^^^^^^^^^^^^^^^
  File "/home/tarxemo/venv/lib/python3.12/site-packages/graphql/execution/middleware.py", line 75, in make_it_promise
    return next(*args, **kwargs)
           ^^^^^^^^^^^^^^^^^^^^^
  File "/home/tarxemo/Desktop/VS/ElectionBackend/election/types.py", line 664, in resolve_most_contested_election
    return self.most_contested_election
           ^^^^^^^^^^^^^^^^^^^^^^^^^^^^
graphql.error.located_error.GraphQLLocatedError: 'dict' object has no attribute 'most_contested_election'

Traceback (most recent call last):
  File "/home/tarxemo/venv/lib/python3.12/site-packages/promise/promise.py", line 489, in _resolve_from_executor
    executor(resolve, reject)
  File "/home/tarxemo/venv/lib/python3.12/site-packages/promise/promise.py", line 756, in executor
    return resolve(f(*args, **kwargs))
                   ^^^^^^^^^^^^^^^^^^
  File "/home/tarxemo/venv/lib/python3.12/site-packages/graphql/execution/middleware.py", line 75, in make_it_promise
    return next(*args, **kwargs)
           ^^^^^^^^^^^^^^^^^^^^^
  File "/home/tarxemo/Desktop/VS/ElectionBackend/election/types.py", line 652, in resolve_position
    return self.position
           ^^^^^^^^^^^^^
graphql.error.located_error.GraphQLLocatedError: 'dict' object has no attribute 'position'

Traceback (most recent call last):
  File "/home/tarxemo/venv/lib/python3.12/site-packages/promise/promise.py", line 489, in _resolve_from_executor
    executor(resolve, reject)
  File "/home/tarxemo/venv/lib/python3.12/site-packages/promise/promise.py", line 756, in executor
    return resolve(f(*args, **kwargs))
                   ^^^^^^^^^^^^^^^^^^
  File "/home/tarxemo/venv/lib/python3.12/site-packages/graphql/execution/middleware.py", line 75, in make_it_promise
    return next(*args, **kwargs)
           ^^^^^^^^^^^^^^^^^^^^^
  File "/home/tarxemo/Desktop/VS/ElectionBackend/election/types.py", line 655, in resolve_election_count
    return self.election_count
           ^^^^^^^^^^^^^^^^^^^
graphql.error.located_error.GraphQLLocatedError: 'dict' object has no attribute 'election_count'

Traceback (most recent call last):
  File "/home/tarxemo/venv/lib/python3.12/site-packages/promise/promise.py", line 489, in _resolve_from_executor
    executor(resolve, reject)
  File "/home/tarxemo/venv/lib/python3.12/site-packages/promise/promise.py", line 756, in executor
    return resolve(f(*args, **kwargs))
                   ^^^^^^^^^^^^^^^^^^
  File "/home/tarxemo/venv/lib/python3.12/site-packages/graphql/execution/middleware.py", line 75, in make_it_promise
    return next(*args, **kwargs)
           ^^^^^^^^^^^^^^^^^^^^^
  File "/home/tarxemo/Desktop/VS/ElectionBackend/election/types.py", line 658, in resolve_candidate_count
    return self.candidate_count
           ^^^^^^^^^^^^^^^^^^^^
graphql.error.located_error.GraphQLLocatedError: 'dict' object has no attribute 'candidate_count'

Traceback (most recent call last):
  File "/home/tarxemo/venv/lib/python3.12/site-packages/promise/promise.py", line 489, in _resolve_from_executor
    executor(resolve, reject)
  File "/home/tarxemo/venv/lib/python3.12/site-packages/promise/promise.py", line 756, in executor
    return resolve(f(*args, **kwargs))
                   ^^^^^^^^^^^^^^^^^^
  File "/home/tarxemo/venv/lib/python3.12/site-packages/graphql/execution/middleware.py", line 75, in make_it_promise
    return next(*args, **kwargs)
           ^^^^^^^^^^^^^^^^^^^^^
  File "/home/tarxemo/Desktop/VS/ElectionBackend/election/types.py", line 661, in resolve_average_votes_per_election
    return self.average_votes_per_election
           ^^^^^^^^^^^^^^^^^^^^^^^^^^^^^^^
graphql.error.located_error.GraphQLLocatedError: 'dict' object has no attribute 'average_votes_per_election'

Traceback (most recent call last):
  File "/home/tarxemo/venv/lib/python3.12/site-packages/promise/promise.py", line 489, in _resolve_from_executor
    executor(resolve, reject)
  File "/home/tarxemo/venv/lib/python3.12/site-packages/promise/promise.py", line 756, in executor
    return resolve(f(*args, **kwargs))
                   ^^^^^^^^^^^^^^^^^^
  File "/home/tarxemo/venv/lib/python3.12/site-packages/graphql/execution/middleware.py", line 75, in make_it_promise
    return next(*args, **kwargs)
           ^^^^^^^^^^^^^^^^^^^^^
  File "/home/tarxemo/Desktop/VS/ElectionBackend/election/types.py", line 664, in resolve_most_contested_election
    return self.most_contested_election
           ^^^^^^^^^^^^^^^^^^^^^^^^^^^^
graphql.error.located_error.GraphQLLocatedError: 'dict' object has no attribute 'most_contested_election'

/home/tarxemo/Desktop/VS/ElectionBackend/election/queries/positions.py changed, reloading.
Watching for file changes with StatReloader
Traceback (most recent call last):
  File "/home/tarxemo/venv/lib/python3.12/site-packages/promise/promise.py", line 489, in _resolve_from_executor
    executor(resolve, reject)
  File "/home/tarxemo/venv/lib/python3.12/site-packages/promise/promise.py", line 756, in executor
    return resolve(f(*args, **kwargs))
                   ^^^^^^^^^^^^^^^^^^
  File "/home/tarxemo/venv/lib/python3.12/site-packages/graphql/execution/middleware.py", line 75, in make_it_promise
    return next(*args, **kwargs)
           ^^^^^^^^^^^^^^^^^^^^^
  File "/home/tarxemo/Desktop/VS/ElectionBackend/election/queries/positions.py", line 928, in resolve_positions_with_most_contests
    positions = Position.objects.annotate(
                ^^^^^^^^^^^^^^^^^^^^^^^^^^
  File "/home/tarxemo/venv/lib/python3.12/site-packages/django/db/models/manager.py", line 87, in manager_method
    return getattr(self.get_queryset(), name)(*args, **kwargs)
           ^^^^^^^^^^^^^^^^^^^^^^^^^^^^^^^^^^^^^^^^^^^^^^^^^^^
  File "/home/tarxemo/venv/lib/python3.12/site-packages/django/db/models/query.py", line 1630, in annotate
    return self._annotate(args, kwargs, select=True)
           ^^^^^^^^^^^^^^^^^^^^^^^^^^^^^^^^^^^^^^^^^
  File "/home/tarxemo/venv/lib/python3.12/site-packages/django/db/models/query.py", line 1680, in _annotate
    clone.query.add_annotation(
  File "/home/tarxemo/venv/lib/python3.12/site-packages/django/db/models/sql/query.py", line 1194, in add_annotation
    annotation = annotation.resolve_expression(self, allow_joins=True, reuse=None)
                 ^^^^^^^^^^^^^^^^^^^^^^^^^^^^^^^^^^^^^^^^^^^^^^^^^^^^^^^^^^^^^^^^^
  File "/home/tarxemo/venv/lib/python3.12/site-packages/django/db/models/aggregates.py", line 63, in resolve_expression
    c = super().resolve_expression(query, allow_joins, reuse, summarize)
        ^^^^^^^^^^^^^^^^^^^^^^^^^^^^^^^^^^^^^^^^^^^^^^^^^^^^^^^^^^^^^^^^
  File "/home/tarxemo/venv/lib/python3.12/site-packages/django/db/models/expressions.py", line 1073, in resolve_expression
    c.source_expressions[pos] = arg.resolve_expression(
                                ^^^^^^^^^^^^^^^^^^^^^^^
  File "/home/tarxemo/venv/lib/python3.12/site-packages/django/db/models/expressions.py", line 895, in resolve_expression
    return query.resolve_ref(self.name, allow_joins, reuse, summarize)
           ^^^^^^^^^^^^^^^^^^^^^^^^^^^^^^^^^^^^^^^^^^^^^^^^^^^^^^^^^^^
  File "/home/tarxemo/venv/lib/python3.12/site-packages/django/db/models/sql/query.py", line 2010, in resolve_ref
    join_info = self.setup_joins(
                ^^^^^^^^^^^^^^^^^
  File "/home/tarxemo/venv/lib/python3.12/site-packages/django/db/models/sql/query.py", line 1863, in setup_joins
    path, final_field, targets, rest = self.names_to_path(
                                       ^^^^^^^^^^^^^^^^^^^
  File "/home/tarxemo/venv/lib/python3.12/site-packages/django/db/models/sql/query.py", line 1768, in names_to_path
    raise FieldError(
graphql.error.located_error.GraphQLLocatedError: Cannot resolve keyword 'candidates' into field. Choices are: description, election_count, electionposition, elections, id, institution, institution_id, leader, level, level_id, name, voting_power

Traceback (most recent call last):
  File "/home/tarxemo/venv/lib/python3.12/site-packages/promise/promise.py", line 489, in _resolve_from_executor
    executor(resolve, reject)
  File "/home/tarxemo/venv/lib/python3.12/site-packages/promise/promise.py", line 756, in executor
    return resolve(f(*args, **kwargs))
                   ^^^^^^^^^^^^^^^^^^
  File "/home/tarxemo/venv/lib/python3.12/site-packages/graphql/execution/middleware.py", line 75, in make_it_promise
    return next(*args, **kwargs)
           ^^^^^^^^^^^^^^^^^^^^^
  File "/home/tarxemo/Desktop/VS/ElectionBackend/election/queries/positions.py", line 974, in resolve_institutions_with_most_activity
    ).annotate(
      ^^^^^^^^^
  File "/home/tarxemo/venv/lib/python3.12/site-packages/django/db/models/query.py", line 1630, in annotate
    return self._annotate(args, kwargs, select=True)
           ^^^^^^^^^^^^^^^^^^^^^^^^^^^^^^^^^^^^^^^^^
  File "/home/tarxemo/venv/lib/python3.12/site-packages/django/db/models/query.py", line 1680, in _annotate
    clone.query.add_annotation(
  File "/home/tarxemo/venv/lib/python3.12/site-packages/django/db/models/sql/query.py", line 1194, in add_annotation
    annotation = annotation.resolve_expression(self, allow_joins=True, reuse=None)
                 ^^^^^^^^^^^^^^^^^^^^^^^^^^^^^^^^^^^^^^^^^^^^^^^^^^^^^^^^^^^^^^^^^
  File "/home/tarxemo/venv/lib/python3.12/site-packages/django/db/models/expressions.py", line 753, in resolve_expression
    lhs = self.lhs.resolve_expression(
          ^^^^^^^^^^^^^^^^^^^^^^^^^^^^
  File "/home/tarxemo/venv/lib/python3.12/site-packages/django/db/models/expressions.py", line 753, in resolve_expression
    lhs = self.lhs.resolve_expression(
          ^^^^^^^^^^^^^^^^^^^^^^^^^^^^
  File "/home/tarxemo/venv/lib/python3.12/site-packages/django/db/models/expressions.py", line 895, in resolve_expression
    return query.resolve_ref(self.name, allow_joins, reuse, summarize)
           ^^^^^^^^^^^^^^^^^^^^^^^^^^^^^^^^^^^^^^^^^^^^^^^^^^^^^^^^^^^
  File "/home/tarxemo/venv/lib/python3.12/site-packages/django/db/models/sql/query.py", line 2010, in resolve_ref
    join_info = self.setup_joins(
                ^^^^^^^^^^^^^^^^^
  File "/home/tarxemo/venv/lib/python3.12/site-packages/django/db/models/sql/query.py", line 1863, in setup_joins
    path, final_field, targets, rest = self.names_to_path(
                                       ^^^^^^^^^^^^^^^^^^^
  File "/home/tarxemo/venv/lib/python3.12/site-packages/django/db/models/sql/query.py", line 1768, in names_to_path
    raise FieldError(
graphql.error.located_error.GraphQLLocatedError: Cannot resolve keyword 'total_votes_cast' into field. Choices are: academic_year, academic_year_id, description, electionposition, electionresult, electionstatistics, end_datetime, id, institution, institution_id, level, level_id, name, positions, start_datetime, status, votes

/home/tarxemo/Desktop/VS/ElectionBackend/election/queries/positions.py changed, reloading.
Watching for file changes with StatReloader
Traceback (most recent call last):
  File "/home/tarxemo/venv/lib/python3.12/site-packages/promise/promise.py", line 489, in _resolve_from_executor
    executor(resolve, reject)
  File "/home/tarxemo/venv/lib/python3.12/site-packages/promise/promise.py", line 756, in executor
    return resolve(f(*args, **kwargs))
                   ^^^^^^^^^^^^^^^^^^
  File "/home/tarxemo/venv/lib/python3.12/site-packages/graphql/execution/middleware.py", line 75, in make_it_promise
    return next(*args, **kwargs)
           ^^^^^^^^^^^^^^^^^^^^^
  File "/home/tarxemo/Desktop/VS/ElectionBackend/election/queries/positions.py", line 947, in resolve_positions_with_most_contests
    ).annotate(
      ^^^^^^^^^
  File "/home/tarxemo/venv/lib/python3.12/site-packages/django/db/models/query.py", line 1630, in annotate
    return self._annotate(args, kwargs, select=True)
           ^^^^^^^^^^^^^^^^^^^^^^^^^^^^^^^^^^^^^^^^^
  File "/home/tarxemo/venv/lib/python3.12/site-packages/django/db/models/query.py", line 1680, in _annotate
    clone.query.add_annotation(
  File "/home/tarxemo/venv/lib/python3.12/site-packages/django/db/models/sql/query.py", line 1194, in add_annotation
    annotation = annotation.resolve_expression(self, allow_joins=True, reuse=None)
                 ^^^^^^^^^^^^^^^^^^^^^^^^^^^^^^^^^^^^^^^^^^^^^^^^^^^^^^^^^^^^^^^^^
  File "/home/tarxemo/venv/lib/python3.12/site-packages/django/db/models/aggregates.py", line 63, in resolve_expression
    c = super().resolve_expression(query, allow_joins, reuse, summarize)
        ^^^^^^^^^^^^^^^^^^^^^^^^^^^^^^^^^^^^^^^^^^^^^^^^^^^^^^^^^^^^^^^^
  File "/home/tarxemo/venv/lib/python3.12/site-packages/django/db/models/expressions.py", line 1073, in resolve_expression
    c.source_expressions[pos] = arg.resolve_expression(
                                ^^^^^^^^^^^^^^^^^^^^^^^
  File "/home/tarxemo/venv/lib/python3.12/site-packages/django/db/models/expressions.py", line 895, in resolve_expression
    return query.resolve_ref(self.name, allow_joins, reuse, summarize)
           ^^^^^^^^^^^^^^^^^^^^^^^^^^^^^^^^^^^^^^^^^^^^^^^^^^^^^^^^^^^
  File "/home/tarxemo/venv/lib/python3.12/site-packages/django/db/models/sql/query.py", line 2026, in resolve_ref
    transform = join_info.transform_function(targets[0], final_alias)
                ^^^^^^^^^^^^^^^^^^^^^^^^^^^^^^^^^^^^^^^^^^^^^^^^^^^^^
  File "/home/tarxemo/venv/lib/python3.12/site-packages/django/db/models/sql/query.py", line 1886, in transform
    return self.try_transform(wrapped, name)
           ^^^^^^^^^^^^^^^^^^^^^^^^^^^^^^^^^
  File "/home/tarxemo/venv/lib/python3.12/site-packages/django/db/models/sql/query.py", line 1423, in try_transform
    raise FieldError(
graphql.error.located_error.GraphQLLocatedError: Unsupported lookup 'candidates' for BigAutoField or join on the field not permitted.

Traceback (most recent call last):
  File "/home/tarxemo/venv/lib/python3.12/site-packages/promise/promise.py", line 489, in _resolve_from_executor
    executor(resolve, reject)
  File "/home/tarxemo/venv/lib/python3.12/site-packages/promise/promise.py", line 756, in executor
    return resolve(f(*args, **kwargs))
                   ^^^^^^^^^^^^^^^^^^
  File "/home/tarxemo/venv/lib/python3.12/site-packages/graphql/execution/middleware.py", line 75, in make_it_promise
    return next(*args, **kwargs)
           ^^^^^^^^^^^^^^^^^^^^^
  File "/home/tarxemo/Desktop/VS/ElectionBackend/election/queries/positions.py", line 974, in resolve_institutions_with_most_activity
    ).annotate(
      ^^^^^^^^^
  File "/home/tarxemo/venv/lib/python3.12/site-packages/django/db/models/query.py", line 1630, in annotate
    return self._annotate(args, kwargs, select=True)
           ^^^^^^^^^^^^^^^^^^^^^^^^^^^^^^^^^^^^^^^^^
  File "/home/tarxemo/venv/lib/python3.12/site-packages/django/db/models/query.py", line 1680, in _annotate
    clone.query.add_annotation(
  File "/home/tarxemo/venv/lib/python3.12/site-packages/django/db/models/sql/query.py", line 1194, in add_annotation
    annotation = annotation.resolve_expression(self, allow_joins=True, reuse=None)
                 ^^^^^^^^^^^^^^^^^^^^^^^^^^^^^^^^^^^^^^^^^^^^^^^^^^^^^^^^^^^^^^^^^
  File "/home/tarxemo/venv/lib/python3.12/site-packages/django/db/models/expressions.py", line 753, in resolve_expression
    lhs = self.lhs.resolve_expression(
          ^^^^^^^^^^^^^^^^^^^^^^^^^^^^
  File "/home/tarxemo/venv/lib/python3.12/site-packages/django/db/models/expressions.py", line 753, in resolve_expression
    lhs = self.lhs.resolve_expression(
          ^^^^^^^^^^^^^^^^^^^^^^^^^^^^
  File "/home/tarxemo/venv/lib/python3.12/site-packages/django/db/models/expressions.py", line 895, in resolve_expression
    return query.resolve_ref(self.name, allow_joins, reuse, summarize)
           ^^^^^^^^^^^^^^^^^^^^^^^^^^^^^^^^^^^^^^^^^^^^^^^^^^^^^^^^^^^
  File "/home/tarxemo/venv/lib/python3.12/site-packages/django/db/models/sql/query.py", line 2010, in resolve_ref
    join_info = self.setup_joins(
                ^^^^^^^^^^^^^^^^^
  File "/home/tarxemo/venv/lib/python3.12/site-packages/django/db/models/sql/query.py", line 1863, in setup_joins
    path, final_field, targets, rest = self.names_to_path(
                                       ^^^^^^^^^^^^^^^^^^^
  File "/home/tarxemo/venv/lib/python3.12/site-packages/django/db/models/sql/query.py", line 1768, in names_to_path
    raise FieldError(
graphql.error.located_error.GraphQLLocatedError: Cannot resolve keyword 'total_votes_cast' into field. Choices are: academic_year, academic_year_id, description, electionposition, electionresult, electionstatistics, end_datetime, id, institution, institution_id, level, level_id, name, positions, start_datetime, status, votes

/home/tarxemo/Desktop/VS/ElectionBackend/election/queries/positions.py changed, reloading.
Watching for file changes with StatReloader
Traceback (most recent call last):
  File "/home/tarxemo/venv/lib/python3.12/site-packages/promise/promise.py", line 489, in _resolve_from_executor
    executor(resolve, reject)
  File "/home/tarxemo/venv/lib/python3.12/site-packages/promise/promise.py", line 756, in executor
    return resolve(f(*args, **kwargs))
                   ^^^^^^^^^^^^^^^^^^
  File "/home/tarxemo/venv/lib/python3.12/site-packages/graphql/execution/middleware.py", line 75, in make_it_promise
    return next(*args, **kwargs)
           ^^^^^^^^^^^^^^^^^^^^^
  File "/home/tarxemo/Desktop/VS/ElectionBackend/election/queries/positions.py", line 928, in resolve_positions_with_most_contests
    positions = Position.objects.annotate(
                ^^^^^^^^^^^^^^^^^^^^^^^^^^
  File "/home/tarxemo/venv/lib/python3.12/site-packages/django/db/models/manager.py", line 87, in manager_method
    return getattr(self.get_queryset(), name)(*args, **kwargs)
           ^^^^^^^^^^^^^^^^^^^^^^^^^^^^^^^^^^^^^^^^^^^^^^^^^^^
  File "/home/tarxemo/venv/lib/python3.12/site-packages/django/db/models/query.py", line 1630, in annotate
    return self._annotate(args, kwargs, select=True)
           ^^^^^^^^^^^^^^^^^^^^^^^^^^^^^^^^^^^^^^^^^
  File "/home/tarxemo/venv/lib/python3.12/site-packages/django/db/models/query.py", line 1680, in _annotate
    clone.query.add_annotation(
  File "/home/tarxemo/venv/lib/python3.12/site-packages/django/db/models/sql/query.py", line 1194, in add_annotation
    annotation = annotation.resolve_expression(self, allow_joins=True, reuse=None)
                 ^^^^^^^^^^^^^^^^^^^^^^^^^^^^^^^^^^^^^^^^^^^^^^^^^^^^^^^^^^^^^^^^^
  File "/home/tarxemo/venv/lib/python3.12/site-packages/django/db/models/aggregates.py", line 63, in resolve_expression
    c = super().resolve_expression(query, allow_joins, reuse, summarize)
        ^^^^^^^^^^^^^^^^^^^^^^^^^^^^^^^^^^^^^^^^^^^^^^^^^^^^^^^^^^^^^^^^
  File "/home/tarxemo/venv/lib/python3.12/site-packages/django/db/models/expressions.py", line 1073, in resolve_expression
    c.source_expressions[pos] = arg.resolve_expression(
                                ^^^^^^^^^^^^^^^^^^^^^^^
  File "/home/tarxemo/venv/lib/python3.12/site-packages/django/db/models/expressions.py", line 895, in resolve_expression
    return query.resolve_ref(self.name, allow_joins, reuse, summarize)
           ^^^^^^^^^^^^^^^^^^^^^^^^^^^^^^^^^^^^^^^^^^^^^^^^^^^^^^^^^^^
  File "/home/tarxemo/venv/lib/python3.12/site-packages/django/db/models/sql/query.py", line 2026, in resolve_ref
    transform = join_info.transform_function(targets[0], final_alias)
                ^^^^^^^^^^^^^^^^^^^^^^^^^^^^^^^^^^^^^^^^^^^^^^^^^^^^^
  File "/home/tarxemo/venv/lib/python3.12/site-packages/django/db/models/sql/query.py", line 1886, in transform
    return self.try_transform(wrapped, name)
           ^^^^^^^^^^^^^^^^^^^^^^^^^^^^^^^^^
  File "/home/tarxemo/venv/lib/python3.12/site-packages/django/db/models/sql/query.py", line 1423, in try_transform
    raise FieldError(
graphql.error.located_error.GraphQLLocatedError: Unsupported lookup 'candidate_set' for BigAutoField or join on the field not permitted.

Traceback (most recent call last):
  File "/home/tarxemo/venv/lib/python3.12/site-packages/promise/promise.py", line 489, in _resolve_from_executor
    executor(resolve, reject)
  File "/home/tarxemo/venv/lib/python3.12/site-packages/promise/promise.py", line 756, in executor
    return resolve(f(*args, **kwargs))
                   ^^^^^^^^^^^^^^^^^^
  File "/home/tarxemo/venv/lib/python3.12/site-packages/graphql/execution/middleware.py", line 75, in make_it_promise
    return next(*args, **kwargs)
           ^^^^^^^^^^^^^^^^^^^^^
  File "/home/tarxemo/Desktop/VS/ElectionBackend/election/queries/positions.py", line 974, in resolve_institutions_with_most_activity
    ).annotate(
      ^^^^^^^^^
  File "/home/tarxemo/venv/lib/python3.12/site-packages/django/db/models/query.py", line 1630, in annotate
    return self._annotate(args, kwargs, select=True)
           ^^^^^^^^^^^^^^^^^^^^^^^^^^^^^^^^^^^^^^^^^
  File "/home/tarxemo/venv/lib/python3.12/site-packages/django/db/models/query.py", line 1680, in _annotate
    clone.query.add_annotation(
  File "/home/tarxemo/venv/lib/python3.12/site-packages/django/db/models/sql/query.py", line 1194, in add_annotation
    annotation = annotation.resolve_expression(self, allow_joins=True, reuse=None)
                 ^^^^^^^^^^^^^^^^^^^^^^^^^^^^^^^^^^^^^^^^^^^^^^^^^^^^^^^^^^^^^^^^^
  File "/home/tarxemo/venv/lib/python3.12/site-packages/django/db/models/expressions.py", line 753, in resolve_expression
    lhs = self.lhs.resolve_expression(
          ^^^^^^^^^^^^^^^^^^^^^^^^^^^^
  File "/home/tarxemo/venv/lib/python3.12/site-packages/django/db/models/expressions.py", line 753, in resolve_expression
    lhs = self.lhs.resolve_expression(
          ^^^^^^^^^^^^^^^^^^^^^^^^^^^^
  File "/home/tarxemo/venv/lib/python3.12/site-packages/django/db/models/expressions.py", line 895, in resolve_expression
    return query.resolve_ref(self.name, allow_joins, reuse, summarize)
           ^^^^^^^^^^^^^^^^^^^^^^^^^^^^^^^^^^^^^^^^^^^^^^^^^^^^^^^^^^^
  File "/home/tarxemo/venv/lib/python3.12/site-packages/django/db/models/sql/query.py", line 2010, in resolve_ref
    join_info = self.setup_joins(
                ^^^^^^^^^^^^^^^^^
  File "/home/tarxemo/venv/lib/python3.12/site-packages/django/db/models/sql/query.py", line 1863, in setup_joins
    path, final_field, targets, rest = self.names_to_path(
                                       ^^^^^^^^^^^^^^^^^^^
  File "/home/tarxemo/venv/lib/python3.12/site-packages/django/db/models/sql/query.py", line 1768, in names_to_path
    raise FieldError(
graphql.error.located_error.GraphQLLocatedError: Cannot resolve keyword 'total_votes_cast' into field. Choices are: academic_year, academic_year_id, description, electionposition, electionresult, electionstatistics, end_datetime, id, institution, institution_id, level, level_id, name, positions, start_datetime, status, votes

/home/tarxemo/Desktop/VS/ElectionBackend/election/queries/positions.py changed, reloading.
Watching for file changes with StatReloader
Traceback (most recent call last):
  File "/home/tarxemo/venv/lib/python3.12/site-packages/promise/promise.py", line 489, in _resolve_from_executor
    executor(resolve, reject)
  File "/home/tarxemo/venv/lib/python3.12/site-packages/promise/promise.py", line 756, in executor
    return resolve(f(*args, **kwargs))
                   ^^^^^^^^^^^^^^^^^^
  File "/home/tarxemo/venv/lib/python3.12/site-packages/graphql/execution/middleware.py", line 75, in make_it_promise
    return next(*args, **kwargs)
           ^^^^^^^^^^^^^^^^^^^^^
  File "/home/tarxemo/Desktop/VS/ElectionBackend/election/queries/positions.py", line 947, in resolve_positions_with_most_contests
    ).annotate(
      ^^^^^^^^^
  File "/home/tarxemo/venv/lib/python3.12/site-packages/django/db/models/query.py", line 1630, in annotate
    return self._annotate(args, kwargs, select=True)
           ^^^^^^^^^^^^^^^^^^^^^^^^^^^^^^^^^^^^^^^^^
  File "/home/tarxemo/venv/lib/python3.12/site-packages/django/db/models/query.py", line 1680, in _annotate
    clone.query.add_annotation(
  File "/home/tarxemo/venv/lib/python3.12/site-packages/django/db/models/sql/query.py", line 1194, in add_annotation
    annotation = annotation.resolve_expression(self, allow_joins=True, reuse=None)
                 ^^^^^^^^^^^^^^^^^^^^^^^^^^^^^^^^^^^^^^^^^^^^^^^^^^^^^^^^^^^^^^^^^
  File "/home/tarxemo/venv/lib/python3.12/site-packages/django/db/models/aggregates.py", line 63, in resolve_expression
    c = super().resolve_expression(query, allow_joins, reuse, summarize)
        ^^^^^^^^^^^^^^^^^^^^^^^^^^^^^^^^^^^^^^^^^^^^^^^^^^^^^^^^^^^^^^^^
  File "/home/tarxemo/venv/lib/python3.12/site-packages/django/db/models/expressions.py", line 1073, in resolve_expression
    c.source_expressions[pos] = arg.resolve_expression(
                                ^^^^^^^^^^^^^^^^^^^^^^^
  File "/home/tarxemo/venv/lib/python3.12/site-packages/django/db/models/expressions.py", line 895, in resolve_expression
    return query.resolve_ref(self.name, allow_joins, reuse, summarize)
           ^^^^^^^^^^^^^^^^^^^^^^^^^^^^^^^^^^^^^^^^^^^^^^^^^^^^^^^^^^^
  File "/home/tarxemo/venv/lib/python3.12/site-packages/django/db/models/sql/query.py", line 2026, in resolve_ref
    transform = join_info.transform_function(targets[0], final_alias)
                ^^^^^^^^^^^^^^^^^^^^^^^^^^^^^^^^^^^^^^^^^^^^^^^^^^^^^
  File "/home/tarxemo/venv/lib/python3.12/site-packages/django/db/models/sql/query.py", line 1886, in transform
    return self.try_transform(wrapped, name)
           ^^^^^^^^^^^^^^^^^^^^^^^^^^^^^^^^^
  File "/home/tarxemo/venv/lib/python3.12/site-packages/django/db/models/sql/query.py", line 1423, in try_transform
    raise FieldError(
graphql.error.located_error.GraphQLLocatedError: Unsupported lookup 'candidates' for BigAutoField or join on the field not permitted.

Traceback (most recent call last):
  File "/home/tarxemo/venv/lib/python3.12/site-packages/promise/promise.py", line 489, in _resolve_from_executor
    executor(resolve, reject)
  File "/home/tarxemo/venv/lib/python3.12/site-packages/promise/promise.py", line 756, in executor
    return resolve(f(*args, **kwargs))
                   ^^^^^^^^^^^^^^^^^^
  File "/home/tarxemo/venv/lib/python3.12/site-packages/graphql/execution/middleware.py", line 75, in make_it_promise
    return next(*args, **kwargs)
           ^^^^^^^^^^^^^^^^^^^^^
  File "/home/tarxemo/Desktop/VS/ElectionBackend/election/queries/positions.py", line 974, in resolve_institutions_with_most_activity
    ).annotate(
      ^^^^^^^^^
  File "/home/tarxemo/venv/lib/python3.12/site-packages/django/db/models/query.py", line 1630, in annotate
    return self._annotate(args, kwargs, select=True)
           ^^^^^^^^^^^^^^^^^^^^^^^^^^^^^^^^^^^^^^^^^
  File "/home/tarxemo/venv/lib/python3.12/site-packages/django/db/models/query.py", line 1680, in _annotate
    clone.query.add_annotation(
  File "/home/tarxemo/venv/lib/python3.12/site-packages/django/db/models/sql/query.py", line 1194, in add_annotation
    annotation = annotation.resolve_expression(self, allow_joins=True, reuse=None)
                 ^^^^^^^^^^^^^^^^^^^^^^^^^^^^^^^^^^^^^^^^^^^^^^^^^^^^^^^^^^^^^^^^^
  File "/home/tarxemo/venv/lib/python3.12/site-packages/django/db/models/expressions.py", line 753, in resolve_expression
    lhs = self.lhs.resolve_expression(
          ^^^^^^^^^^^^^^^^^^^^^^^^^^^^
  File "/home/tarxemo/venv/lib/python3.12/site-packages/django/db/models/expressions.py", line 753, in resolve_expression
    lhs = self.lhs.resolve_expression(
          ^^^^^^^^^^^^^^^^^^^^^^^^^^^^
  File "/home/tarxemo/venv/lib/python3.12/site-packages/django/db/models/expressions.py", line 895, in resolve_expression
    return query.resolve_ref(self.name, allow_joins, reuse, summarize)
           ^^^^^^^^^^^^^^^^^^^^^^^^^^^^^^^^^^^^^^^^^^^^^^^^^^^^^^^^^^^
  File "/home/tarxemo/venv/lib/python3.12/site-packages/django/db/models/sql/query.py", line 2010, in resolve_ref
    join_info = self.setup_joins(
                ^^^^^^^^^^^^^^^^^
  File "/home/tarxemo/venv/lib/python3.12/site-packages/django/db/models/sql/query.py", line 1863, in setup_joins
    path, final_field, targets, rest = self.names_to_path(
                                       ^^^^^^^^^^^^^^^^^^^
  File "/home/tarxemo/venv/lib/python3.12/site-packages/django/db/models/sql/query.py", line 1768, in names_to_path
    raise FieldError(
graphql.error.located_error.GraphQLLocatedError: Cannot resolve keyword 'total_votes_cast' into field. Choices are: academic_year, academic_year_id, description, electionposition, electionresult, electionstatistics, end_datetime, id, institution, institution_id, level, level_id, name, positions, start_datetime, status, votes

/home/tarxemo/Desktop/VS/ElectionBackend/election/queries/positions.py changed, reloading.
Watching for file changes with StatReloader
Traceback (most recent call last):
  File "/home/tarxemo/venv/lib/python3.12/site-packages/promise/promise.py", line 489, in _resolve_from_executor
    executor(resolve, reject)
  File "/home/tarxemo/venv/lib/python3.12/site-packages/promise/promise.py", line 756, in executor
    return resolve(f(*args, **kwargs))
                   ^^^^^^^^^^^^^^^^^^
  File "/home/tarxemo/venv/lib/python3.12/site-packages/graphql/execution/middleware.py", line 75, in make_it_promise
    return next(*args, **kwargs)
           ^^^^^^^^^^^^^^^^^^^^^
  File "/home/tarxemo/Desktop/VS/ElectionBackend/election/queries/positions.py", line 946, in resolve_positions_with_most_contests
    ).annotate(
      ^^^^^^^^^
  File "/home/tarxemo/venv/lib/python3.12/site-packages/django/db/models/query.py", line 1630, in annotate
    return self._annotate(args, kwargs, select=True)
           ^^^^^^^^^^^^^^^^^^^^^^^^^^^^^^^^^^^^^^^^^
  File "/home/tarxemo/venv/lib/python3.12/site-packages/django/db/models/query.py", line 1680, in _annotate
    clone.query.add_annotation(
  File "/home/tarxemo/venv/lib/python3.12/site-packages/django/db/models/sql/query.py", line 1194, in add_annotation
    annotation = annotation.resolve_expression(self, allow_joins=True, reuse=None)
                 ^^^^^^^^^^^^^^^^^^^^^^^^^^^^^^^^^^^^^^^^^^^^^^^^^^^^^^^^^^^^^^^^^
  File "/home/tarxemo/venv/lib/python3.12/site-packages/django/db/models/aggregates.py", line 63, in resolve_expression
    c = super().resolve_expression(query, allow_joins, reuse, summarize)
        ^^^^^^^^^^^^^^^^^^^^^^^^^^^^^^^^^^^^^^^^^^^^^^^^^^^^^^^^^^^^^^^^
  File "/home/tarxemo/venv/lib/python3.12/site-packages/django/db/models/expressions.py", line 1073, in resolve_expression
    c.source_expressions[pos] = arg.resolve_expression(
                                ^^^^^^^^^^^^^^^^^^^^^^^
  File "/home/tarxemo/venv/lib/python3.12/site-packages/django/db/models/expressions.py", line 895, in resolve_expression
    return query.resolve_ref(self.name, allow_joins, reuse, summarize)
           ^^^^^^^^^^^^^^^^^^^^^^^^^^^^^^^^^^^^^^^^^^^^^^^^^^^^^^^^^^^
  File "/home/tarxemo/venv/lib/python3.12/site-packages/django/db/models/sql/query.py", line 2026, in resolve_ref
    transform = join_info.transform_function(targets[0], final_alias)
                ^^^^^^^^^^^^^^^^^^^^^^^^^^^^^^^^^^^^^^^^^^^^^^^^^^^^^
  File "/home/tarxemo/venv/lib/python3.12/site-packages/django/db/models/sql/query.py", line 1886, in transform
    return self.try_transform(wrapped, name)
           ^^^^^^^^^^^^^^^^^^^^^^^^^^^^^^^^^
  File "/home/tarxemo/venv/lib/python3.12/site-packages/django/db/models/sql/query.py", line 1423, in try_transform
    raise FieldError(
graphql.error.located_error.GraphQLLocatedError: Unsupported lookup 'candidates' for BigAutoField or join on the field not permitted.

Traceback (most recent call last):
  File "/home/tarxemo/venv/lib/python3.12/site-packages/promise/promise.py", line 489, in _resolve_from_executor
    executor(resolve, reject)
  File "/home/tarxemo/venv/lib/python3.12/site-packages/promise/promise.py", line 756, in executor
    return resolve(f(*args, **kwargs))
                   ^^^^^^^^^^^^^^^^^^
  File "/home/tarxemo/venv/lib/python3.12/site-packages/graphql/execution/middleware.py", line 75, in make_it_promise
    return next(*args, **kwargs)
           ^^^^^^^^^^^^^^^^^^^^^
  File "/home/tarxemo/Desktop/VS/ElectionBackend/election/queries/positions.py", line 973, in resolve_institutions_with_most_activity
    ).annotate(
      ^^^^^^^^^
  File "/home/tarxemo/venv/lib/python3.12/site-packages/django/db/models/query.py", line 1630, in annotate
    return self._annotate(args, kwargs, select=True)
           ^^^^^^^^^^^^^^^^^^^^^^^^^^^^^^^^^^^^^^^^^
  File "/home/tarxemo/venv/lib/python3.12/site-packages/django/db/models/query.py", line 1680, in _annotate
    clone.query.add_annotation(
  File "/home/tarxemo/venv/lib/python3.12/site-packages/django/db/models/sql/query.py", line 1194, in add_annotation
    annotation = annotation.resolve_expression(self, allow_joins=True, reuse=None)
                 ^^^^^^^^^^^^^^^^^^^^^^^^^^^^^^^^^^^^^^^^^^^^^^^^^^^^^^^^^^^^^^^^^
  File "/home/tarxemo/venv/lib/python3.12/site-packages/django/db/models/expressions.py", line 753, in resolve_expression
    lhs = self.lhs.resolve_expression(
          ^^^^^^^^^^^^^^^^^^^^^^^^^^^^
  File "/home/tarxemo/venv/lib/python3.12/site-packages/django/db/models/expressions.py", line 753, in resolve_expression
    lhs = self.lhs.resolve_expression(
          ^^^^^^^^^^^^^^^^^^^^^^^^^^^^
  File "/home/tarxemo/venv/lib/python3.12/site-packages/django/db/models/expressions.py", line 895, in resolve_expression
    return query.resolve_ref(self.name, allow_joins, reuse, summarize)
           ^^^^^^^^^^^^^^^^^^^^^^^^^^^^^^^^^^^^^^^^^^^^^^^^^^^^^^^^^^^
  File "/home/tarxemo/venv/lib/python3.12/site-packages/django/db/models/sql/query.py", line 2010, in resolve_ref
    join_info = self.setup_joins(
                ^^^^^^^^^^^^^^^^^
  File "/home/tarxemo/venv/lib/python3.12/site-packages/django/db/models/sql/query.py", line 1863, in setup_joins
    path, final_field, targets, rest = self.names_to_path(
                                       ^^^^^^^^^^^^^^^^^^^
  File "/home/tarxemo/venv/lib/python3.12/site-packages/django/db/models/sql/query.py", line 1768, in names_to_path
    raise FieldError(
graphql.error.located_error.GraphQLLocatedError: Cannot resolve keyword 'total_votes_cast' into field. Choices are: academic_year, academic_year_id, description, electionposition, electionresult, electionstatistics, end_datetime, id, institution, institution_id, level, level_id, name, positions, start_datetime, status, votes

/home/tarxemo/Desktop/VS/ElectionBackend/election/queries/positions.py changed, reloading.
Watching for file changes with StatReloader
Traceback (most recent call last):
  File "/home/tarxemo/venv/lib/python3.12/site-packages/promise/promise.py", line 489, in _resolve_from_executor
    executor(resolve, reject)
  File "/home/tarxemo/venv/lib/python3.12/site-packages/promise/promise.py", line 756, in executor
    return resolve(f(*args, **kwargs))
                   ^^^^^^^^^^^^^^^^^^
  File "/home/tarxemo/venv/lib/python3.12/site-packages/graphql/execution/middleware.py", line 75, in make_it_promise
    return next(*args, **kwargs)
           ^^^^^^^^^^^^^^^^^^^^^
  File "/home/tarxemo/Desktop/VS/ElectionBackend/election/queries/positions.py", line 944, in resolve_positions_with_most_contests
    ).annotate(
      ^^^^^^^^^
  File "/home/tarxemo/venv/lib/python3.12/site-packages/django/db/models/query.py", line 1630, in annotate
    return self._annotate(args, kwargs, select=True)
           ^^^^^^^^^^^^^^^^^^^^^^^^^^^^^^^^^^^^^^^^^
  File "/home/tarxemo/venv/lib/python3.12/site-packages/django/db/models/query.py", line 1680, in _annotate
    clone.query.add_annotation(
  File "/home/tarxemo/venv/lib/python3.12/site-packages/django/db/models/sql/query.py", line 1194, in add_annotation
    annotation = annotation.resolve_expression(self, allow_joins=True, reuse=None)
                 ^^^^^^^^^^^^^^^^^^^^^^^^^^^^^^^^^^^^^^^^^^^^^^^^^^^^^^^^^^^^^^^^^
  File "/home/tarxemo/venv/lib/python3.12/site-packages/django/db/models/aggregates.py", line 63, in resolve_expression
    c = super().resolve_expression(query, allow_joins, reuse, summarize)
        ^^^^^^^^^^^^^^^^^^^^^^^^^^^^^^^^^^^^^^^^^^^^^^^^^^^^^^^^^^^^^^^^
  File "/home/tarxemo/venv/lib/python3.12/site-packages/django/db/models/expressions.py", line 1073, in resolve_expression
    c.source_expressions[pos] = arg.resolve_expression(
                                ^^^^^^^^^^^^^^^^^^^^^^^
  File "/home/tarxemo/venv/lib/python3.12/site-packages/django/db/models/expressions.py", line 895, in resolve_expression
    return query.resolve_ref(self.name, allow_joins, reuse, summarize)
           ^^^^^^^^^^^^^^^^^^^^^^^^^^^^^^^^^^^^^^^^^^^^^^^^^^^^^^^^^^^
  File "/home/tarxemo/venv/lib/python3.12/site-packages/django/db/models/sql/query.py", line 2026, in resolve_ref
    transform = join_info.transform_function(targets[0], final_alias)
                ^^^^^^^^^^^^^^^^^^^^^^^^^^^^^^^^^^^^^^^^^^^^^^^^^^^^^
  File "/home/tarxemo/venv/lib/python3.12/site-packages/django/db/models/sql/query.py", line 1886, in transform
    return self.try_transform(wrapped, name)
           ^^^^^^^^^^^^^^^^^^^^^^^^^^^^^^^^^
  File "/home/tarxemo/venv/lib/python3.12/site-packages/django/db/models/sql/query.py", line 1423, in try_transform
    raise FieldError(
graphql.error.located_error.GraphQLLocatedError: Unsupported lookup 'candidates' for BigAutoField or join on the field not permitted.

Traceback (most recent call last):
  File "/home/tarxemo/venv/lib/python3.12/site-packages/promise/promise.py", line 489, in _resolve_from_executor
    executor(resolve, reject)
  File "/home/tarxemo/venv/lib/python3.12/site-packages/promise/promise.py", line 756, in executor
    return resolve(f(*args, **kwargs))
                   ^^^^^^^^^^^^^^^^^^
  File "/home/tarxemo/venv/lib/python3.12/site-packages/graphql/execution/middleware.py", line 75, in make_it_promise
    return next(*args, **kwargs)
           ^^^^^^^^^^^^^^^^^^^^^
  File "/home/tarxemo/Desktop/VS/ElectionBackend/election/queries/positions.py", line 971, in resolve_institutions_with_most_activity
    ).annotate(
      ^^^^^^^^^
  File "/home/tarxemo/venv/lib/python3.12/site-packages/django/db/models/query.py", line 1630, in annotate
    return self._annotate(args, kwargs, select=True)
           ^^^^^^^^^^^^^^^^^^^^^^^^^^^^^^^^^^^^^^^^^
  File "/home/tarxemo/venv/lib/python3.12/site-packages/django/db/models/query.py", line 1680, in _annotate
    clone.query.add_annotation(
  File "/home/tarxemo/venv/lib/python3.12/site-packages/django/db/models/sql/query.py", line 1194, in add_annotation
    annotation = annotation.resolve_expression(self, allow_joins=True, reuse=None)
                 ^^^^^^^^^^^^^^^^^^^^^^^^^^^^^^^^^^^^^^^^^^^^^^^^^^^^^^^^^^^^^^^^^
  File "/home/tarxemo/venv/lib/python3.12/site-packages/django/db/models/expressions.py", line 753, in resolve_expression
    lhs = self.lhs.resolve_expression(
          ^^^^^^^^^^^^^^^^^^^^^^^^^^^^
  File "/home/tarxemo/venv/lib/python3.12/site-packages/django/db/models/expressions.py", line 753, in resolve_expression
    lhs = self.lhs.resolve_expression(
          ^^^^^^^^^^^^^^^^^^^^^^^^^^^^
  File "/home/tarxemo/venv/lib/python3.12/site-packages/django/db/models/expressions.py", line 895, in resolve_expression
    return query.resolve_ref(self.name, allow_joins, reuse, summarize)
           ^^^^^^^^^^^^^^^^^^^^^^^^^^^^^^^^^^^^^^^^^^^^^^^^^^^^^^^^^^^
  File "/home/tarxemo/venv/lib/python3.12/site-packages/django/db/models/sql/query.py", line 2010, in resolve_ref
    join_info = self.setup_joins(
                ^^^^^^^^^^^^^^^^^
  File "/home/tarxemo/venv/lib/python3.12/site-packages/django/db/models/sql/query.py", line 1863, in setup_joins
    path, final_field, targets, rest = self.names_to_path(
                                       ^^^^^^^^^^^^^^^^^^^
  File "/home/tarxemo/venv/lib/python3.12/site-packages/django/db/models/sql/query.py", line 1768, in names_to_path
    raise FieldError(
graphql.error.located_error.GraphQLLocatedError: Cannot resolve keyword 'total_votes_cast' into field. Choices are: academic_year, academic_year_id, description, electionposition, electionresult, electionstatistics, end_datetime, id, institution, institution_id, level, level_id, name, positions, start_datetime, status, votes

/home/tarxemo/Desktop/VS/ElectionBackend/election/queries/positions.py changed, reloading.
Watching for file changes with StatReloader
Traceback (most recent call last):
  File "/home/tarxemo/venv/lib/python3.12/site-packages/promise/promise.py", line 489, in _resolve_from_executor
    executor(resolve, reject)
  File "/home/tarxemo/venv/lib/python3.12/site-packages/promise/promise.py", line 756, in executor
    return resolve(f(*args, **kwargs))
                   ^^^^^^^^^^^^^^^^^^
  File "/home/tarxemo/venv/lib/python3.12/site-packages/graphql/execution/middleware.py", line 75, in make_it_promise
    return next(*args, **kwargs)
           ^^^^^^^^^^^^^^^^^^^^^
  File "/home/tarxemo/Desktop/VS/ElectionBackend/election/queries/positions.py", line 944, in resolve_positions_with_most_contests
    ).annotate(
      ^^^^^^^^^
  File "/home/tarxemo/venv/lib/python3.12/site-packages/django/db/models/query.py", line 1630, in annotate
    return self._annotate(args, kwargs, select=True)
           ^^^^^^^^^^^^^^^^^^^^^^^^^^^^^^^^^^^^^^^^^
  File "/home/tarxemo/venv/lib/python3.12/site-packages/django/db/models/query.py", line 1680, in _annotate
    clone.query.add_annotation(
  File "/home/tarxemo/venv/lib/python3.12/site-packages/django/db/models/sql/query.py", line 1194, in add_annotation
    annotation = annotation.resolve_expression(self, allow_joins=True, reuse=None)
                 ^^^^^^^^^^^^^^^^^^^^^^^^^^^^^^^^^^^^^^^^^^^^^^^^^^^^^^^^^^^^^^^^^
  File "/home/tarxemo/venv/lib/python3.12/site-packages/django/db/models/aggregates.py", line 63, in resolve_expression
    c = super().resolve_expression(query, allow_joins, reuse, summarize)
        ^^^^^^^^^^^^^^^^^^^^^^^^^^^^^^^^^^^^^^^^^^^^^^^^^^^^^^^^^^^^^^^^
  File "/home/tarxemo/venv/lib/python3.12/site-packages/django/db/models/expressions.py", line 1073, in resolve_expression
    c.source_expressions[pos] = arg.resolve_expression(
                                ^^^^^^^^^^^^^^^^^^^^^^^
  File "/home/tarxemo/venv/lib/python3.12/site-packages/django/db/models/expressions.py", line 895, in resolve_expression
    return query.resolve_ref(self.name, allow_joins, reuse, summarize)
           ^^^^^^^^^^^^^^^^^^^^^^^^^^^^^^^^^^^^^^^^^^^^^^^^^^^^^^^^^^^
  File "/home/tarxemo/venv/lib/python3.12/site-packages/django/db/models/sql/query.py", line 2026, in resolve_ref
    transform = join_info.transform_function(targets[0], final_alias)
                ^^^^^^^^^^^^^^^^^^^^^^^^^^^^^^^^^^^^^^^^^^^^^^^^^^^^^
  File "/home/tarxemo/venv/lib/python3.12/site-packages/django/db/models/sql/query.py", line 1886, in transform
    return self.try_transform(wrapped, name)
           ^^^^^^^^^^^^^^^^^^^^^^^^^^^^^^^^^
  File "/home/tarxemo/venv/lib/python3.12/site-packages/django/db/models/sql/query.py", line 1423, in try_transform
    raise FieldError(
graphql.error.located_error.GraphQLLocatedError: Unsupported lookup 'candidate_set' for BigAutoField or join on the field not permitted.

Traceback (most recent call last):
  File "/home/tarxemo/venv/lib/python3.12/site-packages/promise/promise.py", line 489, in _resolve_from_executor
    executor(resolve, reject)
  File "/home/tarxemo/venv/lib/python3.12/site-packages/promise/promise.py", line 756, in executor
    return resolve(f(*args, **kwargs))
                   ^^^^^^^^^^^^^^^^^^
  File "/home/tarxemo/venv/lib/python3.12/site-packages/graphql/execution/middleware.py", line 75, in make_it_promise
    return next(*args, **kwargs)
           ^^^^^^^^^^^^^^^^^^^^^
  File "/home/tarxemo/Desktop/VS/ElectionBackend/election/queries/positions.py", line 971, in resolve_institutions_with_most_activity
    ).annotate(
      ^^^^^^^^^
  File "/home/tarxemo/venv/lib/python3.12/site-packages/django/db/models/query.py", line 1630, in annotate
    return self._annotate(args, kwargs, select=True)
           ^^^^^^^^^^^^^^^^^^^^^^^^^^^^^^^^^^^^^^^^^
  File "/home/tarxemo/venv/lib/python3.12/site-packages/django/db/models/query.py", line 1680, in _annotate
    clone.query.add_annotation(
  File "/home/tarxemo/venv/lib/python3.12/site-packages/django/db/models/sql/query.py", line 1194, in add_annotation
    annotation = annotation.resolve_expression(self, allow_joins=True, reuse=None)
                 ^^^^^^^^^^^^^^^^^^^^^^^^^^^^^^^^^^^^^^^^^^^^^^^^^^^^^^^^^^^^^^^^^
  File "/home/tarxemo/venv/lib/python3.12/site-packages/django/db/models/expressions.py", line 753, in resolve_expression
    lhs = self.lhs.resolve_expression(
          ^^^^^^^^^^^^^^^^^^^^^^^^^^^^
  File "/home/tarxemo/venv/lib/python3.12/site-packages/django/db/models/expressions.py", line 753, in resolve_expression
    lhs = self.lhs.resolve_expression(
          ^^^^^^^^^^^^^^^^^^^^^^^^^^^^
  File "/home/tarxemo/venv/lib/python3.12/site-packages/django/db/models/expressions.py", line 895, in resolve_expression
    return query.resolve_ref(self.name, allow_joins, reuse, summarize)
           ^^^^^^^^^^^^^^^^^^^^^^^^^^^^^^^^^^^^^^^^^^^^^^^^^^^^^^^^^^^
  File "/home/tarxemo/venv/lib/python3.12/site-packages/django/db/models/sql/query.py", line 2010, in resolve_ref
    join_info = self.setup_joins(
                ^^^^^^^^^^^^^^^^^
  File "/home/tarxemo/venv/lib/python3.12/site-packages/django/db/models/sql/query.py", line 1863, in setup_joins
    path, final_field, targets, rest = self.names_to_path(
                                       ^^^^^^^^^^^^^^^^^^^
  File "/home/tarxemo/venv/lib/python3.12/site-packages/django/db/models/sql/query.py", line 1768, in names_to_path
    raise FieldError(
graphql.error.located_error.GraphQLLocatedError: Cannot resolve keyword 'total_votes_cast' into field. Choices are: academic_year, academic_year_id, description, electionposition, electionresult, electionstatistics, end_datetime, id, institution, institution_id, level, level_id, name, positions, start_datetime, status, votes

/home/tarxemo/Desktop/VS/ElectionBackend/election/queries/positions.py changed, reloading.
Watching for file changes with StatReloader
Traceback (most recent call last):
  File "/home/tarxemo/venv/lib/python3.12/site-packages/promise/promise.py", line 489, in _resolve_from_executor
    executor(resolve, reject)
  File "/home/tarxemo/venv/lib/python3.12/site-packages/promise/promise.py", line 756, in executor
    return resolve(f(*args, **kwargs))
                   ^^^^^^^^^^^^^^^^^^
  File "/home/tarxemo/venv/lib/python3.12/site-packages/graphql/execution/middleware.py", line 75, in make_it_promise
    return next(*args, **kwargs)
           ^^^^^^^^^^^^^^^^^^^^^
  File "/home/tarxemo/Desktop/VS/ElectionBackend/election/queries/positions.py", line 946, in resolve_positions_with_most_contests
    ).annotate(
      ^^^^^^^^^
  File "/home/tarxemo/venv/lib/python3.12/site-packages/django/db/models/query.py", line 1630, in annotate
    return self._annotate(args, kwargs, select=True)
           ^^^^^^^^^^^^^^^^^^^^^^^^^^^^^^^^^^^^^^^^^
  File "/home/tarxemo/venv/lib/python3.12/site-packages/django/db/models/query.py", line 1680, in _annotate
    clone.query.add_annotation(
  File "/home/tarxemo/venv/lib/python3.12/site-packages/django/db/models/sql/query.py", line 1194, in add_annotation
    annotation = annotation.resolve_expression(self, allow_joins=True, reuse=None)
                 ^^^^^^^^^^^^^^^^^^^^^^^^^^^^^^^^^^^^^^^^^^^^^^^^^^^^^^^^^^^^^^^^^
  File "/home/tarxemo/venv/lib/python3.12/site-packages/django/db/models/aggregates.py", line 63, in resolve_expression
    c = super().resolve_expression(query, allow_joins, reuse, summarize)
        ^^^^^^^^^^^^^^^^^^^^^^^^^^^^^^^^^^^^^^^^^^^^^^^^^^^^^^^^^^^^^^^^
  File "/home/tarxemo/venv/lib/python3.12/site-packages/django/db/models/expressions.py", line 1073, in resolve_expression
    c.source_expressions[pos] = arg.resolve_expression(
                                ^^^^^^^^^^^^^^^^^^^^^^^
  File "/home/tarxemo/venv/lib/python3.12/site-packages/django/db/models/expressions.py", line 895, in resolve_expression
    return query.resolve_ref(self.name, allow_joins, reuse, summarize)
           ^^^^^^^^^^^^^^^^^^^^^^^^^^^^^^^^^^^^^^^^^^^^^^^^^^^^^^^^^^^
  File "/home/tarxemo/venv/lib/python3.12/site-packages/django/db/models/sql/query.py", line 2026, in resolve_ref
    transform = join_info.transform_function(targets[0], final_alias)
                ^^^^^^^^^^^^^^^^^^^^^^^^^^^^^^^^^^^^^^^^^^^^^^^^^^^^^
  File "/home/tarxemo/venv/lib/python3.12/site-packages/django/db/models/sql/query.py", line 1886, in transform
    return self.try_transform(wrapped, name)
           ^^^^^^^^^^^^^^^^^^^^^^^^^^^^^^^^^
  File "/home/tarxemo/venv/lib/python3.12/site-packages/django/db/models/sql/query.py", line 1423, in try_transform
    raise FieldError(
graphql.error.located_error.GraphQLLocatedError: Unsupported lookup 'candidates' for BigAutoField or join on the field not permitted.

Traceback (most recent call last):
  File "/home/tarxemo/venv/lib/python3.12/site-packages/promise/promise.py", line 489, in _resolve_from_executor
    executor(resolve, reject)
  File "/home/tarxemo/venv/lib/python3.12/site-packages/promise/promise.py", line 756, in executor
    return resolve(f(*args, **kwargs))
                   ^^^^^^^^^^^^^^^^^^
  File "/home/tarxemo/venv/lib/python3.12/site-packages/graphql/execution/middleware.py", line 75, in make_it_promise
    return next(*args, **kwargs)
           ^^^^^^^^^^^^^^^^^^^^^
  File "/home/tarxemo/Desktop/VS/ElectionBackend/election/queries/positions.py", line 973, in resolve_institutions_with_most_activity
    ).annotate(
      ^^^^^^^^^
  File "/home/tarxemo/venv/lib/python3.12/site-packages/django/db/models/query.py", line 1630, in annotate
    return self._annotate(args, kwargs, select=True)
           ^^^^^^^^^^^^^^^^^^^^^^^^^^^^^^^^^^^^^^^^^
  File "/home/tarxemo/venv/lib/python3.12/site-packages/django/db/models/query.py", line 1680, in _annotate
    clone.query.add_annotation(
  File "/home/tarxemo/venv/lib/python3.12/site-packages/django/db/models/sql/query.py", line 1194, in add_annotation
    annotation = annotation.resolve_expression(self, allow_joins=True, reuse=None)
                 ^^^^^^^^^^^^^^^^^^^^^^^^^^^^^^^^^^^^^^^^^^^^^^^^^^^^^^^^^^^^^^^^^
  File "/home/tarxemo/venv/lib/python3.12/site-packages/django/db/models/expressions.py", line 753, in resolve_expression
    lhs = self.lhs.resolve_expression(
          ^^^^^^^^^^^^^^^^^^^^^^^^^^^^
  File "/home/tarxemo/venv/lib/python3.12/site-packages/django/db/models/expressions.py", line 753, in resolve_expression
    lhs = self.lhs.resolve_expression(
          ^^^^^^^^^^^^^^^^^^^^^^^^^^^^
  File "/home/tarxemo/venv/lib/python3.12/site-packages/django/db/models/expressions.py", line 895, in resolve_expression
    return query.resolve_ref(self.name, allow_joins, reuse, summarize)
           ^^^^^^^^^^^^^^^^^^^^^^^^^^^^^^^^^^^^^^^^^^^^^^^^^^^^^^^^^^^
  File "/home/tarxemo/venv/lib/python3.12/site-packages/django/db/models/sql/query.py", line 2010, in resolve_ref
    join_info = self.setup_joins(
                ^^^^^^^^^^^^^^^^^
  File "/home/tarxemo/venv/lib/python3.12/site-packages/django/db/models/sql/query.py", line 1863, in setup_joins
    path, final_field, targets, rest = self.names_to_path(
                                       ^^^^^^^^^^^^^^^^^^^
  File "/home/tarxemo/venv/lib/python3.12/site-packages/django/db/models/sql/query.py", line 1768, in names_to_path
    raise FieldError(
graphql.error.located_error.GraphQLLocatedError: Cannot resolve keyword 'total_votes_cast' into field. Choices are: academic_year, academic_year_id, description, electionposition, electionresult, electionstatistics, end_datetime, id, institution, institution_id, level, level_id, name, positions, start_datetime, status, votes

/home/tarxemo/Desktop/VS/ElectionBackend/election/queries/positions.py changed, reloading.
Watching for file changes with StatReloader
Traceback (most recent call last):
  File "/home/tarxemo/venv/lib/python3.12/site-packages/promise/promise.py", line 489, in _resolve_from_executor
    executor(resolve, reject)
  File "/home/tarxemo/venv/lib/python3.12/site-packages/promise/promise.py", line 756, in executor
    return resolve(f(*args, **kwargs))
                   ^^^^^^^^^^^^^^^^^^
  File "/home/tarxemo/venv/lib/python3.12/site-packages/graphql/execution/middleware.py", line 75, in make_it_promise
    return next(*args, **kwargs)
           ^^^^^^^^^^^^^^^^^^^^^
  File "/home/tarxemo/Desktop/VS/ElectionBackend/election/queries/positions.py", line 948, in resolve_positions_with_most_contests
    ).annotate(
      ^^^^^^^^^
  File "/home/tarxemo/venv/lib/python3.12/site-packages/django/db/models/query.py", line 1630, in annotate
    return self._annotate(args, kwargs, select=True)
           ^^^^^^^^^^^^^^^^^^^^^^^^^^^^^^^^^^^^^^^^^
  File "/home/tarxemo/venv/lib/python3.12/site-packages/django/db/models/query.py", line 1680, in _annotate
    clone.query.add_annotation(
  File "/home/tarxemo/venv/lib/python3.12/site-packages/django/db/models/sql/query.py", line 1194, in add_annotation
    annotation = annotation.resolve_expression(self, allow_joins=True, reuse=None)
                 ^^^^^^^^^^^^^^^^^^^^^^^^^^^^^^^^^^^^^^^^^^^^^^^^^^^^^^^^^^^^^^^^^
  File "/home/tarxemo/venv/lib/python3.12/site-packages/django/db/models/aggregates.py", line 63, in resolve_expression
    c = super().resolve_expression(query, allow_joins, reuse, summarize)
        ^^^^^^^^^^^^^^^^^^^^^^^^^^^^^^^^^^^^^^^^^^^^^^^^^^^^^^^^^^^^^^^^
  File "/home/tarxemo/venv/lib/python3.12/site-packages/django/db/models/expressions.py", line 1073, in resolve_expression
    c.source_expressions[pos] = arg.resolve_expression(
                                ^^^^^^^^^^^^^^^^^^^^^^^
  File "/home/tarxemo/venv/lib/python3.12/site-packages/django/db/models/expressions.py", line 895, in resolve_expression
    return query.resolve_ref(self.name, allow_joins, reuse, summarize)
           ^^^^^^^^^^^^^^^^^^^^^^^^^^^^^^^^^^^^^^^^^^^^^^^^^^^^^^^^^^^
  File "/home/tarxemo/venv/lib/python3.12/site-packages/django/db/models/sql/query.py", line 2026, in resolve_ref
    transform = join_info.transform_function(targets[0], final_alias)
                ^^^^^^^^^^^^^^^^^^^^^^^^^^^^^^^^^^^^^^^^^^^^^^^^^^^^^
  File "/home/tarxemo/venv/lib/python3.12/site-packages/django/db/models/sql/query.py", line 1886, in transform
    return self.try_transform(wrapped, name)
           ^^^^^^^^^^^^^^^^^^^^^^^^^^^^^^^^^
  File "/home/tarxemo/venv/lib/python3.12/site-packages/django/db/models/sql/query.py", line 1423, in try_transform
    raise FieldError(
graphql.error.located_error.GraphQLLocatedError: Unsupported lookup 'candidates' for BigAutoField or join on the field not permitted.

Traceback (most recent call last):
  File "/home/tarxemo/venv/lib/python3.12/site-packages/promise/promise.py", line 489, in _resolve_from_executor
    executor(resolve, reject)
  File "/home/tarxemo/venv/lib/python3.12/site-packages/promise/promise.py", line 756, in executor
    return resolve(f(*args, **kwargs))
                   ^^^^^^^^^^^^^^^^^^
  File "/home/tarxemo/venv/lib/python3.12/site-packages/graphql/execution/middleware.py", line 75, in make_it_promise
    return next(*args, **kwargs)
           ^^^^^^^^^^^^^^^^^^^^^
  File "/home/tarxemo/Desktop/VS/ElectionBackend/election/queries/positions.py", line 976, in resolve_institutions_with_most_activity
    ).annotate(
      ^^^^^^^^^
  File "/home/tarxemo/venv/lib/python3.12/site-packages/django/db/models/query.py", line 1630, in annotate
    return self._annotate(args, kwargs, select=True)
           ^^^^^^^^^^^^^^^^^^^^^^^^^^^^^^^^^^^^^^^^^
  File "/home/tarxemo/venv/lib/python3.12/site-packages/django/db/models/query.py", line 1680, in _annotate
    clone.query.add_annotation(
  File "/home/tarxemo/venv/lib/python3.12/site-packages/django/db/models/sql/query.py", line 1194, in add_annotation
    annotation = annotation.resolve_expression(self, allow_joins=True, reuse=None)
                 ^^^^^^^^^^^^^^^^^^^^^^^^^^^^^^^^^^^^^^^^^^^^^^^^^^^^^^^^^^^^^^^^^
  File "/home/tarxemo/venv/lib/python3.12/site-packages/django/db/models/expressions.py", line 753, in resolve_expression
    lhs = self.lhs.resolve_expression(
          ^^^^^^^^^^^^^^^^^^^^^^^^^^^^
  File "/home/tarxemo/venv/lib/python3.12/site-packages/django/db/models/expressions.py", line 753, in resolve_expression
    lhs = self.lhs.resolve_expression(
          ^^^^^^^^^^^^^^^^^^^^^^^^^^^^
  File "/home/tarxemo/venv/lib/python3.12/site-packages/django/db/models/expressions.py", line 895, in resolve_expression
    return query.resolve_ref(self.name, allow_joins, reuse, summarize)
           ^^^^^^^^^^^^^^^^^^^^^^^^^^^^^^^^^^^^^^^^^^^^^^^^^^^^^^^^^^^
  File "/home/tarxemo/venv/lib/python3.12/site-packages/django/db/models/sql/query.py", line 2010, in resolve_ref
    join_info = self.setup_joins(
                ^^^^^^^^^^^^^^^^^
  File "/home/tarxemo/venv/lib/python3.12/site-packages/django/db/models/sql/query.py", line 1863, in setup_joins
    path, final_field, targets, rest = self.names_to_path(
                                       ^^^^^^^^^^^^^^^^^^^
  File "/home/tarxemo/venv/lib/python3.12/site-packages/django/db/models/sql/query.py", line 1768, in names_to_path
    raise FieldError(
graphql.error.located_error.GraphQLLocatedError: Cannot resolve keyword 'total_votes_cast' into field. Choices are: academic_year, academic_year_id, description, electionposition, electionresult, electionstatistics, end_datetime, id, institution, institution_id, level, level_id, name, positions, start_datetime, status, votes

/home/tarxemo/Desktop/VS/ElectionBackend/election/models.py changed, reloading.
Watching for file changes with StatReloader
Watching for file changes with StatReloader
Traceback (most recent call last):
  File "/home/tarxemo/venv/lib/python3.12/site-packages/promise/promise.py", line 489, in _resolve_from_executor
    executor(resolve, reject)
  File "/home/tarxemo/venv/lib/python3.12/site-packages/promise/promise.py", line 756, in executor
    return resolve(f(*args, **kwargs))
                   ^^^^^^^^^^^^^^^^^^
  File "/home/tarxemo/venv/lib/python3.12/site-packages/graphql/execution/middleware.py", line 75, in make_it_promise
    return next(*args, **kwargs)
           ^^^^^^^^^^^^^^^^^^^^^
  File "/home/tarxemo/Desktop/VS/ElectionBackend/election/queries/positions.py", line 976, in resolve_institutions_with_most_activity
    ).annotate(
      ^^^^^^^^^
  File "/home/tarxemo/venv/lib/python3.12/site-packages/django/db/models/query.py", line 1630, in annotate
    return self._annotate(args, kwargs, select=True)
           ^^^^^^^^^^^^^^^^^^^^^^^^^^^^^^^^^^^^^^^^^
  File "/home/tarxemo/venv/lib/python3.12/site-packages/django/db/models/query.py", line 1680, in _annotate
    clone.query.add_annotation(
  File "/home/tarxemo/venv/lib/python3.12/site-packages/django/db/models/sql/query.py", line 1194, in add_annotation
    annotation = annotation.resolve_expression(self, allow_joins=True, reuse=None)
                 ^^^^^^^^^^^^^^^^^^^^^^^^^^^^^^^^^^^^^^^^^^^^^^^^^^^^^^^^^^^^^^^^^
  File "/home/tarxemo/venv/lib/python3.12/site-packages/django/db/models/expressions.py", line 753, in resolve_expression
    lhs = self.lhs.resolve_expression(
          ^^^^^^^^^^^^^^^^^^^^^^^^^^^^
  File "/home/tarxemo/venv/lib/python3.12/site-packages/django/db/models/expressions.py", line 753, in resolve_expression
    lhs = self.lhs.resolve_expression(
          ^^^^^^^^^^^^^^^^^^^^^^^^^^^^
  File "/home/tarxemo/venv/lib/python3.12/site-packages/django/db/models/expressions.py", line 895, in resolve_expression
    return query.resolve_ref(self.name, allow_joins, reuse, summarize)
           ^^^^^^^^^^^^^^^^^^^^^^^^^^^^^^^^^^^^^^^^^^^^^^^^^^^^^^^^^^^
  File "/home/tarxemo/venv/lib/python3.12/site-packages/django/db/models/sql/query.py", line 2010, in resolve_ref
    join_info = self.setup_joins(
                ^^^^^^^^^^^^^^^^^
  File "/home/tarxemo/venv/lib/python3.12/site-packages/django/db/models/sql/query.py", line 1863, in setup_joins
    path, final_field, targets, rest = self.names_to_path(
                                       ^^^^^^^^^^^^^^^^^^^
  File "/home/tarxemo/venv/lib/python3.12/site-packages/django/db/models/sql/query.py", line 1768, in names_to_path
    raise FieldError(
graphql.error.located_error.GraphQLLocatedError: Cannot resolve keyword 'total_votes_cast' into field. Choices are: academic_year, academic_year_id, description, electionposition, electionresult, electionstatistics, end_datetime, id, institution, institution_id, level, level_id, name, positions, start_datetime, status, votes

Traceback (most recent call last):
  File "/home/tarxemo/venv/lib/python3.12/site-packages/promise/promise.py", line 489, in _resolve_from_executor
    executor(resolve, reject)
  File "/home/tarxemo/venv/lib/python3.12/site-packages/promise/promise.py", line 756, in executor
    return resolve(f(*args, **kwargs))
                   ^^^^^^^^^^^^^^^^^^
  File "/home/tarxemo/venv/lib/python3.12/site-packages/graphql/execution/middleware.py", line 75, in make_it_promise
    return next(*args, **kwargs)
           ^^^^^^^^^^^^^^^^^^^^^
  File "/home/tarxemo/Desktop/VS/ElectionBackend/election/types.py", line 652, in resolve_position
    return self.position
           ^^^^^^^^^^^^^
graphql.error.located_error.GraphQLLocatedError: 'dict' object has no attribute 'position'

Traceback (most recent call last):
  File "/home/tarxemo/venv/lib/python3.12/site-packages/promise/promise.py", line 489, in _resolve_from_executor
    executor(resolve, reject)
  File "/home/tarxemo/venv/lib/python3.12/site-packages/promise/promise.py", line 756, in executor
    return resolve(f(*args, **kwargs))
                   ^^^^^^^^^^^^^^^^^^
  File "/home/tarxemo/venv/lib/python3.12/site-packages/graphql/execution/middleware.py", line 75, in make_it_promise
    return next(*args, **kwargs)
           ^^^^^^^^^^^^^^^^^^^^^
  File "/home/tarxemo/Desktop/VS/ElectionBackend/election/types.py", line 655, in resolve_election_count
    return self.election_count
           ^^^^^^^^^^^^^^^^^^^
graphql.error.located_error.GraphQLLocatedError: 'dict' object has no attribute 'election_count'

Traceback (most recent call last):
  File "/home/tarxemo/venv/lib/python3.12/site-packages/promise/promise.py", line 489, in _resolve_from_executor
    executor(resolve, reject)
  File "/home/tarxemo/venv/lib/python3.12/site-packages/promise/promise.py", line 756, in executor
    return resolve(f(*args, **kwargs))
                   ^^^^^^^^^^^^^^^^^^
  File "/home/tarxemo/venv/lib/python3.12/site-packages/graphql/execution/middleware.py", line 75, in make_it_promise
    return next(*args, **kwargs)
           ^^^^^^^^^^^^^^^^^^^^^
  File "/home/tarxemo/Desktop/VS/ElectionBackend/election/types.py", line 658, in resolve_candidate_count
    return self.candidate_count
           ^^^^^^^^^^^^^^^^^^^^
graphql.error.located_error.GraphQLLocatedError: 'dict' object has no attribute 'candidate_count'

Traceback (most recent call last):
  File "/home/tarxemo/venv/lib/python3.12/site-packages/promise/promise.py", line 489, in _resolve_from_executor
    executor(resolve, reject)
  File "/home/tarxemo/venv/lib/python3.12/site-packages/promise/promise.py", line 756, in executor
    return resolve(f(*args, **kwargs))
                   ^^^^^^^^^^^^^^^^^^
  File "/home/tarxemo/venv/lib/python3.12/site-packages/graphql/execution/middleware.py", line 75, in make_it_promise
    return next(*args, **kwargs)
           ^^^^^^^^^^^^^^^^^^^^^
  File "/home/tarxemo/Desktop/VS/ElectionBackend/election/types.py", line 661, in resolve_average_votes_per_election
    return self.average_votes_per_election
           ^^^^^^^^^^^^^^^^^^^^^^^^^^^^^^^
graphql.error.located_error.GraphQLLocatedError: 'dict' object has no attribute 'average_votes_per_election'

Traceback (most recent call last):
  File "/home/tarxemo/venv/lib/python3.12/site-packages/promise/promise.py", line 489, in _resolve_from_executor
    executor(resolve, reject)
  File "/home/tarxemo/venv/lib/python3.12/site-packages/promise/promise.py", line 756, in executor
    return resolve(f(*args, **kwargs))
                   ^^^^^^^^^^^^^^^^^^
  File "/home/tarxemo/venv/lib/python3.12/site-packages/graphql/execution/middleware.py", line 75, in make_it_promise
    return next(*args, **kwargs)
           ^^^^^^^^^^^^^^^^^^^^^
  File "/home/tarxemo/Desktop/VS/ElectionBackend/election/types.py", line 664, in resolve_most_contested_election
    return self.most_contested_election
           ^^^^^^^^^^^^^^^^^^^^^^^^^^^^
graphql.error.located_error.GraphQLLocatedError: 'dict' object has no attribute 'most_contested_election'

Traceback (most recent call last):
  File "/home/tarxemo/venv/lib/python3.12/site-packages/promise/promise.py", line 489, in _resolve_from_executor
    executor(resolve, reject)
  File "/home/tarxemo/venv/lib/python3.12/site-packages/promise/promise.py", line 756, in executor
    return resolve(f(*args, **kwargs))
                   ^^^^^^^^^^^^^^^^^^
  File "/home/tarxemo/venv/lib/python3.12/site-packages/graphql/execution/middleware.py", line 75, in make_it_promise
    return next(*args, **kwargs)
           ^^^^^^^^^^^^^^^^^^^^^
  File "/home/tarxemo/Desktop/VS/ElectionBackend/election/types.py", line 652, in resolve_position
    return self.position
           ^^^^^^^^^^^^^
graphql.error.located_error.GraphQLLocatedError: 'dict' object has no attribute 'position'

Traceback (most recent call last):
  File "/home/tarxemo/venv/lib/python3.12/site-packages/promise/promise.py", line 489, in _resolve_from_executor
    executor(resolve, reject)
  File "/home/tarxemo/venv/lib/python3.12/site-packages/promise/promise.py", line 756, in executor
    return resolve(f(*args, **kwargs))
                   ^^^^^^^^^^^^^^^^^^
  File "/home/tarxemo/venv/lib/python3.12/site-packages/graphql/execution/middleware.py", line 75, in make_it_promise
    return next(*args, **kwargs)
           ^^^^^^^^^^^^^^^^^^^^^
  File "/home/tarxemo/Desktop/VS/ElectionBackend/election/types.py", line 655, in resolve_election_count
    return self.election_count
           ^^^^^^^^^^^^^^^^^^^
graphql.error.located_error.GraphQLLocatedError: 'dict' object has no attribute 'election_count'

Traceback (most recent call last):
  File "/home/tarxemo/venv/lib/python3.12/site-packages/promise/promise.py", line 489, in _resolve_from_executor
    executor(resolve, reject)
  File "/home/tarxemo/venv/lib/python3.12/site-packages/promise/promise.py", line 756, in executor
    return resolve(f(*args, **kwargs))
                   ^^^^^^^^^^^^^^^^^^
  File "/home/tarxemo/venv/lib/python3.12/site-packages/graphql/execution/middleware.py", line 75, in make_it_promise
    return next(*args, **kwargs)
           ^^^^^^^^^^^^^^^^^^^^^
  File "/home/tarxemo/Desktop/VS/ElectionBackend/election/types.py", line 658, in resolve_candidate_count
    return self.candidate_count
           ^^^^^^^^^^^^^^^^^^^^
graphql.error.located_error.GraphQLLocatedError: 'dict' object has no attribute 'candidate_count'

Traceback (most recent call last):
  File "/home/tarxemo/venv/lib/python3.12/site-packages/promise/promise.py", line 489, in _resolve_from_executor
    executor(resolve, reject)
  File "/home/tarxemo/venv/lib/python3.12/site-packages/promise/promise.py", line 756, in executor
    return resolve(f(*args, **kwargs))
                   ^^^^^^^^^^^^^^^^^^
  File "/home/tarxemo/venv/lib/python3.12/site-packages/graphql/execution/middleware.py", line 75, in make_it_promise
    return next(*args, **kwargs)
           ^^^^^^^^^^^^^^^^^^^^^
  File "/home/tarxemo/Desktop/VS/ElectionBackend/election/types.py", line 661, in resolve_average_votes_per_election
    return self.average_votes_per_election
           ^^^^^^^^^^^^^^^^^^^^^^^^^^^^^^^
graphql.error.located_error.GraphQLLocatedError: 'dict' object has no attribute 'average_votes_per_election'

Traceback (most recent call last):
  File "/home/tarxemo/venv/lib/python3.12/site-packages/promise/promise.py", line 489, in _resolve_from_executor
    executor(resolve, reject)
  File "/home/tarxemo/venv/lib/python3.12/site-packages/promise/promise.py", line 756, in executor
    return resolve(f(*args, **kwargs))
                   ^^^^^^^^^^^^^^^^^^
  File "/home/tarxemo/venv/lib/python3.12/site-packages/graphql/execution/middleware.py", line 75, in make_it_promise
    return next(*args, **kwargs)
           ^^^^^^^^^^^^^^^^^^^^^
  File "/home/tarxemo/Desktop/VS/ElectionBackend/election/types.py", line 664, in resolve_most_contested_election
    return self.most_contested_election
           ^^^^^^^^^^^^^^^^^^^^^^^^^^^^
graphql.error.located_error.GraphQLLocatedError: 'dict' object has no attribute 'most_contested_election'

Traceback (most recent call last):
  File "/home/tarxemo/venv/lib/python3.12/site-packages/promise/promise.py", line 489, in _resolve_from_executor
    executor(resolve, reject)
  File "/home/tarxemo/venv/lib/python3.12/site-packages/promise/promise.py", line 756, in executor
    return resolve(f(*args, **kwargs))
                   ^^^^^^^^^^^^^^^^^^
  File "/home/tarxemo/venv/lib/python3.12/site-packages/graphql/execution/middleware.py", line 75, in make_it_promise
    return next(*args, **kwargs)
           ^^^^^^^^^^^^^^^^^^^^^
  File "/home/tarxemo/Desktop/VS/ElectionBackend/election/types.py", line 652, in resolve_position
    return self.position
           ^^^^^^^^^^^^^
graphql.error.located_error.GraphQLLocatedError: 'dict' object has no attribute 'position'

Traceback (most recent call last):
  File "/home/tarxemo/venv/lib/python3.12/site-packages/promise/promise.py", line 489, in _resolve_from_executor
    executor(resolve, reject)
  File "/home/tarxemo/venv/lib/python3.12/site-packages/promise/promise.py", line 756, in executor
    return resolve(f(*args, **kwargs))
                   ^^^^^^^^^^^^^^^^^^
  File "/home/tarxemo/venv/lib/python3.12/site-packages/graphql/execution/middleware.py", line 75, in make_it_promise
    return next(*args, **kwargs)
           ^^^^^^^^^^^^^^^^^^^^^
  File "/home/tarxemo/Desktop/VS/ElectionBackend/election/types.py", line 655, in resolve_election_count
    return self.election_count
           ^^^^^^^^^^^^^^^^^^^
graphql.error.located_error.GraphQLLocatedError: 'dict' object has no attribute 'election_count'

Traceback (most recent call last):
  File "/home/tarxemo/venv/lib/python3.12/site-packages/promise/promise.py", line 489, in _resolve_from_executor
    executor(resolve, reject)
  File "/home/tarxemo/venv/lib/python3.12/site-packages/promise/promise.py", line 756, in executor
    return resolve(f(*args, **kwargs))
                   ^^^^^^^^^^^^^^^^^^
  File "/home/tarxemo/venv/lib/python3.12/site-packages/graphql/execution/middleware.py", line 75, in make_it_promise
    return next(*args, **kwargs)
           ^^^^^^^^^^^^^^^^^^^^^
  File "/home/tarxemo/Desktop/VS/ElectionBackend/election/types.py", line 658, in resolve_candidate_count
    return self.candidate_count
           ^^^^^^^^^^^^^^^^^^^^
graphql.error.located_error.GraphQLLocatedError: 'dict' object has no attribute 'candidate_count'

Traceback (most recent call last):
  File "/home/tarxemo/venv/lib/python3.12/site-packages/promise/promise.py", line 489, in _resolve_from_executor
    executor(resolve, reject)
  File "/home/tarxemo/venv/lib/python3.12/site-packages/promise/promise.py", line 756, in executor
    return resolve(f(*args, **kwargs))
                   ^^^^^^^^^^^^^^^^^^
  File "/home/tarxemo/venv/lib/python3.12/site-packages/graphql/execution/middleware.py", line 75, in make_it_promise
    return next(*args, **kwargs)
           ^^^^^^^^^^^^^^^^^^^^^
  File "/home/tarxemo/Desktop/VS/ElectionBackend/election/types.py", line 661, in resolve_average_votes_per_election
    return self.average_votes_per_election
           ^^^^^^^^^^^^^^^^^^^^^^^^^^^^^^^
graphql.error.located_error.GraphQLLocatedError: 'dict' object has no attribute 'average_votes_per_election'

Traceback (most recent call last):
  File "/home/tarxemo/venv/lib/python3.12/site-packages/promise/promise.py", line 489, in _resolve_from_executor
    executor(resolve, reject)
  File "/home/tarxemo/venv/lib/python3.12/site-packages/promise/promise.py", line 756, in executor
    return resolve(f(*args, **kwargs))
                   ^^^^^^^^^^^^^^^^^^
  File "/home/tarxemo/venv/lib/python3.12/site-packages/graphql/execution/middleware.py", line 75, in make_it_promise
    return next(*args, **kwargs)
           ^^^^^^^^^^^^^^^^^^^^^
  File "/home/tarxemo/Desktop/VS/ElectionBackend/election/types.py", line 664, in resolve_most_contested_election
    return self.most_contested_election
           ^^^^^^^^^^^^^^^^^^^^^^^^^^^^
graphql.error.located_error.GraphQLLocatedError: 'dict' object has no attribute 'most_contested_election'

Traceback (most recent call last):
  File "/home/tarxemo/venv/lib/python3.12/site-packages/promise/promise.py", line 489, in _resolve_from_executor
    executor(resolve, reject)
  File "/home/tarxemo/venv/lib/python3.12/site-packages/promise/promise.py", line 756, in executor
    return resolve(f(*args, **kwargs))
                   ^^^^^^^^^^^^^^^^^^
  File "/home/tarxemo/venv/lib/python3.12/site-packages/graphql/execution/middleware.py", line 75, in make_it_promise
    return next(*args, **kwargs)
           ^^^^^^^^^^^^^^^^^^^^^
  File "/home/tarxemo/Desktop/VS/ElectionBackend/election/types.py", line 652, in resolve_position
    return self.position
           ^^^^^^^^^^^^^
graphql.error.located_error.GraphQLLocatedError: 'dict' object has no attribute 'position'

Traceback (most recent call last):
  File "/home/tarxemo/venv/lib/python3.12/site-packages/promise/promise.py", line 489, in _resolve_from_executor
    executor(resolve, reject)
  File "/home/tarxemo/venv/lib/python3.12/site-packages/promise/promise.py", line 756, in executor
    return resolve(f(*args, **kwargs))
                   ^^^^^^^^^^^^^^^^^^
  File "/home/tarxemo/venv/lib/python3.12/site-packages/graphql/execution/middleware.py", line 75, in make_it_promise
    return next(*args, **kwargs)
           ^^^^^^^^^^^^^^^^^^^^^
  File "/home/tarxemo/Desktop/VS/ElectionBackend/election/types.py", line 655, in resolve_election_count
    return self.election_count
           ^^^^^^^^^^^^^^^^^^^
graphql.error.located_error.GraphQLLocatedError: 'dict' object has no attribute 'election_count'

Traceback (most recent call last):
  File "/home/tarxemo/venv/lib/python3.12/site-packages/promise/promise.py", line 489, in _resolve_from_executor
    executor(resolve, reject)
  File "/home/tarxemo/venv/lib/python3.12/site-packages/promise/promise.py", line 756, in executor
    return resolve(f(*args, **kwargs))
                   ^^^^^^^^^^^^^^^^^^
  File "/home/tarxemo/venv/lib/python3.12/site-packages/graphql/execution/middleware.py", line 75, in make_it_promise
    return next(*args, **kwargs)
           ^^^^^^^^^^^^^^^^^^^^^
  File "/home/tarxemo/Desktop/VS/ElectionBackend/election/types.py", line 658, in resolve_candidate_count
    return self.candidate_count
           ^^^^^^^^^^^^^^^^^^^^
graphql.error.located_error.GraphQLLocatedError: 'dict' object has no attribute 'candidate_count'

Traceback (most recent call last):
  File "/home/tarxemo/venv/lib/python3.12/site-packages/promise/promise.py", line 489, in _resolve_from_executor
    executor(resolve, reject)
  File "/home/tarxemo/venv/lib/python3.12/site-packages/promise/promise.py", line 756, in executor
    return resolve(f(*args, **kwargs))
                   ^^^^^^^^^^^^^^^^^^
  File "/home/tarxemo/venv/lib/python3.12/site-packages/graphql/execution/middleware.py", line 75, in make_it_promise
    return next(*args, **kwargs)
           ^^^^^^^^^^^^^^^^^^^^^
  File "/home/tarxemo/Desktop/VS/ElectionBackend/election/types.py", line 661, in resolve_average_votes_per_election
    return self.average_votes_per_election
           ^^^^^^^^^^^^^^^^^^^^^^^^^^^^^^^
graphql.error.located_error.GraphQLLocatedError: 'dict' object has no attribute 'average_votes_per_election'

Traceback (most recent call last):
  File "/home/tarxemo/venv/lib/python3.12/site-packages/promise/promise.py", line 489, in _resolve_from_executor
    executor(resolve, reject)
  File "/home/tarxemo/venv/lib/python3.12/site-packages/promise/promise.py", line 756, in executor
    return resolve(f(*args, **kwargs))
                   ^^^^^^^^^^^^^^^^^^
  File "/home/tarxemo/venv/lib/python3.12/site-packages/graphql/execution/middleware.py", line 75, in make_it_promise
    return next(*args, **kwargs)
           ^^^^^^^^^^^^^^^^^^^^^
  File "/home/tarxemo/Desktop/VS/ElectionBackend/election/types.py", line 664, in resolve_most_contested_election
    return self.most_contested_election
           ^^^^^^^^^^^^^^^^^^^^^^^^^^^^
graphql.error.located_error.GraphQLLocatedError: 'dict' object has no attribute 'most_contested_election'

Traceback (most recent call last):
  File "/home/tarxemo/venv/lib/python3.12/site-packages/promise/promise.py", line 489, in _resolve_from_executor
    executor(resolve, reject)
  File "/home/tarxemo/venv/lib/python3.12/site-packages/promise/promise.py", line 756, in executor
    return resolve(f(*args, **kwargs))
                   ^^^^^^^^^^^^^^^^^^
  File "/home/tarxemo/venv/lib/python3.12/site-packages/graphql/execution/middleware.py", line 75, in make_it_promise
    return next(*args, **kwargs)
           ^^^^^^^^^^^^^^^^^^^^^
  File "/home/tarxemo/Desktop/VS/ElectionBackend/election/types.py", line 652, in resolve_position
    return self.position
           ^^^^^^^^^^^^^
graphql.error.located_error.GraphQLLocatedError: 'dict' object has no attribute 'position'

Traceback (most recent call last):
  File "/home/tarxemo/venv/lib/python3.12/site-packages/promise/promise.py", line 489, in _resolve_from_executor
    executor(resolve, reject)
  File "/home/tarxemo/venv/lib/python3.12/site-packages/promise/promise.py", line 756, in executor
    return resolve(f(*args, **kwargs))
                   ^^^^^^^^^^^^^^^^^^
  File "/home/tarxemo/venv/lib/python3.12/site-packages/graphql/execution/middleware.py", line 75, in make_it_promise
    return next(*args, **kwargs)
           ^^^^^^^^^^^^^^^^^^^^^
  File "/home/tarxemo/Desktop/VS/ElectionBackend/election/types.py", line 655, in resolve_election_count
    return self.election_count
           ^^^^^^^^^^^^^^^^^^^
graphql.error.located_error.GraphQLLocatedError: 'dict' object has no attribute 'election_count'

Traceback (most recent call last):
  File "/home/tarxemo/venv/lib/python3.12/site-packages/promise/promise.py", line 489, in _resolve_from_executor
    executor(resolve, reject)
  File "/home/tarxemo/venv/lib/python3.12/site-packages/promise/promise.py", line 756, in executor
    return resolve(f(*args, **kwargs))
                   ^^^^^^^^^^^^^^^^^^
  File "/home/tarxemo/venv/lib/python3.12/site-packages/graphql/execution/middleware.py", line 75, in make_it_promise
    return next(*args, **kwargs)
           ^^^^^^^^^^^^^^^^^^^^^
  File "/home/tarxemo/Desktop/VS/ElectionBackend/election/types.py", line 658, in resolve_candidate_count
    return self.candidate_count
           ^^^^^^^^^^^^^^^^^^^^
graphql.error.located_error.GraphQLLocatedError: 'dict' object has no attribute 'candidate_count'

Traceback (most recent call last):
  File "/home/tarxemo/venv/lib/python3.12/site-packages/promise/promise.py", line 489, in _resolve_from_executor
    executor(resolve, reject)
  File "/home/tarxemo/venv/lib/python3.12/site-packages/promise/promise.py", line 756, in executor
    return resolve(f(*args, **kwargs))
                   ^^^^^^^^^^^^^^^^^^
  File "/home/tarxemo/venv/lib/python3.12/site-packages/graphql/execution/middleware.py", line 75, in make_it_promise
    return next(*args, **kwargs)
           ^^^^^^^^^^^^^^^^^^^^^
  File "/home/tarxemo/Desktop/VS/ElectionBackend/election/types.py", line 661, in resolve_average_votes_per_election
    return self.average_votes_per_election
           ^^^^^^^^^^^^^^^^^^^^^^^^^^^^^^^
graphql.error.located_error.GraphQLLocatedError: 'dict' object has no attribute 'average_votes_per_election'

Traceback (most recent call last):
  File "/home/tarxemo/venv/lib/python3.12/site-packages/promise/promise.py", line 489, in _resolve_from_executor
    executor(resolve, reject)
  File "/home/tarxemo/venv/lib/python3.12/site-packages/promise/promise.py", line 756, in executor
    return resolve(f(*args, **kwargs))
                   ^^^^^^^^^^^^^^^^^^
  File "/home/tarxemo/venv/lib/python3.12/site-packages/graphql/execution/middleware.py", line 75, in make_it_promise
    return next(*args, **kwargs)
           ^^^^^^^^^^^^^^^^^^^^^
  File "/home/tarxemo/Desktop/VS/ElectionBackend/election/types.py", line 664, in resolve_most_contested_election
    return self.most_contested_election
           ^^^^^^^^^^^^^^^^^^^^^^^^^^^^
graphql.error.located_error.GraphQLLocatedError: 'dict' object has no attribute 'most_contested_election'

Traceback (most recent call last):
  File "/home/tarxemo/venv/lib/python3.12/site-packages/promise/promise.py", line 489, in _resolve_from_executor
    executor(resolve, reject)
  File "/home/tarxemo/venv/lib/python3.12/site-packages/promise/promise.py", line 756, in executor
    return resolve(f(*args, **kwargs))
                   ^^^^^^^^^^^^^^^^^^
  File "/home/tarxemo/venv/lib/python3.12/site-packages/graphql/execution/middleware.py", line 75, in make_it_promise
    return next(*args, **kwargs)
           ^^^^^^^^^^^^^^^^^^^^^
  File "/home/tarxemo/Desktop/VS/ElectionBackend/election/types.py", line 652, in resolve_position
    return self.position
           ^^^^^^^^^^^^^
graphql.error.located_error.GraphQLLocatedError: 'dict' object has no attribute 'position'

Traceback (most recent call last):
  File "/home/tarxemo/venv/lib/python3.12/site-packages/promise/promise.py", line 489, in _resolve_from_executor
    executor(resolve, reject)
  File "/home/tarxemo/venv/lib/python3.12/site-packages/promise/promise.py", line 756, in executor
    return resolve(f(*args, **kwargs))
                   ^^^^^^^^^^^^^^^^^^
  File "/home/tarxemo/venv/lib/python3.12/site-packages/graphql/execution/middleware.py", line 75, in make_it_promise
    return next(*args, **kwargs)
           ^^^^^^^^^^^^^^^^^^^^^
  File "/home/tarxemo/Desktop/VS/ElectionBackend/election/types.py", line 655, in resolve_election_count
    return self.election_count
           ^^^^^^^^^^^^^^^^^^^
graphql.error.located_error.GraphQLLocatedError: 'dict' object has no attribute 'election_count'

Traceback (most recent call last):
  File "/home/tarxemo/venv/lib/python3.12/site-packages/promise/promise.py", line 489, in _resolve_from_executor
    executor(resolve, reject)
  File "/home/tarxemo/venv/lib/python3.12/site-packages/promise/promise.py", line 756, in executor
    return resolve(f(*args, **kwargs))
                   ^^^^^^^^^^^^^^^^^^
  File "/home/tarxemo/venv/lib/python3.12/site-packages/graphql/execution/middleware.py", line 75, in make_it_promise
    return next(*args, **kwargs)
           ^^^^^^^^^^^^^^^^^^^^^
  File "/home/tarxemo/Desktop/VS/ElectionBackend/election/types.py", line 658, in resolve_candidate_count
    return self.candidate_count
           ^^^^^^^^^^^^^^^^^^^^
graphql.error.located_error.GraphQLLocatedError: 'dict' object has no attribute 'candidate_count'

Traceback (most recent call last):
  File "/home/tarxemo/venv/lib/python3.12/site-packages/promise/promise.py", line 489, in _resolve_from_executor
    executor(resolve, reject)
  File "/home/tarxemo/venv/lib/python3.12/site-packages/promise/promise.py", line 756, in executor
    return resolve(f(*args, **kwargs))
                   ^^^^^^^^^^^^^^^^^^
  File "/home/tarxemo/venv/lib/python3.12/site-packages/graphql/execution/middleware.py", line 75, in make_it_promise
    return next(*args, **kwargs)
           ^^^^^^^^^^^^^^^^^^^^^
  File "/home/tarxemo/Desktop/VS/ElectionBackend/election/types.py", line 661, in resolve_average_votes_per_election
    return self.average_votes_per_election
           ^^^^^^^^^^^^^^^^^^^^^^^^^^^^^^^
graphql.error.located_error.GraphQLLocatedError: 'dict' object has no attribute 'average_votes_per_election'

Traceback (most recent call last):
  File "/home/tarxemo/venv/lib/python3.12/site-packages/promise/promise.py", line 489, in _resolve_from_executor
    executor(resolve, reject)
  File "/home/tarxemo/venv/lib/python3.12/site-packages/promise/promise.py", line 756, in executor
    return resolve(f(*args, **kwargs))
                   ^^^^^^^^^^^^^^^^^^
  File "/home/tarxemo/venv/lib/python3.12/site-packages/graphql/execution/middleware.py", line 75, in make_it_promise
    return next(*args, **kwargs)
           ^^^^^^^^^^^^^^^^^^^^^
  File "/home/tarxemo/Desktop/VS/ElectionBackend/election/types.py", line 664, in resolve_most_contested_election
    return self.most_contested_election
           ^^^^^^^^^^^^^^^^^^^^^^^^^^^^
graphql.error.located_error.GraphQLLocatedError: 'dict' object has no attribute 'most_contested_election'

Traceback (most recent call last):
  File "/home/tarxemo/venv/lib/python3.12/site-packages/promise/promise.py", line 489, in _resolve_from_executor
    executor(resolve, reject)
  File "/home/tarxemo/venv/lib/python3.12/site-packages/promise/promise.py", line 756, in executor
    return resolve(f(*args, **kwargs))
                   ^^^^^^^^^^^^^^^^^^
  File "/home/tarxemo/venv/lib/python3.12/site-packages/graphql/execution/middleware.py", line 75, in make_it_promise
    return next(*args, **kwargs)
           ^^^^^^^^^^^^^^^^^^^^^
  File "/home/tarxemo/Desktop/VS/ElectionBackend/election/types.py", line 652, in resolve_position
    return self.position
           ^^^^^^^^^^^^^
graphql.error.located_error.GraphQLLocatedError: 'dict' object has no attribute 'position'

Traceback (most recent call last):
  File "/home/tarxemo/venv/lib/python3.12/site-packages/promise/promise.py", line 489, in _resolve_from_executor
    executor(resolve, reject)
  File "/home/tarxemo/venv/lib/python3.12/site-packages/promise/promise.py", line 756, in executor
    return resolve(f(*args, **kwargs))
                   ^^^^^^^^^^^^^^^^^^
  File "/home/tarxemo/venv/lib/python3.12/site-packages/graphql/execution/middleware.py", line 75, in make_it_promise
    return next(*args, **kwargs)
           ^^^^^^^^^^^^^^^^^^^^^
  File "/home/tarxemo/Desktop/VS/ElectionBackend/election/types.py", line 655, in resolve_election_count
    return self.election_count
           ^^^^^^^^^^^^^^^^^^^
graphql.error.located_error.GraphQLLocatedError: 'dict' object has no attribute 'election_count'

Traceback (most recent call last):
  File "/home/tarxemo/venv/lib/python3.12/site-packages/promise/promise.py", line 489, in _resolve_from_executor
    executor(resolve, reject)
  File "/home/tarxemo/venv/lib/python3.12/site-packages/promise/promise.py", line 756, in executor
    return resolve(f(*args, **kwargs))
                   ^^^^^^^^^^^^^^^^^^
  File "/home/tarxemo/venv/lib/python3.12/site-packages/graphql/execution/middleware.py", line 75, in make_it_promise
    return next(*args, **kwargs)
           ^^^^^^^^^^^^^^^^^^^^^
  File "/home/tarxemo/Desktop/VS/ElectionBackend/election/types.py", line 658, in resolve_candidate_count
    return self.candidate_count
           ^^^^^^^^^^^^^^^^^^^^
graphql.error.located_error.GraphQLLocatedError: 'dict' object has no attribute 'candidate_count'

Traceback (most recent call last):
  File "/home/tarxemo/venv/lib/python3.12/site-packages/promise/promise.py", line 489, in _resolve_from_executor
    executor(resolve, reject)
  File "/home/tarxemo/venv/lib/python3.12/site-packages/promise/promise.py", line 756, in executor
    return resolve(f(*args, **kwargs))
                   ^^^^^^^^^^^^^^^^^^
  File "/home/tarxemo/venv/lib/python3.12/site-packages/graphql/execution/middleware.py", line 75, in make_it_promise
    return next(*args, **kwargs)
           ^^^^^^^^^^^^^^^^^^^^^
  File "/home/tarxemo/Desktop/VS/ElectionBackend/election/types.py", line 661, in resolve_average_votes_per_election
    return self.average_votes_per_election
           ^^^^^^^^^^^^^^^^^^^^^^^^^^^^^^^
graphql.error.located_error.GraphQLLocatedError: 'dict' object has no attribute 'average_votes_per_election'

Traceback (most recent call last):
  File "/home/tarxemo/venv/lib/python3.12/site-packages/promise/promise.py", line 489, in _resolve_from_executor
    executor(resolve, reject)
  File "/home/tarxemo/venv/lib/python3.12/site-packages/promise/promise.py", line 756, in executor
    return resolve(f(*args, **kwargs))
                   ^^^^^^^^^^^^^^^^^^
  File "/home/tarxemo/venv/lib/python3.12/site-packages/graphql/execution/middleware.py", line 75, in make_it_promise
    return next(*args, **kwargs)
           ^^^^^^^^^^^^^^^^^^^^^
  File "/home/tarxemo/Desktop/VS/ElectionBackend/election/types.py", line 664, in resolve_most_contested_election
    return self.most_contested_election
           ^^^^^^^^^^^^^^^^^^^^^^^^^^^^
graphql.error.located_error.GraphQLLocatedError: 'dict' object has no attribute 'most_contested_election'

Traceback (most recent call last):
  File "/home/tarxemo/venv/lib/python3.12/site-packages/promise/promise.py", line 489, in _resolve_from_executor
    executor(resolve, reject)
  File "/home/tarxemo/venv/lib/python3.12/site-packages/promise/promise.py", line 756, in executor
    return resolve(f(*args, **kwargs))
                   ^^^^^^^^^^^^^^^^^^
  File "/home/tarxemo/venv/lib/python3.12/site-packages/graphql/execution/middleware.py", line 75, in make_it_promise
    return next(*args, **kwargs)
           ^^^^^^^^^^^^^^^^^^^^^
  File "/home/tarxemo/Desktop/VS/ElectionBackend/election/types.py", line 652, in resolve_position
    return self.position
           ^^^^^^^^^^^^^
graphql.error.located_error.GraphQLLocatedError: 'dict' object has no attribute 'position'

Traceback (most recent call last):
  File "/home/tarxemo/venv/lib/python3.12/site-packages/promise/promise.py", line 489, in _resolve_from_executor
    executor(resolve, reject)
  File "/home/tarxemo/venv/lib/python3.12/site-packages/promise/promise.py", line 756, in executor
    return resolve(f(*args, **kwargs))
                   ^^^^^^^^^^^^^^^^^^
  File "/home/tarxemo/venv/lib/python3.12/site-packages/graphql/execution/middleware.py", line 75, in make_it_promise
    return next(*args, **kwargs)
           ^^^^^^^^^^^^^^^^^^^^^
  File "/home/tarxemo/Desktop/VS/ElectionBackend/election/types.py", line 655, in resolve_election_count
    return self.election_count
           ^^^^^^^^^^^^^^^^^^^
graphql.error.located_error.GraphQLLocatedError: 'dict' object has no attribute 'election_count'

Traceback (most recent call last):
  File "/home/tarxemo/venv/lib/python3.12/site-packages/promise/promise.py", line 489, in _resolve_from_executor
    executor(resolve, reject)
  File "/home/tarxemo/venv/lib/python3.12/site-packages/promise/promise.py", line 756, in executor
    return resolve(f(*args, **kwargs))
                   ^^^^^^^^^^^^^^^^^^
  File "/home/tarxemo/venv/lib/python3.12/site-packages/graphql/execution/middleware.py", line 75, in make_it_promise
    return next(*args, **kwargs)
           ^^^^^^^^^^^^^^^^^^^^^
  File "/home/tarxemo/Desktop/VS/ElectionBackend/election/types.py", line 658, in resolve_candidate_count
    return self.candidate_count
           ^^^^^^^^^^^^^^^^^^^^
graphql.error.located_error.GraphQLLocatedError: 'dict' object has no attribute 'candidate_count'

Traceback (most recent call last):
  File "/home/tarxemo/venv/lib/python3.12/site-packages/promise/promise.py", line 489, in _resolve_from_executor
    executor(resolve, reject)
  File "/home/tarxemo/venv/lib/python3.12/site-packages/promise/promise.py", line 756, in executor
    return resolve(f(*args, **kwargs))
                   ^^^^^^^^^^^^^^^^^^
  File "/home/tarxemo/venv/lib/python3.12/site-packages/graphql/execution/middleware.py", line 75, in make_it_promise
    return next(*args, **kwargs)
           ^^^^^^^^^^^^^^^^^^^^^
  File "/home/tarxemo/Desktop/VS/ElectionBackend/election/types.py", line 661, in resolve_average_votes_per_election
    return self.average_votes_per_election
           ^^^^^^^^^^^^^^^^^^^^^^^^^^^^^^^
graphql.error.located_error.GraphQLLocatedError: 'dict' object has no attribute 'average_votes_per_election'

Traceback (most recent call last):
  File "/home/tarxemo/venv/lib/python3.12/site-packages/promise/promise.py", line 489, in _resolve_from_executor
    executor(resolve, reject)
  File "/home/tarxemo/venv/lib/python3.12/site-packages/promise/promise.py", line 756, in executor
    return resolve(f(*args, **kwargs))
                   ^^^^^^^^^^^^^^^^^^
  File "/home/tarxemo/venv/lib/python3.12/site-packages/graphql/execution/middleware.py", line 75, in make_it_promise
    return next(*args, **kwargs)
           ^^^^^^^^^^^^^^^^^^^^^
  File "/home/tarxemo/Desktop/VS/ElectionBackend/election/types.py", line 664, in resolve_most_contested_election
    return self.most_contested_election
           ^^^^^^^^^^^^^^^^^^^^^^^^^^^^
graphql.error.located_error.GraphQLLocatedError: 'dict' object has no attribute 'most_contested_election'

Traceback (most recent call last):
  File "/home/tarxemo/venv/lib/python3.12/site-packages/promise/promise.py", line 489, in _resolve_from_executor
    executor(resolve, reject)
  File "/home/tarxemo/venv/lib/python3.12/site-packages/promise/promise.py", line 756, in executor
    return resolve(f(*args, **kwargs))
                   ^^^^^^^^^^^^^^^^^^
  File "/home/tarxemo/venv/lib/python3.12/site-packages/graphql/execution/middleware.py", line 75, in make_it_promise
    return next(*args, **kwargs)
           ^^^^^^^^^^^^^^^^^^^^^
  File "/home/tarxemo/Desktop/VS/ElectionBackend/election/types.py", line 652, in resolve_position
    return self.position
           ^^^^^^^^^^^^^
graphql.error.located_error.GraphQLLocatedError: 'dict' object has no attribute 'position'

Traceback (most recent call last):
  File "/home/tarxemo/venv/lib/python3.12/site-packages/promise/promise.py", line 489, in _resolve_from_executor
    executor(resolve, reject)
  File "/home/tarxemo/venv/lib/python3.12/site-packages/promise/promise.py", line 756, in executor
    return resolve(f(*args, **kwargs))
                   ^^^^^^^^^^^^^^^^^^
  File "/home/tarxemo/venv/lib/python3.12/site-packages/graphql/execution/middleware.py", line 75, in make_it_promise
    return next(*args, **kwargs)
           ^^^^^^^^^^^^^^^^^^^^^
  File "/home/tarxemo/Desktop/VS/ElectionBackend/election/types.py", line 655, in resolve_election_count
    return self.election_count
           ^^^^^^^^^^^^^^^^^^^
graphql.error.located_error.GraphQLLocatedError: 'dict' object has no attribute 'election_count'

Traceback (most recent call last):
  File "/home/tarxemo/venv/lib/python3.12/site-packages/promise/promise.py", line 489, in _resolve_from_executor
    executor(resolve, reject)
  File "/home/tarxemo/venv/lib/python3.12/site-packages/promise/promise.py", line 756, in executor
    return resolve(f(*args, **kwargs))
                   ^^^^^^^^^^^^^^^^^^
  File "/home/tarxemo/venv/lib/python3.12/site-packages/graphql/execution/middleware.py", line 75, in make_it_promise
    return next(*args, **kwargs)
           ^^^^^^^^^^^^^^^^^^^^^
  File "/home/tarxemo/Desktop/VS/ElectionBackend/election/types.py", line 658, in resolve_candidate_count
    return self.candidate_count
           ^^^^^^^^^^^^^^^^^^^^
graphql.error.located_error.GraphQLLocatedError: 'dict' object has no attribute 'candidate_count'

Traceback (most recent call last):
  File "/home/tarxemo/venv/lib/python3.12/site-packages/promise/promise.py", line 489, in _resolve_from_executor
    executor(resolve, reject)
  File "/home/tarxemo/venv/lib/python3.12/site-packages/promise/promise.py", line 756, in executor
    return resolve(f(*args, **kwargs))
                   ^^^^^^^^^^^^^^^^^^
  File "/home/tarxemo/venv/lib/python3.12/site-packages/graphql/execution/middleware.py", line 75, in make_it_promise
    return next(*args, **kwargs)
           ^^^^^^^^^^^^^^^^^^^^^
  File "/home/tarxemo/Desktop/VS/ElectionBackend/election/types.py", line 661, in resolve_average_votes_per_election
    return self.average_votes_per_election
           ^^^^^^^^^^^^^^^^^^^^^^^^^^^^^^^
graphql.error.located_error.GraphQLLocatedError: 'dict' object has no attribute 'average_votes_per_election'

Traceback (most recent call last):
  File "/home/tarxemo/venv/lib/python3.12/site-packages/promise/promise.py", line 489, in _resolve_from_executor
    executor(resolve, reject)
  File "/home/tarxemo/venv/lib/python3.12/site-packages/promise/promise.py", line 756, in executor
    return resolve(f(*args, **kwargs))
                   ^^^^^^^^^^^^^^^^^^
  File "/home/tarxemo/venv/lib/python3.12/site-packages/graphql/execution/middleware.py", line 75, in make_it_promise
    return next(*args, **kwargs)
           ^^^^^^^^^^^^^^^^^^^^^
  File "/home/tarxemo/Desktop/VS/ElectionBackend/election/types.py", line 664, in resolve_most_contested_election
    return self.most_contested_election
           ^^^^^^^^^^^^^^^^^^^^^^^^^^^^
graphql.error.located_error.GraphQLLocatedError: 'dict' object has no attribute 'most_contested_election'

Traceback (most recent call last):
  File "/home/tarxemo/venv/lib/python3.12/site-packages/promise/promise.py", line 489, in _resolve_from_executor
    executor(resolve, reject)
  File "/home/tarxemo/venv/lib/python3.12/site-packages/promise/promise.py", line 756, in executor
    return resolve(f(*args, **kwargs))
                   ^^^^^^^^^^^^^^^^^^
  File "/home/tarxemo/venv/lib/python3.12/site-packages/graphql/execution/middleware.py", line 75, in make_it_promise
    return next(*args, **kwargs)
           ^^^^^^^^^^^^^^^^^^^^^
  File "/home/tarxemo/Desktop/VS/ElectionBackend/election/types.py", line 652, in resolve_position
    return self.position
           ^^^^^^^^^^^^^
graphql.error.located_error.GraphQLLocatedError: 'dict' object has no attribute 'position'

Traceback (most recent call last):
  File "/home/tarxemo/venv/lib/python3.12/site-packages/promise/promise.py", line 489, in _resolve_from_executor
    executor(resolve, reject)
  File "/home/tarxemo/venv/lib/python3.12/site-packages/promise/promise.py", line 756, in executor
    return resolve(f(*args, **kwargs))
                   ^^^^^^^^^^^^^^^^^^
  File "/home/tarxemo/venv/lib/python3.12/site-packages/graphql/execution/middleware.py", line 75, in make_it_promise
    return next(*args, **kwargs)
           ^^^^^^^^^^^^^^^^^^^^^
  File "/home/tarxemo/Desktop/VS/ElectionBackend/election/types.py", line 655, in resolve_election_count
    return self.election_count
           ^^^^^^^^^^^^^^^^^^^
graphql.error.located_error.GraphQLLocatedError: 'dict' object has no attribute 'election_count'

Traceback (most recent call last):
  File "/home/tarxemo/venv/lib/python3.12/site-packages/promise/promise.py", line 489, in _resolve_from_executor
    executor(resolve, reject)
  File "/home/tarxemo/venv/lib/python3.12/site-packages/promise/promise.py", line 756, in executor
    return resolve(f(*args, **kwargs))
                   ^^^^^^^^^^^^^^^^^^
  File "/home/tarxemo/venv/lib/python3.12/site-packages/graphql/execution/middleware.py", line 75, in make_it_promise
    return next(*args, **kwargs)
           ^^^^^^^^^^^^^^^^^^^^^
  File "/home/tarxemo/Desktop/VS/ElectionBackend/election/types.py", line 658, in resolve_candidate_count
    return self.candidate_count
           ^^^^^^^^^^^^^^^^^^^^
graphql.error.located_error.GraphQLLocatedError: 'dict' object has no attribute 'candidate_count'

Traceback (most recent call last):
  File "/home/tarxemo/venv/lib/python3.12/site-packages/promise/promise.py", line 489, in _resolve_from_executor
    executor(resolve, reject)
  File "/home/tarxemo/venv/lib/python3.12/site-packages/promise/promise.py", line 756, in executor
    return resolve(f(*args, **kwargs))
                   ^^^^^^^^^^^^^^^^^^
  File "/home/tarxemo/venv/lib/python3.12/site-packages/graphql/execution/middleware.py", line 75, in make_it_promise
    return next(*args, **kwargs)
           ^^^^^^^^^^^^^^^^^^^^^
  File "/home/tarxemo/Desktop/VS/ElectionBackend/election/types.py", line 661, in resolve_average_votes_per_election
    return self.average_votes_per_election
           ^^^^^^^^^^^^^^^^^^^^^^^^^^^^^^^
graphql.error.located_error.GraphQLLocatedError: 'dict' object has no attribute 'average_votes_per_election'

Traceback (most recent call last):
  File "/home/tarxemo/venv/lib/python3.12/site-packages/promise/promise.py", line 489, in _resolve_from_executor
    executor(resolve, reject)
  File "/home/tarxemo/venv/lib/python3.12/site-packages/promise/promise.py", line 756, in executor
    return resolve(f(*args, **kwargs))
                   ^^^^^^^^^^^^^^^^^^
  File "/home/tarxemo/venv/lib/python3.12/site-packages/graphql/execution/middleware.py", line 75, in make_it_promise
    return next(*args, **kwargs)
           ^^^^^^^^^^^^^^^^^^^^^
  File "/home/tarxemo/Desktop/VS/ElectionBackend/election/types.py", line 664, in resolve_most_contested_election
    return self.most_contested_election
           ^^^^^^^^^^^^^^^^^^^^^^^^^^^^
graphql.error.located_error.GraphQLLocatedError: 'dict' object has no attribute 'most_contested_election'

Bad Request: /graphql/
Traceback (most recent call last):
  File "/home/tarxemo/venv/lib/python3.12/site-packages/promise/promise.py", line 489, in _resolve_from_executor
    executor(resolve, reject)
  File "/home/tarxemo/venv/lib/python3.12/site-packages/promise/promise.py", line 756, in executor
    return resolve(f(*args, **kwargs))
                   ^^^^^^^^^^^^^^^^^^
  File "/home/tarxemo/venv/lib/python3.12/site-packages/graphql/execution/middleware.py", line 75, in make_it_promise
    return next(*args, **kwargs)
           ^^^^^^^^^^^^^^^^^^^^^
  File "/home/tarxemo/Desktop/VS/ElectionBackend/election/queries/positions.py", line 799, in resolve_election_list
    for election in elections:
  File "/home/tarxemo/venv/lib/python3.12/site-packages/django/db/models/query.py", line 400, in __iter__
    self._fetch_all()
  File "/home/tarxemo/venv/lib/python3.12/site-packages/django/db/models/query.py", line 1930, in _fetch_all
    self._prefetch_related_objects()
  File "/home/tarxemo/venv/lib/python3.12/site-packages/django/db/models/query.py", line 1320, in _prefetch_related_objects
    prefetch_related_objects(self._result_cache, *self._prefetch_related_lookups)
  File "/home/tarxemo/venv/lib/python3.12/site-packages/django/db/models/query.py", line 2355, in prefetch_related_objects
    raise AttributeError(
graphql.error.located_error.GraphQLLocatedError: Cannot find 'candidate_set' on ElectionPosition object, 'electionposition_set__candidate_set' is an invalid parameter to prefetch_related()

Traceback (most recent call last):
  File "/home/tarxemo/venv/lib/python3.12/site-packages/promise/promise.py", line 489, in _resolve_from_executor
    executor(resolve, reject)
  File "/home/tarxemo/venv/lib/python3.12/site-packages/promise/promise.py", line 756, in executor
    return resolve(f(*args, **kwargs))
                   ^^^^^^^^^^^^^^^^^^
  File "/home/tarxemo/venv/lib/python3.12/site-packages/graphql/execution/middleware.py", line 75, in make_it_promise
    return next(*args, **kwargs)
           ^^^^^^^^^^^^^^^^^^^^^
  File "/home/tarxemo/Desktop/VS/ElectionBackend/election/queries/positions.py", line 799, in resolve_election_list
    for election in elections:
  File "/home/tarxemo/venv/lib/python3.12/site-packages/django/db/models/query.py", line 400, in __iter__
    self._fetch_all()
  File "/home/tarxemo/venv/lib/python3.12/site-packages/django/db/models/query.py", line 1930, in _fetch_all
    self._prefetch_related_objects()
  File "/home/tarxemo/venv/lib/python3.12/site-packages/django/db/models/query.py", line 1320, in _prefetch_related_objects
    prefetch_related_objects(self._result_cache, *self._prefetch_related_lookups)
  File "/home/tarxemo/venv/lib/python3.12/site-packages/django/db/models/query.py", line 2355, in prefetch_related_objects
    raise AttributeError(
graphql.error.located_error.GraphQLLocatedError: Cannot find 'candidate_set' on ElectionPosition object, 'electionposition_set__candidate_set' is an invalid parameter to prefetch_related()

Bad Request: /graphql/
Bad Request: /graphql/
Bad Request: /graphql/
Traceback (most recent call last):
  File "/home/tarxemo/venv/lib/python3.12/site-packages/promise/promise.py", line 489, in _resolve_from_executor
    executor(resolve, reject)
  File "/home/tarxemo/venv/lib/python3.12/site-packages/promise/promise.py", line 756, in executor
    return resolve(f(*args, **kwargs))
                   ^^^^^^^^^^^^^^^^^^
  File "/home/tarxemo/venv/lib/python3.12/site-packages/graphql/execution/middleware.py", line 75, in make_it_promise
    return next(*args, **kwargs)
           ^^^^^^^^^^^^^^^^^^^^^
  File "/home/tarxemo/Desktop/VS/ElectionBackend/election/queries/positions.py", line 799, in resolve_election_list
    for election in elections:
  File "/home/tarxemo/venv/lib/python3.12/site-packages/django/db/models/query.py", line 400, in __iter__
    self._fetch_all()
  File "/home/tarxemo/venv/lib/python3.12/site-packages/django/db/models/query.py", line 1930, in _fetch_all
    self._prefetch_related_objects()
  File "/home/tarxemo/venv/lib/python3.12/site-packages/django/db/models/query.py", line 1320, in _prefetch_related_objects
    prefetch_related_objects(self._result_cache, *self._prefetch_related_lookups)
  File "/home/tarxemo/venv/lib/python3.12/site-packages/django/db/models/query.py", line 2355, in prefetch_related_objects
    raise AttributeError(
graphql.error.located_error.GraphQLLocatedError: Cannot find 'candidate_set' on ElectionPosition object, 'electionposition_set__candidate_set' is an invalid parameter to prefetch_related()

Traceback (most recent call last):
  File "/home/tarxemo/venv/lib/python3.12/site-packages/promise/promise.py", line 489, in _resolve_from_executor
    executor(resolve, reject)
  File "/home/tarxemo/venv/lib/python3.12/site-packages/promise/promise.py", line 756, in executor
    return resolve(f(*args, **kwargs))
                   ^^^^^^^^^^^^^^^^^^
  File "/home/tarxemo/venv/lib/python3.12/site-packages/graphql/execution/middleware.py", line 75, in make_it_promise
    return next(*args, **kwargs)
           ^^^^^^^^^^^^^^^^^^^^^
  File "/home/tarxemo/Desktop/VS/ElectionBackend/election/queries/positions.py", line 799, in resolve_election_list
    for election in elections:
  File "/home/tarxemo/venv/lib/python3.12/site-packages/django/db/models/query.py", line 400, in __iter__
    self._fetch_all()
  File "/home/tarxemo/venv/lib/python3.12/site-packages/django/db/models/query.py", line 1930, in _fetch_all
    self._prefetch_related_objects()
  File "/home/tarxemo/venv/lib/python3.12/site-packages/django/db/models/query.py", line 1320, in _prefetch_related_objects
    prefetch_related_objects(self._result_cache, *self._prefetch_related_lookups)
  File "/home/tarxemo/venv/lib/python3.12/site-packages/django/db/models/query.py", line 2355, in prefetch_related_objects
    raise AttributeError(
graphql.error.located_error.GraphQLLocatedError: Cannot find 'candidate_set' on ElectionPosition object, 'electionposition_set__candidate_set' is an invalid parameter to prefetch_related()

/home/tarxemo/Desktop/VS/ElectionBackend/election/models.py changed, reloading.
Watching for file changes with StatReloader
Watching for file changes with StatReloader
Bad Request: /graphql/
Bad Request: /graphql/
Bad Request: /graphql/
Bad Request: /graphql/
Traceback (most recent call last):
  File "/home/tarxemo/venv/lib/python3.12/site-packages/promise/promise.py", line 489, in _resolve_from_executor
    executor(resolve, reject)
  File "/home/tarxemo/venv/lib/python3.12/site-packages/promise/promise.py", line 756, in executor
    return resolve(f(*args, **kwargs))
                   ^^^^^^^^^^^^^^^^^^
  File "/home/tarxemo/venv/lib/python3.12/site-packages/graphql/execution/middleware.py", line 75, in make_it_promise
    return next(*args, **kwargs)
           ^^^^^^^^^^^^^^^^^^^^^
  File "/home/tarxemo/Desktop/VS/ElectionBackend/election/queries/positions.py", line 907, in resolve_dashboard_stats
    institutions_with_most_activity = Institution.objects.annotate(
                                      ^^^^^^^^^^^^^^^^^^^^^^^^^^^^^
  File "/home/tarxemo/venv/lib/python3.12/site-packages/django/db/models/manager.py", line 87, in manager_method
    return getattr(self.get_queryset(), name)(*args, **kwargs)
           ^^^^^^^^^^^^^^^^^^^^^^^^^^^^^^^^^^^^^^^^^^^^^^^^^^^
  File "/home/tarxemo/venv/lib/python3.12/site-packages/django/db/models/query.py", line 1630, in annotate
    return self._annotate(args, kwargs, select=True)
           ^^^^^^^^^^^^^^^^^^^^^^^^^^^^^^^^^^^^^^^^^
  File "/home/tarxemo/venv/lib/python3.12/site-packages/django/db/models/query.py", line 1680, in _annotate
    clone.query.add_annotation(
  File "/home/tarxemo/venv/lib/python3.12/site-packages/django/db/models/sql/query.py", line 1194, in add_annotation
    annotation = annotation.resolve_expression(self, allow_joins=True, reuse=None)
                 ^^^^^^^^^^^^^^^^^^^^^^^^^^^^^^^^^^^^^^^^^^^^^^^^^^^^^^^^^^^^^^^^^
  File "/home/tarxemo/venv/lib/python3.12/site-packages/django/db/models/aggregates.py", line 63, in resolve_expression
    c = super().resolve_expression(query, allow_joins, reuse, summarize)
        ^^^^^^^^^^^^^^^^^^^^^^^^^^^^^^^^^^^^^^^^^^^^^^^^^^^^^^^^^^^^^^^^
  File "/home/tarxemo/venv/lib/python3.12/site-packages/django/db/models/expressions.py", line 1073, in resolve_expression
    c.source_expressions[pos] = arg.resolve_expression(
                                ^^^^^^^^^^^^^^^^^^^^^^^
  File "/home/tarxemo/venv/lib/python3.12/site-packages/django/db/models/expressions.py", line 895, in resolve_expression
    return query.resolve_ref(self.name, allow_joins, reuse, summarize)
           ^^^^^^^^^^^^^^^^^^^^^^^^^^^^^^^^^^^^^^^^^^^^^^^^^^^^^^^^^^^
  File "/home/tarxemo/venv/lib/python3.12/site-packages/django/db/models/sql/query.py", line 2010, in resolve_ref
    join_info = self.setup_joins(
                ^^^^^^^^^^^^^^^^^
  File "/home/tarxemo/venv/lib/python3.12/site-packages/django/db/models/sql/query.py", line 1863, in setup_joins
    path, final_field, targets, rest = self.names_to_path(
                                       ^^^^^^^^^^^^^^^^^^^
  File "/home/tarxemo/venv/lib/python3.12/site-packages/django/db/models/sql/query.py", line 1768, in names_to_path
    raise FieldError(
graphql.error.located_error.GraphQLLocatedError: Cannot resolve keyword 'elections' into field. Choices are: created_at, description, election, id, institution, leader, level, level_id, name, parent, parent_id, position, student

/home/tarxemo/Desktop/VS/ElectionBackend/election/queries/positions.py changed, reloading.
Watching for file changes with StatReloader
Traceback (most recent call last):
  File "/home/tarxemo/venv/lib/python3.12/site-packages/promise/promise.py", line 489, in _resolve_from_executor
    executor(resolve, reject)
  File "/home/tarxemo/venv/lib/python3.12/site-packages/promise/promise.py", line 756, in executor
    return resolve(f(*args, **kwargs))
                   ^^^^^^^^^^^^^^^^^^
  File "/home/tarxemo/venv/lib/python3.12/site-packages/graphql/execution/middleware.py", line 75, in make_it_promise
    return next(*args, **kwargs)
           ^^^^^^^^^^^^^^^^^^^^^
  File "/home/tarxemo/Desktop/VS/ElectionBackend/election/queries/positions.py", line 907, in resolve_dashboard_stats
    institutions_with_most_activity = Institution.objects.annotate(
                                      ^^^^^^^^^^^^^^^^^^^^^^^^^^^^^
  File "/home/tarxemo/venv/lib/python3.12/site-packages/django/db/models/manager.py", line 87, in manager_method
    return getattr(self.get_queryset(), name)(*args, **kwargs)
           ^^^^^^^^^^^^^^^^^^^^^^^^^^^^^^^^^^^^^^^^^^^^^^^^^^^
  File "/home/tarxemo/venv/lib/python3.12/site-packages/django/db/models/query.py", line 1630, in annotate
    return self._annotate(args, kwargs, select=True)
           ^^^^^^^^^^^^^^^^^^^^^^^^^^^^^^^^^^^^^^^^^
  File "/home/tarxemo/venv/lib/python3.12/site-packages/django/db/models/query.py", line 1680, in _annotate
    clone.query.add_annotation(
  File "/home/tarxemo/venv/lib/python3.12/site-packages/django/db/models/sql/query.py", line 1194, in add_annotation
    annotation = annotation.resolve_expression(self, allow_joins=True, reuse=None)
                 ^^^^^^^^^^^^^^^^^^^^^^^^^^^^^^^^^^^^^^^^^^^^^^^^^^^^^^^^^^^^^^^^^
  File "/home/tarxemo/venv/lib/python3.12/site-packages/django/db/models/aggregates.py", line 63, in resolve_expression
    c = super().resolve_expression(query, allow_joins, reuse, summarize)
        ^^^^^^^^^^^^^^^^^^^^^^^^^^^^^^^^^^^^^^^^^^^^^^^^^^^^^^^^^^^^^^^^
  File "/home/tarxemo/venv/lib/python3.12/site-packages/django/db/models/expressions.py", line 1073, in resolve_expression
    c.source_expressions[pos] = arg.resolve_expression(
                                ^^^^^^^^^^^^^^^^^^^^^^^
  File "/home/tarxemo/venv/lib/python3.12/site-packages/django/db/models/expressions.py", line 895, in resolve_expression
    return query.resolve_ref(self.name, allow_joins, reuse, summarize)
           ^^^^^^^^^^^^^^^^^^^^^^^^^^^^^^^^^^^^^^^^^^^^^^^^^^^^^^^^^^^
  File "/home/tarxemo/venv/lib/python3.12/site-packages/django/db/models/sql/query.py", line 2010, in resolve_ref
    join_info = self.setup_joins(
                ^^^^^^^^^^^^^^^^^
  File "/home/tarxemo/venv/lib/python3.12/site-packages/django/db/models/sql/query.py", line 1863, in setup_joins
    path, final_field, targets, rest = self.names_to_path(
                                       ^^^^^^^^^^^^^^^^^^^
  File "/home/tarxemo/venv/lib/python3.12/site-packages/django/db/models/sql/query.py", line 1768, in names_to_path
    raise FieldError(
graphql.error.located_error.GraphQLLocatedError: Cannot resolve keyword 'elections' into field. Choices are: created_at, description, election, id, institution, leader, level, level_id, name, parent, parent_id, position, student

/home/tarxemo/Desktop/VS/ElectionBackend/election/queries/positions.py changed, reloading.
Watching for file changes with StatReloader
Traceback (most recent call last):
  File "/home/tarxemo/venv/lib/python3.12/site-packages/promise/promise.py", line 489, in _resolve_from_executor
    executor(resolve, reject)
  File "/home/tarxemo/venv/lib/python3.12/site-packages/promise/promise.py", line 756, in executor
    return resolve(f(*args, **kwargs))
                   ^^^^^^^^^^^^^^^^^^
  File "/home/tarxemo/venv/lib/python3.12/site-packages/graphql/execution/middleware.py", line 75, in make_it_promise
    return next(*args, **kwargs)
           ^^^^^^^^^^^^^^^^^^^^^
  File "/home/tarxemo/Desktop/VS/ElectionBackend/election/queries/positions.py", line 902, in resolve_dashboard_stats
    positions_with_most_contests = Position.objects.annotate(
                                   ^^^^^^^^^^^^^^^^^^^^^^^^^^
  File "/home/tarxemo/venv/lib/python3.12/site-packages/django/db/models/manager.py", line 87, in manager_method
    return getattr(self.get_queryset(), name)(*args, **kwargs)
           ^^^^^^^^^^^^^^^^^^^^^^^^^^^^^^^^^^^^^^^^^^^^^^^^^^^
  File "/home/tarxemo/venv/lib/python3.12/site-packages/django/db/models/query.py", line 1630, in annotate
    return self._annotate(args, kwargs, select=True)
           ^^^^^^^^^^^^^^^^^^^^^^^^^^^^^^^^^^^^^^^^^
  File "/home/tarxemo/venv/lib/python3.12/site-packages/django/db/models/query.py", line 1680, in _annotate
    clone.query.add_annotation(
  File "/home/tarxemo/venv/lib/python3.12/site-packages/django/db/models/sql/query.py", line 1194, in add_annotation
    annotation = annotation.resolve_expression(self, allow_joins=True, reuse=None)
                 ^^^^^^^^^^^^^^^^^^^^^^^^^^^^^^^^^^^^^^^^^^^^^^^^^^^^^^^^^^^^^^^^^
  File "/home/tarxemo/venv/lib/python3.12/site-packages/django/db/models/aggregates.py", line 63, in resolve_expression
    c = super().resolve_expression(query, allow_joins, reuse, summarize)
        ^^^^^^^^^^^^^^^^^^^^^^^^^^^^^^^^^^^^^^^^^^^^^^^^^^^^^^^^^^^^^^^^
  File "/home/tarxemo/venv/lib/python3.12/site-packages/django/db/models/expressions.py", line 1073, in resolve_expression
    c.source_expressions[pos] = arg.resolve_expression(
                                ^^^^^^^^^^^^^^^^^^^^^^^
  File "/home/tarxemo/venv/lib/python3.12/site-packages/django/db/models/expressions.py", line 895, in resolve_expression
    return query.resolve_ref(self.name, allow_joins, reuse, summarize)
           ^^^^^^^^^^^^^^^^^^^^^^^^^^^^^^^^^^^^^^^^^^^^^^^^^^^^^^^^^^^
  File "/home/tarxemo/venv/lib/python3.12/site-packages/django/db/models/sql/query.py", line 2010, in resolve_ref
    join_info = self.setup_joins(
                ^^^^^^^^^^^^^^^^^
  File "/home/tarxemo/venv/lib/python3.12/site-packages/django/db/models/sql/query.py", line 1863, in setup_joins
    path, final_field, targets, rest = self.names_to_path(
                                       ^^^^^^^^^^^^^^^^^^^
  File "/home/tarxemo/venv/lib/python3.12/site-packages/django/db/models/sql/query.py", line 1768, in names_to_path
    raise FieldError(
graphql.error.located_error.GraphQLLocatedError: Cannot resolve keyword 'election' into field. Choices are: description, electionposition, elections, id, institution, institution_id, leader, level, level_id, name, voting_power

/home/tarxemo/Desktop/VS/ElectionBackend/election/queries/positions.py changed, reloading.
Watching for file changes with StatReloader
Traceback (most recent call last):
  File "/home/tarxemo/venv/lib/python3.12/site-packages/promise/promise.py", line 489, in _resolve_from_executor
    executor(resolve, reject)
  File "/home/tarxemo/venv/lib/python3.12/site-packages/promise/promise.py", line 756, in executor
    return resolve(f(*args, **kwargs))
                   ^^^^^^^^^^^^^^^^^^
  File "/home/tarxemo/venv/lib/python3.12/site-packages/graphql/execution/middleware.py", line 75, in make_it_promise
    return next(*args, **kwargs)
           ^^^^^^^^^^^^^^^^^^^^^
  File "/home/tarxemo/Desktop/VS/ElectionBackend/election/queries/positions.py", line 907, in resolve_dashboard_stats
    institutions_with_most_activity = Institution.objects.annotate(
                                      ^^^^^^^^^^^^^^^^^^^^^^^^^^^^^
  File "/home/tarxemo/venv/lib/python3.12/site-packages/django/db/models/manager.py", line 87, in manager_method
    return getattr(self.get_queryset(), name)(*args, **kwargs)
           ^^^^^^^^^^^^^^^^^^^^^^^^^^^^^^^^^^^^^^^^^^^^^^^^^^^
  File "/home/tarxemo/venv/lib/python3.12/site-packages/django/db/models/query.py", line 1630, in annotate
    return self._annotate(args, kwargs, select=True)
           ^^^^^^^^^^^^^^^^^^^^^^^^^^^^^^^^^^^^^^^^^
  File "/home/tarxemo/venv/lib/python3.12/site-packages/django/db/models/query.py", line 1680, in _annotate
    clone.query.add_annotation(
  File "/home/tarxemo/venv/lib/python3.12/site-packages/django/db/models/sql/query.py", line 1194, in add_annotation
    annotation = annotation.resolve_expression(self, allow_joins=True, reuse=None)
                 ^^^^^^^^^^^^^^^^^^^^^^^^^^^^^^^^^^^^^^^^^^^^^^^^^^^^^^^^^^^^^^^^^
  File "/home/tarxemo/venv/lib/python3.12/site-packages/django/db/models/aggregates.py", line 63, in resolve_expression
    c = super().resolve_expression(query, allow_joins, reuse, summarize)
        ^^^^^^^^^^^^^^^^^^^^^^^^^^^^^^^^^^^^^^^^^^^^^^^^^^^^^^^^^^^^^^^^
  File "/home/tarxemo/venv/lib/python3.12/site-packages/django/db/models/expressions.py", line 1073, in resolve_expression
    c.source_expressions[pos] = arg.resolve_expression(
                                ^^^^^^^^^^^^^^^^^^^^^^^
  File "/home/tarxemo/venv/lib/python3.12/site-packages/django/db/models/expressions.py", line 895, in resolve_expression
    return query.resolve_ref(self.name, allow_joins, reuse, summarize)
           ^^^^^^^^^^^^^^^^^^^^^^^^^^^^^^^^^^^^^^^^^^^^^^^^^^^^^^^^^^^
  File "/home/tarxemo/venv/lib/python3.12/site-packages/django/db/models/sql/query.py", line 2010, in resolve_ref
    join_info = self.setup_joins(
                ^^^^^^^^^^^^^^^^^
  File "/home/tarxemo/venv/lib/python3.12/site-packages/django/db/models/sql/query.py", line 1863, in setup_joins
    path, final_field, targets, rest = self.names_to_path(
                                       ^^^^^^^^^^^^^^^^^^^
  File "/home/tarxemo/venv/lib/python3.12/site-packages/django/db/models/sql/query.py", line 1768, in names_to_path
    raise FieldError(
graphql.error.located_error.GraphQLLocatedError: Cannot resolve keyword 'elections' into field. Choices are: created_at, description, election, election_count, id, institution, leader, level, level_id, name, parent, parent_id, position, student

/home/tarxemo/Desktop/VS/ElectionBackend/election/queries/positions.py changed, reloading.
Watching for file changes with StatReloader
Traceback (most recent call last):
  File "/home/tarxemo/venv/lib/python3.12/site-packages/promise/promise.py", line 489, in _resolve_from_executor
    executor(resolve, reject)
  File "/home/tarxemo/venv/lib/python3.12/site-packages/promise/promise.py", line 756, in executor
    return resolve(f(*args, **kwargs))
                   ^^^^^^^^^^^^^^^^^^
  File "/home/tarxemo/venv/lib/python3.12/site-packages/graphql/execution/middleware.py", line 75, in make_it_promise
    return next(*args, **kwargs)
           ^^^^^^^^^^^^^^^^^^^^^
  File "/home/tarxemo/Desktop/VS/ElectionBackend/election/queries/positions.py", line 902, in resolve_dashboard_stats
    positions_with_most_contests = Position.objects.annotate(
                                   ^^^^^^^^^^^^^^^^^^^^^^^^^^
  File "/home/tarxemo/venv/lib/python3.12/site-packages/django/db/models/manager.py", line 87, in manager_method
    return getattr(self.get_queryset(), name)(*args, **kwargs)
           ^^^^^^^^^^^^^^^^^^^^^^^^^^^^^^^^^^^^^^^^^^^^^^^^^^^
  File "/home/tarxemo/venv/lib/python3.12/site-packages/django/db/models/query.py", line 1630, in annotate
    return self._annotate(args, kwargs, select=True)
           ^^^^^^^^^^^^^^^^^^^^^^^^^^^^^^^^^^^^^^^^^
  File "/home/tarxemo/venv/lib/python3.12/site-packages/django/db/models/query.py", line 1680, in _annotate
    clone.query.add_annotation(
  File "/home/tarxemo/venv/lib/python3.12/site-packages/django/db/models/sql/query.py", line 1194, in add_annotation
    annotation = annotation.resolve_expression(self, allow_joins=True, reuse=None)
                 ^^^^^^^^^^^^^^^^^^^^^^^^^^^^^^^^^^^^^^^^^^^^^^^^^^^^^^^^^^^^^^^^^
  File "/home/tarxemo/venv/lib/python3.12/site-packages/django/db/models/aggregates.py", line 63, in resolve_expression
    c = super().resolve_expression(query, allow_joins, reuse, summarize)
        ^^^^^^^^^^^^^^^^^^^^^^^^^^^^^^^^^^^^^^^^^^^^^^^^^^^^^^^^^^^^^^^^
  File "/home/tarxemo/venv/lib/python3.12/site-packages/django/db/models/expressions.py", line 1073, in resolve_expression
    c.source_expressions[pos] = arg.resolve_expression(
                                ^^^^^^^^^^^^^^^^^^^^^^^
  File "/home/tarxemo/venv/lib/python3.12/site-packages/django/db/models/expressions.py", line 895, in resolve_expression
    return query.resolve_ref(self.name, allow_joins, reuse, summarize)
           ^^^^^^^^^^^^^^^^^^^^^^^^^^^^^^^^^^^^^^^^^^^^^^^^^^^^^^^^^^^
  File "/home/tarxemo/venv/lib/python3.12/site-packages/django/db/models/sql/query.py", line 2010, in resolve_ref
    join_info = self.setup_joins(
                ^^^^^^^^^^^^^^^^^
  File "/home/tarxemo/venv/lib/python3.12/site-packages/django/db/models/sql/query.py", line 1863, in setup_joins
    path, final_field, targets, rest = self.names_to_path(
                                       ^^^^^^^^^^^^^^^^^^^
  File "/home/tarxemo/venv/lib/python3.12/site-packages/django/db/models/sql/query.py", line 1768, in names_to_path
    raise FieldError(
graphql.error.located_error.GraphQLLocatedError: Cannot resolve keyword 'election' into field. Choices are: description, electionposition, elections, id, institution, institution_id, leader, level, level_id, name, voting_power

/home/tarxemo/Desktop/VS/ElectionBackend/election/queries/positions.py changed, reloading.
Watching for file changes with StatReloader
/home/tarxemo/Desktop/VS/ElectionBackend/election/queries/positions.py changed, reloading.
Watching for file changes with StatReloader
Watching for file changes with StatReloader
Bad Request: /graphql/
Bad Request: /graphql/
Bad Request: /graphql/
Bad Request: /graphql/
Bad Request: /graphql/
Bad Request: /graphql/
Bad Request: /graphql/
Bad Request: /graphql/
Bad Request: /graphql/
Bad Request: /graphql/
Bad Request: /graphql/
Bad Request: /graphql/
Bad Request: /graphql/
Bad Request: /graphql/
Bad Request: /graphql/
Bad Request: /graphql/
Bad Request: /graphql/
Bad Request: /graphql/
Bad Request: /graphql/
Traceback (most recent call last):
  File "/home/tarxemo/venv/lib/python3.12/site-packages/promise/promise.py", line 489, in _resolve_from_executor
    executor(resolve, reject)
  File "/home/tarxemo/venv/lib/python3.12/site-packages/promise/promise.py", line 756, in executor
    return resolve(f(*args, **kwargs))
                   ^^^^^^^^^^^^^^^^^^
  File "/home/tarxemo/venv/lib/python3.12/site-packages/graphql/execution/middleware.py", line 75, in make_it_promise
    return next(*args, **kwargs)
           ^^^^^^^^^^^^^^^^^^^^^
  File "/home/tarxemo/Desktop/VS/ElectionBackend/election/queries/positions.py", line 948, in resolve_positions_with_most_contests
    ).annotate(
      ^^^^^^^^^
  File "/home/tarxemo/venv/lib/python3.12/site-packages/django/db/models/query.py", line 1630, in annotate
    return self._annotate(args, kwargs, select=True)
           ^^^^^^^^^^^^^^^^^^^^^^^^^^^^^^^^^^^^^^^^^
  File "/home/tarxemo/venv/lib/python3.12/site-packages/django/db/models/query.py", line 1680, in _annotate
    clone.query.add_annotation(
  File "/home/tarxemo/venv/lib/python3.12/site-packages/django/db/models/sql/query.py", line 1194, in add_annotation
    annotation = annotation.resolve_expression(self, allow_joins=True, reuse=None)
                 ^^^^^^^^^^^^^^^^^^^^^^^^^^^^^^^^^^^^^^^^^^^^^^^^^^^^^^^^^^^^^^^^^
  File "/home/tarxemo/venv/lib/python3.12/site-packages/django/db/models/aggregates.py", line 63, in resolve_expression
    c = super().resolve_expression(query, allow_joins, reuse, summarize)
        ^^^^^^^^^^^^^^^^^^^^^^^^^^^^^^^^^^^^^^^^^^^^^^^^^^^^^^^^^^^^^^^^
  File "/home/tarxemo/venv/lib/python3.12/site-packages/django/db/models/expressions.py", line 1073, in resolve_expression
    c.source_expressions[pos] = arg.resolve_expression(
                                ^^^^^^^^^^^^^^^^^^^^^^^
  File "/home/tarxemo/venv/lib/python3.12/site-packages/django/db/models/expressions.py", line 895, in resolve_expression
    return query.resolve_ref(self.name, allow_joins, reuse, summarize)
           ^^^^^^^^^^^^^^^^^^^^^^^^^^^^^^^^^^^^^^^^^^^^^^^^^^^^^^^^^^^
  File "/home/tarxemo/venv/lib/python3.12/site-packages/django/db/models/sql/query.py", line 2026, in resolve_ref
    transform = join_info.transform_function(targets[0], final_alias)
                ^^^^^^^^^^^^^^^^^^^^^^^^^^^^^^^^^^^^^^^^^^^^^^^^^^^^^
  File "/home/tarxemo/venv/lib/python3.12/site-packages/django/db/models/sql/query.py", line 1886, in transform
    return self.try_transform(wrapped, name)
           ^^^^^^^^^^^^^^^^^^^^^^^^^^^^^^^^^
  File "/home/tarxemo/venv/lib/python3.12/site-packages/django/db/models/sql/query.py", line 1423, in try_transform
    raise FieldError(
graphql.error.located_error.GraphQLLocatedError: Unsupported lookup 'candidates' for BigAutoField or join on the field not permitted.

Traceback (most recent call last):
  File "/home/tarxemo/venv/lib/python3.12/site-packages/promise/promise.py", line 489, in _resolve_from_executor
    executor(resolve, reject)
  File "/home/tarxemo/venv/lib/python3.12/site-packages/promise/promise.py", line 756, in executor
    return resolve(f(*args, **kwargs))
                   ^^^^^^^^^^^^^^^^^^
  File "/home/tarxemo/venv/lib/python3.12/site-packages/graphql/execution/middleware.py", line 75, in make_it_promise
    return next(*args, **kwargs)
           ^^^^^^^^^^^^^^^^^^^^^
  File "/home/tarxemo/Desktop/VS/ElectionBackend/election/queries/positions.py", line 966, in resolve_institutions_with_most_activity
    institutions = Institution.objects.annotate(
                   ^^^^^^^^^^^^^^^^^^^^^^^^^^^^^
  File "/home/tarxemo/venv/lib/python3.12/site-packages/django/db/models/manager.py", line 87, in manager_method
    return getattr(self.get_queryset(), name)(*args, **kwargs)
           ^^^^^^^^^^^^^^^^^^^^^^^^^^^^^^^^^^^^^^^^^^^^^^^^^^^
  File "/home/tarxemo/venv/lib/python3.12/site-packages/django/db/models/query.py", line 1630, in annotate
    return self._annotate(args, kwargs, select=True)
           ^^^^^^^^^^^^^^^^^^^^^^^^^^^^^^^^^^^^^^^^^
  File "/home/tarxemo/venv/lib/python3.12/site-packages/django/db/models/query.py", line 1680, in _annotate
    clone.query.add_annotation(
  File "/home/tarxemo/venv/lib/python3.12/site-packages/django/db/models/sql/query.py", line 1194, in add_annotation
    annotation = annotation.resolve_expression(self, allow_joins=True, reuse=None)
                 ^^^^^^^^^^^^^^^^^^^^^^^^^^^^^^^^^^^^^^^^^^^^^^^^^^^^^^^^^^^^^^^^^
  File "/home/tarxemo/venv/lib/python3.12/site-packages/django/db/models/aggregates.py", line 63, in resolve_expression
    c = super().resolve_expression(query, allow_joins, reuse, summarize)
        ^^^^^^^^^^^^^^^^^^^^^^^^^^^^^^^^^^^^^^^^^^^^^^^^^^^^^^^^^^^^^^^^
  File "/home/tarxemo/venv/lib/python3.12/site-packages/django/db/models/expressions.py", line 1073, in resolve_expression
    c.source_expressions[pos] = arg.resolve_expression(
                                ^^^^^^^^^^^^^^^^^^^^^^^
  File "/home/tarxemo/venv/lib/python3.12/site-packages/django/db/models/expressions.py", line 895, in resolve_expression
    return query.resolve_ref(self.name, allow_joins, reuse, summarize)
           ^^^^^^^^^^^^^^^^^^^^^^^^^^^^^^^^^^^^^^^^^^^^^^^^^^^^^^^^^^^
  File "/home/tarxemo/venv/lib/python3.12/site-packages/django/db/models/sql/query.py", line 2010, in resolve_ref
    join_info = self.setup_joins(
                ^^^^^^^^^^^^^^^^^
  File "/home/tarxemo/venv/lib/python3.12/site-packages/django/db/models/sql/query.py", line 1863, in setup_joins
    path, final_field, targets, rest = self.names_to_path(
                                       ^^^^^^^^^^^^^^^^^^^
  File "/home/tarxemo/venv/lib/python3.12/site-packages/django/db/models/sql/query.py", line 1768, in names_to_path
    raise FieldError(
graphql.error.located_error.GraphQLLocatedError: Cannot resolve keyword 'elections' into field. Choices are: created_at, description, election, id, institution, leader, level, level_id, name, parent, parent_id, position, student

Traceback (most recent call last):
  File "/home/tarxemo/venv/lib/python3.12/site-packages/promise/promise.py", line 489, in _resolve_from_executor
    executor(resolve, reject)
  File "/home/tarxemo/venv/lib/python3.12/site-packages/promise/promise.py", line 756, in executor
    return resolve(f(*args, **kwargs))
                   ^^^^^^^^^^^^^^^^^^
  File "/home/tarxemo/venv/lib/python3.12/site-packages/graphql/execution/middleware.py", line 75, in make_it_promise
    return next(*args, **kwargs)
           ^^^^^^^^^^^^^^^^^^^^^
  File "/home/tarxemo/Desktop/VS/ElectionBackend/election/queries/positions.py", line 948, in resolve_positions_with_most_contests
    ).annotate(
      ^^^^^^^^^
  File "/home/tarxemo/venv/lib/python3.12/site-packages/django/db/models/query.py", line 1630, in annotate
    return self._annotate(args, kwargs, select=True)
           ^^^^^^^^^^^^^^^^^^^^^^^^^^^^^^^^^^^^^^^^^
  File "/home/tarxemo/venv/lib/python3.12/site-packages/django/db/models/query.py", line 1680, in _annotate
    clone.query.add_annotation(
  File "/home/tarxemo/venv/lib/python3.12/site-packages/django/db/models/sql/query.py", line 1194, in add_annotation
    annotation = annotation.resolve_expression(self, allow_joins=True, reuse=None)
                 ^^^^^^^^^^^^^^^^^^^^^^^^^^^^^^^^^^^^^^^^^^^^^^^^^^^^^^^^^^^^^^^^^
  File "/home/tarxemo/venv/lib/python3.12/site-packages/django/db/models/aggregates.py", line 63, in resolve_expression
    c = super().resolve_expression(query, allow_joins, reuse, summarize)
        ^^^^^^^^^^^^^^^^^^^^^^^^^^^^^^^^^^^^^^^^^^^^^^^^^^^^^^^^^^^^^^^^
  File "/home/tarxemo/venv/lib/python3.12/site-packages/django/db/models/expressions.py", line 1073, in resolve_expression
    c.source_expressions[pos] = arg.resolve_expression(
                                ^^^^^^^^^^^^^^^^^^^^^^^
  File "/home/tarxemo/venv/lib/python3.12/site-packages/django/db/models/expressions.py", line 895, in resolve_expression
    return query.resolve_ref(self.name, allow_joins, reuse, summarize)
           ^^^^^^^^^^^^^^^^^^^^^^^^^^^^^^^^^^^^^^^^^^^^^^^^^^^^^^^^^^^
  File "/home/tarxemo/venv/lib/python3.12/site-packages/django/db/models/sql/query.py", line 2026, in resolve_ref
    transform = join_info.transform_function(targets[0], final_alias)
                ^^^^^^^^^^^^^^^^^^^^^^^^^^^^^^^^^^^^^^^^^^^^^^^^^^^^^
  File "/home/tarxemo/venv/lib/python3.12/site-packages/django/db/models/sql/query.py", line 1886, in transform
    return self.try_transform(wrapped, name)
           ^^^^^^^^^^^^^^^^^^^^^^^^^^^^^^^^^
  File "/home/tarxemo/venv/lib/python3.12/site-packages/django/db/models/sql/query.py", line 1423, in try_transform
    raise FieldError(
graphql.error.located_error.GraphQLLocatedError: Unsupported lookup 'candidates' for BigAutoField or join on the field not permitted.

Traceback (most recent call last):
  File "/home/tarxemo/venv/lib/python3.12/site-packages/promise/promise.py", line 489, in _resolve_from_executor
    executor(resolve, reject)
  File "/home/tarxemo/venv/lib/python3.12/site-packages/promise/promise.py", line 756, in executor
    return resolve(f(*args, **kwargs))
                   ^^^^^^^^^^^^^^^^^^
  File "/home/tarxemo/venv/lib/python3.12/site-packages/graphql/execution/middleware.py", line 75, in make_it_promise
    return next(*args, **kwargs)
           ^^^^^^^^^^^^^^^^^^^^^
  File "/home/tarxemo/Desktop/VS/ElectionBackend/election/queries/positions.py", line 966, in resolve_institutions_with_most_activity
    institutions = Institution.objects.annotate(
                   ^^^^^^^^^^^^^^^^^^^^^^^^^^^^^
  File "/home/tarxemo/venv/lib/python3.12/site-packages/django/db/models/manager.py", line 87, in manager_method
    return getattr(self.get_queryset(), name)(*args, **kwargs)
           ^^^^^^^^^^^^^^^^^^^^^^^^^^^^^^^^^^^^^^^^^^^^^^^^^^^
  File "/home/tarxemo/venv/lib/python3.12/site-packages/django/db/models/query.py", line 1630, in annotate
    return self._annotate(args, kwargs, select=True)
           ^^^^^^^^^^^^^^^^^^^^^^^^^^^^^^^^^^^^^^^^^
  File "/home/tarxemo/venv/lib/python3.12/site-packages/django/db/models/query.py", line 1680, in _annotate
    clone.query.add_annotation(
  File "/home/tarxemo/venv/lib/python3.12/site-packages/django/db/models/sql/query.py", line 1194, in add_annotation
    annotation = annotation.resolve_expression(self, allow_joins=True, reuse=None)
                 ^^^^^^^^^^^^^^^^^^^^^^^^^^^^^^^^^^^^^^^^^^^^^^^^^^^^^^^^^^^^^^^^^
  File "/home/tarxemo/venv/lib/python3.12/site-packages/django/db/models/aggregates.py", line 63, in resolve_expression
    c = super().resolve_expression(query, allow_joins, reuse, summarize)
        ^^^^^^^^^^^^^^^^^^^^^^^^^^^^^^^^^^^^^^^^^^^^^^^^^^^^^^^^^^^^^^^^
  File "/home/tarxemo/venv/lib/python3.12/site-packages/django/db/models/expressions.py", line 1073, in resolve_expression
    c.source_expressions[pos] = arg.resolve_expression(
                                ^^^^^^^^^^^^^^^^^^^^^^^
  File "/home/tarxemo/venv/lib/python3.12/site-packages/django/db/models/expressions.py", line 895, in resolve_expression
    return query.resolve_ref(self.name, allow_joins, reuse, summarize)
           ^^^^^^^^^^^^^^^^^^^^^^^^^^^^^^^^^^^^^^^^^^^^^^^^^^^^^^^^^^^
  File "/home/tarxemo/venv/lib/python3.12/site-packages/django/db/models/sql/query.py", line 2010, in resolve_ref
    join_info = self.setup_joins(
                ^^^^^^^^^^^^^^^^^
  File "/home/tarxemo/venv/lib/python3.12/site-packages/django/db/models/sql/query.py", line 1863, in setup_joins
    path, final_field, targets, rest = self.names_to_path(
                                       ^^^^^^^^^^^^^^^^^^^
  File "/home/tarxemo/venv/lib/python3.12/site-packages/django/db/models/sql/query.py", line 1768, in names_to_path
    raise FieldError(
graphql.error.located_error.GraphQLLocatedError: Cannot resolve keyword 'elections' into field. Choices are: created_at, description, election, id, institution, leader, level, level_id, name, parent, parent_id, position, student

Traceback (most recent call last):
  File "/home/tarxemo/venv/lib/python3.12/site-packages/promise/promise.py", line 489, in _resolve_from_executor
    executor(resolve, reject)
  File "/home/tarxemo/venv/lib/python3.12/site-packages/promise/promise.py", line 756, in executor
    return resolve(f(*args, **kwargs))
                   ^^^^^^^^^^^^^^^^^^
  File "/home/tarxemo/venv/lib/python3.12/site-packages/graphql/execution/middleware.py", line 75, in make_it_promise
    return next(*args, **kwargs)
           ^^^^^^^^^^^^^^^^^^^^^
  File "/home/tarxemo/Desktop/VS/ElectionBackend/election/queries/positions.py", line 948, in resolve_positions_with_most_contests
    ).annotate(
      ^^^^^^^^^
  File "/home/tarxemo/venv/lib/python3.12/site-packages/django/db/models/query.py", line 1630, in annotate
    return self._annotate(args, kwargs, select=True)
           ^^^^^^^^^^^^^^^^^^^^^^^^^^^^^^^^^^^^^^^^^
  File "/home/tarxemo/venv/lib/python3.12/site-packages/django/db/models/query.py", line 1680, in _annotate
    clone.query.add_annotation(
  File "/home/tarxemo/venv/lib/python3.12/site-packages/django/db/models/sql/query.py", line 1194, in add_annotation
    annotation = annotation.resolve_expression(self, allow_joins=True, reuse=None)
                 ^^^^^^^^^^^^^^^^^^^^^^^^^^^^^^^^^^^^^^^^^^^^^^^^^^^^^^^^^^^^^^^^^
  File "/home/tarxemo/venv/lib/python3.12/site-packages/django/db/models/aggregates.py", line 63, in resolve_expression
    c = super().resolve_expression(query, allow_joins, reuse, summarize)
        ^^^^^^^^^^^^^^^^^^^^^^^^^^^^^^^^^^^^^^^^^^^^^^^^^^^^^^^^^^^^^^^^
  File "/home/tarxemo/venv/lib/python3.12/site-packages/django/db/models/expressions.py", line 1073, in resolve_expression
    c.source_expressions[pos] = arg.resolve_expression(
                                ^^^^^^^^^^^^^^^^^^^^^^^
  File "/home/tarxemo/venv/lib/python3.12/site-packages/django/db/models/expressions.py", line 895, in resolve_expression
    return query.resolve_ref(self.name, allow_joins, reuse, summarize)
           ^^^^^^^^^^^^^^^^^^^^^^^^^^^^^^^^^^^^^^^^^^^^^^^^^^^^^^^^^^^
  File "/home/tarxemo/venv/lib/python3.12/site-packages/django/db/models/sql/query.py", line 2026, in resolve_ref
    transform = join_info.transform_function(targets[0], final_alias)
                ^^^^^^^^^^^^^^^^^^^^^^^^^^^^^^^^^^^^^^^^^^^^^^^^^^^^^
  File "/home/tarxemo/venv/lib/python3.12/site-packages/django/db/models/sql/query.py", line 1886, in transform
    return self.try_transform(wrapped, name)
           ^^^^^^^^^^^^^^^^^^^^^^^^^^^^^^^^^
  File "/home/tarxemo/venv/lib/python3.12/site-packages/django/db/models/sql/query.py", line 1423, in try_transform
    raise FieldError(
graphql.error.located_error.GraphQLLocatedError: Unsupported lookup 'candidates' for BigAutoField or join on the field not permitted.

Traceback (most recent call last):
  File "/home/tarxemo/venv/lib/python3.12/site-packages/promise/promise.py", line 489, in _resolve_from_executor
    executor(resolve, reject)
  File "/home/tarxemo/venv/lib/python3.12/site-packages/promise/promise.py", line 756, in executor
    return resolve(f(*args, **kwargs))
                   ^^^^^^^^^^^^^^^^^^
  File "/home/tarxemo/venv/lib/python3.12/site-packages/graphql/execution/middleware.py", line 75, in make_it_promise
    return next(*args, **kwargs)
           ^^^^^^^^^^^^^^^^^^^^^
  File "/home/tarxemo/Desktop/VS/ElectionBackend/election/queries/positions.py", line 966, in resolve_institutions_with_most_activity
    institutions = Institution.objects.annotate(
                   ^^^^^^^^^^^^^^^^^^^^^^^^^^^^^
  File "/home/tarxemo/venv/lib/python3.12/site-packages/django/db/models/manager.py", line 87, in manager_method
    return getattr(self.get_queryset(), name)(*args, **kwargs)
           ^^^^^^^^^^^^^^^^^^^^^^^^^^^^^^^^^^^^^^^^^^^^^^^^^^^
  File "/home/tarxemo/venv/lib/python3.12/site-packages/django/db/models/query.py", line 1630, in annotate
    return self._annotate(args, kwargs, select=True)
           ^^^^^^^^^^^^^^^^^^^^^^^^^^^^^^^^^^^^^^^^^
  File "/home/tarxemo/venv/lib/python3.12/site-packages/django/db/models/query.py", line 1680, in _annotate
    clone.query.add_annotation(
  File "/home/tarxemo/venv/lib/python3.12/site-packages/django/db/models/sql/query.py", line 1194, in add_annotation
    annotation = annotation.resolve_expression(self, allow_joins=True, reuse=None)
                 ^^^^^^^^^^^^^^^^^^^^^^^^^^^^^^^^^^^^^^^^^^^^^^^^^^^^^^^^^^^^^^^^^
  File "/home/tarxemo/venv/lib/python3.12/site-packages/django/db/models/aggregates.py", line 63, in resolve_expression
    c = super().resolve_expression(query, allow_joins, reuse, summarize)
        ^^^^^^^^^^^^^^^^^^^^^^^^^^^^^^^^^^^^^^^^^^^^^^^^^^^^^^^^^^^^^^^^
  File "/home/tarxemo/venv/lib/python3.12/site-packages/django/db/models/expressions.py", line 1073, in resolve_expression
    c.source_expressions[pos] = arg.resolve_expression(
                                ^^^^^^^^^^^^^^^^^^^^^^^
  File "/home/tarxemo/venv/lib/python3.12/site-packages/django/db/models/expressions.py", line 895, in resolve_expression
    return query.resolve_ref(self.name, allow_joins, reuse, summarize)
           ^^^^^^^^^^^^^^^^^^^^^^^^^^^^^^^^^^^^^^^^^^^^^^^^^^^^^^^^^^^
  File "/home/tarxemo/venv/lib/python3.12/site-packages/django/db/models/sql/query.py", line 2010, in resolve_ref
    join_info = self.setup_joins(
                ^^^^^^^^^^^^^^^^^
  File "/home/tarxemo/venv/lib/python3.12/site-packages/django/db/models/sql/query.py", line 1863, in setup_joins
    path, final_field, targets, rest = self.names_to_path(
                                       ^^^^^^^^^^^^^^^^^^^
  File "/home/tarxemo/venv/lib/python3.12/site-packages/django/db/models/sql/query.py", line 1768, in names_to_path
    raise FieldError(
graphql.error.located_error.GraphQLLocatedError: Cannot resolve keyword 'elections' into field. Choices are: created_at, description, election, id, institution, leader, level, level_id, name, parent, parent_id, position, student

Traceback (most recent call last):
  File "/home/tarxemo/venv/lib/python3.12/site-packages/promise/promise.py", line 489, in _resolve_from_executor
    executor(resolve, reject)
  File "/home/tarxemo/venv/lib/python3.12/site-packages/promise/promise.py", line 756, in executor
    return resolve(f(*args, **kwargs))
                   ^^^^^^^^^^^^^^^^^^
  File "/home/tarxemo/venv/lib/python3.12/site-packages/graphql/execution/middleware.py", line 75, in make_it_promise
    return next(*args, **kwargs)
           ^^^^^^^^^^^^^^^^^^^^^
  File "/home/tarxemo/Desktop/VS/ElectionBackend/election/queries/positions.py", line 948, in resolve_positions_with_most_contests
    ).annotate(
      ^^^^^^^^^
  File "/home/tarxemo/venv/lib/python3.12/site-packages/django/db/models/query.py", line 1630, in annotate
    return self._annotate(args, kwargs, select=True)
           ^^^^^^^^^^^^^^^^^^^^^^^^^^^^^^^^^^^^^^^^^
  File "/home/tarxemo/venv/lib/python3.12/site-packages/django/db/models/query.py", line 1680, in _annotate
    clone.query.add_annotation(
  File "/home/tarxemo/venv/lib/python3.12/site-packages/django/db/models/sql/query.py", line 1194, in add_annotation
    annotation = annotation.resolve_expression(self, allow_joins=True, reuse=None)
                 ^^^^^^^^^^^^^^^^^^^^^^^^^^^^^^^^^^^^^^^^^^^^^^^^^^^^^^^^^^^^^^^^^
  File "/home/tarxemo/venv/lib/python3.12/site-packages/django/db/models/aggregates.py", line 63, in resolve_expression
    c = super().resolve_expression(query, allow_joins, reuse, summarize)
        ^^^^^^^^^^^^^^^^^^^^^^^^^^^^^^^^^^^^^^^^^^^^^^^^^^^^^^^^^^^^^^^^
  File "/home/tarxemo/venv/lib/python3.12/site-packages/django/db/models/expressions.py", line 1073, in resolve_expression
    c.source_expressions[pos] = arg.resolve_expression(
                                ^^^^^^^^^^^^^^^^^^^^^^^
  File "/home/tarxemo/venv/lib/python3.12/site-packages/django/db/models/expressions.py", line 895, in resolve_expression
    return query.resolve_ref(self.name, allow_joins, reuse, summarize)
           ^^^^^^^^^^^^^^^^^^^^^^^^^^^^^^^^^^^^^^^^^^^^^^^^^^^^^^^^^^^
  File "/home/tarxemo/venv/lib/python3.12/site-packages/django/db/models/sql/query.py", line 2026, in resolve_ref
    transform = join_info.transform_function(targets[0], final_alias)
                ^^^^^^^^^^^^^^^^^^^^^^^^^^^^^^^^^^^^^^^^^^^^^^^^^^^^^
  File "/home/tarxemo/venv/lib/python3.12/site-packages/django/db/models/sql/query.py", line 1886, in transform
    return self.try_transform(wrapped, name)
           ^^^^^^^^^^^^^^^^^^^^^^^^^^^^^^^^^
  File "/home/tarxemo/venv/lib/python3.12/site-packages/django/db/models/sql/query.py", line 1423, in try_transform
    raise FieldError(
graphql.error.located_error.GraphQLLocatedError: Unsupported lookup 'candidates' for BigAutoField or join on the field not permitted.

Traceback (most recent call last):
  File "/home/tarxemo/venv/lib/python3.12/site-packages/promise/promise.py", line 489, in _resolve_from_executor
    executor(resolve, reject)
  File "/home/tarxemo/venv/lib/python3.12/site-packages/promise/promise.py", line 756, in executor
    return resolve(f(*args, **kwargs))
                   ^^^^^^^^^^^^^^^^^^
  File "/home/tarxemo/venv/lib/python3.12/site-packages/graphql/execution/middleware.py", line 75, in make_it_promise
    return next(*args, **kwargs)
           ^^^^^^^^^^^^^^^^^^^^^
  File "/home/tarxemo/Desktop/VS/ElectionBackend/election/queries/positions.py", line 966, in resolve_institutions_with_most_activity
    institutions = Institution.objects.annotate(
                   ^^^^^^^^^^^^^^^^^^^^^^^^^^^^^
  File "/home/tarxemo/venv/lib/python3.12/site-packages/django/db/models/manager.py", line 87, in manager_method
    return getattr(self.get_queryset(), name)(*args, **kwargs)
           ^^^^^^^^^^^^^^^^^^^^^^^^^^^^^^^^^^^^^^^^^^^^^^^^^^^
  File "/home/tarxemo/venv/lib/python3.12/site-packages/django/db/models/query.py", line 1630, in annotate
    return self._annotate(args, kwargs, select=True)
           ^^^^^^^^^^^^^^^^^^^^^^^^^^^^^^^^^^^^^^^^^
  File "/home/tarxemo/venv/lib/python3.12/site-packages/django/db/models/query.py", line 1680, in _annotate
    clone.query.add_annotation(
  File "/home/tarxemo/venv/lib/python3.12/site-packages/django/db/models/sql/query.py", line 1194, in add_annotation
    annotation = annotation.resolve_expression(self, allow_joins=True, reuse=None)
                 ^^^^^^^^^^^^^^^^^^^^^^^^^^^^^^^^^^^^^^^^^^^^^^^^^^^^^^^^^^^^^^^^^
  File "/home/tarxemo/venv/lib/python3.12/site-packages/django/db/models/aggregates.py", line 63, in resolve_expression
    c = super().resolve_expression(query, allow_joins, reuse, summarize)
        ^^^^^^^^^^^^^^^^^^^^^^^^^^^^^^^^^^^^^^^^^^^^^^^^^^^^^^^^^^^^^^^^
  File "/home/tarxemo/venv/lib/python3.12/site-packages/django/db/models/expressions.py", line 1073, in resolve_expression
    c.source_expressions[pos] = arg.resolve_expression(
                                ^^^^^^^^^^^^^^^^^^^^^^^
  File "/home/tarxemo/venv/lib/python3.12/site-packages/django/db/models/expressions.py", line 895, in resolve_expression
    return query.resolve_ref(self.name, allow_joins, reuse, summarize)
           ^^^^^^^^^^^^^^^^^^^^^^^^^^^^^^^^^^^^^^^^^^^^^^^^^^^^^^^^^^^
  File "/home/tarxemo/venv/lib/python3.12/site-packages/django/db/models/sql/query.py", line 2010, in resolve_ref
    join_info = self.setup_joins(
                ^^^^^^^^^^^^^^^^^
  File "/home/tarxemo/venv/lib/python3.12/site-packages/django/db/models/sql/query.py", line 1863, in setup_joins
    path, final_field, targets, rest = self.names_to_path(
                                       ^^^^^^^^^^^^^^^^^^^
  File "/home/tarxemo/venv/lib/python3.12/site-packages/django/db/models/sql/query.py", line 1768, in names_to_path
    raise FieldError(
graphql.error.located_error.GraphQLLocatedError: Cannot resolve keyword 'elections' into field. Choices are: created_at, description, election, id, institution, leader, level, level_id, name, parent, parent_id, position, student

Traceback (most recent call last):
  File "/home/tarxemo/venv/lib/python3.12/site-packages/promise/promise.py", line 489, in _resolve_from_executor
    executor(resolve, reject)
  File "/home/tarxemo/venv/lib/python3.12/site-packages/promise/promise.py", line 756, in executor
    return resolve(f(*args, **kwargs))
                   ^^^^^^^^^^^^^^^^^^
  File "/home/tarxemo/venv/lib/python3.12/site-packages/graphql/execution/middleware.py", line 75, in make_it_promise
    return next(*args, **kwargs)
           ^^^^^^^^^^^^^^^^^^^^^
  File "/home/tarxemo/Desktop/VS/ElectionBackend/election/queries/positions.py", line 948, in resolve_positions_with_most_contests
    ).annotate(
      ^^^^^^^^^
  File "/home/tarxemo/venv/lib/python3.12/site-packages/django/db/models/query.py", line 1630, in annotate
    return self._annotate(args, kwargs, select=True)
           ^^^^^^^^^^^^^^^^^^^^^^^^^^^^^^^^^^^^^^^^^
  File "/home/tarxemo/venv/lib/python3.12/site-packages/django/db/models/query.py", line 1680, in _annotate
    clone.query.add_annotation(
  File "/home/tarxemo/venv/lib/python3.12/site-packages/django/db/models/sql/query.py", line 1194, in add_annotation
    annotation = annotation.resolve_expression(self, allow_joins=True, reuse=None)
                 ^^^^^^^^^^^^^^^^^^^^^^^^^^^^^^^^^^^^^^^^^^^^^^^^^^^^^^^^^^^^^^^^^
  File "/home/tarxemo/venv/lib/python3.12/site-packages/django/db/models/aggregates.py", line 63, in resolve_expression
    c = super().resolve_expression(query, allow_joins, reuse, summarize)
        ^^^^^^^^^^^^^^^^^^^^^^^^^^^^^^^^^^^^^^^^^^^^^^^^^^^^^^^^^^^^^^^^
  File "/home/tarxemo/venv/lib/python3.12/site-packages/django/db/models/expressions.py", line 1073, in resolve_expression
    c.source_expressions[pos] = arg.resolve_expression(
                                ^^^^^^^^^^^^^^^^^^^^^^^
  File "/home/tarxemo/venv/lib/python3.12/site-packages/django/db/models/expressions.py", line 895, in resolve_expression
    return query.resolve_ref(self.name, allow_joins, reuse, summarize)
           ^^^^^^^^^^^^^^^^^^^^^^^^^^^^^^^^^^^^^^^^^^^^^^^^^^^^^^^^^^^
  File "/home/tarxemo/venv/lib/python3.12/site-packages/django/db/models/sql/query.py", line 2026, in resolve_ref
    transform = join_info.transform_function(targets[0], final_alias)
                ^^^^^^^^^^^^^^^^^^^^^^^^^^^^^^^^^^^^^^^^^^^^^^^^^^^^^
  File "/home/tarxemo/venv/lib/python3.12/site-packages/django/db/models/sql/query.py", line 1886, in transform
    return self.try_transform(wrapped, name)
           ^^^^^^^^^^^^^^^^^^^^^^^^^^^^^^^^^
  File "/home/tarxemo/venv/lib/python3.12/site-packages/django/db/models/sql/query.py", line 1423, in try_transform
    raise FieldError(
graphql.error.located_error.GraphQLLocatedError: Unsupported lookup 'candidates' for BigAutoField or join on the field not permitted.

Traceback (most recent call last):
  File "/home/tarxemo/venv/lib/python3.12/site-packages/promise/promise.py", line 489, in _resolve_from_executor
    executor(resolve, reject)
  File "/home/tarxemo/venv/lib/python3.12/site-packages/promise/promise.py", line 756, in executor
    return resolve(f(*args, **kwargs))
                   ^^^^^^^^^^^^^^^^^^
  File "/home/tarxemo/venv/lib/python3.12/site-packages/graphql/execution/middleware.py", line 75, in make_it_promise
    return next(*args, **kwargs)
           ^^^^^^^^^^^^^^^^^^^^^
  File "/home/tarxemo/Desktop/VS/ElectionBackend/election/queries/positions.py", line 966, in resolve_institutions_with_most_activity
    institutions = Institution.objects.annotate(
                   ^^^^^^^^^^^^^^^^^^^^^^^^^^^^^
  File "/home/tarxemo/venv/lib/python3.12/site-packages/django/db/models/manager.py", line 87, in manager_method
    return getattr(self.get_queryset(), name)(*args, **kwargs)
           ^^^^^^^^^^^^^^^^^^^^^^^^^^^^^^^^^^^^^^^^^^^^^^^^^^^
  File "/home/tarxemo/venv/lib/python3.12/site-packages/django/db/models/query.py", line 1630, in annotate
    return self._annotate(args, kwargs, select=True)
           ^^^^^^^^^^^^^^^^^^^^^^^^^^^^^^^^^^^^^^^^^
  File "/home/tarxemo/venv/lib/python3.12/site-packages/django/db/models/query.py", line 1680, in _annotate
    clone.query.add_annotation(
  File "/home/tarxemo/venv/lib/python3.12/site-packages/django/db/models/sql/query.py", line 1194, in add_annotation
    annotation = annotation.resolve_expression(self, allow_joins=True, reuse=None)
                 ^^^^^^^^^^^^^^^^^^^^^^^^^^^^^^^^^^^^^^^^^^^^^^^^^^^^^^^^^^^^^^^^^
  File "/home/tarxemo/venv/lib/python3.12/site-packages/django/db/models/aggregates.py", line 63, in resolve_expression
    c = super().resolve_expression(query, allow_joins, reuse, summarize)
        ^^^^^^^^^^^^^^^^^^^^^^^^^^^^^^^^^^^^^^^^^^^^^^^^^^^^^^^^^^^^^^^^
  File "/home/tarxemo/venv/lib/python3.12/site-packages/django/db/models/expressions.py", line 1073, in resolve_expression
    c.source_expressions[pos] = arg.resolve_expression(
                                ^^^^^^^^^^^^^^^^^^^^^^^
  File "/home/tarxemo/venv/lib/python3.12/site-packages/django/db/models/expressions.py", line 895, in resolve_expression
    return query.resolve_ref(self.name, allow_joins, reuse, summarize)
           ^^^^^^^^^^^^^^^^^^^^^^^^^^^^^^^^^^^^^^^^^^^^^^^^^^^^^^^^^^^
  File "/home/tarxemo/venv/lib/python3.12/site-packages/django/db/models/sql/query.py", line 2010, in resolve_ref
    join_info = self.setup_joins(
                ^^^^^^^^^^^^^^^^^
  File "/home/tarxemo/venv/lib/python3.12/site-packages/django/db/models/sql/query.py", line 1863, in setup_joins
    path, final_field, targets, rest = self.names_to_path(
                                       ^^^^^^^^^^^^^^^^^^^
  File "/home/tarxemo/venv/lib/python3.12/site-packages/django/db/models/sql/query.py", line 1768, in names_to_path
    raise FieldError(
graphql.error.located_error.GraphQLLocatedError: Cannot resolve keyword 'elections' into field. Choices are: created_at, description, election, id, institution, leader, level, level_id, name, parent, parent_id, position, student

/home/tarxemo/Desktop/VS/ElectionBackend/election/queries/simulate_votes.py changed, reloading.
Watching for file changes with StatReloader
Traceback (most recent call last):
  File "/home/tarxemo/venv/lib/python3.12/site-packages/promise/promise.py", line 489, in _resolve_from_executor
    executor(resolve, reject)
  File "/home/tarxemo/venv/lib/python3.12/site-packages/promise/promise.py", line 756, in executor
    return resolve(f(*args, **kwargs))
                   ^^^^^^^^^^^^^^^^^^
  File "/home/tarxemo/venv/lib/python3.12/site-packages/graphql/execution/middleware.py", line 75, in make_it_promise
    return next(*args, **kwargs)
           ^^^^^^^^^^^^^^^^^^^^^
  File "/home/tarxemo/Desktop/VS/ElectionBackend/election/queries/positions.py", line 948, in resolve_positions_with_most_contests
    ).annotate(
      ^^^^^^^^^
  File "/home/tarxemo/venv/lib/python3.12/site-packages/django/db/models/query.py", line 1630, in annotate
    return self._annotate(args, kwargs, select=True)
           ^^^^^^^^^^^^^^^^^^^^^^^^^^^^^^^^^^^^^^^^^
  File "/home/tarxemo/venv/lib/python3.12/site-packages/django/db/models/query.py", line 1680, in _annotate
    clone.query.add_annotation(
  File "/home/tarxemo/venv/lib/python3.12/site-packages/django/db/models/sql/query.py", line 1194, in add_annotation
    annotation = annotation.resolve_expression(self, allow_joins=True, reuse=None)
                 ^^^^^^^^^^^^^^^^^^^^^^^^^^^^^^^^^^^^^^^^^^^^^^^^^^^^^^^^^^^^^^^^^
  File "/home/tarxemo/venv/lib/python3.12/site-packages/django/db/models/aggregates.py", line 63, in resolve_expression
    c = super().resolve_expression(query, allow_joins, reuse, summarize)
        ^^^^^^^^^^^^^^^^^^^^^^^^^^^^^^^^^^^^^^^^^^^^^^^^^^^^^^^^^^^^^^^^
  File "/home/tarxemo/venv/lib/python3.12/site-packages/django/db/models/expressions.py", line 1073, in resolve_expression
    c.source_expressions[pos] = arg.resolve_expression(
                                ^^^^^^^^^^^^^^^^^^^^^^^
  File "/home/tarxemo/venv/lib/python3.12/site-packages/django/db/models/expressions.py", line 895, in resolve_expression
    return query.resolve_ref(self.name, allow_joins, reuse, summarize)
           ^^^^^^^^^^^^^^^^^^^^^^^^^^^^^^^^^^^^^^^^^^^^^^^^^^^^^^^^^^^
  File "/home/tarxemo/venv/lib/python3.12/site-packages/django/db/models/sql/query.py", line 2026, in resolve_ref
    transform = join_info.transform_function(targets[0], final_alias)
                ^^^^^^^^^^^^^^^^^^^^^^^^^^^^^^^^^^^^^^^^^^^^^^^^^^^^^
  File "/home/tarxemo/venv/lib/python3.12/site-packages/django/db/models/sql/query.py", line 1886, in transform
    return self.try_transform(wrapped, name)
           ^^^^^^^^^^^^^^^^^^^^^^^^^^^^^^^^^
  File "/home/tarxemo/venv/lib/python3.12/site-packages/django/db/models/sql/query.py", line 1423, in try_transform
    raise FieldError(
graphql.error.located_error.GraphQLLocatedError: Unsupported lookup 'candidates' for BigAutoField or join on the field not permitted.

Traceback (most recent call last):
  File "/home/tarxemo/venv/lib/python3.12/site-packages/promise/promise.py", line 489, in _resolve_from_executor
    executor(resolve, reject)
  File "/home/tarxemo/venv/lib/python3.12/site-packages/promise/promise.py", line 756, in executor
    return resolve(f(*args, **kwargs))
                   ^^^^^^^^^^^^^^^^^^
  File "/home/tarxemo/venv/lib/python3.12/site-packages/graphql/execution/middleware.py", line 75, in make_it_promise
    return next(*args, **kwargs)
           ^^^^^^^^^^^^^^^^^^^^^
  File "/home/tarxemo/Desktop/VS/ElectionBackend/election/queries/positions.py", line 966, in resolve_institutions_with_most_activity
    institutions = Institution.objects.annotate(
                   ^^^^^^^^^^^^^^^^^^^^^^^^^^^^^
  File "/home/tarxemo/venv/lib/python3.12/site-packages/django/db/models/manager.py", line 87, in manager_method
    return getattr(self.get_queryset(), name)(*args, **kwargs)
           ^^^^^^^^^^^^^^^^^^^^^^^^^^^^^^^^^^^^^^^^^^^^^^^^^^^
  File "/home/tarxemo/venv/lib/python3.12/site-packages/django/db/models/query.py", line 1630, in annotate
    return self._annotate(args, kwargs, select=True)
           ^^^^^^^^^^^^^^^^^^^^^^^^^^^^^^^^^^^^^^^^^
  File "/home/tarxemo/venv/lib/python3.12/site-packages/django/db/models/query.py", line 1680, in _annotate
    clone.query.add_annotation(
  File "/home/tarxemo/venv/lib/python3.12/site-packages/django/db/models/sql/query.py", line 1194, in add_annotation
    annotation = annotation.resolve_expression(self, allow_joins=True, reuse=None)
                 ^^^^^^^^^^^^^^^^^^^^^^^^^^^^^^^^^^^^^^^^^^^^^^^^^^^^^^^^^^^^^^^^^
  File "/home/tarxemo/venv/lib/python3.12/site-packages/django/db/models/aggregates.py", line 63, in resolve_expression
    c = super().resolve_expression(query, allow_joins, reuse, summarize)
        ^^^^^^^^^^^^^^^^^^^^^^^^^^^^^^^^^^^^^^^^^^^^^^^^^^^^^^^^^^^^^^^^
  File "/home/tarxemo/venv/lib/python3.12/site-packages/django/db/models/expressions.py", line 1073, in resolve_expression
    c.source_expressions[pos] = arg.resolve_expression(
                                ^^^^^^^^^^^^^^^^^^^^^^^
  File "/home/tarxemo/venv/lib/python3.12/site-packages/django/db/models/expressions.py", line 895, in resolve_expression
    return query.resolve_ref(self.name, allow_joins, reuse, summarize)
           ^^^^^^^^^^^^^^^^^^^^^^^^^^^^^^^^^^^^^^^^^^^^^^^^^^^^^^^^^^^
  File "/home/tarxemo/venv/lib/python3.12/site-packages/django/db/models/sql/query.py", line 2010, in resolve_ref
    join_info = self.setup_joins(
                ^^^^^^^^^^^^^^^^^
  File "/home/tarxemo/venv/lib/python3.12/site-packages/django/db/models/sql/query.py", line 1863, in setup_joins
    path, final_field, targets, rest = self.names_to_path(
                                       ^^^^^^^^^^^^^^^^^^^
  File "/home/tarxemo/venv/lib/python3.12/site-packages/django/db/models/sql/query.py", line 1768, in names_to_path
    raise FieldError(
graphql.error.located_error.GraphQLLocatedError: Cannot resolve keyword 'elections' into field. Choices are: created_at, description, election, id, institution, leader, level, level_id, name, parent, parent_id, position, student

Bad Request: /graphql/
Bad Request: /graphql/
Bad Request: /graphql/
Traceback (most recent call last):
  File "/home/tarxemo/venv/lib/python3.12/site-packages/promise/promise.py", line 489, in _resolve_from_executor
    executor(resolve, reject)
  File "/home/tarxemo/venv/lib/python3.12/site-packages/promise/promise.py", line 756, in executor
    return resolve(f(*args, **kwargs))
                   ^^^^^^^^^^^^^^^^^^
  File "/home/tarxemo/venv/lib/python3.12/site-packages/graphql/execution/middleware.py", line 75, in make_it_promise
    return next(*args, **kwargs)
           ^^^^^^^^^^^^^^^^^^^^^
  File "/home/tarxemo/Desktop/VS/ElectionBackend/election/queries/positions.py", line 948, in resolve_positions_with_most_contests
    ).annotate(
      ^^^^^^^^^
  File "/home/tarxemo/venv/lib/python3.12/site-packages/django/db/models/query.py", line 1630, in annotate
    return self._annotate(args, kwargs, select=True)
           ^^^^^^^^^^^^^^^^^^^^^^^^^^^^^^^^^^^^^^^^^
  File "/home/tarxemo/venv/lib/python3.12/site-packages/django/db/models/query.py", line 1680, in _annotate
    clone.query.add_annotation(
  File "/home/tarxemo/venv/lib/python3.12/site-packages/django/db/models/sql/query.py", line 1194, in add_annotation
    annotation = annotation.resolve_expression(self, allow_joins=True, reuse=None)
                 ^^^^^^^^^^^^^^^^^^^^^^^^^^^^^^^^^^^^^^^^^^^^^^^^^^^^^^^^^^^^^^^^^
  File "/home/tarxemo/venv/lib/python3.12/site-packages/django/db/models/aggregates.py", line 63, in resolve_expression
    c = super().resolve_expression(query, allow_joins, reuse, summarize)
        ^^^^^^^^^^^^^^^^^^^^^^^^^^^^^^^^^^^^^^^^^^^^^^^^^^^^^^^^^^^^^^^^
  File "/home/tarxemo/venv/lib/python3.12/site-packages/django/db/models/expressions.py", line 1073, in resolve_expression
    c.source_expressions[pos] = arg.resolve_expression(
                                ^^^^^^^^^^^^^^^^^^^^^^^
  File "/home/tarxemo/venv/lib/python3.12/site-packages/django/db/models/expressions.py", line 895, in resolve_expression
    return query.resolve_ref(self.name, allow_joins, reuse, summarize)
           ^^^^^^^^^^^^^^^^^^^^^^^^^^^^^^^^^^^^^^^^^^^^^^^^^^^^^^^^^^^
  File "/home/tarxemo/venv/lib/python3.12/site-packages/django/db/models/sql/query.py", line 2026, in resolve_ref
    transform = join_info.transform_function(targets[0], final_alias)
                ^^^^^^^^^^^^^^^^^^^^^^^^^^^^^^^^^^^^^^^^^^^^^^^^^^^^^
  File "/home/tarxemo/venv/lib/python3.12/site-packages/django/db/models/sql/query.py", line 1886, in transform
    return self.try_transform(wrapped, name)
           ^^^^^^^^^^^^^^^^^^^^^^^^^^^^^^^^^
  File "/home/tarxemo/venv/lib/python3.12/site-packages/django/db/models/sql/query.py", line 1423, in try_transform
    raise FieldError(
graphql.error.located_error.GraphQLLocatedError: Unsupported lookup 'candidates' for BigAutoField or join on the field not permitted.

Traceback (most recent call last):
  File "/home/tarxemo/venv/lib/python3.12/site-packages/promise/promise.py", line 489, in _resolve_from_executor
    executor(resolve, reject)
  File "/home/tarxemo/venv/lib/python3.12/site-packages/promise/promise.py", line 756, in executor
    return resolve(f(*args, **kwargs))
                   ^^^^^^^^^^^^^^^^^^
  File "/home/tarxemo/venv/lib/python3.12/site-packages/graphql/execution/middleware.py", line 75, in make_it_promise
    return next(*args, **kwargs)
           ^^^^^^^^^^^^^^^^^^^^^
  File "/home/tarxemo/Desktop/VS/ElectionBackend/election/queries/positions.py", line 966, in resolve_institutions_with_most_activity
    institutions = Institution.objects.annotate(
                   ^^^^^^^^^^^^^^^^^^^^^^^^^^^^^
  File "/home/tarxemo/venv/lib/python3.12/site-packages/django/db/models/manager.py", line 87, in manager_method
    return getattr(self.get_queryset(), name)(*args, **kwargs)
           ^^^^^^^^^^^^^^^^^^^^^^^^^^^^^^^^^^^^^^^^^^^^^^^^^^^
  File "/home/tarxemo/venv/lib/python3.12/site-packages/django/db/models/query.py", line 1630, in annotate
    return self._annotate(args, kwargs, select=True)
           ^^^^^^^^^^^^^^^^^^^^^^^^^^^^^^^^^^^^^^^^^
  File "/home/tarxemo/venv/lib/python3.12/site-packages/django/db/models/query.py", line 1680, in _annotate
    clone.query.add_annotation(
  File "/home/tarxemo/venv/lib/python3.12/site-packages/django/db/models/sql/query.py", line 1194, in add_annotation
    annotation = annotation.resolve_expression(self, allow_joins=True, reuse=None)
                 ^^^^^^^^^^^^^^^^^^^^^^^^^^^^^^^^^^^^^^^^^^^^^^^^^^^^^^^^^^^^^^^^^
  File "/home/tarxemo/venv/lib/python3.12/site-packages/django/db/models/aggregates.py", line 63, in resolve_expression
    c = super().resolve_expression(query, allow_joins, reuse, summarize)
        ^^^^^^^^^^^^^^^^^^^^^^^^^^^^^^^^^^^^^^^^^^^^^^^^^^^^^^^^^^^^^^^^
  File "/home/tarxemo/venv/lib/python3.12/site-packages/django/db/models/expressions.py", line 1073, in resolve_expression
    c.source_expressions[pos] = arg.resolve_expression(
                                ^^^^^^^^^^^^^^^^^^^^^^^
  File "/home/tarxemo/venv/lib/python3.12/site-packages/django/db/models/expressions.py", line 895, in resolve_expression
    return query.resolve_ref(self.name, allow_joins, reuse, summarize)
           ^^^^^^^^^^^^^^^^^^^^^^^^^^^^^^^^^^^^^^^^^^^^^^^^^^^^^^^^^^^
  File "/home/tarxemo/venv/lib/python3.12/site-packages/django/db/models/sql/query.py", line 2010, in resolve_ref
    join_info = self.setup_joins(
                ^^^^^^^^^^^^^^^^^
  File "/home/tarxemo/venv/lib/python3.12/site-packages/django/db/models/sql/query.py", line 1863, in setup_joins
    path, final_field, targets, rest = self.names_to_path(
                                       ^^^^^^^^^^^^^^^^^^^
  File "/home/tarxemo/venv/lib/python3.12/site-packages/django/db/models/sql/query.py", line 1768, in names_to_path
    raise FieldError(
graphql.error.located_error.GraphQLLocatedError: Cannot resolve keyword 'elections' into field. Choices are: created_at, description, election, id, institution, leader, level, level_id, name, parent, parent_id, position, student

Bad Request: /graphql/
Bad Request: /graphql/
/home/tarxemo/Desktop/VS/ElectionBackend/election/queries/simulate_votes.py changed, reloading.
Watching for file changes with StatReloader
Bad Request: /graphql/
Bad Request: /graphql/
Traceback (most recent call last):
  File "/home/tarxemo/venv/lib/python3.12/site-packages/promise/promise.py", line 489, in _resolve_from_executor
    executor(resolve, reject)
  File "/home/tarxemo/venv/lib/python3.12/site-packages/promise/promise.py", line 756, in executor
    return resolve(f(*args, **kwargs))
                   ^^^^^^^^^^^^^^^^^^
  File "/home/tarxemo/venv/lib/python3.12/site-packages/graphql/execution/middleware.py", line 75, in make_it_promise
    return next(*args, **kwargs)
           ^^^^^^^^^^^^^^^^^^^^^
  File "/home/tarxemo/Desktop/VS/ElectionBackend/election/queries/positions.py", line 948, in resolve_positions_with_most_contests
    ).annotate(
      ^^^^^^^^^
  File "/home/tarxemo/venv/lib/python3.12/site-packages/django/db/models/query.py", line 1630, in annotate
    return self._annotate(args, kwargs, select=True)
           ^^^^^^^^^^^^^^^^^^^^^^^^^^^^^^^^^^^^^^^^^
  File "/home/tarxemo/venv/lib/python3.12/site-packages/django/db/models/query.py", line 1680, in _annotate
    clone.query.add_annotation(
  File "/home/tarxemo/venv/lib/python3.12/site-packages/django/db/models/sql/query.py", line 1194, in add_annotation
    annotation = annotation.resolve_expression(self, allow_joins=True, reuse=None)
                 ^^^^^^^^^^^^^^^^^^^^^^^^^^^^^^^^^^^^^^^^^^^^^^^^^^^^^^^^^^^^^^^^^
  File "/home/tarxemo/venv/lib/python3.12/site-packages/django/db/models/aggregates.py", line 63, in resolve_expression
    c = super().resolve_expression(query, allow_joins, reuse, summarize)
        ^^^^^^^^^^^^^^^^^^^^^^^^^^^^^^^^^^^^^^^^^^^^^^^^^^^^^^^^^^^^^^^^
  File "/home/tarxemo/venv/lib/python3.12/site-packages/django/db/models/expressions.py", line 1073, in resolve_expression
    c.source_expressions[pos] = arg.resolve_expression(
                                ^^^^^^^^^^^^^^^^^^^^^^^
  File "/home/tarxemo/venv/lib/python3.12/site-packages/django/db/models/expressions.py", line 895, in resolve_expression
    return query.resolve_ref(self.name, allow_joins, reuse, summarize)
           ^^^^^^^^^^^^^^^^^^^^^^^^^^^^^^^^^^^^^^^^^^^^^^^^^^^^^^^^^^^
  File "/home/tarxemo/venv/lib/python3.12/site-packages/django/db/models/sql/query.py", line 2026, in resolve_ref
    transform = join_info.transform_function(targets[0], final_alias)
                ^^^^^^^^^^^^^^^^^^^^^^^^^^^^^^^^^^^^^^^^^^^^^^^^^^^^^
  File "/home/tarxemo/venv/lib/python3.12/site-packages/django/db/models/sql/query.py", line 1886, in transform
    return self.try_transform(wrapped, name)
           ^^^^^^^^^^^^^^^^^^^^^^^^^^^^^^^^^
  File "/home/tarxemo/venv/lib/python3.12/site-packages/django/db/models/sql/query.py", line 1423, in try_transform
    raise FieldError(
graphql.error.located_error.GraphQLLocatedError: Unsupported lookup 'candidates' for BigAutoField or join on the field not permitted.

Traceback (most recent call last):
  File "/home/tarxemo/venv/lib/python3.12/site-packages/promise/promise.py", line 489, in _resolve_from_executor
    executor(resolve, reject)
  File "/home/tarxemo/venv/lib/python3.12/site-packages/promise/promise.py", line 756, in executor
    return resolve(f(*args, **kwargs))
                   ^^^^^^^^^^^^^^^^^^
  File "/home/tarxemo/venv/lib/python3.12/site-packages/graphql/execution/middleware.py", line 75, in make_it_promise
    return next(*args, **kwargs)
           ^^^^^^^^^^^^^^^^^^^^^
  File "/home/tarxemo/Desktop/VS/ElectionBackend/election/queries/positions.py", line 966, in resolve_institutions_with_most_activity
    institutions = Institution.objects.annotate(
                   ^^^^^^^^^^^^^^^^^^^^^^^^^^^^^
  File "/home/tarxemo/venv/lib/python3.12/site-packages/django/db/models/manager.py", line 87, in manager_method
    return getattr(self.get_queryset(), name)(*args, **kwargs)
           ^^^^^^^^^^^^^^^^^^^^^^^^^^^^^^^^^^^^^^^^^^^^^^^^^^^
  File "/home/tarxemo/venv/lib/python3.12/site-packages/django/db/models/query.py", line 1630, in annotate
    return self._annotate(args, kwargs, select=True)
           ^^^^^^^^^^^^^^^^^^^^^^^^^^^^^^^^^^^^^^^^^
  File "/home/tarxemo/venv/lib/python3.12/site-packages/django/db/models/query.py", line 1680, in _annotate
    clone.query.add_annotation(
  File "/home/tarxemo/venv/lib/python3.12/site-packages/django/db/models/sql/query.py", line 1194, in add_annotation
    annotation = annotation.resolve_expression(self, allow_joins=True, reuse=None)
                 ^^^^^^^^^^^^^^^^^^^^^^^^^^^^^^^^^^^^^^^^^^^^^^^^^^^^^^^^^^^^^^^^^
  File "/home/tarxemo/venv/lib/python3.12/site-packages/django/db/models/aggregates.py", line 63, in resolve_expression
    c = super().resolve_expression(query, allow_joins, reuse, summarize)
        ^^^^^^^^^^^^^^^^^^^^^^^^^^^^^^^^^^^^^^^^^^^^^^^^^^^^^^^^^^^^^^^^
  File "/home/tarxemo/venv/lib/python3.12/site-packages/django/db/models/expressions.py", line 1073, in resolve_expression
    c.source_expressions[pos] = arg.resolve_expression(
                                ^^^^^^^^^^^^^^^^^^^^^^^
  File "/home/tarxemo/venv/lib/python3.12/site-packages/django/db/models/expressions.py", line 895, in resolve_expression
    return query.resolve_ref(self.name, allow_joins, reuse, summarize)
           ^^^^^^^^^^^^^^^^^^^^^^^^^^^^^^^^^^^^^^^^^^^^^^^^^^^^^^^^^^^
  File "/home/tarxemo/venv/lib/python3.12/site-packages/django/db/models/sql/query.py", line 2010, in resolve_ref
    join_info = self.setup_joins(
                ^^^^^^^^^^^^^^^^^
  File "/home/tarxemo/venv/lib/python3.12/site-packages/django/db/models/sql/query.py", line 1863, in setup_joins
    path, final_field, targets, rest = self.names_to_path(
                                       ^^^^^^^^^^^^^^^^^^^
  File "/home/tarxemo/venv/lib/python3.12/site-packages/django/db/models/sql/query.py", line 1768, in names_to_path
    raise FieldError(
graphql.error.located_error.GraphQLLocatedError: Cannot resolve keyword 'elections' into field. Choices are: created_at, description, election, id, institution, leader, level, level_id, name, parent, parent_id, position, student

Bad Request: /graphql/
Bad Request: /graphql/
Bad Request: /graphql/
Bad Request: /graphql/
Bad Request: /graphql/
Bad Request: /graphql/
Bad Request: /graphql/
Bad Request: /graphql/
Bad Request: /graphql/
/home/tarxemo/Desktop/VS/ElectionBackend/election/outputs.py changed, reloading.
Watching for file changes with StatReloader
Bad Request: /graphql/
Bad Request: /graphql/
/home/tarxemo/Desktop/VS/ElectionBackend/election/outputs.py changed, reloading.
Watching for file changes with StatReloader
Bad Request: /graphql/
/home/tarxemo/Desktop/VS/ElectionBackend/election/outputs.py changed, reloading.
Watching for file changes with StatReloader
Bad Request: /graphql/
/home/tarxemo/Desktop/VS/ElectionBackend/election/outputs.py changed, reloading.
Watching for file changes with StatReloader
Bad Request: /graphql/
/home/tarxemo/Desktop/VS/ElectionBackend/election/outputs.py changed, reloading.
Watching for file changes with StatReloader
Bad Request: /graphql/
Bad Request: /graphql/
Bad Request: /graphql/
Bad Request: /graphql/
Bad Request: /graphql/
Bad Request: /graphql/
Bad Request: /graphql/
Bad Request: /graphql/
Bad Request: /graphql/
Bad Request: /graphql/
Bad Request: /graphql/
Bad Request: /graphql/
Bad Request: /graphql/
Bad Request: /graphql/
Bad Request: /graphql/
Bad Request: /graphql/
Traceback (most recent call last):
  File "/home/tarxemo/venv/lib/python3.12/site-packages/promise/promise.py", line 489, in _resolve_from_executor
    executor(resolve, reject)
  File "/home/tarxemo/venv/lib/python3.12/site-packages/promise/promise.py", line 756, in executor
    return resolve(f(*args, **kwargs))
                   ^^^^^^^^^^^^^^^^^^
  File "/home/tarxemo/venv/lib/python3.12/site-packages/graphql/execution/middleware.py", line 75, in make_it_promise
    return next(*args, **kwargs)
           ^^^^^^^^^^^^^^^^^^^^^
  File "/home/tarxemo/Desktop/VS/ElectionBackend/election/queries/positions.py", line 948, in resolve_positions_with_most_contests
    ).annotate(
      ^^^^^^^^^
  File "/home/tarxemo/venv/lib/python3.12/site-packages/django/db/models/query.py", line 1630, in annotate
    return self._annotate(args, kwargs, select=True)
           ^^^^^^^^^^^^^^^^^^^^^^^^^^^^^^^^^^^^^^^^^
  File "/home/tarxemo/venv/lib/python3.12/site-packages/django/db/models/query.py", line 1680, in _annotate
    clone.query.add_annotation(
  File "/home/tarxemo/venv/lib/python3.12/site-packages/django/db/models/sql/query.py", line 1194, in add_annotation
    annotation = annotation.resolve_expression(self, allow_joins=True, reuse=None)
                 ^^^^^^^^^^^^^^^^^^^^^^^^^^^^^^^^^^^^^^^^^^^^^^^^^^^^^^^^^^^^^^^^^
  File "/home/tarxemo/venv/lib/python3.12/site-packages/django/db/models/aggregates.py", line 63, in resolve_expression
    c = super().resolve_expression(query, allow_joins, reuse, summarize)
        ^^^^^^^^^^^^^^^^^^^^^^^^^^^^^^^^^^^^^^^^^^^^^^^^^^^^^^^^^^^^^^^^
  File "/home/tarxemo/venv/lib/python3.12/site-packages/django/db/models/expressions.py", line 1073, in resolve_expression
    c.source_expressions[pos] = arg.resolve_expression(
                                ^^^^^^^^^^^^^^^^^^^^^^^
  File "/home/tarxemo/venv/lib/python3.12/site-packages/django/db/models/expressions.py", line 895, in resolve_expression
    return query.resolve_ref(self.name, allow_joins, reuse, summarize)
           ^^^^^^^^^^^^^^^^^^^^^^^^^^^^^^^^^^^^^^^^^^^^^^^^^^^^^^^^^^^
  File "/home/tarxemo/venv/lib/python3.12/site-packages/django/db/models/sql/query.py", line 2026, in resolve_ref
    transform = join_info.transform_function(targets[0], final_alias)
                ^^^^^^^^^^^^^^^^^^^^^^^^^^^^^^^^^^^^^^^^^^^^^^^^^^^^^
  File "/home/tarxemo/venv/lib/python3.12/site-packages/django/db/models/sql/query.py", line 1886, in transform
    return self.try_transform(wrapped, name)
           ^^^^^^^^^^^^^^^^^^^^^^^^^^^^^^^^^
  File "/home/tarxemo/venv/lib/python3.12/site-packages/django/db/models/sql/query.py", line 1423, in try_transform
    raise FieldError(
graphql.error.located_error.GraphQLLocatedError: Unsupported lookup 'candidates' for BigAutoField or join on the field not permitted.

Traceback (most recent call last):
  File "/home/tarxemo/venv/lib/python3.12/site-packages/promise/promise.py", line 489, in _resolve_from_executor
    executor(resolve, reject)
  File "/home/tarxemo/venv/lib/python3.12/site-packages/promise/promise.py", line 756, in executor
    return resolve(f(*args, **kwargs))
                   ^^^^^^^^^^^^^^^^^^
  File "/home/tarxemo/venv/lib/python3.12/site-packages/graphql/execution/middleware.py", line 75, in make_it_promise
    return next(*args, **kwargs)
           ^^^^^^^^^^^^^^^^^^^^^
  File "/home/tarxemo/Desktop/VS/ElectionBackend/election/queries/positions.py", line 966, in resolve_institutions_with_most_activity
    institutions = Institution.objects.annotate(
                   ^^^^^^^^^^^^^^^^^^^^^^^^^^^^^
  File "/home/tarxemo/venv/lib/python3.12/site-packages/django/db/models/manager.py", line 87, in manager_method
    return getattr(self.get_queryset(), name)(*args, **kwargs)
           ^^^^^^^^^^^^^^^^^^^^^^^^^^^^^^^^^^^^^^^^^^^^^^^^^^^
  File "/home/tarxemo/venv/lib/python3.12/site-packages/django/db/models/query.py", line 1630, in annotate
    return self._annotate(args, kwargs, select=True)
           ^^^^^^^^^^^^^^^^^^^^^^^^^^^^^^^^^^^^^^^^^
  File "/home/tarxemo/venv/lib/python3.12/site-packages/django/db/models/query.py", line 1680, in _annotate
    clone.query.add_annotation(
  File "/home/tarxemo/venv/lib/python3.12/site-packages/django/db/models/sql/query.py", line 1194, in add_annotation
    annotation = annotation.resolve_expression(self, allow_joins=True, reuse=None)
                 ^^^^^^^^^^^^^^^^^^^^^^^^^^^^^^^^^^^^^^^^^^^^^^^^^^^^^^^^^^^^^^^^^
  File "/home/tarxemo/venv/lib/python3.12/site-packages/django/db/models/aggregates.py", line 63, in resolve_expression
    c = super().resolve_expression(query, allow_joins, reuse, summarize)
        ^^^^^^^^^^^^^^^^^^^^^^^^^^^^^^^^^^^^^^^^^^^^^^^^^^^^^^^^^^^^^^^^
  File "/home/tarxemo/venv/lib/python3.12/site-packages/django/db/models/expressions.py", line 1073, in resolve_expression
    c.source_expressions[pos] = arg.resolve_expression(
                                ^^^^^^^^^^^^^^^^^^^^^^^
  File "/home/tarxemo/venv/lib/python3.12/site-packages/django/db/models/expressions.py", line 895, in resolve_expression
    return query.resolve_ref(self.name, allow_joins, reuse, summarize)
           ^^^^^^^^^^^^^^^^^^^^^^^^^^^^^^^^^^^^^^^^^^^^^^^^^^^^^^^^^^^
  File "/home/tarxemo/venv/lib/python3.12/site-packages/django/db/models/sql/query.py", line 2010, in resolve_ref
    join_info = self.setup_joins(
                ^^^^^^^^^^^^^^^^^
  File "/home/tarxemo/venv/lib/python3.12/site-packages/django/db/models/sql/query.py", line 1863, in setup_joins
    path, final_field, targets, rest = self.names_to_path(
                                       ^^^^^^^^^^^^^^^^^^^
  File "/home/tarxemo/venv/lib/python3.12/site-packages/django/db/models/sql/query.py", line 1768, in names_to_path
    raise FieldError(
graphql.error.located_error.GraphQLLocatedError: Cannot resolve keyword 'elections' into field. Choices are: created_at, description, election, id, institution, leader, level, level_id, name, parent, parent_id, position, student

Bad Request: /graphql/
Bad Request: /graphql/
Bad Request: /graphql/
Bad Request: /graphql/
Bad Request: /graphql/
Bad Request: /graphql/
Bad Request: /graphql/
Bad Request: /graphql/
Bad Request: /graphql/
Bad Request: /graphql/
Bad Request: /graphql/
Bad Request: /graphql/
Bad Request: /graphql/
Bad Request: /graphql/
Bad Request: /graphql/
Bad Request: /graphql/
Bad Request: /graphql/
Bad Request: /graphql/
Bad Request: /graphql/
Bad Request: /graphql/
Bad Request: /graphql/
Bad Request: /graphql/
Bad Request: /graphql/
Bad Request: /graphql/
Bad Request: /graphql/
Bad Request: /graphql/
Bad Request: /graphql/
Bad Request: /graphql/
Bad Request: /graphql/
Bad Request: /graphql/
Bad Request: /graphql/
Bad Request: /graphql/
Bad Request: /graphql/
Bad Request: /graphql/
Bad Request: /graphql/
Bad Request: /graphql/
Bad Request: /graphql/
Bad Request: /graphql/
Bad Request: /graphql/
Traceback (most recent call last):
  File "/home/tarxemo/venv/lib/python3.12/site-packages/promise/promise.py", line 489, in _resolve_from_executor
    executor(resolve, reject)
  File "/home/tarxemo/venv/lib/python3.12/site-packages/promise/promise.py", line 756, in executor
    return resolve(f(*args, **kwargs))
                   ^^^^^^^^^^^^^^^^^^
  File "/home/tarxemo/venv/lib/python3.12/site-packages/graphql/execution/middleware.py", line 75, in make_it_promise
    return next(*args, **kwargs)
           ^^^^^^^^^^^^^^^^^^^^^
  File "/home/tarxemo/Desktop/VS/ElectionBackend/election/queries/positions.py", line 948, in resolve_positions_with_most_contests
    ).annotate(
      ^^^^^^^^^
  File "/home/tarxemo/venv/lib/python3.12/site-packages/django/db/models/query.py", line 1630, in annotate
    return self._annotate(args, kwargs, select=True)
           ^^^^^^^^^^^^^^^^^^^^^^^^^^^^^^^^^^^^^^^^^
  File "/home/tarxemo/venv/lib/python3.12/site-packages/django/db/models/query.py", line 1680, in _annotate
    clone.query.add_annotation(
  File "/home/tarxemo/venv/lib/python3.12/site-packages/django/db/models/sql/query.py", line 1194, in add_annotation
    annotation = annotation.resolve_expression(self, allow_joins=True, reuse=None)
                 ^^^^^^^^^^^^^^^^^^^^^^^^^^^^^^^^^^^^^^^^^^^^^^^^^^^^^^^^^^^^^^^^^
  File "/home/tarxemo/venv/lib/python3.12/site-packages/django/db/models/aggregates.py", line 63, in resolve_expression
    c = super().resolve_expression(query, allow_joins, reuse, summarize)
        ^^^^^^^^^^^^^^^^^^^^^^^^^^^^^^^^^^^^^^^^^^^^^^^^^^^^^^^^^^^^^^^^
  File "/home/tarxemo/venv/lib/python3.12/site-packages/django/db/models/expressions.py", line 1073, in resolve_expression
    c.source_expressions[pos] = arg.resolve_expression(
                                ^^^^^^^^^^^^^^^^^^^^^^^
  File "/home/tarxemo/venv/lib/python3.12/site-packages/django/db/models/expressions.py", line 895, in resolve_expression
    return query.resolve_ref(self.name, allow_joins, reuse, summarize)
           ^^^^^^^^^^^^^^^^^^^^^^^^^^^^^^^^^^^^^^^^^^^^^^^^^^^^^^^^^^^
  File "/home/tarxemo/venv/lib/python3.12/site-packages/django/db/models/sql/query.py", line 2026, in resolve_ref
    transform = join_info.transform_function(targets[0], final_alias)
                ^^^^^^^^^^^^^^^^^^^^^^^^^^^^^^^^^^^^^^^^^^^^^^^^^^^^^
  File "/home/tarxemo/venv/lib/python3.12/site-packages/django/db/models/sql/query.py", line 1886, in transform
    return self.try_transform(wrapped, name)
           ^^^^^^^^^^^^^^^^^^^^^^^^^^^^^^^^^
  File "/home/tarxemo/venv/lib/python3.12/site-packages/django/db/models/sql/query.py", line 1423, in try_transform
    raise FieldError(
graphql.error.located_error.GraphQLLocatedError: Unsupported lookup 'candidates' for BigAutoField or join on the field not permitted.

Traceback (most recent call last):
  File "/home/tarxemo/venv/lib/python3.12/site-packages/promise/promise.py", line 489, in _resolve_from_executor
    executor(resolve, reject)
  File "/home/tarxemo/venv/lib/python3.12/site-packages/promise/promise.py", line 756, in executor
    return resolve(f(*args, **kwargs))
                   ^^^^^^^^^^^^^^^^^^
  File "/home/tarxemo/venv/lib/python3.12/site-packages/graphql/execution/middleware.py", line 75, in make_it_promise
    return next(*args, **kwargs)
           ^^^^^^^^^^^^^^^^^^^^^
  File "/home/tarxemo/Desktop/VS/ElectionBackend/election/queries/positions.py", line 966, in resolve_institutions_with_most_activity
    institutions = Institution.objects.annotate(
                   ^^^^^^^^^^^^^^^^^^^^^^^^^^^^^
  File "/home/tarxemo/venv/lib/python3.12/site-packages/django/db/models/manager.py", line 87, in manager_method
    return getattr(self.get_queryset(), name)(*args, **kwargs)
           ^^^^^^^^^^^^^^^^^^^^^^^^^^^^^^^^^^^^^^^^^^^^^^^^^^^
  File "/home/tarxemo/venv/lib/python3.12/site-packages/django/db/models/query.py", line 1630, in annotate
    return self._annotate(args, kwargs, select=True)
           ^^^^^^^^^^^^^^^^^^^^^^^^^^^^^^^^^^^^^^^^^
  File "/home/tarxemo/venv/lib/python3.12/site-packages/django/db/models/query.py", line 1680, in _annotate
    clone.query.add_annotation(
  File "/home/tarxemo/venv/lib/python3.12/site-packages/django/db/models/sql/query.py", line 1194, in add_annotation
    annotation = annotation.resolve_expression(self, allow_joins=True, reuse=None)
                 ^^^^^^^^^^^^^^^^^^^^^^^^^^^^^^^^^^^^^^^^^^^^^^^^^^^^^^^^^^^^^^^^^
  File "/home/tarxemo/venv/lib/python3.12/site-packages/django/db/models/aggregates.py", line 63, in resolve_expression
    c = super().resolve_expression(query, allow_joins, reuse, summarize)
        ^^^^^^^^^^^^^^^^^^^^^^^^^^^^^^^^^^^^^^^^^^^^^^^^^^^^^^^^^^^^^^^^
  File "/home/tarxemo/venv/lib/python3.12/site-packages/django/db/models/expressions.py", line 1073, in resolve_expression
    c.source_expressions[pos] = arg.resolve_expression(
                                ^^^^^^^^^^^^^^^^^^^^^^^
  File "/home/tarxemo/venv/lib/python3.12/site-packages/django/db/models/expressions.py", line 895, in resolve_expression
    return query.resolve_ref(self.name, allow_joins, reuse, summarize)
           ^^^^^^^^^^^^^^^^^^^^^^^^^^^^^^^^^^^^^^^^^^^^^^^^^^^^^^^^^^^
  File "/home/tarxemo/venv/lib/python3.12/site-packages/django/db/models/sql/query.py", line 2010, in resolve_ref
    join_info = self.setup_joins(
                ^^^^^^^^^^^^^^^^^
  File "/home/tarxemo/venv/lib/python3.12/site-packages/django/db/models/sql/query.py", line 1863, in setup_joins
    path, final_field, targets, rest = self.names_to_path(
                                       ^^^^^^^^^^^^^^^^^^^
  File "/home/tarxemo/venv/lib/python3.12/site-packages/django/db/models/sql/query.py", line 1768, in names_to_path
    raise FieldError(
graphql.error.located_error.GraphQLLocatedError: Cannot resolve keyword 'elections' into field. Choices are: created_at, description, election, id, institution, leader, level, level_id, name, parent, parent_id, position, student

Bad Request: /graphql/
Bad Request: /graphql/
Bad Request: /graphql/
Bad Request: /graphql/
Bad Request: /graphql/
Bad Request: /graphql/
Bad Request: /graphql/
Bad Request: /graphql/
Bad Request: /graphql/
Bad Request: /graphql/
Bad Request: /graphql/
Bad Request: /graphql/
Bad Request: /graphql/
Bad Request: /graphql/
Bad Request: /graphql/
Bad Request: /graphql/
Bad Request: /graphql/
Watching for file changes with StatReloader
Bad Request: /graphql/
Bad Request: /graphql/
Bad Request: /graphql/
/home/tarxemo/Desktop/VS/ElectionBackend/election/models.py changed, reloading.
Watching for file changes with StatReloader
Bad Request: /graphql/
Bad Request: /graphql/
Bad Request: /graphql/
Bad Request: /graphql/
Bad Request: /graphql/
Bad Request: /graphql/
Bad Request: /graphql/
Bad Request: /graphql/
Bad Request: /graphql/
Bad Request: /graphql/
Bad Request: /graphql/
Bad Request: /graphql/
Bad Request: /graphql/
Bad Request: /graphql/
Bad Request: /graphql/
Bad Request: /graphql/
Bad Request: /graphql/
Traceback (most recent call last):
  File "/home/tarxemo/venv/lib/python3.12/site-packages/promise/promise.py", line 489, in _resolve_from_executor
    executor(resolve, reject)
  File "/home/tarxemo/venv/lib/python3.12/site-packages/promise/promise.py", line 756, in executor
    return resolve(f(*args, **kwargs))
                   ^^^^^^^^^^^^^^^^^^
  File "/home/tarxemo/venv/lib/python3.12/site-packages/graphql/execution/middleware.py", line 75, in make_it_promise
    return next(*args, **kwargs)
           ^^^^^^^^^^^^^^^^^^^^^
  File "/home/tarxemo/Desktop/VS/ElectionBackend/election/queries/positions.py", line 948, in resolve_positions_with_most_contests
    ).annotate(
      ^^^^^^^^^
  File "/home/tarxemo/venv/lib/python3.12/site-packages/django/db/models/query.py", line 1630, in annotate
    return self._annotate(args, kwargs, select=True)
           ^^^^^^^^^^^^^^^^^^^^^^^^^^^^^^^^^^^^^^^^^
  File "/home/tarxemo/venv/lib/python3.12/site-packages/django/db/models/query.py", line 1680, in _annotate
    clone.query.add_annotation(
  File "/home/tarxemo/venv/lib/python3.12/site-packages/django/db/models/sql/query.py", line 1194, in add_annotation
    annotation = annotation.resolve_expression(self, allow_joins=True, reuse=None)
                 ^^^^^^^^^^^^^^^^^^^^^^^^^^^^^^^^^^^^^^^^^^^^^^^^^^^^^^^^^^^^^^^^^
  File "/home/tarxemo/venv/lib/python3.12/site-packages/django/db/models/aggregates.py", line 63, in resolve_expression
    c = super().resolve_expression(query, allow_joins, reuse, summarize)
        ^^^^^^^^^^^^^^^^^^^^^^^^^^^^^^^^^^^^^^^^^^^^^^^^^^^^^^^^^^^^^^^^
  File "/home/tarxemo/venv/lib/python3.12/site-packages/django/db/models/expressions.py", line 1073, in resolve_expression
    c.source_expressions[pos] = arg.resolve_expression(
                                ^^^^^^^^^^^^^^^^^^^^^^^
  File "/home/tarxemo/venv/lib/python3.12/site-packages/django/db/models/expressions.py", line 895, in resolve_expression
    return query.resolve_ref(self.name, allow_joins, reuse, summarize)
           ^^^^^^^^^^^^^^^^^^^^^^^^^^^^^^^^^^^^^^^^^^^^^^^^^^^^^^^^^^^
  File "/home/tarxemo/venv/lib/python3.12/site-packages/django/db/models/sql/query.py", line 2026, in resolve_ref
    transform = join_info.transform_function(targets[0], final_alias)
                ^^^^^^^^^^^^^^^^^^^^^^^^^^^^^^^^^^^^^^^^^^^^^^^^^^^^^
  File "/home/tarxemo/venv/lib/python3.12/site-packages/django/db/models/sql/query.py", line 1886, in transform
    return self.try_transform(wrapped, name)
           ^^^^^^^^^^^^^^^^^^^^^^^^^^^^^^^^^
  File "/home/tarxemo/venv/lib/python3.12/site-packages/django/db/models/sql/query.py", line 1423, in try_transform
    raise FieldError(
graphql.error.located_error.GraphQLLocatedError: Unsupported lookup 'candidates' for BigAutoField or join on the field not permitted.

Traceback (most recent call last):
  File "/home/tarxemo/venv/lib/python3.12/site-packages/promise/promise.py", line 489, in _resolve_from_executor
    executor(resolve, reject)
  File "/home/tarxemo/venv/lib/python3.12/site-packages/promise/promise.py", line 756, in executor
    return resolve(f(*args, **kwargs))
                   ^^^^^^^^^^^^^^^^^^
  File "/home/tarxemo/venv/lib/python3.12/site-packages/graphql/execution/middleware.py", line 75, in make_it_promise
    return next(*args, **kwargs)
           ^^^^^^^^^^^^^^^^^^^^^
  File "/home/tarxemo/Desktop/VS/ElectionBackend/election/queries/positions.py", line 966, in resolve_institutions_with_most_activity
    institutions = Institution.objects.annotate(
                   ^^^^^^^^^^^^^^^^^^^^^^^^^^^^^
  File "/home/tarxemo/venv/lib/python3.12/site-packages/django/db/models/manager.py", line 87, in manager_method
    return getattr(self.get_queryset(), name)(*args, **kwargs)
           ^^^^^^^^^^^^^^^^^^^^^^^^^^^^^^^^^^^^^^^^^^^^^^^^^^^
  File "/home/tarxemo/venv/lib/python3.12/site-packages/django/db/models/query.py", line 1630, in annotate
    return self._annotate(args, kwargs, select=True)
           ^^^^^^^^^^^^^^^^^^^^^^^^^^^^^^^^^^^^^^^^^
  File "/home/tarxemo/venv/lib/python3.12/site-packages/django/db/models/query.py", line 1680, in _annotate
    clone.query.add_annotation(
  File "/home/tarxemo/venv/lib/python3.12/site-packages/django/db/models/sql/query.py", line 1194, in add_annotation
    annotation = annotation.resolve_expression(self, allow_joins=True, reuse=None)
                 ^^^^^^^^^^^^^^^^^^^^^^^^^^^^^^^^^^^^^^^^^^^^^^^^^^^^^^^^^^^^^^^^^
  File "/home/tarxemo/venv/lib/python3.12/site-packages/django/db/models/aggregates.py", line 63, in resolve_expression
    c = super().resolve_expression(query, allow_joins, reuse, summarize)
        ^^^^^^^^^^^^^^^^^^^^^^^^^^^^^^^^^^^^^^^^^^^^^^^^^^^^^^^^^^^^^^^^
  File "/home/tarxemo/venv/lib/python3.12/site-packages/django/db/models/expressions.py", line 1073, in resolve_expression
    c.source_expressions[pos] = arg.resolve_expression(
                                ^^^^^^^^^^^^^^^^^^^^^^^
  File "/home/tarxemo/venv/lib/python3.12/site-packages/django/db/models/expressions.py", line 895, in resolve_expression
    return query.resolve_ref(self.name, allow_joins, reuse, summarize)
           ^^^^^^^^^^^^^^^^^^^^^^^^^^^^^^^^^^^^^^^^^^^^^^^^^^^^^^^^^^^
  File "/home/tarxemo/venv/lib/python3.12/site-packages/django/db/models/sql/query.py", line 2010, in resolve_ref
    join_info = self.setup_joins(
                ^^^^^^^^^^^^^^^^^
  File "/home/tarxemo/venv/lib/python3.12/site-packages/django/db/models/sql/query.py", line 1863, in setup_joins
    path, final_field, targets, rest = self.names_to_path(
                                       ^^^^^^^^^^^^^^^^^^^
  File "/home/tarxemo/venv/lib/python3.12/site-packages/django/db/models/sql/query.py", line 1768, in names_to_path
    raise FieldError(
graphql.error.located_error.GraphQLLocatedError: Cannot resolve keyword 'elections' into field. Choices are: created_at, description, election, id, institution, leader, level, level_id, name, parent, parent_id, position, student

Bad Request: /graphql/
Bad Request: /graphql/
Bad Request: /graphql/
Bad Request: /graphql/
Bad Request: /graphql/
Bad Request: /graphql/
Watching for file changes with StatReloader
Not Found: /
Not Found: /favicon.ico
Watching for file changes with StatReloader
Bad Request: /graphql/
Bad Request: /graphql/
Bad Request: /graphql/
Bad Request: /graphql/
Bad Request: /graphql/
Bad Request: /graphql/
Bad Request: /graphql/
Bad Request: /graphql/
Bad Request: /graphql/
Bad Request: /graphql/
Bad Request: /graphql/
Bad Request: /graphql/
Bad Request: /graphql/
Bad Request: /graphql/
Bad Request: /graphql/
Bad Request: /graphql/
Bad Request: /graphql/
Bad Request: /graphql/
Bad Request: /graphql/
Bad Request: /graphql/
Bad Request: /graphql/
Bad Request: /graphql/
Bad Request: /graphql/
Bad Request: /graphql/
Bad Request: /graphql/
Traceback (most recent call last):
  File "/home/tarxemo/venv/lib/python3.12/site-packages/promise/promise.py", line 489, in _resolve_from_executor
    executor(resolve, reject)
  File "/home/tarxemo/venv/lib/python3.12/site-packages/promise/promise.py", line 756, in executor
    return resolve(f(*args, **kwargs))
                   ^^^^^^^^^^^^^^^^^^
  File "/home/tarxemo/venv/lib/python3.12/site-packages/graphql/execution/middleware.py", line 75, in make_it_promise
    return next(*args, **kwargs)
           ^^^^^^^^^^^^^^^^^^^^^
  File "/home/tarxemo/Desktop/VS/ElectionBackend/election/queries/positions.py", line 948, in resolve_positions_with_most_contests
    ).annotate(
      ^^^^^^^^^
  File "/home/tarxemo/venv/lib/python3.12/site-packages/django/db/models/query.py", line 1630, in annotate
    return self._annotate(args, kwargs, select=True)
           ^^^^^^^^^^^^^^^^^^^^^^^^^^^^^^^^^^^^^^^^^
  File "/home/tarxemo/venv/lib/python3.12/site-packages/django/db/models/query.py", line 1680, in _annotate
    clone.query.add_annotation(
  File "/home/tarxemo/venv/lib/python3.12/site-packages/django/db/models/sql/query.py", line 1194, in add_annotation
    annotation = annotation.resolve_expression(self, allow_joins=True, reuse=None)
                 ^^^^^^^^^^^^^^^^^^^^^^^^^^^^^^^^^^^^^^^^^^^^^^^^^^^^^^^^^^^^^^^^^
  File "/home/tarxemo/venv/lib/python3.12/site-packages/django/db/models/aggregates.py", line 63, in resolve_expression
    c = super().resolve_expression(query, allow_joins, reuse, summarize)
        ^^^^^^^^^^^^^^^^^^^^^^^^^^^^^^^^^^^^^^^^^^^^^^^^^^^^^^^^^^^^^^^^
  File "/home/tarxemo/venv/lib/python3.12/site-packages/django/db/models/expressions.py", line 1073, in resolve_expression
    c.source_expressions[pos] = arg.resolve_expression(
                                ^^^^^^^^^^^^^^^^^^^^^^^
  File "/home/tarxemo/venv/lib/python3.12/site-packages/django/db/models/expressions.py", line 895, in resolve_expression
    return query.resolve_ref(self.name, allow_joins, reuse, summarize)
           ^^^^^^^^^^^^^^^^^^^^^^^^^^^^^^^^^^^^^^^^^^^^^^^^^^^^^^^^^^^
  File "/home/tarxemo/venv/lib/python3.12/site-packages/django/db/models/sql/query.py", line 2026, in resolve_ref
    transform = join_info.transform_function(targets[0], final_alias)
                ^^^^^^^^^^^^^^^^^^^^^^^^^^^^^^^^^^^^^^^^^^^^^^^^^^^^^
  File "/home/tarxemo/venv/lib/python3.12/site-packages/django/db/models/sql/query.py", line 1886, in transform
    return self.try_transform(wrapped, name)
           ^^^^^^^^^^^^^^^^^^^^^^^^^^^^^^^^^
  File "/home/tarxemo/venv/lib/python3.12/site-packages/django/db/models/sql/query.py", line 1423, in try_transform
    raise FieldError(
graphql.error.located_error.GraphQLLocatedError: Unsupported lookup 'candidates' for BigAutoField or join on the field not permitted.

Traceback (most recent call last):
  File "/home/tarxemo/venv/lib/python3.12/site-packages/promise/promise.py", line 489, in _resolve_from_executor
    executor(resolve, reject)
  File "/home/tarxemo/venv/lib/python3.12/site-packages/promise/promise.py", line 756, in executor
    return resolve(f(*args, **kwargs))
                   ^^^^^^^^^^^^^^^^^^
  File "/home/tarxemo/venv/lib/python3.12/site-packages/graphql/execution/middleware.py", line 75, in make_it_promise
    return next(*args, **kwargs)
           ^^^^^^^^^^^^^^^^^^^^^
  File "/home/tarxemo/Desktop/VS/ElectionBackend/election/queries/positions.py", line 966, in resolve_institutions_with_most_activity
    institutions = Institution.objects.annotate(
                   ^^^^^^^^^^^^^^^^^^^^^^^^^^^^^
  File "/home/tarxemo/venv/lib/python3.12/site-packages/django/db/models/manager.py", line 87, in manager_method
    return getattr(self.get_queryset(), name)(*args, **kwargs)
           ^^^^^^^^^^^^^^^^^^^^^^^^^^^^^^^^^^^^^^^^^^^^^^^^^^^
  File "/home/tarxemo/venv/lib/python3.12/site-packages/django/db/models/query.py", line 1630, in annotate
    return self._annotate(args, kwargs, select=True)
           ^^^^^^^^^^^^^^^^^^^^^^^^^^^^^^^^^^^^^^^^^
  File "/home/tarxemo/venv/lib/python3.12/site-packages/django/db/models/query.py", line 1680, in _annotate
    clone.query.add_annotation(
  File "/home/tarxemo/venv/lib/python3.12/site-packages/django/db/models/sql/query.py", line 1194, in add_annotation
    annotation = annotation.resolve_expression(self, allow_joins=True, reuse=None)
                 ^^^^^^^^^^^^^^^^^^^^^^^^^^^^^^^^^^^^^^^^^^^^^^^^^^^^^^^^^^^^^^^^^
  File "/home/tarxemo/venv/lib/python3.12/site-packages/django/db/models/aggregates.py", line 63, in resolve_expression
    c = super().resolve_expression(query, allow_joins, reuse, summarize)
        ^^^^^^^^^^^^^^^^^^^^^^^^^^^^^^^^^^^^^^^^^^^^^^^^^^^^^^^^^^^^^^^^
  File "/home/tarxemo/venv/lib/python3.12/site-packages/django/db/models/expressions.py", line 1073, in resolve_expression
    c.source_expressions[pos] = arg.resolve_expression(
                                ^^^^^^^^^^^^^^^^^^^^^^^
  File "/home/tarxemo/venv/lib/python3.12/site-packages/django/db/models/expressions.py", line 895, in resolve_expression
    return query.resolve_ref(self.name, allow_joins, reuse, summarize)
           ^^^^^^^^^^^^^^^^^^^^^^^^^^^^^^^^^^^^^^^^^^^^^^^^^^^^^^^^^^^
  File "/home/tarxemo/venv/lib/python3.12/site-packages/django/db/models/sql/query.py", line 2010, in resolve_ref
    join_info = self.setup_joins(
                ^^^^^^^^^^^^^^^^^
  File "/home/tarxemo/venv/lib/python3.12/site-packages/django/db/models/sql/query.py", line 1863, in setup_joins
    path, final_field, targets, rest = self.names_to_path(
                                       ^^^^^^^^^^^^^^^^^^^
  File "/home/tarxemo/venv/lib/python3.12/site-packages/django/db/models/sql/query.py", line 1768, in names_to_path
    raise FieldError(
graphql.error.located_error.GraphQLLocatedError: Cannot resolve keyword 'elections' into field. Choices are: created_at, description, election, id, institution, leader, level, level_id, name, parent, parent_id, position, student

Bad Request: /graphql/
Bad Request: /graphql/
Bad Request: /graphql/
Bad Request: /graphql/
Bad Request: /graphql/
Bad Request: /graphql/
Bad Request: /graphql/
Bad Request: /graphql/
Bad Request: /graphql/
Bad Request: /graphql/
Traceback (most recent call last):
  File "/home/tarxemo/venv/lib/python3.12/site-packages/promise/promise.py", line 489, in _resolve_from_executor
    executor(resolve, reject)
  File "/home/tarxemo/venv/lib/python3.12/site-packages/promise/promise.py", line 756, in executor
    return resolve(f(*args, **kwargs))
                   ^^^^^^^^^^^^^^^^^^
  File "/home/tarxemo/venv/lib/python3.12/site-packages/graphql/execution/middleware.py", line 75, in make_it_promise
    return next(*args, **kwargs)
           ^^^^^^^^^^^^^^^^^^^^^
  File "/home/tarxemo/Desktop/VS/ElectionBackend/election/queries/positions.py", line 948, in resolve_positions_with_most_contests
    ).annotate(
      ^^^^^^^^^
  File "/home/tarxemo/venv/lib/python3.12/site-packages/django/db/models/query.py", line 1630, in annotate
    return self._annotate(args, kwargs, select=True)
           ^^^^^^^^^^^^^^^^^^^^^^^^^^^^^^^^^^^^^^^^^
  File "/home/tarxemo/venv/lib/python3.12/site-packages/django/db/models/query.py", line 1680, in _annotate
    clone.query.add_annotation(
  File "/home/tarxemo/venv/lib/python3.12/site-packages/django/db/models/sql/query.py", line 1194, in add_annotation
    annotation = annotation.resolve_expression(self, allow_joins=True, reuse=None)
                 ^^^^^^^^^^^^^^^^^^^^^^^^^^^^^^^^^^^^^^^^^^^^^^^^^^^^^^^^^^^^^^^^^
  File "/home/tarxemo/venv/lib/python3.12/site-packages/django/db/models/aggregates.py", line 63, in resolve_expression
    c = super().resolve_expression(query, allow_joins, reuse, summarize)
        ^^^^^^^^^^^^^^^^^^^^^^^^^^^^^^^^^^^^^^^^^^^^^^^^^^^^^^^^^^^^^^^^
  File "/home/tarxemo/venv/lib/python3.12/site-packages/django/db/models/expressions.py", line 1073, in resolve_expression
    c.source_expressions[pos] = arg.resolve_expression(
                                ^^^^^^^^^^^^^^^^^^^^^^^
  File "/home/tarxemo/venv/lib/python3.12/site-packages/django/db/models/expressions.py", line 895, in resolve_expression
    return query.resolve_ref(self.name, allow_joins, reuse, summarize)
           ^^^^^^^^^^^^^^^^^^^^^^^^^^^^^^^^^^^^^^^^^^^^^^^^^^^^^^^^^^^
  File "/home/tarxemo/venv/lib/python3.12/site-packages/django/db/models/sql/query.py", line 2026, in resolve_ref
    transform = join_info.transform_function(targets[0], final_alias)
                ^^^^^^^^^^^^^^^^^^^^^^^^^^^^^^^^^^^^^^^^^^^^^^^^^^^^^
  File "/home/tarxemo/venv/lib/python3.12/site-packages/django/db/models/sql/query.py", line 1886, in transform
    return self.try_transform(wrapped, name)
           ^^^^^^^^^^^^^^^^^^^^^^^^^^^^^^^^^
  File "/home/tarxemo/venv/lib/python3.12/site-packages/django/db/models/sql/query.py", line 1423, in try_transform
    raise FieldError(
graphql.error.located_error.GraphQLLocatedError: Unsupported lookup 'candidates' for BigAutoField or join on the field not permitted.

Traceback (most recent call last):
  File "/home/tarxemo/venv/lib/python3.12/site-packages/promise/promise.py", line 489, in _resolve_from_executor
    executor(resolve, reject)
  File "/home/tarxemo/venv/lib/python3.12/site-packages/promise/promise.py", line 756, in executor
    return resolve(f(*args, **kwargs))
                   ^^^^^^^^^^^^^^^^^^
  File "/home/tarxemo/venv/lib/python3.12/site-packages/graphql/execution/middleware.py", line 75, in make_it_promise
    return next(*args, **kwargs)
           ^^^^^^^^^^^^^^^^^^^^^
  File "/home/tarxemo/Desktop/VS/ElectionBackend/election/queries/positions.py", line 966, in resolve_institutions_with_most_activity
    institutions = Institution.objects.annotate(
                   ^^^^^^^^^^^^^^^^^^^^^^^^^^^^^
  File "/home/tarxemo/venv/lib/python3.12/site-packages/django/db/models/manager.py", line 87, in manager_method
    return getattr(self.get_queryset(), name)(*args, **kwargs)
           ^^^^^^^^^^^^^^^^^^^^^^^^^^^^^^^^^^^^^^^^^^^^^^^^^^^
  File "/home/tarxemo/venv/lib/python3.12/site-packages/django/db/models/query.py", line 1630, in annotate
    return self._annotate(args, kwargs, select=True)
           ^^^^^^^^^^^^^^^^^^^^^^^^^^^^^^^^^^^^^^^^^
  File "/home/tarxemo/venv/lib/python3.12/site-packages/django/db/models/query.py", line 1680, in _annotate
    clone.query.add_annotation(
  File "/home/tarxemo/venv/lib/python3.12/site-packages/django/db/models/sql/query.py", line 1194, in add_annotation
    annotation = annotation.resolve_expression(self, allow_joins=True, reuse=None)
                 ^^^^^^^^^^^^^^^^^^^^^^^^^^^^^^^^^^^^^^^^^^^^^^^^^^^^^^^^^^^^^^^^^
  File "/home/tarxemo/venv/lib/python3.12/site-packages/django/db/models/aggregates.py", line 63, in resolve_expression
    c = super().resolve_expression(query, allow_joins, reuse, summarize)
        ^^^^^^^^^^^^^^^^^^^^^^^^^^^^^^^^^^^^^^^^^^^^^^^^^^^^^^^^^^^^^^^^
  File "/home/tarxemo/venv/lib/python3.12/site-packages/django/db/models/expressions.py", line 1073, in resolve_expression
    c.source_expressions[pos] = arg.resolve_expression(
                                ^^^^^^^^^^^^^^^^^^^^^^^
  File "/home/tarxemo/venv/lib/python3.12/site-packages/django/db/models/expressions.py", line 895, in resolve_expression
    return query.resolve_ref(self.name, allow_joins, reuse, summarize)
           ^^^^^^^^^^^^^^^^^^^^^^^^^^^^^^^^^^^^^^^^^^^^^^^^^^^^^^^^^^^
  File "/home/tarxemo/venv/lib/python3.12/site-packages/django/db/models/sql/query.py", line 2010, in resolve_ref
    join_info = self.setup_joins(
                ^^^^^^^^^^^^^^^^^
  File "/home/tarxemo/venv/lib/python3.12/site-packages/django/db/models/sql/query.py", line 1863, in setup_joins
    path, final_field, targets, rest = self.names_to_path(
                                       ^^^^^^^^^^^^^^^^^^^
  File "/home/tarxemo/venv/lib/python3.12/site-packages/django/db/models/sql/query.py", line 1768, in names_to_path
    raise FieldError(
graphql.error.located_error.GraphQLLocatedError: Cannot resolve keyword 'elections' into field. Choices are: created_at, description, election, id, institution, leader, level, level_id, name, parent, parent_id, position, student

Traceback (most recent call last):
  File "/home/tarxemo/venv/lib/python3.12/site-packages/promise/promise.py", line 489, in _resolve_from_executor
    executor(resolve, reject)
  File "/home/tarxemo/venv/lib/python3.12/site-packages/promise/promise.py", line 756, in executor
    return resolve(f(*args, **kwargs))
                   ^^^^^^^^^^^^^^^^^^
  File "/home/tarxemo/venv/lib/python3.12/site-packages/graphql/execution/middleware.py", line 75, in make_it_promise
    return next(*args, **kwargs)
           ^^^^^^^^^^^^^^^^^^^^^
  File "/home/tarxemo/Desktop/VS/ElectionBackend/election/queries/positions.py", line 948, in resolve_positions_with_most_contests
    ).annotate(
      ^^^^^^^^^
  File "/home/tarxemo/venv/lib/python3.12/site-packages/django/db/models/query.py", line 1630, in annotate
    return self._annotate(args, kwargs, select=True)
           ^^^^^^^^^^^^^^^^^^^^^^^^^^^^^^^^^^^^^^^^^
  File "/home/tarxemo/venv/lib/python3.12/site-packages/django/db/models/query.py", line 1680, in _annotate
    clone.query.add_annotation(
  File "/home/tarxemo/venv/lib/python3.12/site-packages/django/db/models/sql/query.py", line 1194, in add_annotation
    annotation = annotation.resolve_expression(self, allow_joins=True, reuse=None)
                 ^^^^^^^^^^^^^^^^^^^^^^^^^^^^^^^^^^^^^^^^^^^^^^^^^^^^^^^^^^^^^^^^^
  File "/home/tarxemo/venv/lib/python3.12/site-packages/django/db/models/aggregates.py", line 63, in resolve_expression
    c = super().resolve_expression(query, allow_joins, reuse, summarize)
        ^^^^^^^^^^^^^^^^^^^^^^^^^^^^^^^^^^^^^^^^^^^^^^^^^^^^^^^^^^^^^^^^
  File "/home/tarxemo/venv/lib/python3.12/site-packages/django/db/models/expressions.py", line 1073, in resolve_expression
    c.source_expressions[pos] = arg.resolve_expression(
                                ^^^^^^^^^^^^^^^^^^^^^^^
  File "/home/tarxemo/venv/lib/python3.12/site-packages/django/db/models/expressions.py", line 895, in resolve_expression
    return query.resolve_ref(self.name, allow_joins, reuse, summarize)
           ^^^^^^^^^^^^^^^^^^^^^^^^^^^^^^^^^^^^^^^^^^^^^^^^^^^^^^^^^^^
  File "/home/tarxemo/venv/lib/python3.12/site-packages/django/db/models/sql/query.py", line 2026, in resolve_ref
    transform = join_info.transform_function(targets[0], final_alias)
                ^^^^^^^^^^^^^^^^^^^^^^^^^^^^^^^^^^^^^^^^^^^^^^^^^^^^^
  File "/home/tarxemo/venv/lib/python3.12/site-packages/django/db/models/sql/query.py", line 1886, in transform
    return self.try_transform(wrapped, name)
           ^^^^^^^^^^^^^^^^^^^^^^^^^^^^^^^^^
  File "/home/tarxemo/venv/lib/python3.12/site-packages/django/db/models/sql/query.py", line 1423, in try_transform
    raise FieldError(
graphql.error.located_error.GraphQLLocatedError: Unsupported lookup 'candidates' for BigAutoField or join on the field not permitted.

Traceback (most recent call last):
  File "/home/tarxemo/venv/lib/python3.12/site-packages/promise/promise.py", line 489, in _resolve_from_executor
    executor(resolve, reject)
  File "/home/tarxemo/venv/lib/python3.12/site-packages/promise/promise.py", line 756, in executor
    return resolve(f(*args, **kwargs))
                   ^^^^^^^^^^^^^^^^^^
  File "/home/tarxemo/venv/lib/python3.12/site-packages/graphql/execution/middleware.py", line 75, in make_it_promise
    return next(*args, **kwargs)
           ^^^^^^^^^^^^^^^^^^^^^
  File "/home/tarxemo/Desktop/VS/ElectionBackend/election/queries/positions.py", line 966, in resolve_institutions_with_most_activity
    institutions = Institution.objects.annotate(
                   ^^^^^^^^^^^^^^^^^^^^^^^^^^^^^
  File "/home/tarxemo/venv/lib/python3.12/site-packages/django/db/models/manager.py", line 87, in manager_method
    return getattr(self.get_queryset(), name)(*args, **kwargs)
           ^^^^^^^^^^^^^^^^^^^^^^^^^^^^^^^^^^^^^^^^^^^^^^^^^^^
  File "/home/tarxemo/venv/lib/python3.12/site-packages/django/db/models/query.py", line 1630, in annotate
    return self._annotate(args, kwargs, select=True)
           ^^^^^^^^^^^^^^^^^^^^^^^^^^^^^^^^^^^^^^^^^
  File "/home/tarxemo/venv/lib/python3.12/site-packages/django/db/models/query.py", line 1680, in _annotate
    clone.query.add_annotation(
  File "/home/tarxemo/venv/lib/python3.12/site-packages/django/db/models/sql/query.py", line 1194, in add_annotation
    annotation = annotation.resolve_expression(self, allow_joins=True, reuse=None)
                 ^^^^^^^^^^^^^^^^^^^^^^^^^^^^^^^^^^^^^^^^^^^^^^^^^^^^^^^^^^^^^^^^^
  File "/home/tarxemo/venv/lib/python3.12/site-packages/django/db/models/aggregates.py", line 63, in resolve_expression
    c = super().resolve_expression(query, allow_joins, reuse, summarize)
        ^^^^^^^^^^^^^^^^^^^^^^^^^^^^^^^^^^^^^^^^^^^^^^^^^^^^^^^^^^^^^^^^
  File "/home/tarxemo/venv/lib/python3.12/site-packages/django/db/models/expressions.py", line 1073, in resolve_expression
    c.source_expressions[pos] = arg.resolve_expression(
                                ^^^^^^^^^^^^^^^^^^^^^^^
  File "/home/tarxemo/venv/lib/python3.12/site-packages/django/db/models/expressions.py", line 895, in resolve_expression
    return query.resolve_ref(self.name, allow_joins, reuse, summarize)
           ^^^^^^^^^^^^^^^^^^^^^^^^^^^^^^^^^^^^^^^^^^^^^^^^^^^^^^^^^^^
  File "/home/tarxemo/venv/lib/python3.12/site-packages/django/db/models/sql/query.py", line 2010, in resolve_ref
    join_info = self.setup_joins(
                ^^^^^^^^^^^^^^^^^
  File "/home/tarxemo/venv/lib/python3.12/site-packages/django/db/models/sql/query.py", line 1863, in setup_joins
    path, final_field, targets, rest = self.names_to_path(
                                       ^^^^^^^^^^^^^^^^^^^
  File "/home/tarxemo/venv/lib/python3.12/site-packages/django/db/models/sql/query.py", line 1768, in names_to_path
    raise FieldError(
graphql.error.located_error.GraphQLLocatedError: Cannot resolve keyword 'elections' into field. Choices are: created_at, description, election, id, institution, leader, level, level_id, name, parent, parent_id, position, student

Bad Request: /graphql/
Bad Request: /graphql/
Bad Request: /graphql/
Bad Request: /graphql/
Not Found: /
Not Found: /favicon.ico
Not Found: /favicon.ico
Bad Request: /graphql/
Bad Request: /graphql/
Bad Request: /graphql/
Bad Request: /graphql/
Bad Request: /graphql/
Bad Request: /graphql/
Bad Request: /graphql/
Bad Request: /graphql/
Bad Request: /graphql/
Bad Request: /graphql/
Traceback (most recent call last):
  File "/home/tarxemo/venv/lib/python3.12/site-packages/promise/promise.py", line 489, in _resolve_from_executor
    executor(resolve, reject)
  File "/home/tarxemo/venv/lib/python3.12/site-packages/promise/promise.py", line 756, in executor
    return resolve(f(*args, **kwargs))
                   ^^^^^^^^^^^^^^^^^^
  File "/home/tarxemo/venv/lib/python3.12/site-packages/graphql/execution/middleware.py", line 75, in make_it_promise
    return next(*args, **kwargs)
           ^^^^^^^^^^^^^^^^^^^^^
  File "/home/tarxemo/Desktop/VS/ElectionBackend/election/queries/positions.py", line 948, in resolve_positions_with_most_contests
    ).annotate(
      ^^^^^^^^^
  File "/home/tarxemo/venv/lib/python3.12/site-packages/django/db/models/query.py", line 1630, in annotate
    return self._annotate(args, kwargs, select=True)
           ^^^^^^^^^^^^^^^^^^^^^^^^^^^^^^^^^^^^^^^^^
  File "/home/tarxemo/venv/lib/python3.12/site-packages/django/db/models/query.py", line 1680, in _annotate
    clone.query.add_annotation(
  File "/home/tarxemo/venv/lib/python3.12/site-packages/django/db/models/sql/query.py", line 1194, in add_annotation
    annotation = annotation.resolve_expression(self, allow_joins=True, reuse=None)
                 ^^^^^^^^^^^^^^^^^^^^^^^^^^^^^^^^^^^^^^^^^^^^^^^^^^^^^^^^^^^^^^^^^
  File "/home/tarxemo/venv/lib/python3.12/site-packages/django/db/models/aggregates.py", line 63, in resolve_expression
    c = super().resolve_expression(query, allow_joins, reuse, summarize)
        ^^^^^^^^^^^^^^^^^^^^^^^^^^^^^^^^^^^^^^^^^^^^^^^^^^^^^^^^^^^^^^^^
  File "/home/tarxemo/venv/lib/python3.12/site-packages/django/db/models/expressions.py", line 1073, in resolve_expression
    c.source_expressions[pos] = arg.resolve_expression(
                                ^^^^^^^^^^^^^^^^^^^^^^^
  File "/home/tarxemo/venv/lib/python3.12/site-packages/django/db/models/expressions.py", line 895, in resolve_expression
    return query.resolve_ref(self.name, allow_joins, reuse, summarize)
           ^^^^^^^^^^^^^^^^^^^^^^^^^^^^^^^^^^^^^^^^^^^^^^^^^^^^^^^^^^^
  File "/home/tarxemo/venv/lib/python3.12/site-packages/django/db/models/sql/query.py", line 2026, in resolve_ref
    transform = join_info.transform_function(targets[0], final_alias)
                ^^^^^^^^^^^^^^^^^^^^^^^^^^^^^^^^^^^^^^^^^^^^^^^^^^^^^
  File "/home/tarxemo/venv/lib/python3.12/site-packages/django/db/models/sql/query.py", line 1886, in transform
    return self.try_transform(wrapped, name)
           ^^^^^^^^^^^^^^^^^^^^^^^^^^^^^^^^^
  File "/home/tarxemo/venv/lib/python3.12/site-packages/django/db/models/sql/query.py", line 1423, in try_transform
    raise FieldError(
graphql.error.located_error.GraphQLLocatedError: Unsupported lookup 'candidates' for BigAutoField or join on the field not permitted.

Traceback (most recent call last):
  File "/home/tarxemo/venv/lib/python3.12/site-packages/promise/promise.py", line 489, in _resolve_from_executor
    executor(resolve, reject)
  File "/home/tarxemo/venv/lib/python3.12/site-packages/promise/promise.py", line 756, in executor
    return resolve(f(*args, **kwargs))
                   ^^^^^^^^^^^^^^^^^^
  File "/home/tarxemo/venv/lib/python3.12/site-packages/graphql/execution/middleware.py", line 75, in make_it_promise
    return next(*args, **kwargs)
           ^^^^^^^^^^^^^^^^^^^^^
  File "/home/tarxemo/Desktop/VS/ElectionBackend/election/queries/positions.py", line 966, in resolve_institutions_with_most_activity
    institutions = Institution.objects.annotate(
                   ^^^^^^^^^^^^^^^^^^^^^^^^^^^^^
  File "/home/tarxemo/venv/lib/python3.12/site-packages/django/db/models/manager.py", line 87, in manager_method
    return getattr(self.get_queryset(), name)(*args, **kwargs)
           ^^^^^^^^^^^^^^^^^^^^^^^^^^^^^^^^^^^^^^^^^^^^^^^^^^^
  File "/home/tarxemo/venv/lib/python3.12/site-packages/django/db/models/query.py", line 1630, in annotate
    return self._annotate(args, kwargs, select=True)
           ^^^^^^^^^^^^^^^^^^^^^^^^^^^^^^^^^^^^^^^^^
  File "/home/tarxemo/venv/lib/python3.12/site-packages/django/db/models/query.py", line 1680, in _annotate
    clone.query.add_annotation(
  File "/home/tarxemo/venv/lib/python3.12/site-packages/django/db/models/sql/query.py", line 1194, in add_annotation
    annotation = annotation.resolve_expression(self, allow_joins=True, reuse=None)
                 ^^^^^^^^^^^^^^^^^^^^^^^^^^^^^^^^^^^^^^^^^^^^^^^^^^^^^^^^^^^^^^^^^
  File "/home/tarxemo/venv/lib/python3.12/site-packages/django/db/models/aggregates.py", line 63, in resolve_expression
    c = super().resolve_expression(query, allow_joins, reuse, summarize)
        ^^^^^^^^^^^^^^^^^^^^^^^^^^^^^^^^^^^^^^^^^^^^^^^^^^^^^^^^^^^^^^^^
  File "/home/tarxemo/venv/lib/python3.12/site-packages/django/db/models/expressions.py", line 1073, in resolve_expression
    c.source_expressions[pos] = arg.resolve_expression(
                                ^^^^^^^^^^^^^^^^^^^^^^^
  File "/home/tarxemo/venv/lib/python3.12/site-packages/django/db/models/expressions.py", line 895, in resolve_expression
    return query.resolve_ref(self.name, allow_joins, reuse, summarize)
           ^^^^^^^^^^^^^^^^^^^^^^^^^^^^^^^^^^^^^^^^^^^^^^^^^^^^^^^^^^^
  File "/home/tarxemo/venv/lib/python3.12/site-packages/django/db/models/sql/query.py", line 2010, in resolve_ref
    join_info = self.setup_joins(
                ^^^^^^^^^^^^^^^^^
  File "/home/tarxemo/venv/lib/python3.12/site-packages/django/db/models/sql/query.py", line 1863, in setup_joins
    path, final_field, targets, rest = self.names_to_path(
                                       ^^^^^^^^^^^^^^^^^^^
  File "/home/tarxemo/venv/lib/python3.12/site-packages/django/db/models/sql/query.py", line 1768, in names_to_path
    raise FieldError(
graphql.error.located_error.GraphQLLocatedError: Cannot resolve keyword 'elections' into field. Choices are: created_at, description, election, id, institution, leader, level, level_id, name, parent, parent_id, position, student

Traceback (most recent call last):
  File "/home/tarxemo/venv/lib/python3.12/site-packages/promise/promise.py", line 489, in _resolve_from_executor
    executor(resolve, reject)
  File "/home/tarxemo/venv/lib/python3.12/site-packages/promise/promise.py", line 756, in executor
    return resolve(f(*args, **kwargs))
                   ^^^^^^^^^^^^^^^^^^
  File "/home/tarxemo/venv/lib/python3.12/site-packages/graphql/execution/middleware.py", line 75, in make_it_promise
    return next(*args, **kwargs)
           ^^^^^^^^^^^^^^^^^^^^^
  File "/home/tarxemo/Desktop/VS/ElectionBackend/election/queries/positions.py", line 948, in resolve_positions_with_most_contests
    ).annotate(
      ^^^^^^^^^
  File "/home/tarxemo/venv/lib/python3.12/site-packages/django/db/models/query.py", line 1630, in annotate
    return self._annotate(args, kwargs, select=True)
           ^^^^^^^^^^^^^^^^^^^^^^^^^^^^^^^^^^^^^^^^^
  File "/home/tarxemo/venv/lib/python3.12/site-packages/django/db/models/query.py", line 1680, in _annotate
    clone.query.add_annotation(
  File "/home/tarxemo/venv/lib/python3.12/site-packages/django/db/models/sql/query.py", line 1194, in add_annotation
    annotation = annotation.resolve_expression(self, allow_joins=True, reuse=None)
                 ^^^^^^^^^^^^^^^^^^^^^^^^^^^^^^^^^^^^^^^^^^^^^^^^^^^^^^^^^^^^^^^^^
  File "/home/tarxemo/venv/lib/python3.12/site-packages/django/db/models/aggregates.py", line 63, in resolve_expression
    c = super().resolve_expression(query, allow_joins, reuse, summarize)
        ^^^^^^^^^^^^^^^^^^^^^^^^^^^^^^^^^^^^^^^^^^^^^^^^^^^^^^^^^^^^^^^^
  File "/home/tarxemo/venv/lib/python3.12/site-packages/django/db/models/expressions.py", line 1073, in resolve_expression
    c.source_expressions[pos] = arg.resolve_expression(
                                ^^^^^^^^^^^^^^^^^^^^^^^
  File "/home/tarxemo/venv/lib/python3.12/site-packages/django/db/models/expressions.py", line 895, in resolve_expression
    return query.resolve_ref(self.name, allow_joins, reuse, summarize)
           ^^^^^^^^^^^^^^^^^^^^^^^^^^^^^^^^^^^^^^^^^^^^^^^^^^^^^^^^^^^
  File "/home/tarxemo/venv/lib/python3.12/site-packages/django/db/models/sql/query.py", line 2026, in resolve_ref
    transform = join_info.transform_function(targets[0], final_alias)
                ^^^^^^^^^^^^^^^^^^^^^^^^^^^^^^^^^^^^^^^^^^^^^^^^^^^^^
  File "/home/tarxemo/venv/lib/python3.12/site-packages/django/db/models/sql/query.py", line 1886, in transform
    return self.try_transform(wrapped, name)
           ^^^^^^^^^^^^^^^^^^^^^^^^^^^^^^^^^
  File "/home/tarxemo/venv/lib/python3.12/site-packages/django/db/models/sql/query.py", line 1423, in try_transform
    raise FieldError(
graphql.error.located_error.GraphQLLocatedError: Unsupported lookup 'candidates' for BigAutoField or join on the field not permitted.

Traceback (most recent call last):
  File "/home/tarxemo/venv/lib/python3.12/site-packages/promise/promise.py", line 489, in _resolve_from_executor
    executor(resolve, reject)
  File "/home/tarxemo/venv/lib/python3.12/site-packages/promise/promise.py", line 756, in executor
    return resolve(f(*args, **kwargs))
                   ^^^^^^^^^^^^^^^^^^
  File "/home/tarxemo/venv/lib/python3.12/site-packages/graphql/execution/middleware.py", line 75, in make_it_promise
    return next(*args, **kwargs)
           ^^^^^^^^^^^^^^^^^^^^^
  File "/home/tarxemo/Desktop/VS/ElectionBackend/election/queries/positions.py", line 966, in resolve_institutions_with_most_activity
    institutions = Institution.objects.annotate(
                   ^^^^^^^^^^^^^^^^^^^^^^^^^^^^^
  File "/home/tarxemo/venv/lib/python3.12/site-packages/django/db/models/manager.py", line 87, in manager_method
    return getattr(self.get_queryset(), name)(*args, **kwargs)
           ^^^^^^^^^^^^^^^^^^^^^^^^^^^^^^^^^^^^^^^^^^^^^^^^^^^
  File "/home/tarxemo/venv/lib/python3.12/site-packages/django/db/models/query.py", line 1630, in annotate
    return self._annotate(args, kwargs, select=True)
           ^^^^^^^^^^^^^^^^^^^^^^^^^^^^^^^^^^^^^^^^^
  File "/home/tarxemo/venv/lib/python3.12/site-packages/django/db/models/query.py", line 1680, in _annotate
    clone.query.add_annotation(
  File "/home/tarxemo/venv/lib/python3.12/site-packages/django/db/models/sql/query.py", line 1194, in add_annotation
    annotation = annotation.resolve_expression(self, allow_joins=True, reuse=None)
                 ^^^^^^^^^^^^^^^^^^^^^^^^^^^^^^^^^^^^^^^^^^^^^^^^^^^^^^^^^^^^^^^^^
  File "/home/tarxemo/venv/lib/python3.12/site-packages/django/db/models/aggregates.py", line 63, in resolve_expression
    c = super().resolve_expression(query, allow_joins, reuse, summarize)
        ^^^^^^^^^^^^^^^^^^^^^^^^^^^^^^^^^^^^^^^^^^^^^^^^^^^^^^^^^^^^^^^^
  File "/home/tarxemo/venv/lib/python3.12/site-packages/django/db/models/expressions.py", line 1073, in resolve_expression
    c.source_expressions[pos] = arg.resolve_expression(
                                ^^^^^^^^^^^^^^^^^^^^^^^
  File "/home/tarxemo/venv/lib/python3.12/site-packages/django/db/models/expressions.py", line 895, in resolve_expression
    return query.resolve_ref(self.name, allow_joins, reuse, summarize)
           ^^^^^^^^^^^^^^^^^^^^^^^^^^^^^^^^^^^^^^^^^^^^^^^^^^^^^^^^^^^
  File "/home/tarxemo/venv/lib/python3.12/site-packages/django/db/models/sql/query.py", line 2010, in resolve_ref
    join_info = self.setup_joins(
                ^^^^^^^^^^^^^^^^^
  File "/home/tarxemo/venv/lib/python3.12/site-packages/django/db/models/sql/query.py", line 1863, in setup_joins
    path, final_field, targets, rest = self.names_to_path(
                                       ^^^^^^^^^^^^^^^^^^^
  File "/home/tarxemo/venv/lib/python3.12/site-packages/django/db/models/sql/query.py", line 1768, in names_to_path
    raise FieldError(
graphql.error.located_error.GraphQLLocatedError: Cannot resolve keyword 'elections' into field. Choices are: created_at, description, election, id, institution, leader, level, level_id, name, parent, parent_id, position, student

Bad Request: /graphql/
Bad Request: /graphql/
Bad Request: /graphql/
Bad Request: /graphql/
Bad Request: /graphql/
Bad Request: /graphql/
Traceback (most recent call last):
  File "/home/tarxemo/venv/lib/python3.12/site-packages/promise/promise.py", line 489, in _resolve_from_executor
    executor(resolve, reject)
  File "/home/tarxemo/venv/lib/python3.12/site-packages/promise/promise.py", line 756, in executor
    return resolve(f(*args, **kwargs))
                   ^^^^^^^^^^^^^^^^^^
  File "/home/tarxemo/venv/lib/python3.12/site-packages/graphql/execution/middleware.py", line 75, in make_it_promise
    return next(*args, **kwargs)
           ^^^^^^^^^^^^^^^^^^^^^
  File "/home/tarxemo/Desktop/VS/ElectionBackend/election/queries/positions.py", line 948, in resolve_positions_with_most_contests
    ).annotate(
      ^^^^^^^^^
  File "/home/tarxemo/venv/lib/python3.12/site-packages/django/db/models/query.py", line 1630, in annotate
    return self._annotate(args, kwargs, select=True)
           ^^^^^^^^^^^^^^^^^^^^^^^^^^^^^^^^^^^^^^^^^
  File "/home/tarxemo/venv/lib/python3.12/site-packages/django/db/models/query.py", line 1680, in _annotate
    clone.query.add_annotation(
  File "/home/tarxemo/venv/lib/python3.12/site-packages/django/db/models/sql/query.py", line 1194, in add_annotation
    annotation = annotation.resolve_expression(self, allow_joins=True, reuse=None)
                 ^^^^^^^^^^^^^^^^^^^^^^^^^^^^^^^^^^^^^^^^^^^^^^^^^^^^^^^^^^^^^^^^^
  File "/home/tarxemo/venv/lib/python3.12/site-packages/django/db/models/aggregates.py", line 63, in resolve_expression
    c = super().resolve_expression(query, allow_joins, reuse, summarize)
        ^^^^^^^^^^^^^^^^^^^^^^^^^^^^^^^^^^^^^^^^^^^^^^^^^^^^^^^^^^^^^^^^
  File "/home/tarxemo/venv/lib/python3.12/site-packages/django/db/models/expressions.py", line 1073, in resolve_expression
    c.source_expressions[pos] = arg.resolve_expression(
                                ^^^^^^^^^^^^^^^^^^^^^^^
  File "/home/tarxemo/venv/lib/python3.12/site-packages/django/db/models/expressions.py", line 895, in resolve_expression
    return query.resolve_ref(self.name, allow_joins, reuse, summarize)
           ^^^^^^^^^^^^^^^^^^^^^^^^^^^^^^^^^^^^^^^^^^^^^^^^^^^^^^^^^^^
  File "/home/tarxemo/venv/lib/python3.12/site-packages/django/db/models/sql/query.py", line 2026, in resolve_ref
    transform = join_info.transform_function(targets[0], final_alias)
                ^^^^^^^^^^^^^^^^^^^^^^^^^^^^^^^^^^^^^^^^^^^^^^^^^^^^^
  File "/home/tarxemo/venv/lib/python3.12/site-packages/django/db/models/sql/query.py", line 1886, in transform
    return self.try_transform(wrapped, name)
           ^^^^^^^^^^^^^^^^^^^^^^^^^^^^^^^^^
  File "/home/tarxemo/venv/lib/python3.12/site-packages/django/db/models/sql/query.py", line 1423, in try_transform
    raise FieldError(
graphql.error.located_error.GraphQLLocatedError: Unsupported lookup 'candidates' for BigAutoField or join on the field not permitted.

Traceback (most recent call last):
  File "/home/tarxemo/venv/lib/python3.12/site-packages/promise/promise.py", line 489, in _resolve_from_executor
    executor(resolve, reject)
  File "/home/tarxemo/venv/lib/python3.12/site-packages/promise/promise.py", line 756, in executor
    return resolve(f(*args, **kwargs))
                   ^^^^^^^^^^^^^^^^^^
  File "/home/tarxemo/venv/lib/python3.12/site-packages/graphql/execution/middleware.py", line 75, in make_it_promise
    return next(*args, **kwargs)
           ^^^^^^^^^^^^^^^^^^^^^
  File "/home/tarxemo/Desktop/VS/ElectionBackend/election/queries/positions.py", line 966, in resolve_institutions_with_most_activity
    institutions = Institution.objects.annotate(
                   ^^^^^^^^^^^^^^^^^^^^^^^^^^^^^
  File "/home/tarxemo/venv/lib/python3.12/site-packages/django/db/models/manager.py", line 87, in manager_method
    return getattr(self.get_queryset(), name)(*args, **kwargs)
           ^^^^^^^^^^^^^^^^^^^^^^^^^^^^^^^^^^^^^^^^^^^^^^^^^^^
  File "/home/tarxemo/venv/lib/python3.12/site-packages/django/db/models/query.py", line 1630, in annotate
    return self._annotate(args, kwargs, select=True)
           ^^^^^^^^^^^^^^^^^^^^^^^^^^^^^^^^^^^^^^^^^
  File "/home/tarxemo/venv/lib/python3.12/site-packages/django/db/models/query.py", line 1680, in _annotate
    clone.query.add_annotation(
  File "/home/tarxemo/venv/lib/python3.12/site-packages/django/db/models/sql/query.py", line 1194, in add_annotation
    annotation = annotation.resolve_expression(self, allow_joins=True, reuse=None)
                 ^^^^^^^^^^^^^^^^^^^^^^^^^^^^^^^^^^^^^^^^^^^^^^^^^^^^^^^^^^^^^^^^^
  File "/home/tarxemo/venv/lib/python3.12/site-packages/django/db/models/aggregates.py", line 63, in resolve_expression
    c = super().resolve_expression(query, allow_joins, reuse, summarize)
        ^^^^^^^^^^^^^^^^^^^^^^^^^^^^^^^^^^^^^^^^^^^^^^^^^^^^^^^^^^^^^^^^
  File "/home/tarxemo/venv/lib/python3.12/site-packages/django/db/models/expressions.py", line 1073, in resolve_expression
    c.source_expressions[pos] = arg.resolve_expression(
                                ^^^^^^^^^^^^^^^^^^^^^^^
  File "/home/tarxemo/venv/lib/python3.12/site-packages/django/db/models/expressions.py", line 895, in resolve_expression
    return query.resolve_ref(self.name, allow_joins, reuse, summarize)
           ^^^^^^^^^^^^^^^^^^^^^^^^^^^^^^^^^^^^^^^^^^^^^^^^^^^^^^^^^^^
  File "/home/tarxemo/venv/lib/python3.12/site-packages/django/db/models/sql/query.py", line 2010, in resolve_ref
    join_info = self.setup_joins(
                ^^^^^^^^^^^^^^^^^
  File "/home/tarxemo/venv/lib/python3.12/site-packages/django/db/models/sql/query.py", line 1863, in setup_joins
    path, final_field, targets, rest = self.names_to_path(
                                       ^^^^^^^^^^^^^^^^^^^
  File "/home/tarxemo/venv/lib/python3.12/site-packages/django/db/models/sql/query.py", line 1768, in names_to_path
    raise FieldError(
graphql.error.located_error.GraphQLLocatedError: Cannot resolve keyword 'elections' into field. Choices are: created_at, description, election, id, institution, leader, level, level_id, name, parent, parent_id, position, student

Bad Request: /graphql/
Bad Request: /graphql/
Bad Request: /graphql/
Bad Request: /graphql/
Bad Request: /graphql/
Bad Request: /graphql/
Bad Request: /graphql/
Bad Request: /graphql/
Bad Request: /graphql/
Watching for file changes with StatReloader
Traceback (most recent call last):
  File "/home/tarxemo/venv/lib/python3.12/site-packages/promise/promise.py", line 489, in _resolve_from_executor
    executor(resolve, reject)
  File "/home/tarxemo/venv/lib/python3.12/site-packages/promise/promise.py", line 756, in executor
    return resolve(f(*args, **kwargs))
                   ^^^^^^^^^^^^^^^^^^
  File "/home/tarxemo/venv/lib/python3.12/site-packages/graphql/execution/middleware.py", line 75, in make_it_promise
    return next(*args, **kwargs)
           ^^^^^^^^^^^^^^^^^^^^^
  File "/home/tarxemo/Desktop/VS/ElectionBackend/election/queries/positions.py", line 948, in resolve_positions_with_most_contests
    ).annotate(
      ^^^^^^^^^
  File "/home/tarxemo/venv/lib/python3.12/site-packages/django/db/models/query.py", line 1630, in annotate
    return self._annotate(args, kwargs, select=True)
           ^^^^^^^^^^^^^^^^^^^^^^^^^^^^^^^^^^^^^^^^^
  File "/home/tarxemo/venv/lib/python3.12/site-packages/django/db/models/query.py", line 1680, in _annotate
    clone.query.add_annotation(
  File "/home/tarxemo/venv/lib/python3.12/site-packages/django/db/models/sql/query.py", line 1194, in add_annotation
    annotation = annotation.resolve_expression(self, allow_joins=True, reuse=None)
                 ^^^^^^^^^^^^^^^^^^^^^^^^^^^^^^^^^^^^^^^^^^^^^^^^^^^^^^^^^^^^^^^^^
  File "/home/tarxemo/venv/lib/python3.12/site-packages/django/db/models/aggregates.py", line 63, in resolve_expression
    c = super().resolve_expression(query, allow_joins, reuse, summarize)
        ^^^^^^^^^^^^^^^^^^^^^^^^^^^^^^^^^^^^^^^^^^^^^^^^^^^^^^^^^^^^^^^^
  File "/home/tarxemo/venv/lib/python3.12/site-packages/django/db/models/expressions.py", line 1073, in resolve_expression
    c.source_expressions[pos] = arg.resolve_expression(
                                ^^^^^^^^^^^^^^^^^^^^^^^
  File "/home/tarxemo/venv/lib/python3.12/site-packages/django/db/models/expressions.py", line 895, in resolve_expression
    return query.resolve_ref(self.name, allow_joins, reuse, summarize)
           ^^^^^^^^^^^^^^^^^^^^^^^^^^^^^^^^^^^^^^^^^^^^^^^^^^^^^^^^^^^
  File "/home/tarxemo/venv/lib/python3.12/site-packages/django/db/models/sql/query.py", line 2026, in resolve_ref
    transform = join_info.transform_function(targets[0], final_alias)
                ^^^^^^^^^^^^^^^^^^^^^^^^^^^^^^^^^^^^^^^^^^^^^^^^^^^^^
  File "/home/tarxemo/venv/lib/python3.12/site-packages/django/db/models/sql/query.py", line 1886, in transform
    return self.try_transform(wrapped, name)
           ^^^^^^^^^^^^^^^^^^^^^^^^^^^^^^^^^
  File "/home/tarxemo/venv/lib/python3.12/site-packages/django/db/models/sql/query.py", line 1423, in try_transform
    raise FieldError(
graphql.error.located_error.GraphQLLocatedError: Unsupported lookup 'candidates' for BigAutoField or join on the field not permitted.

Traceback (most recent call last):
  File "/home/tarxemo/venv/lib/python3.12/site-packages/promise/promise.py", line 489, in _resolve_from_executor
    executor(resolve, reject)
  File "/home/tarxemo/venv/lib/python3.12/site-packages/promise/promise.py", line 756, in executor
    return resolve(f(*args, **kwargs))
                   ^^^^^^^^^^^^^^^^^^
  File "/home/tarxemo/venv/lib/python3.12/site-packages/graphql/execution/middleware.py", line 75, in make_it_promise
    return next(*args, **kwargs)
           ^^^^^^^^^^^^^^^^^^^^^
  File "/home/tarxemo/Desktop/VS/ElectionBackend/election/queries/positions.py", line 966, in resolve_institutions_with_most_activity
    institutions = Institution.objects.annotate(
                   ^^^^^^^^^^^^^^^^^^^^^^^^^^^^^
  File "/home/tarxemo/venv/lib/python3.12/site-packages/django/db/models/manager.py", line 87, in manager_method
    return getattr(self.get_queryset(), name)(*args, **kwargs)
           ^^^^^^^^^^^^^^^^^^^^^^^^^^^^^^^^^^^^^^^^^^^^^^^^^^^
  File "/home/tarxemo/venv/lib/python3.12/site-packages/django/db/models/query.py", line 1630, in annotate
    return self._annotate(args, kwargs, select=True)
           ^^^^^^^^^^^^^^^^^^^^^^^^^^^^^^^^^^^^^^^^^
  File "/home/tarxemo/venv/lib/python3.12/site-packages/django/db/models/query.py", line 1680, in _annotate
    clone.query.add_annotation(
  File "/home/tarxemo/venv/lib/python3.12/site-packages/django/db/models/sql/query.py", line 1194, in add_annotation
    annotation = annotation.resolve_expression(self, allow_joins=True, reuse=None)
                 ^^^^^^^^^^^^^^^^^^^^^^^^^^^^^^^^^^^^^^^^^^^^^^^^^^^^^^^^^^^^^^^^^
  File "/home/tarxemo/venv/lib/python3.12/site-packages/django/db/models/aggregates.py", line 63, in resolve_expression
    c = super().resolve_expression(query, allow_joins, reuse, summarize)
        ^^^^^^^^^^^^^^^^^^^^^^^^^^^^^^^^^^^^^^^^^^^^^^^^^^^^^^^^^^^^^^^^
  File "/home/tarxemo/venv/lib/python3.12/site-packages/django/db/models/expressions.py", line 1073, in resolve_expression
    c.source_expressions[pos] = arg.resolve_expression(
                                ^^^^^^^^^^^^^^^^^^^^^^^
  File "/home/tarxemo/venv/lib/python3.12/site-packages/django/db/models/expressions.py", line 895, in resolve_expression
    return query.resolve_ref(self.name, allow_joins, reuse, summarize)
           ^^^^^^^^^^^^^^^^^^^^^^^^^^^^^^^^^^^^^^^^^^^^^^^^^^^^^^^^^^^
  File "/home/tarxemo/venv/lib/python3.12/site-packages/django/db/models/sql/query.py", line 2010, in resolve_ref
    join_info = self.setup_joins(
                ^^^^^^^^^^^^^^^^^
  File "/home/tarxemo/venv/lib/python3.12/site-packages/django/db/models/sql/query.py", line 1863, in setup_joins
    path, final_field, targets, rest = self.names_to_path(
                                       ^^^^^^^^^^^^^^^^^^^
  File "/home/tarxemo/venv/lib/python3.12/site-packages/django/db/models/sql/query.py", line 1768, in names_to_path
    raise FieldError(
graphql.error.located_error.GraphQLLocatedError: Cannot resolve keyword 'elections' into field. Choices are: created_at, description, election, id, institution, leader, level, level_id, name, parent, parent_id, position, student

Bad Request: /graphql/
Bad Request: /graphql/
Bad Request: /graphql/
Bad Request: /graphql/
Bad Request: /graphql/
Bad Request: /graphql/
Bad Request: /graphql/
Bad Request: /graphql/
Bad Request: /graphql/
Bad Request: /graphql/
Bad Request: /graphql/
Bad Request: /graphql/
Bad Request: /graphql/
Watching for file changes with StatReloader
Internal Server Error: /graphql/
Traceback (most recent call last):
  File "/home/tarxemo/venv/lib/python3.12/site-packages/graphene_django/settings.py", line 80, in import_from_string
    module = importlib.import_module(module_path)
             ^^^^^^^^^^^^^^^^^^^^^^^^^^^^^^^^^^^^
  File "/usr/lib/python3.12/importlib/__init__.py", line 90, in import_module
    return _bootstrap._gcd_import(name[level:], package, level)
           ^^^^^^^^^^^^^^^^^^^^^^^^^^^^^^^^^^^^^^^^^^^^^^^^^^^^
  File "<frozen importlib._bootstrap>", line 1387, in _gcd_import
  File "<frozen importlib._bootstrap>", line 1360, in _find_and_load
  File "<frozen importlib._bootstrap>", line 1331, in _find_and_load_unlocked
  File "<frozen importlib._bootstrap>", line 935, in _load_unlocked
  File "<frozen importlib._bootstrap_external>", line 995, in exec_module
  File "<frozen importlib._bootstrap>", line 488, in _call_with_frames_removed
  File "/home/tarxemo/Desktop/VS/ElectionBackend/ElectionBackend/main_schema.py", line 4, in <module>
    from election.queries.subscriptions import ActiveElectionSubscription  # Import the subscription class
    ^^^^^^^^^^^^^^^^^^^^^^^^^^^^^^^^^^^^^^^^^^^^^^^^^^^^^^^^^^^^^^^^^^^^^
  File "/home/tarxemo/Desktop/VS/ElectionBackend/election/queries/subscriptions.py", line 3, in <module>
    from graphene_subscriptions.events import CREATED, UPDATED
ModuleNotFoundError: No module named 'graphene_subscriptions'

During handling of the above exception, another exception occurred:

Traceback (most recent call last):
  File "/home/tarxemo/venv/lib/python3.12/site-packages/django/core/handlers/exception.py", line 55, in inner
    response = get_response(request)
               ^^^^^^^^^^^^^^^^^^^^^
  File "/home/tarxemo/venv/lib/python3.12/site-packages/django/core/handlers/base.py", line 197, in _get_response
    response = wrapped_callback(request, *callback_args, **callback_kwargs)
               ^^^^^^^^^^^^^^^^^^^^^^^^^^^^^^^^^^^^^^^^^^^^^^^^^^^^^^^^^^^^
  File "/home/tarxemo/venv/lib/python3.12/site-packages/django/views/decorators/csrf.py", line 65, in _view_wrapper
    return view_func(request, *args, **kwargs)
           ^^^^^^^^^^^^^^^^^^^^^^^^^^^^^^^^^^^
  File "/home/tarxemo/venv/lib/python3.12/site-packages/django/views/generic/base.py", line 97, in view
    self = cls(**initkwargs)
           ^^^^^^^^^^^^^^^^^
  File "/home/tarxemo/venv/lib/python3.12/site-packages/graphene_django/views.py", line 114, in __init__
    schema = graphene_settings.SCHEMA
             ^^^^^^^^^^^^^^^^^^^^^^^^
  File "/home/tarxemo/venv/lib/python3.12/site-packages/graphene_django/settings.py", line 127, in __getattr__
    val = perform_import(val, attr)
          ^^^^^^^^^^^^^^^^^^^^^^^^^
  File "/home/tarxemo/venv/lib/python3.12/site-packages/graphene_django/settings.py", line 66, in perform_import
    return import_from_string(val, setting_name)
           ^^^^^^^^^^^^^^^^^^^^^^^^^^^^^^^^^^^^^
  File "/home/tarxemo/venv/lib/python3.12/site-packages/graphene_django/settings.py", line 89, in import_from_string
    raise ImportError(msg)
ImportError: Could not import 'ElectionBackend.main_schema.schema' for Graphene setting 'SCHEMA'. ModuleNotFoundError: No module named 'graphene_subscriptions'.
/home/tarxemo/Desktop/VS/ElectionBackend/ElectionBackend/main_schema.py changed, reloading.
Watching for file changes with StatReloader
Bad Request: /graphql/
/home/tarxemo/Desktop/VS/ElectionBackend/election/queries/positions.py changed, reloading.
Watching for file changes with StatReloader
Bad Request: /graphql/
Bad Request: /graphql/
Bad Request: /graphql/
Bad Request: /graphql/
Bad Request: /graphql/
Bad Request: /graphql/
Bad Request: /graphql/
Bad Request: /graphql/
/home/tarxemo/Desktop/VS/ElectionBackend/election/types.py changed, reloading.
Watching for file changes with StatReloader
Watching for file changes with StatReloader
Bad Request: /graphql/
Bad Request: /graphql/
Bad Request: /graphql/
Bad Request: /graphql/
Bad Request: /graphql/
/home/tarxemo/Desktop/VS/ElectionBackend/election/queries/election_utils.py changed, reloading.
Watching for file changes with StatReloader
Bad Request: /graphql/
Bad Request: /graphql/
/home/tarxemo/Desktop/VS/ElectionBackend/election/queries/election_utils.py changed, reloading.
Watching for file changes with StatReloader
Bad Request: /graphql/
/home/tarxemo/Desktop/VS/ElectionBackend/election/queries/election_utils.py changed, reloading.
Watching for file changes with StatReloader
Bad Request: /graphql/
Bad Request: /graphql/
Bad Request: /graphql/
Bad Request: /graphql/
Bad Request: /graphql/
Bad Request: /graphql/
Bad Request: /graphql/
Bad Request: /graphql/
Bad Request: /graphql/
Bad Request: /graphql/
Bad Request: /graphql/
Bad Request: /graphql/
Bad Request: /graphql/
Bad Request: /graphql/
Bad Request: /graphql/
Bad Request: /graphql/
Bad Request: /graphql/
Bad Request: /graphql/
Bad Request: /graphql/
Bad Request: /graphql/
Bad Request: /graphql/
Bad Request: /graphql/
Bad Request: /graphql/
Bad Request: /graphql/
Bad Request: /graphql/
Bad Request: /graphql/
Bad Request: /graphql/
Bad Request: /graphql/
Bad Request: /graphql/
Bad Request: /graphql/
Bad Request: /graphql/
Bad Request: /graphql/
Bad Request: /graphql/
Bad Request: /graphql/
Bad Request: /graphql/
Bad Request: /graphql/
Bad Request: /graphql/
Bad Request: /graphql/
Bad Request: /graphql/
Bad Request: /graphql/
Bad Request: /graphql/
Bad Request: /graphql/
Bad Request: /graphql/
Watching for file changes with StatReloader
Bad Request: /graphql/
Bad Request: /graphql/
Bad Request: /graphql/
Bad Request: /graphql/
Bad Request: /graphql/
Bad Request: /graphql/
Bad Request: /graphql/
Bad Request: /graphql/
Bad Request: /graphql/
Bad Request: /graphql/
Bad Request: /graphql/
Bad Request: /graphql/
Bad Request: /graphql/
Bad Request: /graphql/
Bad Request: /graphql/
Bad Request: /graphql/
Bad Request: /graphql/
Bad Request: /graphql/
Bad Request: /graphql/
Bad Request: /graphql/
Bad Request: /graphql/
Bad Request: /graphql/
Bad Request: /graphql/
Bad Request: /graphql/
Bad Request: /graphql/
Bad Request: /graphql/
Bad Request: /graphql/
Bad Request: /graphql/
Bad Request: /graphql/
Bad Request: /graphql/
Bad Request: /graphql/
Bad Request: /graphql/
Watching for file changes with StatReloader
Bad Request: /graphql/
Bad Request: /graphql/
Bad Request: /graphql/
Bad Request: /graphql/
Bad Request: /graphql/
Bad Request: /graphql/
Bad Request: /graphql/
Bad Request: /graphql/
Bad Request: /graphql/
Bad Request: /graphql/
Bad Request: /graphql/
Bad Request: /graphql/
Bad Request: /graphql/
Bad Request: /graphql/
Bad Request: /graphql/
Bad Request: /graphql/
Bad Request: /graphql/
Bad Request: /graphql/
Bad Request: /graphql/
Bad Request: /graphql/
Bad Request: /graphql/
Bad Request: /graphql/
Bad Request: /graphql/
Bad Request: /graphql/
Bad Request: /graphql/
Bad Request: /graphql/
Bad Request: /graphql/
Bad Request: /graphql/
Bad Request: /graphql/
Bad Request: /graphql/
Bad Request: /graphql/
Bad Request: /graphql/
Bad Request: /graphql/
Bad Request: /graphql/
Bad Request: /graphql/
Bad Request: /graphql/
Bad Request: /graphql/
Bad Request: /graphql/
Bad Request: /graphql/
Bad Request: /graphql/
Bad Request: /graphql/
Bad Request: /graphql/
Bad Request: /graphql/
Bad Request: /graphql/
Bad Request: /graphql/
Bad Request: /graphql/
Bad Request: /graphql/
Bad Request: /graphql/
Bad Request: /graphql/
Bad Request: /graphql/
Bad Request: /graphql/
Bad Request: /graphql/
Bad Request: /graphql/
Bad Request: /graphql/
Bad Request: /graphql/
Bad Request: /graphql/
Bad Request: /graphql/
Bad Request: /graphql/
Bad Request: /graphql/
Bad Request: /graphql/
Bad Request: /graphql/
Bad Request: /graphql/
Bad Request: /graphql/
Bad Request: /graphql/
Bad Request: /graphql/
Bad Request: /graphql/
Bad Request: /graphql/
Bad Request: /graphql/
Bad Request: /graphql/
Bad Request: /graphql/
Bad Request: /graphql/
Bad Request: /graphql/
Bad Request: /graphql/
Bad Request: /graphql/
Bad Request: /graphql/
Bad Request: /graphql/
Bad Request: /graphql/
Bad Request: /graphql/
Bad Request: /graphql/
Bad Request: /graphql/
Bad Request: /graphql/
Bad Request: /graphql/
Bad Request: /graphql/
Bad Request: /graphql/
Bad Request: /graphql/
Bad Request: /graphql/
Bad Request: /graphql/
Bad Request: /graphql/
/home/tarxemo/Desktop/VS/ElectionBackend/election/utils.py changed, reloading.
Watching for file changes with StatReloader
Watching for file changes with StatReloader
