election_id,election_name,election_year,election_month,election_day_of_week,election_duration_hours,academic_year,institution_level,institution_name,position_id,position_name,position_institution,max_candidates,candidate_id,candidate_institution,candidate_academic_year,candidate_is_incumbent,candidate_previous_wins,candidate_previous_losses,position_avg_voters,position_avg_turnout,position_winner_institution_last_3,position_winner_academic_year_last_3,votes_received,vote_percentage,is_winner,institution_voter_turnout_avg,institution_votes_for_own_candidates_pct,votes_first_hour_pct,votes_last_hour_pct,votes_peak_hour_pct,closest_competitor_vote_diff,second_competitor_vote_diff,fraud_risk_avg,fraud_indicators_count
13,2020-2021 University Election,2020,12,Thursday,191.9999999997222,2020-2021,UNIVERSITY,None,1,President,University of Dodoma (UDOM),5,1382,Block 16,2024-2025,0,0,0,17276.5,33.7300000000000000,"Block 7,Block 1,Block 5","2024-2025,2024-2025,2024-2025",4767,20.28,1,0,0,100.0,0.0,0.0,63,83,0,0
13,2020-2021 University Election,2020,12,Thursday,191.9999999997222,2020-2021,UNIVERSITY,None,1,President,University of Dodoma (UDOM),5,1385,Block 12,2024-2025,0,0,0,17276.5,33.7300000000000000,"Block 7,Block 1,Block 5","2024-2025,2024-2025,2024-2025",4704,20.01,0,0,0,100.0,0.0,0.0,63,-20,0,0
13,2020-2021 University Election,2020,12,Thursday,191.9999999997222,2020-2021,UNIVERSITY,None,1,President,University of Dodoma (UDOM),5,1381,Block L,2024-2025,0,0,0,17276.5,33.7300000000000000,"Block 7,Block 1,Block 5","2024-2025,2024-2025,2024-2025",4684,19.93,0,0,0,100.0,0.0,0.0,83,-4,0,0
13,2020-2021 University Election,2020,12,Thursday,191.9999999997222,2020-2021,UNIVERSITY,None,1,President,University of Dodoma (UDOM),5,1383,Block 8,2024-2025,0,0,0,17276.5,33.7300000000000000,"Block 7,Block 1,Block 5","2024-2025,2024-2025,2024-2025",4671,19.87,0,0,0,100.0,0.0,0.0,96,0,0,0
13,2020-2021 University Election,2020,12,Thursday,191.9999999997222,2020-2021,UNIVERSITY,None,1,President,University of Dodoma (UDOM),5,1384,Block 6,2024-2025,0,0,0,17276.5,33.7300000000000000,"Block 7,Block 1,Block 5","2024-2025,2024-2025,2024-2025",4680,19.91,0,0,0,100.0,0.0,0.0,87,-9,0,0
15,2020-2021 Hostel Election,2021,1,Thursday,143.9999999997222,2020-2021,HOSTEL,None,9,Clerk - Block A,Block A,5,1422,Block A,2024-2025,0,0,0,17276.5,34.0400000000000000,"Block A,Block B,Block C","2024-2025,2024-2025,2024-2025",34,19.54,0,0,0,100.0,0.0,0.0,4,-4,0,0
15,2020-2021 Hostel Election,2021,1,Thursday,143.9999999997222,2020-2021,HOSTEL,None,9,Clerk - Block A,Block A,5,1424,Block A,2024-2025,0,0,0,17276.5,34.0400000000000000,"Block A,Block B,Block C","2024-2025,2024-2025,2024-2025",38,21.84,1,0,0,100.0,0.0,0.0,2,2,0,0
15,2020-2021 Hostel Election,2021,1,Thursday,143.9999999997222,2020-2021,HOSTEL,None,9,Clerk - Block A,Block A,5,1421,Block A,2024-2025,0,0,0,17276.5,34.0400000000000000,"Block A,Block B,Block C","2024-2025,2024-2025,2024-2025",36,20.69,0,0,0,100.0,0.0,0.0,2,0,0,0
15,2020-2021 Hostel Election,2021,1,Thursday,143.9999999997222,2020-2021,HOSTEL,None,9,Clerk - Block A,Block A,5,1425,Block A,2024-2025,0,0,0,17276.5,34.0400000000000000,"Block A,Block B,Block C","2024-2025,2024-2025,2024-2025",36,20.69,0,0,0,100.0,0.0,0.0,2,-2,0,0
15,2020-2021 Hostel Election,2021,1,Thursday,143.9999999997222,2020-2021,HOSTEL,None,9,Clerk - Block A,Block A,5,1423,Block A,2024-2025,0,0,0,17276.5,34.0400000000000000,"Block A,Block B,Block C","2024-2025,2024-2025,2024-2025",30,17.24,0,0,0,100.0,0.0,0.0,8,0,0,0
15,2020-2021 Hostel Election,2021,1,Thursday,143.9999999997222,2020-2021,HOSTEL,None,10,Clerk - Block B,Block B,5,1428,Block B,2024-2025,0,0,0,17276.5,34.0400000000000000,"Block A,Block B,Block C","2024-2025,2024-2025,2024-2025",32,20.25,0,0,0,100.0,0.0,0.0,10,-1,0,0
15,2020-2021 Hostel Election,2021,1,Thursday,143.9999999997222,2020-2021,HOSTEL,None,10,Clerk - Block B,Block B,5,1426,Block B,2024-2025,0,0,0,17276.5,34.0400000000000000,"Block A,Block B,Block C","2024-2025,2024-2025,2024-2025",42,26.58,1,0,0,100.0,0.0,0.0,10,11,0,0
15,2020-2021 Hostel Election,2021,1,Thursday,143.9999999997222,2020-2021,HOSTEL,None,10,Clerk - Block B,Block B,5,1430,Block B,2024-2025,0,0,0,17276.5,34.0400000000000000,"Block A,Block B,Block C","2024-2025,2024-2025,2024-2025",24,15.19,0,0,0,100.0,0.0,0.0,18,0,0,0
15,2020-2021 Hostel Election,2021,1,Thursday,143.9999999997222,2020-2021,HOSTEL,None,10,Clerk - Block B,Block B,5,1427,Block B,2024-2025,0,0,0,17276.5,34.0400000000000000,"Block A,Block B,Block C","2024-2025,2024-2025,2024-2025",29,18.35,0,0,0,100.0,0.0,0.0,13,-5,0,0
15,2020-2021 Hostel Election,2021,1,Thursday,143.9999999997222,2020-2021,HOSTEL,None,10,Clerk - Block B,Block B,5,1429,Block B,2024-2025,0,0,0,17276.5,34.0400000000000000,"Block A,Block B,Block C","2024-2025,2024-2025,2024-2025",31,19.62,0,0,0,100.0,0.0,0.0,11,-2,0,0
15,2020-2021 Hostel Election,2021,1,Thursday,143.9999999997222,2020-2021,HOSTEL,None,11,Clerk - Block C,Block C,5,1432,Block C,2024-2025,0,0,0,17276.5,34.0400000000000000,"Block A,Block B,Block C","2024-2025,2024-2025,2024-2025",40,21.05,0,0,0,100.0,0.0,0.0,4,-3,0,0
15,2020-2021 Hostel Election,2021,1,Thursday,143.9999999997222,2020-2021,HOSTEL,None,11,Clerk - Block C,Block C,5,1435,Block C,2024-2025,0,0,0,17276.5,34.0400000000000000,"Block A,Block B,Block C","2024-2025,2024-2025,2024-2025",44,23.16,1,0,0,100.0,0.0,0.0,4,7,0,0
15,2020-2021 Hostel Election,2021,1,Thursday,143.9999999997222,2020-2021,HOSTEL,None,11,Clerk - Block C,Block C,5,1434,Block C,2024-2025,0,0,0,17276.5,34.0400000000000000,"Block A,Block B,Block C","2024-2025,2024-2025,2024-2025",33,17.37,0,0,0,100.0,0.0,0.0,11,0,0,0
15,2020-2021 Hostel Election,2021,1,Thursday,143.9999999997222,2020-2021,HOSTEL,None,11,Clerk - Block C,Block C,5,1431,Block C,2024-2025,0,0,0,17276.5,34.0400000000000000,"Block A,Block B,Block C","2024-2025,2024-2025,2024-2025",36,18.95,0,0,0,100.0,0.0,0.0,8,-3,0,0
15,2020-2021 Hostel Election,2021,1,Thursday,143.9999999997222,2020-2021,HOSTEL,None,11,Clerk - Block C,Block C,5,1433,Block C,2024-2025,0,0,0,17276.5,34.0400000000000000,"Block A,Block B,Block C","2024-2025,2024-2025,2024-2025",37,19.47,0,0,0,100.0,0.0,0.0,7,-1,0,0
15,2020-2021 Hostel Election,2021,1,Thursday,143.9999999997222,2020-2021,HOSTEL,None,12,Clerk - Block D,Block D,5,1437,Block D,2024-2025,0,0,0,17276.5,34.0400000000000000,"Block A,Block B,Block C","2024-2025,2024-2025,2024-2025",32,19.51,0,0,0,100.0,0.0,0.0,6,-1,0,0
15,2020-2021 Hostel Election,2021,1,Thursday,143.9999999997222,2020-2021,HOSTEL,None,12,Clerk - Block D,Block D,5,1436,Block D,2024-2025,0,0,0,17276.5,34.0400000000000000,"Block A,Block B,Block C","2024-2025,2024-2025,2024-2025",29,17.68,0,0,0,100.0,0.0,0.0,9,0,0,0
15,2020-2021 Hostel Election,2021,1,Thursday,143.9999999997222,2020-2021,HOSTEL,None,12,Clerk - Block D,Block D,5,1438,Block D,2024-2025,0,0,0,17276.5,34.0400000000000000,"Block A,Block B,Block C","2024-2025,2024-2025,2024-2025",34,20.73,0,0,0,100.0,0.0,0.0,4,-2,0,0
15,2020-2021 Hostel Election,2021,1,Thursday,143.9999999997222,2020-2021,HOSTEL,None,12,Clerk - Block D,Block D,5,1439,Block D,2024-2025,0,0,0,17276.5,34.0400000000000000,"Block A,Block B,Block C","2024-2025,2024-2025,2024-2025",31,18.90,0,0,0,100.0,0.0,0.0,7,-2,0,0
15,2020-2021 Hostel Election,2021,1,Thursday,143.9999999997222,2020-2021,HOSTEL,None,12,Clerk - Block D,Block D,5,1440,Block D,2024-2025,0,0,0,17276.5,34.0400000000000000,"Block A,Block B,Block C","2024-2025,2024-2025,2024-2025",38,23.17,1,0,0,100.0,0.0,0.0,4,6,0,0
15,2020-2021 Hostel Election,2021,1,Thursday,143.9999999997222,2020-2021,HOSTEL,None,13,Clerk - Block E,Block E,5,1445,Block E,2024-2025,0,0,0,17276.5,34.0400000000000000,"Block A,Block B,Block C","2024-2025,2024-2025,2024-2025",32,20.00,0,0,0,100.0,0.0,0.0,3,-1,0,0
15,2020-2021 Hostel Election,2021,1,Thursday,143.9999999997222,2020-2021,HOSTEL,None,13,Clerk - Block E,Block E,5,1441,Block E,2024-2025,0,0,0,17276.5,34.0400000000000000,"Block A,Block B,Block C","2024-2025,2024-2025,2024-2025",32,20.00,0,0,0,100.0,0.0,0.0,3,0,0,0
15,2020-2021 Hostel Election,2021,1,Thursday,143.9999999997222,2020-2021,HOSTEL,None,13,Clerk - Block E,Block E,5,1442,Block E,2024-2025,0,0,0,17276.5,34.0400000000000000,"Block A,Block B,Block C","2024-2025,2024-2025,2024-2025",31,19.38,0,0,0,100.0,0.0,0.0,4,-1,0,0
15,2020-2021 Hostel Election,2021,1,Thursday,143.9999999997222,2020-2021,HOSTEL,None,13,Clerk - Block E,Block E,5,1443,Block E,2024-2025,0,0,0,17276.5,34.0400000000000000,"Block A,Block B,Block C","2024-2025,2024-2025,2024-2025",30,18.75,0,0,0,100.0,0.0,0.0,5,0,0,0
15,2020-2021 Hostel Election,2021,1,Thursday,143.9999999997222,2020-2021,HOSTEL,None,13,Clerk - Block E,Block E,5,1444,Block E,2024-2025,0,0,0,17276.5,34.0400000000000000,"Block A,Block B,Block C","2024-2025,2024-2025,2024-2025",35,21.88,1,0,0,100.0,0.0,0.0,3,3,0,0
15,2020-2021 Hostel Election,2021,1,Thursday,143.9999999997222,2020-2021,HOSTEL,None,14,Clerk - Block F,Block F,5,1450,Block F,2024-2025,0,0,0,17276.5,34.0400000000000000,"Block A,Block B,Block C","2024-2025,2024-2025,2024-2025",39,22.41,1,0,0,100.0,0.0,0.0,2,4,0,0
15,2020-2021 Hostel Election,2021,1,Thursday,143.9999999997222,2020-2021,HOSTEL,None,14,Clerk - Block F,Block F,5,1449,Block F,2024-2025,0,0,0,17276.5,34.0400000000000000,"Block A,Block B,Block C","2024-2025,2024-2025,2024-2025",30,17.24,0,0,0,100.0,0.0,0.0,9,0,0,0
15,2020-2021 Hostel Election,2021,1,Thursday,143.9999999997222,2020-2021,HOSTEL,None,14,Clerk - Block F,Block F,5,1447,Block F,2024-2025,0,0,0,17276.5,34.0400000000000000,"Block A,Block B,Block C","2024-2025,2024-2025,2024-2025",35,20.12,0,0,0,100.0,0.0,0.0,4,-2,0,0
15,2020-2021 Hostel Election,2021,1,Thursday,143.9999999997222,2020-2021,HOSTEL,None,14,Clerk - Block F,Block F,5,1446,Block F,2024-2025,0,0,0,17276.5,34.0400000000000000,"Block A,Block B,Block C","2024-2025,2024-2025,2024-2025",33,18.97,0,0,0,100.0,0.0,0.0,6,-3,0,0
15,2020-2021 Hostel Election,2021,1,Thursday,143.9999999997222,2020-2021,HOSTEL,None,14,Clerk - Block F,Block F,5,1448,Block F,2024-2025,0,0,0,17276.5,34.0400000000000000,"Block A,Block B,Block C","2024-2025,2024-2025,2024-2025",37,21.26,0,0,0,100.0,0.0,0.0,2,-2,0,0
15,2020-2021 Hostel Election,2021,1,Thursday,143.9999999997222,2020-2021,HOSTEL,None,15,Clerk - Block G,Block G,5,1454,Block G,2024-2025,0,0,0,17276.5,34.0400000000000000,"Block A,Block B,Block C","2024-2025,2024-2025,2024-2025",32,19.51,0,0,0,100.0,0.0,0.0,13,-3,0,0
15,2020-2021 Hostel Election,2021,1,Thursday,143.9999999997222,2020-2021,HOSTEL,None,15,Clerk - Block G,Block G,5,1453,Block G,2024-2025,0,0,0,17276.5,34.0400000000000000,"Block A,Block B,Block C","2024-2025,2024-2025,2024-2025",32,19.51,0,0,0,100.0,0.0,0.0,13,0,0,0
15,2020-2021 Hostel Election,2021,1,Thursday,143.9999999997222,2020-2021,HOSTEL,None,15,Clerk - Block G,Block G,5,1452,Block G,2024-2025,0,0,0,17276.5,34.0400000000000000,"Block A,Block B,Block C","2024-2025,2024-2025,2024-2025",26,15.85,0,0,0,100.0,0.0,0.0,19,0,0,0
15,2020-2021 Hostel Election,2021,1,Thursday,143.9999999997222,2020-2021,HOSTEL,None,15,Clerk - Block G,Block G,5,1455,Block G,2024-2025,0,0,0,17276.5,34.0400000000000000,"Block A,Block B,Block C","2024-2025,2024-2025,2024-2025",45,27.44,1,0,0,100.0,0.0,0.0,13,13,0,0
15,2020-2021 Hostel Election,2021,1,Thursday,143.9999999997222,2020-2021,HOSTEL,None,15,Clerk - Block G,Block G,5,1451,Block G,2024-2025,0,0,0,17276.5,34.0400000000000000,"Block A,Block B,Block C","2024-2025,2024-2025,2024-2025",29,17.68,0,0,0,100.0,0.0,0.0,16,-3,0,0
15,2020-2021 Hostel Election,2021,1,Thursday,143.9999999997222,2020-2021,HOSTEL,None,16,Clerk - Block H,Block H,5,1457,Block H,2024-2025,0,0,0,17276.5,34.0400000000000000,"Block A,Block B,Block C","2024-2025,2024-2025,2024-2025",36,23.08,1,0,0,100.0,0.0,0.0,2,4,0,0
15,2020-2021 Hostel Election,2021,1,Thursday,143.9999999997222,2020-2021,HOSTEL,None,16,Clerk - Block H,Block H,5,1460,Block H,2024-2025,0,0,0,17276.5,34.0400000000000000,"Block A,Block B,Block C","2024-2025,2024-2025,2024-2025",34,21.80,0,0,0,100.0,0.0,0.0,2,-2,0,0
15,2020-2021 Hostel Election,2021,1,Thursday,143.9999999997222,2020-2021,HOSTEL,None,16,Clerk - Block H,Block H,5,1458,Block H,2024-2025,0,0,0,17276.5,34.0400000000000000,"Block A,Block B,Block C","2024-2025,2024-2025,2024-2025",31,19.87,0,0,0,100.0,0.0,0.0,5,-8,0,0
15,2020-2021 Hostel Election,2021,1,Thursday,143.9999999997222,2020-2021,HOSTEL,None,16,Clerk - Block H,Block H,5,1456,Block H,2024-2025,0,0,0,17276.5,34.0400000000000000,"Block A,Block B,Block C","2024-2025,2024-2025,2024-2025",32,20.51,0,0,0,100.0,0.0,0.0,4,-1,0,0
15,2020-2021 Hostel Election,2021,1,Thursday,143.9999999997222,2020-2021,HOSTEL,None,16,Clerk - Block H,Block H,5,1459,Block H,2024-2025,0,0,0,17276.5,34.0400000000000000,"Block A,Block B,Block C","2024-2025,2024-2025,2024-2025",23,14.74,0,0,0,100.0,0.0,0.0,13,0,0,0
15,2020-2021 Hostel Election,2021,1,Thursday,143.9999999997222,2020-2021,HOSTEL,None,17,Clerk - Block I,Block I,5,1462,Block I,2024-2025,0,0,0,17276.5,34.0400000000000000,"Block A,Block B,Block C","2024-2025,2024-2025,2024-2025",35,20.47,0,0,0,100.0,0.0,0.0,6,-1,0,0
15,2020-2021 Hostel Election,2021,1,Thursday,143.9999999997222,2020-2021,HOSTEL,None,17,Clerk - Block I,Block I,5,1463,Block I,2024-2025,0,0,0,17276.5,34.0400000000000000,"Block A,Block B,Block C","2024-2025,2024-2025,2024-2025",41,23.98,1,0,0,100.0,0.0,0.0,6,7,0,0
15,2020-2021 Hostel Election,2021,1,Thursday,143.9999999997222,2020-2021,HOSTEL,None,17,Clerk - Block I,Block I,5,1464,Block I,2024-2025,0,0,0,17276.5,34.0400000000000000,"Block A,Block B,Block C","2024-2025,2024-2025,2024-2025",32,18.71,0,0,0,100.0,0.0,0.0,9,-3,0,0
15,2020-2021 Hostel Election,2021,1,Thursday,143.9999999997222,2020-2021,HOSTEL,None,17,Clerk - Block I,Block I,5,1461,Block I,2024-2025,0,0,0,17276.5,34.0400000000000000,"Block A,Block B,Block C","2024-2025,2024-2025,2024-2025",34,19.88,0,0,0,100.0,0.0,0.0,7,-2,0,0
15,2020-2021 Hostel Election,2021,1,Thursday,143.9999999997222,2020-2021,HOSTEL,None,17,Clerk - Block I,Block I,5,1465,Block I,2024-2025,0,0,0,17276.5,34.0400000000000000,"Block A,Block B,Block C","2024-2025,2024-2025,2024-2025",29,16.96,0,0,0,100.0,0.0,0.0,12,0,0,0
15,2020-2021 Hostel Election,2021,1,Thursday,143.9999999997222,2020-2021,HOSTEL,None,18,Clerk - Block J,Block J,5,1467,Block J,2024-2025,0,0,0,17276.5,34.0400000000000000,"Block A,Block B,Block C","2024-2025,2024-2025,2024-2025",31,20.00,0,0,0,100.0,0.0,0.0,10,-1,0,0
15,2020-2021 Hostel Election,2021,1,Thursday,143.9999999997222,2020-2021,HOSTEL,None,18,Clerk - Block J,Block J,5,1468,Block J,2024-2025,0,0,0,17276.5,34.0400000000000000,"Block A,Block B,Block C","2024-2025,2024-2025,2024-2025",30,19.36,0,0,0,100.0,0.0,0.0,11,-9,0,0
15,2020-2021 Hostel Election,2021,1,Thursday,143.9999999997222,2020-2021,HOSTEL,None,18,Clerk - Block J,Block J,5,1469,Block J,2024-2025,0,0,0,17276.5,34.0400000000000000,"Block A,Block B,Block C","2024-2025,2024-2025,2024-2025",41,26.45,1,0,0,100.0,0.0,0.0,9,10,0,0
15,2020-2021 Hostel Election,2021,1,Thursday,143.9999999997222,2020-2021,HOSTEL,None,18,Clerk - Block J,Block J,5,1470,Block J,2024-2025,0,0,0,17276.5,34.0400000000000000,"Block A,Block B,Block C","2024-2025,2024-2025,2024-2025",32,20.65,0,0,0,100.0,0.0,0.0,9,-1,0,0
15,2020-2021 Hostel Election,2021,1,Thursday,143.9999999997222,2020-2021,HOSTEL,None,18,Clerk - Block J,Block J,5,1466,Block J,2024-2025,0,0,0,17276.5,34.0400000000000000,"Block A,Block B,Block C","2024-2025,2024-2025,2024-2025",21,13.55,0,0,0,100.0,0.0,0.0,20,0,0,0
15,2020-2021 Hostel Election,2021,1,Thursday,143.9999999997222,2020-2021,HOSTEL,None,19,Clerk - Block K,Block K,5,1472,Block K,2024-2025,0,0,0,17276.5,34.0400000000000000,"Block A,Block B,Block C","2024-2025,2024-2025,2024-2025",29,17.06,0,0,0,100.0,0.0,0.0,13,-1,0,0
15,2020-2021 Hostel Election,2021,1,Thursday,143.9999999997222,2020-2021,HOSTEL,None,19,Clerk - Block K,Block K,5,1475,Block K,2024-2025,0,0,0,17276.5,34.0400000000000000,"Block A,Block B,Block C","2024-2025,2024-2025,2024-2025",28,16.47,0,0,0,100.0,0.0,0.0,14,0,0,0
15,2020-2021 Hostel Election,2021,1,Thursday,143.9999999997222,2020-2021,HOSTEL,None,19,Clerk - Block K,Block K,5,1471,Block K,2024-2025,0,0,0,17276.5,34.0400000000000000,"Block A,Block B,Block C","2024-2025,2024-2025,2024-2025",31,18.24,0,0,0,100.0,0.0,0.0,11,-2,0,0
15,2020-2021 Hostel Election,2021,1,Thursday,143.9999999997222,2020-2021,HOSTEL,None,19,Clerk - Block K,Block K,5,1473,Block K,2024-2025,0,0,0,17276.5,34.0400000000000000,"Block A,Block B,Block C","2024-2025,2024-2025,2024-2025",40,23.53,0,0,0,100.0,0.0,0.0,2,-9,0,0
15,2020-2021 Hostel Election,2021,1,Thursday,143.9999999997222,2020-2021,HOSTEL,None,19,Clerk - Block K,Block K,5,1474,Block K,2024-2025,0,0,0,17276.5,34.0400000000000000,"Block A,Block B,Block C","2024-2025,2024-2025,2024-2025",42,24.71,1,0,0,100.0,0.0,0.0,2,11,0,0
15,2020-2021 Hostel Election,2021,1,Thursday,143.9999999997222,2020-2021,HOSTEL,None,20,Clerk - Block L,Block L,5,1477,Block L,2024-2025,0,0,0,17276.5,34.0400000000000000,"Block A,Block B,Block C","2024-2025,2024-2025,2024-2025",35,21.61,0,0,0,100.0,0.0,0.0,4,-2,0,0
15,2020-2021 Hostel Election,2021,1,Thursday,143.9999999997222,2020-2021,HOSTEL,None,20,Clerk - Block L,Block L,5,1479,Block L,2024-2025,0,0,0,17276.5,34.0400000000000000,"Block A,Block B,Block C","2024-2025,2024-2025,2024-2025",39,24.07,1,0,0,100.0,0.0,0.0,4,6,0,0
15,2020-2021 Hostel Election,2021,1,Thursday,143.9999999997222,2020-2021,HOSTEL,None,20,Clerk - Block L,Block L,5,1480,Block L,2024-2025,0,0,0,17276.5,34.0400000000000000,"Block A,Block B,Block C","2024-2025,2024-2025,2024-2025",29,17.90,0,0,0,100.0,0.0,0.0,10,-3,0,0
15,2020-2021 Hostel Election,2021,1,Thursday,143.9999999997222,2020-2021,HOSTEL,None,20,Clerk - Block L,Block L,5,1478,Block L,2024-2025,0,0,0,17276.5,34.0400000000000000,"Block A,Block B,Block C","2024-2025,2024-2025,2024-2025",26,16.05,0,0,0,100.0,0.0,0.0,13,0,0,0
15,2020-2021 Hostel Election,2021,1,Thursday,143.9999999997222,2020-2021,HOSTEL,None,20,Clerk - Block L,Block L,5,1476,Block L,2024-2025,0,0,0,17276.5,34.0400000000000000,"Block A,Block B,Block C","2024-2025,2024-2025,2024-2025",33,20.37,0,0,0,100.0,0.0,0.0,6,-4,0,0
15,2020-2021 Hostel Election,2021,1,Thursday,143.9999999997222,2020-2021,HOSTEL,None,21,Clerk - Block M,Block M,5,1482,Block M,2024-2025,0,0,0,17276.5,34.0400000000000000,"Block A,Block B,Block C","2024-2025,2024-2025,2024-2025",32,19.16,0,0,0,100.0,0.0,0.0,9,-2,0,0
15,2020-2021 Hostel Election,2021,1,Thursday,143.9999999997222,2020-2021,HOSTEL,None,21,Clerk - Block M,Block M,5,1484,Block M,2024-2025,0,0,0,17276.5,34.0400000000000000,"Block A,Block B,Block C","2024-2025,2024-2025,2024-2025",41,24.55,1,0,0,100.0,0.0,0.0,5,9,0,0
15,2020-2021 Hostel Election,2021,1,Thursday,143.9999999997222,2020-2021,HOSTEL,None,21,Clerk - Block M,Block M,5,1485,Block M,2024-2025,0,0,0,17276.5,34.0400000000000000,"Block A,Block B,Block C","2024-2025,2024-2025,2024-2025",28,16.77,0,0,0,100.0,0.0,0.0,13,0,0,0
15,2020-2021 Hostel Election,2021,1,Thursday,143.9999999997222,2020-2021,HOSTEL,None,21,Clerk - Block M,Block M,5,1483,Block M,2024-2025,0,0,0,17276.5,34.0400000000000000,"Block A,Block B,Block C","2024-2025,2024-2025,2024-2025",36,21.56,0,0,0,100.0,0.0,0.0,5,-4,0,0
15,2020-2021 Hostel Election,2021,1,Thursday,143.9999999997222,2020-2021,HOSTEL,None,21,Clerk - Block M,Block M,5,1481,Block M,2024-2025,0,0,0,17276.5,34.0400000000000000,"Block A,Block B,Block C","2024-2025,2024-2025,2024-2025",30,17.96,0,0,0,100.0,0.0,0.0,11,-2,0,0
15,2020-2021 Hostel Election,2021,1,Thursday,143.9999999997222,2020-2021,HOSTEL,None,22,Clerk - Block N,Block N,5,1487,Block N,2024-2025,0,0,0,17276.5,34.0400000000000000,"Block A,Block B,Block C","2024-2025,2024-2025,2024-2025",34,18.38,0,0,0,100.0,0.0,0.0,12,0,0,0
15,2020-2021 Hostel Election,2021,1,Thursday,143.9999999997222,2020-2021,HOSTEL,None,22,Clerk - Block N,Block N,5,1489,Block N,2024-2025,0,0,0,17276.5,34.0400000000000000,"Block A,Block B,Block C","2024-2025,2024-2025,2024-2025",46,24.87,1,0,0,100.0,0.0,0.0,10,11,0,0
15,2020-2021 Hostel Election,2021,1,Thursday,143.9999999997222,2020-2021,HOSTEL,None,22,Clerk - Block N,Block N,5,1490,Block N,2024-2025,0,0,0,17276.5,34.0400000000000000,"Block A,Block B,Block C","2024-2025,2024-2025,2024-2025",36,19.46,0,0,0,100.0,0.0,0.0,10,-1,0,0
15,2020-2021 Hostel Election,2021,1,Thursday,143.9999999997222,2020-2021,HOSTEL,None,22,Clerk - Block N,Block N,5,1488,Block N,2024-2025,0,0,0,17276.5,34.0400000000000000,"Block A,Block B,Block C","2024-2025,2024-2025,2024-2025",34,18.38,0,0,0,100.0,0.0,0.0,12,0,0,0
15,2020-2021 Hostel Election,2021,1,Thursday,143.9999999997222,2020-2021,HOSTEL,None,22,Clerk - Block N,Block N,5,1486,Block N,2024-2025,0,0,0,17276.5,34.0400000000000000,"Block A,Block B,Block C","2024-2025,2024-2025,2024-2025",35,18.92,0,0,0,100.0,0.0,0.0,11,-1,0,0
15,2020-2021 Hostel Election,2021,1,Thursday,143.9999999997222,2020-2021,HOSTEL,None,23,Clerk - Block O,Block O,5,1492,Block O,2024-2025,0,0,0,17276.5,34.0400000000000000,"Block A,Block B,Block C","2024-2025,2024-2025,2024-2025",24,16.55,0,0,0,100.0,0.0,0.0,11,0,0,0
15,2020-2021 Hostel Election,2021,1,Thursday,143.9999999997222,2020-2021,HOSTEL,None,23,Clerk - Block O,Block O,5,1493,Block O,2024-2025,0,0,0,17276.5,34.0400000000000000,"Block A,Block B,Block C","2024-2025,2024-2025,2024-2025",30,20.69,0,0,0,100.0,0.0,0.0,5,-2,0,0
15,2020-2021 Hostel Election,2021,1,Thursday,143.9999999997222,2020-2021,HOSTEL,None,23,Clerk - Block O,Block O,5,1494,Block O,2024-2025,0,0,0,17276.5,34.0400000000000000,"Block A,Block B,Block C","2024-2025,2024-2025,2024-2025",28,19.31,0,0,0,100.0,0.0,0.0,7,-4,0,0
15,2020-2021 Hostel Election,2021,1,Thursday,143.9999999997222,2020-2021,HOSTEL,None,23,Clerk - Block O,Block O,5,1495,Block O,2024-2025,0,0,0,17276.5,34.0400000000000000,"Block A,Block B,Block C","2024-2025,2024-2025,2024-2025",35,24.14,1,0,0,100.0,0.0,0.0,5,7,0,0
15,2020-2021 Hostel Election,2021,1,Thursday,143.9999999997222,2020-2021,HOSTEL,None,23,Clerk - Block O,Block O,5,1491,Block O,2024-2025,0,0,0,17276.5,34.0400000000000000,"Block A,Block B,Block C","2024-2025,2024-2025,2024-2025",28,19.31,0,0,0,100.0,0.0,0.0,7,0,0,0
15,2020-2021 Hostel Election,2021,1,Thursday,143.9999999997222,2020-2021,HOSTEL,None,24,Clerk - Block P,Block P,5,1500,Block P,2024-2025,0,0,0,17276.5,34.0400000000000000,"Block A,Block B,Block C","2024-2025,2024-2025,2024-2025",45,25.71,1,0,0,100.0,0.0,0.0,8,11,0,0
15,2020-2021 Hostel Election,2021,1,Thursday,143.9999999997222,2020-2021,HOSTEL,None,24,Clerk - Block P,Block P,5,1496,Block P,2024-2025,0,0,0,17276.5,34.0400000000000000,"Block A,Block B,Block C","2024-2025,2024-2025,2024-2025",37,21.14,0,0,0,100.0,0.0,0.0,8,-3,0,0
15,2020-2021 Hostel Election,2021,1,Thursday,143.9999999997222,2020-2021,HOSTEL,None,24,Clerk - Block P,Block P,5,1497,Block P,2024-2025,0,0,0,17276.5,34.0400000000000000,"Block A,Block B,Block C","2024-2025,2024-2025,2024-2025",28,16.00,0,0,0,100.0,0.0,0.0,17,0,0,0
15,2020-2021 Hostel Election,2021,1,Thursday,143.9999999997222,2020-2021,HOSTEL,None,24,Clerk - Block P,Block P,5,1498,Block P,2024-2025,0,0,0,17276.5,34.0400000000000000,"Block A,Block B,Block C","2024-2025,2024-2025,2024-2025",31,17.71,0,0,0,100.0,0.0,0.0,14,-3,0,0
15,2020-2021 Hostel Election,2021,1,Thursday,143.9999999997222,2020-2021,HOSTEL,None,24,Clerk - Block P,Block P,5,1499,Block P,2024-2025,0,0,0,17276.5,34.0400000000000000,"Block A,Block B,Block C","2024-2025,2024-2025,2024-2025",34,19.43,0,0,0,100.0,0.0,0.0,11,-3,0,0
15,2020-2021 Hostel Election,2021,1,Thursday,143.9999999997222,2020-2021,HOSTEL,None,25,Clerk - Block Q,Block Q,5,1501,Block Q,2024-2025,0,0,0,17276.5,34.0400000000000000,"Block A,Block B,Block C","2024-2025,2024-2025,2024-2025",23,14.02,0,0,0,100.0,0.0,0.0,18,0,0,0
15,2020-2021 Hostel Election,2021,1,Thursday,143.9999999997222,2020-2021,HOSTEL,None,25,Clerk - Block Q,Block Q,5,1505,Block Q,2024-2025,0,0,0,17276.5,34.0400000000000000,"Block A,Block B,Block C","2024-2025,2024-2025,2024-2025",41,25.00,1,0,0,100.0,0.0,0.0,5,5,0,0
15,2020-2021 Hostel Election,2021,1,Thursday,143.9999999997222,2020-2021,HOSTEL,None,25,Clerk - Block Q,Block Q,5,1502,Block Q,2024-2025,0,0,0,17276.5,34.0400000000000000,"Block A,Block B,Block C","2024-2025,2024-2025,2024-2025",36,21.95,0,0,0,100.0,0.0,0.0,5,0,0,0
15,2020-2021 Hostel Election,2021,1,Thursday,143.9999999997222,2020-2021,HOSTEL,None,25,Clerk - Block Q,Block Q,5,1503,Block Q,2024-2025,0,0,0,17276.5,34.0400000000000000,"Block A,Block B,Block C","2024-2025,2024-2025,2024-2025",28,17.07,0,0,0,100.0,0.0,0.0,13,-5,0,0
15,2020-2021 Hostel Election,2021,1,Thursday,143.9999999997222,2020-2021,HOSTEL,None,25,Clerk - Block Q,Block Q,5,1504,Block Q,2024-2025,0,0,0,17276.5,34.0400000000000000,"Block A,Block B,Block C","2024-2025,2024-2025,2024-2025",36,21.95,0,0,0,100.0,0.0,0.0,5,-8,0,0
15,2020-2021 Hostel Election,2021,1,Thursday,143.9999999997222,2020-2021,HOSTEL,None,26,Clerk - Block R,Block R,5,1508,Block R,2024-2025,0,0,0,17276.5,34.0400000000000000,"Block A,Block B,Block C","2024-2025,2024-2025,2024-2025",33,19.53,0,0,0,100.0,0.0,0.0,4,-5,0,0
15,2020-2021 Hostel Election,2021,1,Thursday,143.9999999997222,2020-2021,HOSTEL,None,26,Clerk - Block R,Block R,5,1510,Block R,2024-2025,0,0,0,17276.5,34.0400000000000000,"Block A,Block B,Block C","2024-2025,2024-2025,2024-2025",37,21.89,0,0,0,100.0,0.0,0.0,0,-3,0,0
15,2020-2021 Hostel Election,2021,1,Thursday,143.9999999997222,2020-2021,HOSTEL,None,26,Clerk - Block R,Block R,5,1509,Block R,2024-2025,0,0,0,17276.5,34.0400000000000000,"Block A,Block B,Block C","2024-2025,2024-2025,2024-2025",28,16.57,0,0,0,100.0,0.0,0.0,9,0,0,0
15,2020-2021 Hostel Election,2021,1,Thursday,143.9999999997222,2020-2021,HOSTEL,None,26,Clerk - Block R,Block R,5,1507,Block R,2024-2025,0,0,0,17276.5,34.0400000000000000,"Block A,Block B,Block C","2024-2025,2024-2025,2024-2025",37,21.89,1,0,0,100.0,0.0,0.0,0,3,0,0
15,2020-2021 Hostel Election,2021,1,Thursday,143.9999999997222,2020-2021,HOSTEL,None,26,Clerk - Block R,Block R,5,1506,Block R,2024-2025,0,0,0,17276.5,34.0400000000000000,"Block A,Block B,Block C","2024-2025,2024-2025,2024-2025",34,20.12,0,0,0,100.0,0.0,0.0,3,-1,0,0
15,2020-2021 Hostel Election,2021,1,Thursday,143.9999999997222,2020-2021,HOSTEL,None,27,Clerk - Block S,Block S,5,1515,Block S,2024-2025,0,0,0,17276.5,34.0400000000000000,"Block A,Block B,Block C","2024-2025,2024-2025,2024-2025",36,22.36,0,0,0,100.0,0.0,0.0,8,-7,0,0
15,2020-2021 Hostel Election,2021,1,Thursday,143.9999999997222,2020-2021,HOSTEL,None,27,Clerk - Block S,Block S,5,1514,Block S,2024-2025,0,0,0,17276.5,34.0400000000000000,"Block A,Block B,Block C","2024-2025,2024-2025,2024-2025",28,17.39,0,0,0,100.0,0.0,0.0,16,-4,0,0
15,2020-2021 Hostel Election,2021,1,Thursday,143.9999999997222,2020-2021,HOSTEL,None,27,Clerk - Block S,Block S,5,1513,Block S,2024-2025,0,0,0,17276.5,34.0400000000000000,"Block A,Block B,Block C","2024-2025,2024-2025,2024-2025",44,27.33,1,0,0,100.0,0.0,0.0,8,15,0,0
15,2020-2021 Hostel Election,2021,1,Thursday,143.9999999997222,2020-2021,HOSTEL,None,27,Clerk - Block S,Block S,5,1512,Block S,2024-2025,0,0,0,17276.5,34.0400000000000000,"Block A,Block B,Block C","2024-2025,2024-2025,2024-2025",29,18.01,0,0,0,100.0,0.0,0.0,15,-1,0,0
15,2020-2021 Hostel Election,2021,1,Thursday,143.9999999997222,2020-2021,HOSTEL,None,27,Clerk - Block S,Block S,5,1511,Block S,2024-2025,0,0,0,17276.5,34.0400000000000000,"Block A,Block B,Block C","2024-2025,2024-2025,2024-2025",24,14.91,0,0,0,100.0,0.0,0.0,20,0,0,0
15,2020-2021 Hostel Election,2021,1,Thursday,143.9999999997222,2020-2021,HOSTEL,None,28,Clerk - Block T,Block T,5,1520,Block T,2024-2025,0,0,0,17276.5,34.0400000000000000,"Block A,Block B,Block C","2024-2025,2024-2025,2024-2025",39,19.90,0,0,0,100.0,0.0,0.0,5,-1,0,0
15,2020-2021 Hostel Election,2021,1,Thursday,143.9999999997222,2020-2021,HOSTEL,None,28,Clerk - Block T,Block T,5,1516,Block T,2024-2025,0,0,0,17276.5,34.0400000000000000,"Block A,Block B,Block C","2024-2025,2024-2025,2024-2025",33,16.84,0,0,0,100.0,0.0,0.0,11,0,0,0
15,2020-2021 Hostel Election,2021,1,Thursday,143.9999999997222,2020-2021,HOSTEL,None,28,Clerk - Block T,Block T,5,1519,Block T,2024-2025,0,0,0,17276.5,34.0400000000000000,"Block A,Block B,Block C","2024-2025,2024-2025,2024-2025",42,21.43,0,0,0,100.0,0.0,0.0,2,-3,0,0
15,2020-2021 Hostel Election,2021,1,Thursday,143.9999999997222,2020-2021,HOSTEL,None,28,Clerk - Block T,Block T,5,1517,Block T,2024-2025,0,0,0,17276.5,34.0400000000000000,"Block A,Block B,Block C","2024-2025,2024-2025,2024-2025",44,22.45,1,0,0,100.0,0.0,0.0,2,5,0,0
15,2020-2021 Hostel Election,2021,1,Thursday,143.9999999997222,2020-2021,HOSTEL,None,28,Clerk - Block T,Block T,5,1518,Block T,2024-2025,0,0,0,17276.5,34.0400000000000000,"Block A,Block B,Block C","2024-2025,2024-2025,2024-2025",38,19.39,0,0,0,100.0,0.0,0.0,6,-5,0,0
15,2020-2021 Hostel Election,2021,1,Thursday,143.9999999997222,2020-2021,HOSTEL,None,29,Clerk - Block 1,Block 1,5,1525,Block 1,2024-2025,0,0,0,17276.5,34.0400000000000000,"Block A,Block B,Block C","2024-2025,2024-2025,2024-2025",113,19.15,0,0,0,100.0,0.0,0.0,31,-4,0,0
15,2020-2021 Hostel Election,2021,1,Thursday,143.9999999997222,2020-2021,HOSTEL,None,29,Clerk - Block 1,Block 1,5,1524,Block 1,2024-2025,0,0,0,17276.5,34.0400000000000000,"Block A,Block B,Block C","2024-2025,2024-2025,2024-2025",109,18.48,0,0,0,100.0,0.0,0.0,35,-12,0,0
15,2020-2021 Hostel Election,2021,1,Thursday,143.9999999997222,2020-2021,HOSTEL,None,29,Clerk - Block 1,Block 1,5,1522,Block 1,2024-2025,0,0,0,17276.5,34.0400000000000000,"Block A,Block B,Block C","2024-2025,2024-2025,2024-2025",127,21.53,0,0,0,100.0,0.0,0.0,17,-14,0,0
15,2020-2021 Hostel Election,2021,1,Thursday,143.9999999997222,2020-2021,HOSTEL,None,29,Clerk - Block 1,Block 1,5,1523,Block 1,2024-2025,0,0,0,17276.5,34.0400000000000000,"Block A,Block B,Block C","2024-2025,2024-2025,2024-2025",144,24.41,1,0,0,100.0,0.0,0.0,17,31,0,0
15,2020-2021 Hostel Election,2021,1,Thursday,143.9999999997222,2020-2021,HOSTEL,None,29,Clerk - Block 1,Block 1,5,1521,Block 1,2024-2025,0,0,0,17276.5,34.0400000000000000,"Block A,Block B,Block C","2024-2025,2024-2025,2024-2025",97,16.44,0,0,0,100.0,0.0,0.0,47,0,0,0
15,2020-2021 Hostel Election,2021,1,Thursday,143.9999999997222,2020-2021,HOSTEL,None,30,Clerk - Block 2,Block 2,5,1529,Block 2,2024-2025,0,0,0,17276.5,34.0400000000000000,"Block A,Block B,Block C","2024-2025,2024-2025,2024-2025",107,20.70,0,0,0,100.0,0.0,0.0,4,-4,0,0
15,2020-2021 Hostel Election,2021,1,Thursday,143.9999999997222,2020-2021,HOSTEL,None,30,Clerk - Block 2,Block 2,5,1528,Block 2,2024-2025,0,0,0,17276.5,34.0400000000000000,"Block A,Block B,Block C","2024-2025,2024-2025,2024-2025",103,19.92,0,0,0,100.0,0.0,0.0,8,0,0,0
15,2020-2021 Hostel Election,2021,1,Thursday,143.9999999997222,2020-2021,HOSTEL,None,30,Clerk - Block 2,Block 2,5,1530,Block 2,2024-2025,0,0,0,17276.5,34.0400000000000000,"Block A,Block B,Block C","2024-2025,2024-2025,2024-2025",103,19.92,0,0,0,100.0,0.0,0.0,8,-10,0,0
15,2020-2021 Hostel Election,2021,1,Thursday,143.9999999997222,2020-2021,HOSTEL,None,30,Clerk - Block 2,Block 2,5,1526,Block 2,2024-2025,0,0,0,17276.5,34.0400000000000000,"Block A,Block B,Block C","2024-2025,2024-2025,2024-2025",111,21.47,1,0,0,100.0,0.0,0.0,4,8,0,0
15,2020-2021 Hostel Election,2021,1,Thursday,143.9999999997222,2020-2021,HOSTEL,None,30,Clerk - Block 2,Block 2,5,1527,Block 2,2024-2025,0,0,0,17276.5,34.0400000000000000,"Block A,Block B,Block C","2024-2025,2024-2025,2024-2025",93,17.99,0,0,0,100.0,0.0,0.0,18,0,0,0
15,2020-2021 Hostel Election,2021,1,Thursday,143.9999999997222,2020-2021,HOSTEL,None,31,Clerk - Block 3,Block 3,5,1535,Block 3,2024-2025,0,0,0,17276.5,34.0400000000000000,"Block A,Block B,Block C","2024-2025,2024-2025,2024-2025",135,23.20,1,0,0,100.0,0.0,0.0,18,21,0,0
15,2020-2021 Hostel Election,2021,1,Thursday,143.9999999997222,2020-2021,HOSTEL,None,31,Clerk - Block 3,Block 3,5,1533,Block 3,2024-2025,0,0,0,17276.5,34.0400000000000000,"Block A,Block B,Block C","2024-2025,2024-2025,2024-2025",117,20.10,0,0,0,100.0,0.0,0.0,18,-3,0,0
15,2020-2021 Hostel Election,2021,1,Thursday,143.9999999997222,2020-2021,HOSTEL,None,31,Clerk - Block 3,Block 3,5,1531,Block 3,2024-2025,0,0,0,17276.5,34.0400000000000000,"Block A,Block B,Block C","2024-2025,2024-2025,2024-2025",108,18.56,0,0,0,100.0,0.0,0.0,27,0,0,0
15,2020-2021 Hostel Election,2021,1,Thursday,143.9999999997222,2020-2021,HOSTEL,None,31,Clerk - Block 3,Block 3,5,1532,Block 3,2024-2025,0,0,0,17276.5,34.0400000000000000,"Block A,Block B,Block C","2024-2025,2024-2025,2024-2025",114,19.59,0,0,0,100.0,0.0,0.0,21,-6,0,0
15,2020-2021 Hostel Election,2021,1,Thursday,143.9999999997222,2020-2021,HOSTEL,None,31,Clerk - Block 3,Block 3,5,1534,Block 3,2024-2025,0,0,0,17276.5,34.0400000000000000,"Block A,Block B,Block C","2024-2025,2024-2025,2024-2025",108,18.56,0,0,0,100.0,0.0,0.0,27,0,0,0
15,2020-2021 Hostel Election,2021,1,Thursday,143.9999999997222,2020-2021,HOSTEL,None,32,Clerk - Block 4,Block 4,5,1539,Block 4,2024-2025,0,0,0,17276.5,34.0400000000000000,"Block A,Block B,Block C","2024-2025,2024-2025,2024-2025",121,21.01,1,0,0,100.0,0.0,0.0,1,5,0,0
15,2020-2021 Hostel Election,2021,1,Thursday,143.9999999997222,2020-2021,HOSTEL,None,32,Clerk - Block 4,Block 4,5,1540,Block 4,2024-2025,0,0,0,17276.5,34.0400000000000000,"Block A,Block B,Block C","2024-2025,2024-2025,2024-2025",120,20.83,0,0,0,100.0,0.0,0.0,1,-4,0,0
15,2020-2021 Hostel Election,2021,1,Thursday,143.9999999997222,2020-2021,HOSTEL,None,32,Clerk - Block 4,Block 4,5,1536,Block 4,2024-2025,0,0,0,17276.5,34.0400000000000000,"Block A,Block B,Block C","2024-2025,2024-2025,2024-2025",116,20.14,0,0,0,100.0,0.0,0.0,5,-2,0,0
15,2020-2021 Hostel Election,2021,1,Thursday,143.9999999997222,2020-2021,HOSTEL,None,32,Clerk - Block 4,Block 4,5,1538,Block 4,2024-2025,0,0,0,17276.5,34.0400000000000000,"Block A,Block B,Block C","2024-2025,2024-2025,2024-2025",105,18.23,0,0,0,100.0,0.0,0.0,16,0,0,0
15,2020-2021 Hostel Election,2021,1,Thursday,143.9999999997222,2020-2021,HOSTEL,None,32,Clerk - Block 4,Block 4,5,1537,Block 4,2024-2025,0,0,0,17276.5,34.0400000000000000,"Block A,Block B,Block C","2024-2025,2024-2025,2024-2025",114,19.79,0,0,0,100.0,0.0,0.0,7,-9,0,0
15,2020-2021 Hostel Election,2021,1,Thursday,143.9999999997222,2020-2021,HOSTEL,None,33,Clerk - Block 5,Block 5,5,1542,Block 5,2024-2025,0,0,0,17276.5,34.0400000000000000,"Block A,Block B,Block C","2024-2025,2024-2025,2024-2025",127,20.92,1,0,0,100.0,0.0,0.0,1,7,0,0
15,2020-2021 Hostel Election,2021,1,Thursday,143.9999999997222,2020-2021,HOSTEL,None,33,Clerk - Block 5,Block 5,5,1545,Block 5,2024-2025,0,0,0,17276.5,34.0400000000000000,"Block A,Block B,Block C","2024-2025,2024-2025,2024-2025",120,19.77,0,0,0,100.0,0.0,0.0,7,-6,0,0
15,2020-2021 Hostel Election,2021,1,Thursday,143.9999999997222,2020-2021,HOSTEL,None,33,Clerk - Block 5,Block 5,5,1541,Block 5,2024-2025,0,0,0,17276.5,34.0400000000000000,"Block A,Block B,Block C","2024-2025,2024-2025,2024-2025",120,19.77,0,0,0,100.0,0.0,0.0,7,0,0,0
15,2020-2021 Hostel Election,2021,1,Thursday,143.9999999997222,2020-2021,HOSTEL,None,33,Clerk - Block 5,Block 5,5,1544,Block 5,2024-2025,0,0,0,17276.5,34.0400000000000000,"Block A,Block B,Block C","2024-2025,2024-2025,2024-2025",126,20.76,0,0,0,100.0,0.0,0.0,1,-6,0,0
15,2020-2021 Hostel Election,2021,1,Thursday,143.9999999997222,2020-2021,HOSTEL,None,33,Clerk - Block 5,Block 5,5,1543,Block 5,2024-2025,0,0,0,17276.5,34.0400000000000000,"Block A,Block B,Block C","2024-2025,2024-2025,2024-2025",114,18.78,0,0,0,100.0,0.0,0.0,13,0,0,0
15,2020-2021 Hostel Election,2021,1,Thursday,143.9999999997222,2020-2021,HOSTEL,None,34,Clerk - Block 6,Block 6,5,1548,Block 6,2024-2025,0,0,0,17276.5,34.0400000000000000,"Block A,Block B,Block C","2024-2025,2024-2025,2024-2025",89,16.36,0,0,0,100.0,0.0,0.0,40,0,0,0
15,2020-2021 Hostel Election,2021,1,Thursday,143.9999999997222,2020-2021,HOSTEL,None,34,Clerk - Block 6,Block 6,5,1547,Block 6,2024-2025,0,0,0,17276.5,34.0400000000000000,"Block A,Block B,Block C","2024-2025,2024-2025,2024-2025",106,19.49,0,0,0,100.0,0.0,0.0,23,-14,0,0
15,2020-2021 Hostel Election,2021,1,Thursday,143.9999999997222,2020-2021,HOSTEL,None,34,Clerk - Block 6,Block 6,5,1546,Block 6,2024-2025,0,0,0,17276.5,34.0400000000000000,"Block A,Block B,Block C","2024-2025,2024-2025,2024-2025",129,23.71,1,0,0,100.0,0.0,0.0,1,23,0,0
15,2020-2021 Hostel Election,2021,1,Thursday,143.9999999997222,2020-2021,HOSTEL,None,34,Clerk - Block 6,Block 6,5,1550,Block 6,2024-2025,0,0,0,17276.5,34.0400000000000000,"Block A,Block B,Block C","2024-2025,2024-2025,2024-2025",92,16.91,0,0,0,100.0,0.0,0.0,37,-3,0,0
15,2020-2021 Hostel Election,2021,1,Thursday,143.9999999997222,2020-2021,HOSTEL,None,34,Clerk - Block 6,Block 6,5,1549,Block 6,2024-2025,0,0,0,17276.5,34.0400000000000000,"Block A,Block B,Block C","2024-2025,2024-2025,2024-2025",128,23.53,0,0,0,100.0,0.0,0.0,1,-22,0,0
15,2020-2021 Hostel Election,2021,1,Thursday,143.9999999997222,2020-2021,HOSTEL,None,35,Clerk - Block 6,Block 6,5,1552,Block 6,2024-2025,0,0,0,17276.5,34.0400000000000000,"Block A,Block B,Block C","2024-2025,2024-2025,2024-2025",190,22.02,1,0,0,100.0,0.0,0.0,14,21,0,0
15,2020-2021 Hostel Election,2021,1,Thursday,143.9999999997222,2020-2021,HOSTEL,None,35,Clerk - Block 6,Block 6,5,1553,Block 6,2024-2025,0,0,0,17276.5,34.0400000000000000,"Block A,Block B,Block C","2024-2025,2024-2025,2024-2025",168,19.47,0,0,0,100.0,0.0,0.0,22,-8,0,0
15,2020-2021 Hostel Election,2021,1,Thursday,143.9999999997222,2020-2021,HOSTEL,None,35,Clerk - Block 6,Block 6,5,1554,Block 6,2024-2025,0,0,0,17276.5,34.0400000000000000,"Block A,Block B,Block C","2024-2025,2024-2025,2024-2025",169,19.58,0,0,0,100.0,0.0,0.0,21,-1,0,0
15,2020-2021 Hostel Election,2021,1,Thursday,143.9999999997222,2020-2021,HOSTEL,None,35,Clerk - Block 6,Block 6,5,1555,Block 6,2024-2025,0,0,0,17276.5,34.0400000000000000,"Block A,Block B,Block C","2024-2025,2024-2025,2024-2025",160,18.54,0,0,0,100.0,0.0,0.0,30,0,0,0
15,2020-2021 Hostel Election,2021,1,Thursday,143.9999999997222,2020-2021,HOSTEL,None,35,Clerk - Block 6,Block 6,5,1551,Block 6,2024-2025,0,0,0,17276.5,34.0400000000000000,"Block A,Block B,Block C","2024-2025,2024-2025,2024-2025",176,20.39,0,0,0,100.0,0.0,0.0,14,-7,0,0
15,2020-2021 Hostel Election,2021,1,Thursday,143.9999999997222,2020-2021,HOSTEL,None,36,Clerk - Block 7,Block 7,5,1558,Block 7,2024-2025,0,0,0,17276.5,34.0400000000000000,"Block A,Block B,Block C","2024-2025,2024-2025,2024-2025",151,17.89,0,0,0,100.0,0.0,0.0,33,0,0,0
15,2020-2021 Hostel Election,2021,1,Thursday,143.9999999997222,2020-2021,HOSTEL,None,36,Clerk - Block 7,Block 7,5,1559,Block 7,2024-2025,0,0,0,17276.5,34.0400000000000000,"Block A,Block B,Block C","2024-2025,2024-2025,2024-2025",168,19.91,0,0,0,100.0,0.0,0.0,16,-5,0,0
15,2020-2021 Hostel Election,2021,1,Thursday,143.9999999997222,2020-2021,HOSTEL,None,36,Clerk - Block 7,Block 7,5,1560,Block 7,2024-2025,0,0,0,17276.5,34.0400000000000000,"Block A,Block B,Block C","2024-2025,2024-2025,2024-2025",178,21.09,0,0,0,100.0,0.0,0.0,6,-10,0,0
15,2020-2021 Hostel Election,2021,1,Thursday,143.9999999997222,2020-2021,HOSTEL,None,36,Clerk - Block 7,Block 7,5,1557,Block 7,2024-2025,0,0,0,17276.5,34.0400000000000000,"Block A,Block B,Block C","2024-2025,2024-2025,2024-2025",184,21.80,1,0,0,100.0,0.0,0.0,6,16,0,0
15,2020-2021 Hostel Election,2021,1,Thursday,143.9999999997222,2020-2021,HOSTEL,None,36,Clerk - Block 7,Block 7,5,1556,Block 7,2024-2025,0,0,0,17276.5,34.0400000000000000,"Block A,Block B,Block C","2024-2025,2024-2025,2024-2025",163,19.31,0,0,0,100.0,0.0,0.0,21,-12,0,0
15,2020-2021 Hostel Election,2021,1,Thursday,143.9999999997222,2020-2021,HOSTEL,None,37,Clerk - Block 8,Block 8,5,1564,Block 8,2024-2025,0,0,0,17276.5,34.0400000000000000,"Block A,Block B,Block C","2024-2025,2024-2025,2024-2025",159,19.23,0,0,0,100.0,0.0,0.0,22,-3,0,0
15,2020-2021 Hostel Election,2021,1,Thursday,143.9999999997222,2020-2021,HOSTEL,None,37,Clerk - Block 8,Block 8,5,1562,Block 8,2024-2025,0,0,0,17276.5,34.0400000000000000,"Block A,Block B,Block C","2024-2025,2024-2025,2024-2025",168,20.31,0,0,0,100.0,0.0,0.0,13,-5,0,0
15,2020-2021 Hostel Election,2021,1,Thursday,143.9999999997222,2020-2021,HOSTEL,None,37,Clerk - Block 8,Block 8,5,1561,Block 8,2024-2025,0,0,0,17276.5,34.0400000000000000,"Block A,Block B,Block C","2024-2025,2024-2025,2024-2025",163,19.71,0,0,0,100.0,0.0,0.0,18,-4,0,0
15,2020-2021 Hostel Election,2021,1,Thursday,143.9999999997222,2020-2021,HOSTEL,None,37,Clerk - Block 8,Block 8,5,1565,Block 8,2024-2025,0,0,0,17276.5,34.0400000000000000,"Block A,Block B,Block C","2024-2025,2024-2025,2024-2025",156,18.86,0,0,0,100.0,0.0,0.0,25,0,0,0
15,2020-2021 Hostel Election,2021,1,Thursday,143.9999999997222,2020-2021,HOSTEL,None,37,Clerk - Block 8,Block 8,5,1563,Block 8,2024-2025,0,0,0,17276.5,34.0400000000000000,"Block A,Block B,Block C","2024-2025,2024-2025,2024-2025",181,21.89,1,0,0,100.0,0.0,0.0,13,18,0,0
15,2020-2021 Hostel Election,2021,1,Thursday,143.9999999997222,2020-2021,HOSTEL,None,38,Clerk - Block 9,Block 9,5,1570,Block 9,2024-2025,0,0,0,17276.5,34.0400000000000000,"Block A,Block B,Block C","2024-2025,2024-2025,2024-2025",177,20.85,1,0,0,100.0,0.0,0.0,2,9,0,0
15,2020-2021 Hostel Election,2021,1,Thursday,143.9999999997222,2020-2021,HOSTEL,None,38,Clerk - Block 9,Block 9,5,1567,Block 9,2024-2025,0,0,0,17276.5,34.0400000000000000,"Block A,Block B,Block C","2024-2025,2024-2025,2024-2025",168,19.79,0,0,0,100.0,0.0,0.0,9,-1,0,0
15,2020-2021 Hostel Election,2021,1,Thursday,143.9999999997222,2020-2021,HOSTEL,None,38,Clerk - Block 9,Block 9,5,1569,Block 9,2024-2025,0,0,0,17276.5,34.0400000000000000,"Block A,Block B,Block C","2024-2025,2024-2025,2024-2025",162,19.08,0,0,0,100.0,0.0,0.0,15,0,0,0
15,2020-2021 Hostel Election,2021,1,Thursday,143.9999999997222,2020-2021,HOSTEL,None,38,Clerk - Block 9,Block 9,5,1568,Block 9,2024-2025,0,0,0,17276.5,34.0400000000000000,"Block A,Block B,Block C","2024-2025,2024-2025,2024-2025",175,20.61,0,0,0,100.0,0.0,0.0,2,-7,0,0
15,2020-2021 Hostel Election,2021,1,Thursday,143.9999999997222,2020-2021,HOSTEL,None,38,Clerk - Block 9,Block 9,5,1566,Block 9,2024-2025,0,0,0,17276.5,34.0400000000000000,"Block A,Block B,Block C","2024-2025,2024-2025,2024-2025",167,19.67,0,0,0,100.0,0.0,0.0,10,-5,0,0
15,2020-2021 Hostel Election,2021,1,Thursday,143.9999999997222,2020-2021,HOSTEL,None,39,Clerk - Block 10,Block 10,5,1571,Block 10,2024-2025,0,0,0,17276.5,34.0400000000000000,"Block A,Block B,Block C","2024-2025,2024-2025,2024-2025",158,22.67,1,0,0,100.0,0.0,0.0,9,26,0,0
15,2020-2021 Hostel Election,2021,1,Thursday,143.9999999997222,2020-2021,HOSTEL,None,39,Clerk - Block 10,Block 10,5,1574,Block 10,2024-2025,0,0,0,17276.5,34.0400000000000000,"Block A,Block B,Block C","2024-2025,2024-2025,2024-2025",128,18.36,0,0,0,100.0,0.0,0.0,30,0,0,0
15,2020-2021 Hostel Election,2021,1,Thursday,143.9999999997222,2020-2021,HOSTEL,None,39,Clerk - Block 10,Block 10,5,1573,Block 10,2024-2025,0,0,0,17276.5,34.0400000000000000,"Block A,Block B,Block C","2024-2025,2024-2025,2024-2025",132,18.94,0,0,0,100.0,0.0,0.0,26,-2,0,0
15,2020-2021 Hostel Election,2021,1,Thursday,143.9999999997222,2020-2021,HOSTEL,None,39,Clerk - Block 10,Block 10,5,1572,Block 10,2024-2025,0,0,0,17276.5,34.0400000000000000,"Block A,Block B,Block C","2024-2025,2024-2025,2024-2025",149,21.38,0,0,0,100.0,0.0,0.0,9,-17,0,0
15,2020-2021 Hostel Election,2021,1,Thursday,143.9999999997222,2020-2021,HOSTEL,None,39,Clerk - Block 10,Block 10,5,1575,Block 10,2024-2025,0,0,0,17276.5,34.0400000000000000,"Block A,Block B,Block C","2024-2025,2024-2025,2024-2025",130,18.65,0,0,0,100.0,0.0,0.0,28,-2,0,0
15,2020-2021 Hostel Election,2021,1,Thursday,143.9999999997222,2020-2021,HOSTEL,None,40,Clerk - Block 11,Block 11,5,1577,Block 11,2024-2025,0,0,0,17276.5,34.0400000000000000,"Block A,Block B,Block C","2024-2025,2024-2025,2024-2025",113,16.84,0,0,0,100.0,0.0,0.0,40,0,0,0
15,2020-2021 Hostel Election,2021,1,Thursday,143.9999999997222,2020-2021,HOSTEL,None,40,Clerk - Block 11,Block 11,5,1576,Block 11,2024-2025,0,0,0,17276.5,34.0400000000000000,"Block A,Block B,Block C","2024-2025,2024-2025,2024-2025",141,21.01,0,0,0,100.0,0.0,0.0,12,-9,0,0
15,2020-2021 Hostel Election,2021,1,Thursday,143.9999999997222,2020-2021,HOSTEL,None,40,Clerk - Block 11,Block 11,5,1578,Block 11,2024-2025,0,0,0,17276.5,34.0400000000000000,"Block A,Block B,Block C","2024-2025,2024-2025,2024-2025",132,19.67,0,0,0,100.0,0.0,0.0,21,0,0,0
15,2020-2021 Hostel Election,2021,1,Thursday,143.9999999997222,2020-2021,HOSTEL,None,40,Clerk - Block 11,Block 11,5,1579,Block 11,2024-2025,0,0,0,17276.5,34.0400000000000000,"Block A,Block B,Block C","2024-2025,2024-2025,2024-2025",132,19.67,0,0,0,100.0,0.0,0.0,21,-19,0,0
15,2020-2021 Hostel Election,2021,1,Thursday,143.9999999997222,2020-2021,HOSTEL,None,40,Clerk - Block 11,Block 11,5,1580,Block 11,2024-2025,0,0,0,17276.5,34.0400000000000000,"Block A,Block B,Block C","2024-2025,2024-2025,2024-2025",153,22.80,1,0,0,100.0,0.0,0.0,12,21,0,0
15,2020-2021 Hostel Election,2021,1,Thursday,143.9999999997222,2020-2021,HOSTEL,None,41,Clerk - Block 12,Block 12,5,1582,Block 12,2024-2025,0,0,0,17276.5,34.0400000000000000,"Block A,Block B,Block C","2024-2025,2024-2025,2024-2025",133,20.15,0,0,0,100.0,0.0,0.0,8,-3,0,0
15,2020-2021 Hostel Election,2021,1,Thursday,143.9999999997222,2020-2021,HOSTEL,None,41,Clerk - Block 12,Block 12,5,1581,Block 12,2024-2025,0,0,0,17276.5,34.0400000000000000,"Block A,Block B,Block C","2024-2025,2024-2025,2024-2025",139,21.06,0,0,0,100.0,0.0,0.0,2,-6,0,0
15,2020-2021 Hostel Election,2021,1,Thursday,143.9999999997222,2020-2021,HOSTEL,None,41,Clerk - Block 12,Block 12,5,1585,Block 12,2024-2025,0,0,0,17276.5,34.0400000000000000,"Block A,Block B,Block C","2024-2025,2024-2025,2024-2025",117,17.73,0,0,0,100.0,0.0,0.0,24,0,0,0
15,2020-2021 Hostel Election,2021,1,Thursday,143.9999999997222,2020-2021,HOSTEL,None,41,Clerk - Block 12,Block 12,5,1583,Block 12,2024-2025,0,0,0,17276.5,34.0400000000000000,"Block A,Block B,Block C","2024-2025,2024-2025,2024-2025",130,19.70,0,0,0,100.0,0.0,0.0,11,-13,0,0
15,2020-2021 Hostel Election,2021,1,Thursday,143.9999999997222,2020-2021,HOSTEL,None,41,Clerk - Block 12,Block 12,5,1584,Block 12,2024-2025,0,0,0,17276.5,34.0400000000000000,"Block A,Block B,Block C","2024-2025,2024-2025,2024-2025",141,21.36,1,0,0,100.0,0.0,0.0,2,8,0,0
15,2020-2021 Hostel Election,2021,1,Thursday,143.9999999997222,2020-2021,HOSTEL,None,42,Clerk - Block 13,Block 13,5,1589,Block 13,2024-2025,0,0,0,17276.5,34.0400000000000000,"Block A,Block B,Block C","2024-2025,2024-2025,2024-2025",150,21.87,1,0,0,100.0,0.0,0.0,9,10,0,0
15,2020-2021 Hostel Election,2021,1,Thursday,143.9999999997222,2020-2021,HOSTEL,None,42,Clerk - Block 13,Block 13,5,1587,Block 13,2024-2025,0,0,0,17276.5,34.0400000000000000,"Block A,Block B,Block C","2024-2025,2024-2025,2024-2025",141,20.55,0,0,0,100.0,0.0,0.0,9,-1,0,0
15,2020-2021 Hostel Election,2021,1,Thursday,143.9999999997222,2020-2021,HOSTEL,None,42,Clerk - Block 13,Block 13,5,1586,Block 13,2024-2025,0,0,0,17276.5,34.0400000000000000,"Block A,Block B,Block C","2024-2025,2024-2025,2024-2025",140,20.41,0,0,0,100.0,0.0,0.0,10,-12,0,0
15,2020-2021 Hostel Election,2021,1,Thursday,143.9999999997222,2020-2021,HOSTEL,None,42,Clerk - Block 13,Block 13,5,1590,Block 13,2024-2025,0,0,0,17276.5,34.0400000000000000,"Block A,Block B,Block C","2024-2025,2024-2025,2024-2025",128,18.66,0,0,0,100.0,0.0,0.0,22,-1,0,0
15,2020-2021 Hostel Election,2021,1,Thursday,143.9999999997222,2020-2021,HOSTEL,None,42,Clerk - Block 13,Block 13,5,1588,Block 13,2024-2025,0,0,0,17276.5,34.0400000000000000,"Block A,Block B,Block C","2024-2025,2024-2025,2024-2025",127,18.51,0,0,0,100.0,0.0,0.0,23,0,0,0
15,2020-2021 Hostel Election,2021,1,Thursday,143.9999999997222,2020-2021,HOSTEL,None,43,Clerk - Block 14,Block 14,5,1595,Block 14,2024-2025,0,0,0,17276.5,34.0400000000000000,"Block A,Block B,Block C","2024-2025,2024-2025,2024-2025",129,18.43,0,0,0,100.0,0.0,0.0,21,0,0,0
15,2020-2021 Hostel Election,2021,1,Thursday,143.9999999997222,2020-2021,HOSTEL,None,43,Clerk - Block 14,Block 14,5,1591,Block 14,2024-2025,0,0,0,17276.5,34.0400000000000000,"Block A,Block B,Block C","2024-2025,2024-2025,2024-2025",141,20.14,0,0,0,100.0,0.0,0.0,9,-4,0,0
15,2020-2021 Hostel Election,2021,1,Thursday,143.9999999997222,2020-2021,HOSTEL,None,43,Clerk - Block 14,Block 14,5,1592,Block 14,2024-2025,0,0,0,17276.5,34.0400000000000000,"Block A,Block B,Block C","2024-2025,2024-2025,2024-2025",143,20.43,0,0,0,100.0,0.0,0.0,7,-2,0,0
15,2020-2021 Hostel Election,2021,1,Thursday,143.9999999997222,2020-2021,HOSTEL,None,43,Clerk - Block 14,Block 14,5,1593,Block 14,2024-2025,0,0,0,17276.5,34.0400000000000000,"Block A,Block B,Block C","2024-2025,2024-2025,2024-2025",150,21.43,1,0,0,100.0,0.0,0.0,7,9,0,0
15,2020-2021 Hostel Election,2021,1,Thursday,143.9999999997222,2020-2021,HOSTEL,None,43,Clerk - Block 14,Block 14,5,1594,Block 14,2024-2025,0,0,0,17276.5,34.0400000000000000,"Block A,Block B,Block C","2024-2025,2024-2025,2024-2025",137,19.57,0,0,0,100.0,0.0,0.0,13,-8,0,0
15,2020-2021 Hostel Election,2021,1,Thursday,143.9999999997222,2020-2021,HOSTEL,None,44,Clerk - Block 1,Block 1,5,1598,Block 1,2024-2025,0,0,0,17276.5,34.0400000000000000,"Block A,Block B,Block C","2024-2025,2024-2025,2024-2025",28,15.30,0,0,0,100.0,0.0,0.0,14,0,0,0
15,2020-2021 Hostel Election,2021,1,Thursday,143.9999999997222,2020-2021,HOSTEL,None,44,Clerk - Block 1,Block 1,5,1597,Block 1,2024-2025,0,0,0,17276.5,34.0400000000000000,"Block A,Block B,Block C","2024-2025,2024-2025,2024-2025",42,22.95,1,0,0,100.0,0.0,0.0,1,2,0,0
15,2020-2021 Hostel Election,2021,1,Thursday,143.9999999997222,2020-2021,HOSTEL,None,44,Clerk - Block 1,Block 1,5,1599,Block 1,2024-2025,0,0,0,17276.5,34.0400000000000000,"Block A,Block B,Block C","2024-2025,2024-2025,2024-2025",41,22.40,0,0,0,100.0,0.0,0.0,1,-1,0,0
15,2020-2021 Hostel Election,2021,1,Thursday,143.9999999997222,2020-2021,HOSTEL,None,44,Clerk - Block 1,Block 1,5,1600,Block 1,2024-2025,0,0,0,17276.5,34.0400000000000000,"Block A,Block B,Block C","2024-2025,2024-2025,2024-2025",40,21.86,0,0,0,100.0,0.0,0.0,2,-8,0,0
15,2020-2021 Hostel Election,2021,1,Thursday,143.9999999997222,2020-2021,HOSTEL,None,44,Clerk - Block 1,Block 1,5,1596,Block 1,2024-2025,0,0,0,17276.5,34.0400000000000000,"Block A,Block B,Block C","2024-2025,2024-2025,2024-2025",32,17.49,0,0,0,100.0,0.0,0.0,10,-4,0,0
15,2020-2021 Hostel Election,2021,1,Thursday,143.9999999997222,2020-2021,HOSTEL,None,45,Clerk - Block 2,Block 2,5,1601,Block 2,2024-2025,0,0,0,17276.5,34.0400000000000000,"Block A,Block B,Block C","2024-2025,2024-2025,2024-2025",30,17.86,0,0,0,100.0,0.0,0.0,14,-6,0,0
15,2020-2021 Hostel Election,2021,1,Thursday,143.9999999997222,2020-2021,HOSTEL,None,45,Clerk - Block 2,Block 2,5,1603,Block 2,2024-2025,0,0,0,17276.5,34.0400000000000000,"Block A,Block B,Block C","2024-2025,2024-2025,2024-2025",44,26.19,1,0,0,100.0,0.0,0.0,6,12,0,0
15,2020-2021 Hostel Election,2021,1,Thursday,143.9999999997222,2020-2021,HOSTEL,None,45,Clerk - Block 2,Block 2,5,1602,Block 2,2024-2025,0,0,0,17276.5,34.0400000000000000,"Block A,Block B,Block C","2024-2025,2024-2025,2024-2025",38,22.62,0,0,0,100.0,0.0,0.0,6,-6,0,0
15,2020-2021 Hostel Election,2021,1,Thursday,143.9999999997222,2020-2021,HOSTEL,None,45,Clerk - Block 2,Block 2,5,1604,Block 2,2024-2025,0,0,0,17276.5,34.0400000000000000,"Block A,Block B,Block C","2024-2025,2024-2025,2024-2025",24,14.29,0,0,0,100.0,0.0,0.0,20,0,0,0
15,2020-2021 Hostel Election,2021,1,Thursday,143.9999999997222,2020-2021,HOSTEL,None,45,Clerk - Block 2,Block 2,5,1605,Block 2,2024-2025,0,0,0,17276.5,34.0400000000000000,"Block A,Block B,Block C","2024-2025,2024-2025,2024-2025",32,19.05,0,0,0,100.0,0.0,0.0,12,-2,0,0
15,2020-2021 Hostel Election,2021,1,Thursday,143.9999999997222,2020-2021,HOSTEL,None,46,Clerk - Block 3,Block 3,5,1608,Block 3,2024-2025,0,0,0,17276.5,34.0400000000000000,"Block A,Block B,Block C","2024-2025,2024-2025,2024-2025",34,18.28,0,0,0,100.0,0.0,0.0,10,-10,0,0
15,2020-2021 Hostel Election,2021,1,Thursday,143.9999999997222,2020-2021,HOSTEL,None,46,Clerk - Block 3,Block 3,5,1610,Block 3,2024-2025,0,0,0,17276.5,34.0400000000000000,"Block A,Block B,Block C","2024-2025,2024-2025,2024-2025",24,12.90,0,0,0,100.0,0.0,0.0,20,0,0,0
15,2020-2021 Hostel Election,2021,1,Thursday,143.9999999997222,2020-2021,HOSTEL,None,46,Clerk - Block 3,Block 3,5,1606,Block 3,2024-2025,0,0,0,17276.5,34.0400000000000000,"Block A,Block B,Block C","2024-2025,2024-2025,2024-2025",43,23.12,0,0,0,100.0,0.0,0.0,1,-2,0,0
15,2020-2021 Hostel Election,2021,1,Thursday,143.9999999997222,2020-2021,HOSTEL,None,46,Clerk - Block 3,Block 3,5,1607,Block 3,2024-2025,0,0,0,17276.5,34.0400000000000000,"Block A,Block B,Block C","2024-2025,2024-2025,2024-2025",44,23.66,1,0,0,100.0,0.0,0.0,1,3,0,0
15,2020-2021 Hostel Election,2021,1,Thursday,143.9999999997222,2020-2021,HOSTEL,None,46,Clerk - Block 3,Block 3,5,1609,Block 3,2024-2025,0,0,0,17276.5,34.0400000000000000,"Block A,Block B,Block C","2024-2025,2024-2025,2024-2025",41,22.04,0,0,0,100.0,0.0,0.0,3,-7,0,0
15,2020-2021 Hostel Election,2021,1,Thursday,143.9999999997222,2020-2021,HOSTEL,None,47,Clerk - Block 4,Block 4,5,1614,Block 4,2024-2025,0,0,0,17276.5,34.0400000000000000,"Block A,Block B,Block C","2024-2025,2024-2025,2024-2025",31,20.00,0,0,0,100.0,0.0,0.0,3,0,0,0
15,2020-2021 Hostel Election,2021,1,Thursday,143.9999999997222,2020-2021,HOSTEL,None,47,Clerk - Block 4,Block 4,5,1615,Block 4,2024-2025,0,0,0,17276.5,34.0400000000000000,"Block A,Block B,Block C","2024-2025,2024-2025,2024-2025",31,20.00,0,0,0,100.0,0.0,0.0,3,-1,0,0
15,2020-2021 Hostel Election,2021,1,Thursday,143.9999999997222,2020-2021,HOSTEL,None,47,Clerk - Block 4,Block 4,5,1611,Block 4,2024-2025,0,0,0,17276.5,34.0400000000000000,"Block A,Block B,Block C","2024-2025,2024-2025,2024-2025",30,19.36,0,0,0,100.0,0.0,0.0,4,-1,0,0
15,2020-2021 Hostel Election,2021,1,Thursday,143.9999999997222,2020-2021,HOSTEL,None,47,Clerk - Block 4,Block 4,5,1613,Block 4,2024-2025,0,0,0,17276.5,34.0400000000000000,"Block A,Block B,Block C","2024-2025,2024-2025,2024-2025",34,21.94,1,0,0,100.0,0.0,0.0,3,3,0,0
15,2020-2021 Hostel Election,2021,1,Thursday,143.9999999997222,2020-2021,HOSTEL,None,47,Clerk - Block 4,Block 4,5,1612,Block 4,2024-2025,0,0,0,17276.5,34.0400000000000000,"Block A,Block B,Block C","2024-2025,2024-2025,2024-2025",29,18.71,0,0,0,100.0,0.0,0.0,5,0,0,0
15,2020-2021 Hostel Election,2021,1,Thursday,143.9999999997222,2020-2021,HOSTEL,None,48,Clerk - Block 5,Block 5,5,1618,Block 5,2024-2025,0,0,0,17276.5,34.0400000000000000,"Block A,Block B,Block C","2024-2025,2024-2025,2024-2025",36,19.57,0,0,0,100.0,0.0,0.0,6,-3,0,0
15,2020-2021 Hostel Election,2021,1,Thursday,143.9999999997222,2020-2021,HOSTEL,None,48,Clerk - Block 5,Block 5,5,1619,Block 5,2024-2025,0,0,0,17276.5,34.0400000000000000,"Block A,Block B,Block C","2024-2025,2024-2025,2024-2025",42,22.83,1,0,0,100.0,0.0,0.0,5,6,0,0
15,2020-2021 Hostel Election,2021,1,Thursday,143.9999999997222,2020-2021,HOSTEL,None,48,Clerk - Block 5,Block 5,5,1616,Block 5,2024-2025,0,0,0,17276.5,34.0400000000000000,"Block A,Block B,Block C","2024-2025,2024-2025,2024-2025",37,20.11,0,0,0,100.0,0.0,0.0,5,-1,0,0
15,2020-2021 Hostel Election,2021,1,Thursday,143.9999999997222,2020-2021,HOSTEL,None,48,Clerk - Block 5,Block 5,5,1617,Block 5,2024-2025,0,0,0,17276.5,34.0400000000000000,"Block A,Block B,Block C","2024-2025,2024-2025,2024-2025",36,19.57,0,0,0,100.0,0.0,0.0,6,0,0,0
15,2020-2021 Hostel Election,2021,1,Thursday,143.9999999997222,2020-2021,HOSTEL,None,48,Clerk - Block 5,Block 5,5,1620,Block 5,2024-2025,0,0,0,17276.5,34.0400000000000000,"Block A,Block B,Block C","2024-2025,2024-2025,2024-2025",33,17.94,0,0,0,100.0,0.0,0.0,9,0,0,0
15,2020-2021 Hostel Election,2021,1,Thursday,143.9999999997222,2020-2021,HOSTEL,None,49,Clerk - Block 6,Block 6,5,1623,Block 6,2024-2025,0,0,0,17276.5,34.0400000000000000,"Block A,Block B,Block C","2024-2025,2024-2025,2024-2025",44,22.92,1,0,0,100.0,0.0,0.0,2,7,0,0
15,2020-2021 Hostel Election,2021,1,Thursday,143.9999999997222,2020-2021,HOSTEL,None,49,Clerk - Block 6,Block 6,5,1624,Block 6,2024-2025,0,0,0,17276.5,34.0400000000000000,"Block A,Block B,Block C","2024-2025,2024-2025,2024-2025",35,18.23,0,0,0,100.0,0.0,0.0,9,-1,0,0
15,2020-2021 Hostel Election,2021,1,Thursday,143.9999999997222,2020-2021,HOSTEL,None,49,Clerk - Block 6,Block 6,5,1621,Block 6,2024-2025,0,0,0,17276.5,34.0400000000000000,"Block A,Block B,Block C","2024-2025,2024-2025,2024-2025",34,17.71,0,0,0,100.0,0.0,0.0,10,0,0,0
15,2020-2021 Hostel Election,2021,1,Thursday,143.9999999997222,2020-2021,HOSTEL,None,49,Clerk - Block 6,Block 6,5,1622,Block 6,2024-2025,0,0,0,17276.5,34.0400000000000000,"Block A,Block B,Block C","2024-2025,2024-2025,2024-2025",42,21.88,0,0,0,100.0,0.0,0.0,2,-5,0,0
15,2020-2021 Hostel Election,2021,1,Thursday,143.9999999997222,2020-2021,HOSTEL,None,49,Clerk - Block 6,Block 6,5,1625,Block 6,2024-2025,0,0,0,17276.5,34.0400000000000000,"Block A,Block B,Block C","2024-2025,2024-2025,2024-2025",37,19.27,0,0,0,100.0,0.0,0.0,7,-2,0,0
15,2020-2021 Hostel Election,2021,1,Thursday,143.9999999997222,2020-2021,HOSTEL,None,50,Clerk - Block 7,Block 7,5,1630,Block 7,2024-2025,0,0,0,17276.5,34.0400000000000000,"Block A,Block B,Block C","2024-2025,2024-2025,2024-2025",37,19.58,0,0,0,100.0,0.0,0.0,16,-1,0,0
15,2020-2021 Hostel Election,2021,1,Thursday,143.9999999997222,2020-2021,HOSTEL,None,50,Clerk - Block 7,Block 7,5,1626,Block 7,2024-2025,0,0,0,17276.5,34.0400000000000000,"Block A,Block B,Block C","2024-2025,2024-2025,2024-2025",23,12.17,0,0,0,100.0,0.0,0.0,30,0,0,0
15,2020-2021 Hostel Election,2021,1,Thursday,143.9999999997222,2020-2021,HOSTEL,None,50,Clerk - Block 7,Block 7,5,1628,Block 7,2024-2025,0,0,0,17276.5,34.0400000000000000,"Block A,Block B,Block C","2024-2025,2024-2025,2024-2025",36,19.05,0,0,0,100.0,0.0,0.0,17,-13,0,0
15,2020-2021 Hostel Election,2021,1,Thursday,143.9999999997222,2020-2021,HOSTEL,None,50,Clerk - Block 7,Block 7,5,1627,Block 7,2024-2025,0,0,0,17276.5,34.0400000000000000,"Block A,Block B,Block C","2024-2025,2024-2025,2024-2025",53,28.04,1,0,0,100.0,0.0,0.0,13,16,0,0
15,2020-2021 Hostel Election,2021,1,Thursday,143.9999999997222,2020-2021,HOSTEL,None,50,Clerk - Block 7,Block 7,5,1629,Block 7,2024-2025,0,0,0,17276.5,34.0400000000000000,"Block A,Block B,Block C","2024-2025,2024-2025,2024-2025",40,21.16,0,0,0,100.0,0.0,0.0,13,-3,0,0
15,2020-2021 Hostel Election,2021,1,Thursday,143.9999999997222,2020-2021,HOSTEL,None,51,Clerk - Block 8,Block 8,5,1634,Block 8,2024-2025,0,0,0,17276.5,34.0400000000000000,"Block A,Block B,Block C","2024-2025,2024-2025,2024-2025",30,15.79,0,0,0,100.0,0.0,0.0,18,0,0,0
15,2020-2021 Hostel Election,2021,1,Thursday,143.9999999997222,2020-2021,HOSTEL,None,51,Clerk - Block 8,Block 8,5,1631,Block 8,2024-2025,0,0,0,17276.5,34.0400000000000000,"Block A,Block B,Block C","2024-2025,2024-2025,2024-2025",33,17.37,0,0,0,100.0,0.0,0.0,15,-3,0,0
15,2020-2021 Hostel Election,2021,1,Thursday,143.9999999997222,2020-2021,HOSTEL,None,51,Clerk - Block 8,Block 8,5,1635,Block 8,2024-2025,0,0,0,17276.5,34.0400000000000000,"Block A,Block B,Block C","2024-2025,2024-2025,2024-2025",43,22.63,0,0,0,100.0,0.0,0.0,5,-7,0,0
15,2020-2021 Hostel Election,2021,1,Thursday,143.9999999997222,2020-2021,HOSTEL,None,51,Clerk - Block 8,Block 8,5,1632,Block 8,2024-2025,0,0,0,17276.5,34.0400000000000000,"Block A,Block B,Block C","2024-2025,2024-2025,2024-2025",36,18.95,0,0,0,100.0,0.0,0.0,12,-3,0,0
15,2020-2021 Hostel Election,2021,1,Thursday,143.9999999997222,2020-2021,HOSTEL,None,51,Clerk - Block 8,Block 8,5,1633,Block 8,2024-2025,0,0,0,17276.5,34.0400000000000000,"Block A,Block B,Block C","2024-2025,2024-2025,2024-2025",48,25.26,1,0,0,100.0,0.0,0.0,5,12,0,0
15,2020-2021 Hostel Election,2021,1,Thursday,143.9999999997222,2020-2021,HOSTEL,None,52,Clerk - Block 9,Block 9,5,1636,Block 9,2024-2025,0,0,0,17276.5,34.0400000000000000,"Block A,Block B,Block C","2024-2025,2024-2025,2024-2025",29,16.57,0,0,0,100.0,0.0,0.0,13,0,0,0
15,2020-2021 Hostel Election,2021,1,Thursday,143.9999999997222,2020-2021,HOSTEL,None,52,Clerk - Block 9,Block 9,5,1638,Block 9,2024-2025,0,0,0,17276.5,34.0400000000000000,"Block A,Block B,Block C","2024-2025,2024-2025,2024-2025",34,19.43,0,0,0,100.0,0.0,0.0,8,-5,0,0
15,2020-2021 Hostel Election,2021,1,Thursday,143.9999999997222,2020-2021,HOSTEL,None,52,Clerk - Block 9,Block 9,5,1637,Block 9,2024-2025,0,0,0,17276.5,34.0400000000000000,"Block A,Block B,Block C","2024-2025,2024-2025,2024-2025",42,24.00,1,0,0,100.0,0.0,0.0,7,7,0,0
15,2020-2021 Hostel Election,2021,1,Thursday,143.9999999997222,2020-2021,HOSTEL,None,52,Clerk - Block 9,Block 9,5,1640,Block 9,2024-2025,0,0,0,17276.5,34.0400000000000000,"Block A,Block B,Block C","2024-2025,2024-2025,2024-2025",35,20.00,0,0,0,100.0,0.0,0.0,7,-1,0,0
15,2020-2021 Hostel Election,2021,1,Thursday,143.9999999997222,2020-2021,HOSTEL,None,52,Clerk - Block 9,Block 9,5,1639,Block 9,2024-2025,0,0,0,17276.5,34.0400000000000000,"Block A,Block B,Block C","2024-2025,2024-2025,2024-2025",35,20.00,0,0,0,100.0,0.0,0.0,7,0,0,0
15,2020-2021 Hostel Election,2021,1,Thursday,143.9999999997222,2020-2021,HOSTEL,None,53,Clerk - Block 10,Block 10,5,1645,Block 10,2024-2025,0,0,0,17276.5,34.0400000000000000,"Block A,Block B,Block C","2024-2025,2024-2025,2024-2025",37,19.47,0,0,0,100.0,0.0,0.0,9,-4,0,0
15,2020-2021 Hostel Election,2021,1,Thursday,143.9999999997222,2020-2021,HOSTEL,None,53,Clerk - Block 10,Block 10,5,1641,Block 10,2024-2025,0,0,0,17276.5,34.0400000000000000,"Block A,Block B,Block C","2024-2025,2024-2025,2024-2025",37,19.47,0,0,0,100.0,0.0,0.0,9,0,0,0
15,2020-2021 Hostel Election,2021,1,Thursday,143.9999999997222,2020-2021,HOSTEL,None,53,Clerk - Block 10,Block 10,5,1643,Block 10,2024-2025,0,0,0,17276.5,34.0400000000000000,"Block A,Block B,Block C","2024-2025,2024-2025,2024-2025",46,24.21,1,0,0,100.0,0.0,0.0,9,9,0,0
15,2020-2021 Hostel Election,2021,1,Thursday,143.9999999997222,2020-2021,HOSTEL,None,53,Clerk - Block 10,Block 10,5,1644,Block 10,2024-2025,0,0,0,17276.5,34.0400000000000000,"Block A,Block B,Block C","2024-2025,2024-2025,2024-2025",37,19.47,0,0,0,100.0,0.0,0.0,9,0,0,0
15,2020-2021 Hostel Election,2021,1,Thursday,143.9999999997222,2020-2021,HOSTEL,None,53,Clerk - Block 10,Block 10,5,1642,Block 10,2024-2025,0,0,0,17276.5,34.0400000000000000,"Block A,Block B,Block C","2024-2025,2024-2025,2024-2025",33,17.37,0,0,0,100.0,0.0,0.0,13,0,0,0
15,2020-2021 Hostel Election,2021,1,Thursday,143.9999999997222,2020-2021,HOSTEL,None,54,Clerk - Block 11,Block 11,5,1647,Block 11,2024-2025,0,0,0,17276.5,34.0400000000000000,"Block A,Block B,Block C","2024-2025,2024-2025,2024-2025",39,22.67,0,0,0,100.0,0.0,0.0,1,-4,0,0
15,2020-2021 Hostel Election,2021,1,Thursday,143.9999999997222,2020-2021,HOSTEL,None,54,Clerk - Block 11,Block 11,5,1650,Block 11,2024-2025,0,0,0,17276.5,34.0400000000000000,"Block A,Block B,Block C","2024-2025,2024-2025,2024-2025",35,20.35,0,0,0,100.0,0.0,0.0,5,-1,0,0
15,2020-2021 Hostel Election,2021,1,Thursday,143.9999999997222,2020-2021,HOSTEL,None,54,Clerk - Block 11,Block 11,5,1648,Block 11,2024-2025,0,0,0,17276.5,34.0400000000000000,"Block A,Block B,Block C","2024-2025,2024-2025,2024-2025",34,19.77,0,0,0,100.0,0.0,0.0,6,-10,0,0
15,2020-2021 Hostel Election,2021,1,Thursday,143.9999999997222,2020-2021,HOSTEL,None,54,Clerk - Block 11,Block 11,5,1646,Block 11,2024-2025,0,0,0,17276.5,34.0400000000000000,"Block A,Block B,Block C","2024-2025,2024-2025,2024-2025",24,13.95,0,0,0,100.0,0.0,0.0,16,0,0,0
15,2020-2021 Hostel Election,2021,1,Thursday,143.9999999997222,2020-2021,HOSTEL,None,54,Clerk - Block 11,Block 11,5,1649,Block 11,2024-2025,0,0,0,17276.5,34.0400000000000000,"Block A,Block B,Block C","2024-2025,2024-2025,2024-2025",40,23.26,1,0,0,100.0,0.0,0.0,1,5,0,0
15,2020-2021 Hostel Election,2021,1,Thursday,143.9999999997222,2020-2021,HOSTEL,None,55,Clerk - Block 12,Block 12,5,1654,Block 12,2024-2025,0,0,0,17276.5,34.0400000000000000,"Block A,Block B,Block C","2024-2025,2024-2025,2024-2025",44,23.78,0,0,0,100.0,0.0,0.0,6,-6,0,0
15,2020-2021 Hostel Election,2021,1,Thursday,143.9999999997222,2020-2021,HOSTEL,None,55,Clerk - Block 12,Block 12,5,1655,Block 12,2024-2025,0,0,0,17276.5,34.0400000000000000,"Block A,Block B,Block C","2024-2025,2024-2025,2024-2025",50,27.03,1,0,0,100.0,0.0,0.0,6,12,0,0
15,2020-2021 Hostel Election,2021,1,Thursday,143.9999999997222,2020-2021,HOSTEL,None,55,Clerk - Block 12,Block 12,5,1651,Block 12,2024-2025,0,0,0,17276.5,34.0400000000000000,"Block A,Block B,Block C","2024-2025,2024-2025,2024-2025",33,17.84,0,0,0,100.0,0.0,0.0,17,-13,0,0
15,2020-2021 Hostel Election,2021,1,Thursday,143.9999999997222,2020-2021,HOSTEL,None,55,Clerk - Block 12,Block 12,5,1652,Block 12,2024-2025,0,0,0,17276.5,34.0400000000000000,"Block A,Block B,Block C","2024-2025,2024-2025,2024-2025",38,20.54,0,0,0,100.0,0.0,0.0,12,-5,0,0
15,2020-2021 Hostel Election,2021,1,Thursday,143.9999999997222,2020-2021,HOSTEL,None,55,Clerk - Block 12,Block 12,5,1653,Block 12,2024-2025,0,0,0,17276.5,34.0400000000000000,"Block A,Block B,Block C","2024-2025,2024-2025,2024-2025",20,10.81,0,0,0,100.0,0.0,0.0,30,0,0,0
15,2020-2021 Hostel Election,2021,1,Thursday,143.9999999997222,2020-2021,HOSTEL,None,56,Clerk - Block 13,Block 13,5,1660,Block 13,2024-2025,0,0,0,17276.5,34.0400000000000000,"Block A,Block B,Block C","2024-2025,2024-2025,2024-2025",37,21.77,1,0,0,100.0,0.0,0.0,2,3,0,0
15,2020-2021 Hostel Election,2021,1,Thursday,143.9999999997222,2020-2021,HOSTEL,None,56,Clerk - Block 13,Block 13,5,1659,Block 13,2024-2025,0,0,0,17276.5,34.0400000000000000,"Block A,Block B,Block C","2024-2025,2024-2025,2024-2025",31,18.24,0,0,0,100.0,0.0,0.0,6,0,0,0
15,2020-2021 Hostel Election,2021,1,Thursday,143.9999999997222,2020-2021,HOSTEL,None,56,Clerk - Block 13,Block 13,5,1658,Block 13,2024-2025,0,0,0,17276.5,34.0400000000000000,"Block A,Block B,Block C","2024-2025,2024-2025,2024-2025",35,20.59,0,0,0,100.0,0.0,0.0,2,-1,0,0
15,2020-2021 Hostel Election,2021,1,Thursday,143.9999999997222,2020-2021,HOSTEL,None,56,Clerk - Block 13,Block 13,5,1657,Block 13,2024-2025,0,0,0,17276.5,34.0400000000000000,"Block A,Block B,Block C","2024-2025,2024-2025,2024-2025",33,19.41,0,0,0,100.0,0.0,0.0,4,-2,0,0
15,2020-2021 Hostel Election,2021,1,Thursday,143.9999999997222,2020-2021,HOSTEL,None,56,Clerk - Block 13,Block 13,5,1656,Block 13,2024-2025,0,0,0,17276.5,34.0400000000000000,"Block A,Block B,Block C","2024-2025,2024-2025,2024-2025",34,20.00,0,0,0,100.0,0.0,0.0,3,-1,0,0
15,2020-2021 Hostel Election,2021,1,Thursday,143.9999999997222,2020-2021,HOSTEL,None,57,Clerk - Block 14,Block 14,5,1665,Block 14,2024-2025,0,0,0,17276.5,34.0400000000000000,"Block A,Block B,Block C","2024-2025,2024-2025,2024-2025",27,15.88,0,0,0,100.0,0.0,0.0,19,-6,0,0
15,2020-2021 Hostel Election,2021,1,Thursday,143.9999999997222,2020-2021,HOSTEL,None,57,Clerk - Block 14,Block 14,5,1663,Block 14,2024-2025,0,0,0,17276.5,34.0400000000000000,"Block A,Block B,Block C","2024-2025,2024-2025,2024-2025",37,21.77,0,0,0,100.0,0.0,0.0,9,-10,0,0
15,2020-2021 Hostel Election,2021,1,Thursday,143.9999999997222,2020-2021,HOSTEL,None,57,Clerk - Block 14,Block 14,5,1662,Block 14,2024-2025,0,0,0,17276.5,34.0400000000000000,"Block A,Block B,Block C","2024-2025,2024-2025,2024-2025",21,12.35,0,0,0,100.0,0.0,0.0,25,0,0,0
15,2020-2021 Hostel Election,2021,1,Thursday,143.9999999997222,2020-2021,HOSTEL,None,57,Clerk - Block 14,Block 14,5,1664,Block 14,2024-2025,0,0,0,17276.5,34.0400000000000000,"Block A,Block B,Block C","2024-2025,2024-2025,2024-2025",39,22.94,0,0,0,100.0,0.0,0.0,7,-2,0,0
15,2020-2021 Hostel Election,2021,1,Thursday,143.9999999997222,2020-2021,HOSTEL,None,57,Clerk - Block 14,Block 14,5,1661,Block 14,2024-2025,0,0,0,17276.5,34.0400000000000000,"Block A,Block B,Block C","2024-2025,2024-2025,2024-2025",46,27.06,1,0,0,100.0,0.0,0.0,7,9,0,0
15,2020-2021 Hostel Election,2021,1,Thursday,143.9999999997222,2020-2021,HOSTEL,None,58,Clerk - Block 15,Block 15,5,1666,Block 15,2024-2025,0,0,0,17276.5,34.0400000000000000,"Block A,Block B,Block C","2024-2025,2024-2025,2024-2025",30,18.52,0,0,0,100.0,0.0,0.0,4,0,0,0
15,2020-2021 Hostel Election,2021,1,Thursday,143.9999999997222,2020-2021,HOSTEL,None,58,Clerk - Block 15,Block 15,5,1668,Block 15,2024-2025,0,0,0,17276.5,34.0400000000000000,"Block A,Block B,Block C","2024-2025,2024-2025,2024-2025",32,19.75,0,0,0,100.0,0.0,0.0,2,-2,0,0
15,2020-2021 Hostel Election,2021,1,Thursday,143.9999999997222,2020-2021,HOSTEL,None,58,Clerk - Block 15,Block 15,5,1670,Block 15,2024-2025,0,0,0,17276.5,34.0400000000000000,"Block A,Block B,Block C","2024-2025,2024-2025,2024-2025",34,20.99,0,0,0,100.0,0.0,0.0,0,-2,0,0
15,2020-2021 Hostel Election,2021,1,Thursday,143.9999999997222,2020-2021,HOSTEL,None,58,Clerk - Block 15,Block 15,5,1667,Block 15,2024-2025,0,0,0,17276.5,34.0400000000000000,"Block A,Block B,Block C","2024-2025,2024-2025,2024-2025",32,19.75,0,0,0,100.0,0.0,0.0,2,0,0,0
15,2020-2021 Hostel Election,2021,1,Thursday,143.9999999997222,2020-2021,HOSTEL,None,58,Clerk - Block 15,Block 15,5,1669,Block 15,2024-2025,0,0,0,17276.5,34.0400000000000000,"Block A,Block B,Block C","2024-2025,2024-2025,2024-2025",34,20.99,1,0,0,100.0,0.0,0.0,0,2,0,0
15,2020-2021 Hostel Election,2021,1,Thursday,143.9999999997222,2020-2021,HOSTEL,None,59,Clerk - Block 16,Block 16,5,1671,Block 16,2024-2025,0,0,0,17276.5,34.0400000000000000,"Block A,Block B,Block C","2024-2025,2024-2025,2024-2025",28,15.30,0,0,0,100.0,0.0,0.0,17,0,0,0
15,2020-2021 Hostel Election,2021,1,Thursday,143.9999999997222,2020-2021,HOSTEL,None,59,Clerk - Block 16,Block 16,5,1675,Block 16,2024-2025,0,0,0,17276.5,34.0400000000000000,"Block A,Block B,Block C","2024-2025,2024-2025,2024-2025",38,20.77,0,0,0,100.0,0.0,0.0,7,-5,0,0
15,2020-2021 Hostel Election,2021,1,Thursday,143.9999999997222,2020-2021,HOSTEL,None,59,Clerk - Block 16,Block 16,5,1674,Block 16,2024-2025,0,0,0,17276.5,34.0400000000000000,"Block A,Block B,Block C","2024-2025,2024-2025,2024-2025",45,24.59,1,0,0,100.0,0.0,0.0,6,7,0,0
15,2020-2021 Hostel Election,2021,1,Thursday,143.9999999997222,2020-2021,HOSTEL,None,59,Clerk - Block 16,Block 16,5,1673,Block 16,2024-2025,0,0,0,17276.5,34.0400000000000000,"Block A,Block B,Block C","2024-2025,2024-2025,2024-2025",39,21.31,0,0,0,100.0,0.0,0.0,6,-1,0,0
15,2020-2021 Hostel Election,2021,1,Thursday,143.9999999997222,2020-2021,HOSTEL,None,59,Clerk - Block 16,Block 16,5,1672,Block 16,2024-2025,0,0,0,17276.5,34.0400000000000000,"Block A,Block B,Block C","2024-2025,2024-2025,2024-2025",33,18.03,0,0,0,100.0,0.0,0.0,12,-5,0,0
15,2020-2021 Hostel Election,2021,1,Thursday,143.9999999997222,2020-2021,HOSTEL,None,60,Clerk - Block 17,Block 17,5,1678,Block 17,2024-2025,0,0,0,17276.5,34.0400000000000000,"Block A,Block B,Block C","2024-2025,2024-2025,2024-2025",30,17.86,0,0,0,100.0,0.0,0.0,10,-4,0,0
15,2020-2021 Hostel Election,2021,1,Thursday,143.9999999997222,2020-2021,HOSTEL,None,60,Clerk - Block 17,Block 17,5,1680,Block 17,2024-2025,0,0,0,17276.5,34.0400000000000000,"Block A,Block B,Block C","2024-2025,2024-2025,2024-2025",40,23.81,1,0,0,100.0,0.0,0.0,1,7,0,0
15,2020-2021 Hostel Election,2021,1,Thursday,143.9999999997222,2020-2021,HOSTEL,None,60,Clerk - Block 17,Block 17,5,1676,Block 17,2024-2025,0,0,0,17276.5,34.0400000000000000,"Block A,Block B,Block C","2024-2025,2024-2025,2024-2025",33,19.64,0,0,0,100.0,0.0,0.0,7,-3,0,0
15,2020-2021 Hostel Election,2021,1,Thursday,143.9999999997222,2020-2021,HOSTEL,None,60,Clerk - Block 17,Block 17,5,1677,Block 17,2024-2025,0,0,0,17276.5,34.0400000000000000,"Block A,Block B,Block C","2024-2025,2024-2025,2024-2025",26,15.48,0,0,0,100.0,0.0,0.0,14,0,0,0
15,2020-2021 Hostel Election,2021,1,Thursday,143.9999999997222,2020-2021,HOSTEL,None,60,Clerk - Block 17,Block 17,5,1679,Block 17,2024-2025,0,0,0,17276.5,34.0400000000000000,"Block A,Block B,Block C","2024-2025,2024-2025,2024-2025",39,23.21,0,0,0,100.0,0.0,0.0,1,-6,0,0
15,2020-2021 Hostel Election,2021,1,Thursday,143.9999999997222,2020-2021,HOSTEL,None,61,Clerk - Block 18,Block 18,5,1685,Block 18,2024-2025,0,0,0,17276.5,34.0400000000000000,"Block A,Block B,Block C","2024-2025,2024-2025,2024-2025",44,21.89,0,0,0,100.0,0.0,0.0,2,-2,0,0
15,2020-2021 Hostel Election,2021,1,Thursday,143.9999999997222,2020-2021,HOSTEL,None,61,Clerk - Block 18,Block 18,5,1683,Block 18,2024-2025,0,0,0,17276.5,34.0400000000000000,"Block A,Block B,Block C","2024-2025,2024-2025,2024-2025",42,20.90,0,0,0,100.0,0.0,0.0,4,-7,0,0
15,2020-2021 Hostel Election,2021,1,Thursday,143.9999999997222,2020-2021,HOSTEL,None,61,Clerk - Block 18,Block 18,5,1684,Block 18,2024-2025,0,0,0,17276.5,34.0400000000000000,"Block A,Block B,Block C","2024-2025,2024-2025,2024-2025",34,16.92,0,0,0,100.0,0.0,0.0,12,0,0,0
15,2020-2021 Hostel Election,2021,1,Thursday,143.9999999997222,2020-2021,HOSTEL,None,61,Clerk - Block 18,Block 18,5,1682,Block 18,2024-2025,0,0,0,17276.5,34.0400000000000000,"Block A,Block B,Block C","2024-2025,2024-2025,2024-2025",46,22.89,1,0,0,100.0,0.0,0.0,2,4,0,0
15,2020-2021 Hostel Election,2021,1,Thursday,143.9999999997222,2020-2021,HOSTEL,None,61,Clerk - Block 18,Block 18,5,1681,Block 18,2024-2025,0,0,0,17276.5,34.0400000000000000,"Block A,Block B,Block C","2024-2025,2024-2025,2024-2025",35,17.41,0,0,0,100.0,0.0,0.0,11,-1,0,0
15,2020-2021 Hostel Election,2021,1,Thursday,143.9999999997222,2020-2021,HOSTEL,None,62,Clerk - Block 19,Block 19,5,1690,Block 19,2024-2025,0,0,0,17276.5,34.0400000000000000,"Block A,Block B,Block C","2024-2025,2024-2025,2024-2025",32,18.61,0,0,0,100.0,0.0,0.0,13,-3,0,0
15,2020-2021 Hostel Election,2021,1,Thursday,143.9999999997222,2020-2021,HOSTEL,None,62,Clerk - Block 19,Block 19,5,1688,Block 19,2024-2025,0,0,0,17276.5,34.0400000000000000,"Block A,Block B,Block C","2024-2025,2024-2025,2024-2025",29,16.86,0,0,0,100.0,0.0,0.0,16,-4,0,0
15,2020-2021 Hostel Election,2021,1,Thursday,143.9999999997222,2020-2021,HOSTEL,None,62,Clerk - Block 19,Block 19,5,1687,Block 19,2024-2025,0,0,0,17276.5,34.0400000000000000,"Block A,Block B,Block C","2024-2025,2024-2025,2024-2025",45,26.16,1,0,0,100.0,0.0,0.0,4,13,0,0
15,2020-2021 Hostel Election,2021,1,Thursday,143.9999999997222,2020-2021,HOSTEL,None,62,Clerk - Block 19,Block 19,5,1689,Block 19,2024-2025,0,0,0,17276.5,34.0400000000000000,"Block A,Block B,Block C","2024-2025,2024-2025,2024-2025",41,23.84,0,0,0,100.0,0.0,0.0,4,-9,0,0
15,2020-2021 Hostel Election,2021,1,Thursday,143.9999999997222,2020-2021,HOSTEL,None,62,Clerk - Block 19,Block 19,5,1686,Block 19,2024-2025,0,0,0,17276.5,34.0400000000000000,"Block A,Block B,Block C","2024-2025,2024-2025,2024-2025",25,14.54,0,0,0,100.0,0.0,0.0,20,0,0,0
15,2020-2021 Hostel Election,2021,1,Thursday,143.9999999997222,2020-2021,HOSTEL,None,63,Clerk - Block 1,Block 1,5,1692,Block 1,2024-2025,0,0,0,17276.5,34.0400000000000000,"Block A,Block B,Block C","2024-2025,2024-2025,2024-2025",121,18.62,0,0,0,100.0,0.0,0.0,21,-1,0,0
15,2020-2021 Hostel Election,2021,1,Thursday,143.9999999997222,2020-2021,HOSTEL,None,63,Clerk - Block 1,Block 1,5,1691,Block 1,2024-2025,0,0,0,17276.5,34.0400000000000000,"Block A,Block B,Block C","2024-2025,2024-2025,2024-2025",134,20.62,0,0,0,100.0,0.0,0.0,8,-1,0,0
15,2020-2021 Hostel Election,2021,1,Thursday,143.9999999997222,2020-2021,HOSTEL,None,63,Clerk - Block 1,Block 1,5,1694,Block 1,2024-2025,0,0,0,17276.5,34.0400000000000000,"Block A,Block B,Block C","2024-2025,2024-2025,2024-2025",133,20.46,0,0,0,100.0,0.0,0.0,9,-12,0,0
15,2020-2021 Hostel Election,2021,1,Thursday,143.9999999997222,2020-2021,HOSTEL,None,63,Clerk - Block 1,Block 1,5,1695,Block 1,2024-2025,0,0,0,17276.5,34.0400000000000000,"Block A,Block B,Block C","2024-2025,2024-2025,2024-2025",120,18.46,0,0,0,100.0,0.0,0.0,22,0,0,0
15,2020-2021 Hostel Election,2021,1,Thursday,143.9999999997222,2020-2021,HOSTEL,None,63,Clerk - Block 1,Block 1,5,1693,Block 1,2024-2025,0,0,0,17276.5,34.0400000000000000,"Block A,Block B,Block C","2024-2025,2024-2025,2024-2025",142,21.85,1,0,0,100.0,0.0,0.0,8,9,0,0
15,2020-2021 Hostel Election,2021,1,Thursday,143.9999999997222,2020-2021,HOSTEL,None,64,Clerk - Block 2,Block 2,5,1700,Block 2,2024-2025,0,0,0,17276.5,34.0400000000000000,"Block A,Block B,Block C","2024-2025,2024-2025,2024-2025",129,20.00,0,0,0,100.0,0.0,0.0,17,-3,0,0
15,2020-2021 Hostel Election,2021,1,Thursday,143.9999999997222,2020-2021,HOSTEL,None,64,Clerk - Block 2,Block 2,5,1698,Block 2,2024-2025,0,0,0,17276.5,34.0400000000000000,"Block A,Block B,Block C","2024-2025,2024-2025,2024-2025",137,21.24,0,0,0,100.0,0.0,0.0,9,-8,0,0
15,2020-2021 Hostel Election,2021,1,Thursday,143.9999999997222,2020-2021,HOSTEL,None,64,Clerk - Block 2,Block 2,5,1696,Block 2,2024-2025,0,0,0,17276.5,34.0400000000000000,"Block A,Block B,Block C","2024-2025,2024-2025,2024-2025",126,19.54,0,0,0,100.0,0.0,0.0,20,-19,0,0
15,2020-2021 Hostel Election,2021,1,Thursday,143.9999999997222,2020-2021,HOSTEL,None,64,Clerk - Block 2,Block 2,5,1697,Block 2,2024-2025,0,0,0,17276.5,34.0400000000000000,"Block A,Block B,Block C","2024-2025,2024-2025,2024-2025",107,16.59,0,0,0,100.0,0.0,0.0,39,0,0,0
15,2020-2021 Hostel Election,2021,1,Thursday,143.9999999997222,2020-2021,HOSTEL,None,64,Clerk - Block 2,Block 2,5,1699,Block 2,2024-2025,0,0,0,17276.5,34.0400000000000000,"Block A,Block B,Block C","2024-2025,2024-2025,2024-2025",146,22.64,1,0,0,100.0,0.0,0.0,9,17,0,0
15,2020-2021 Hostel Election,2021,1,Thursday,143.9999999997222,2020-2021,HOSTEL,None,65,Clerk - Block 3,Block 3,5,1701,Block 3,2024-2025,0,0,0,17276.5,34.0400000000000000,"Block A,Block B,Block C","2024-2025,2024-2025,2024-2025",151,21.79,1,0,0,100.0,0.0,0.0,12,12,0,0
15,2020-2021 Hostel Election,2021,1,Thursday,143.9999999997222,2020-2021,HOSTEL,None,65,Clerk - Block 3,Block 3,5,1703,Block 3,2024-2025,0,0,0,17276.5,34.0400000000000000,"Block A,Block B,Block C","2024-2025,2024-2025,2024-2025",126,18.18,0,0,0,100.0,0.0,0.0,25,0,0,0
15,2020-2021 Hostel Election,2021,1,Thursday,143.9999999997222,2020-2021,HOSTEL,None,65,Clerk - Block 3,Block 3,5,1705,Block 3,2024-2025,0,0,0,17276.5,34.0400000000000000,"Block A,Block B,Block C","2024-2025,2024-2025,2024-2025",139,20.06,0,0,0,100.0,0.0,0.0,12,-1,0,0
15,2020-2021 Hostel Election,2021,1,Thursday,143.9999999997222,2020-2021,HOSTEL,None,65,Clerk - Block 3,Block 3,5,1702,Block 3,2024-2025,0,0,0,17276.5,34.0400000000000000,"Block A,Block B,Block C","2024-2025,2024-2025,2024-2025",139,20.06,0,0,0,100.0,0.0,0.0,12,0,0,0
15,2020-2021 Hostel Election,2021,1,Thursday,143.9999999997222,2020-2021,HOSTEL,None,65,Clerk - Block 3,Block 3,5,1704,Block 3,2024-2025,0,0,0,17276.5,34.0400000000000000,"Block A,Block B,Block C","2024-2025,2024-2025,2024-2025",138,19.91,0,0,0,100.0,0.0,0.0,13,-12,0,0
15,2020-2021 Hostel Election,2021,1,Thursday,143.9999999997222,2020-2021,HOSTEL,None,66,Clerk - Block 4,Block 4,5,1706,Block 4,2024-2025,0,0,0,17276.5,34.0400000000000000,"Block A,Block B,Block C","2024-2025,2024-2025,2024-2025",146,21.73,0,0,0,100.0,0.0,0.0,2,-15,0,0
15,2020-2021 Hostel Election,2021,1,Thursday,143.9999999997222,2020-2021,HOSTEL,None,66,Clerk - Block 4,Block 4,5,1707,Block 4,2024-2025,0,0,0,17276.5,34.0400000000000000,"Block A,Block B,Block C","2024-2025,2024-2025,2024-2025",148,22.02,1,0,0,100.0,0.0,0.0,2,17,0,0
15,2020-2021 Hostel Election,2021,1,Thursday,143.9999999997222,2020-2021,HOSTEL,None,66,Clerk - Block 4,Block 4,5,1710,Block 4,2024-2025,0,0,0,17276.5,34.0400000000000000,"Block A,Block B,Block C","2024-2025,2024-2025,2024-2025",122,18.16,0,0,0,100.0,0.0,0.0,26,0,0,0
15,2020-2021 Hostel Election,2021,1,Thursday,143.9999999997222,2020-2021,HOSTEL,None,66,Clerk - Block 4,Block 4,5,1708,Block 4,2024-2025,0,0,0,17276.5,34.0400000000000000,"Block A,Block B,Block C","2024-2025,2024-2025,2024-2025",125,18.60,0,0,0,100.0,0.0,0.0,23,-3,0,0
15,2020-2021 Hostel Election,2021,1,Thursday,143.9999999997222,2020-2021,HOSTEL,None,66,Clerk - Block 4,Block 4,5,1709,Block 4,2024-2025,0,0,0,17276.5,34.0400000000000000,"Block A,Block B,Block C","2024-2025,2024-2025,2024-2025",131,19.49,0,0,0,100.0,0.0,0.0,17,-6,0,0
15,2020-2021 Hostel Election,2021,1,Thursday,143.9999999997222,2020-2021,HOSTEL,None,67,Clerk - Block 5,Block 5,5,1715,Block 5,2024-2025,0,0,0,17276.5,34.0400000000000000,"Block A,Block B,Block C","2024-2025,2024-2025,2024-2025",143,21.06,0,0,0,100.0,0.0,0.0,1,-3,0,0
15,2020-2021 Hostel Election,2021,1,Thursday,143.9999999997222,2020-2021,HOSTEL,None,67,Clerk - Block 5,Block 5,5,1712,Block 5,2024-2025,0,0,0,17276.5,34.0400000000000000,"Block A,Block B,Block C","2024-2025,2024-2025,2024-2025",119,17.53,0,0,0,100.0,0.0,0.0,25,0,0,0
15,2020-2021 Hostel Election,2021,1,Thursday,143.9999999997222,2020-2021,HOSTEL,None,67,Clerk - Block 5,Block 5,5,1713,Block 5,2024-2025,0,0,0,17276.5,34.0400000000000000,"Block A,Block B,Block C","2024-2025,2024-2025,2024-2025",133,19.59,0,0,0,100.0,0.0,0.0,11,-14,0,0
15,2020-2021 Hostel Election,2021,1,Thursday,143.9999999997222,2020-2021,HOSTEL,None,67,Clerk - Block 5,Block 5,5,1711,Block 5,2024-2025,0,0,0,17276.5,34.0400000000000000,"Block A,Block B,Block C","2024-2025,2024-2025,2024-2025",140,20.62,0,0,0,100.0,0.0,0.0,4,-7,0,0
15,2020-2021 Hostel Election,2021,1,Thursday,143.9999999997222,2020-2021,HOSTEL,None,67,Clerk - Block 5,Block 5,5,1714,Block 5,2024-2025,0,0,0,17276.5,34.0400000000000000,"Block A,Block B,Block C","2024-2025,2024-2025,2024-2025",144,21.21,1,0,0,100.0,0.0,0.0,1,4,0,0
15,2020-2021 Hostel Election,2021,1,Thursday,143.9999999997222,2020-2021,HOSTEL,None,68,Clerk - Block 1,Block 1,5,1720,Block 1,2024-2025,0,0,0,17276.5,34.0400000000000000,"Block A,Block B,Block C","2024-2025,2024-2025,2024-2025",325,19.32,0,0,0,100.0,0.0,0.0,37,0,0,0
15,2020-2021 Hostel Election,2021,1,Thursday,143.9999999997222,2020-2021,HOSTEL,None,68,Clerk - Block 1,Block 1,5,1719,Block 1,2024-2025,0,0,0,17276.5,34.0400000000000000,"Block A,Block B,Block C","2024-2025,2024-2025,2024-2025",325,19.32,0,0,0,100.0,0.0,0.0,37,0,0,0
15,2020-2021 Hostel Election,2021,1,Thursday,143.9999999997222,2020-2021,HOSTEL,None,68,Clerk - Block 1,Block 1,5,1716,Block 1,2024-2025,0,0,0,17276.5,34.0400000000000000,"Block A,Block B,Block C","2024-2025,2024-2025,2024-2025",343,20.39,0,0,0,100.0,0.0,0.0,19,-16,0,0
15,2020-2021 Hostel Election,2021,1,Thursday,143.9999999997222,2020-2021,HOSTEL,None,68,Clerk - Block 1,Block 1,5,1718,Block 1,2024-2025,0,0,0,17276.5,34.0400000000000000,"Block A,Block B,Block C","2024-2025,2024-2025,2024-2025",327,19.44,0,0,0,100.0,0.0,0.0,35,-2,0,0
15,2020-2021 Hostel Election,2021,1,Thursday,143.9999999997222,2020-2021,HOSTEL,None,68,Clerk - Block 1,Block 1,5,1717,Block 1,2024-2025,0,0,0,17276.5,34.0400000000000000,"Block A,Block B,Block C","2024-2025,2024-2025,2024-2025",362,21.52,1,0,0,100.0,0.0,0.0,19,35,0,0
15,2020-2021 Hostel Election,2021,1,Thursday,143.9999999997222,2020-2021,HOSTEL,None,69,Clerk - Block 2,Block 2,5,1723,Block 2,2024-2025,0,0,0,17276.5,34.0400000000000000,"Block A,Block B,Block C","2024-2025,2024-2025,2024-2025",322,19.60,0,0,0,100.0,0.0,0.0,29,-13,0,0
15,2020-2021 Hostel Election,2021,1,Thursday,143.9999999997222,2020-2021,HOSTEL,None,69,Clerk - Block 2,Block 2,5,1725,Block 2,2024-2025,0,0,0,17276.5,34.0400000000000000,"Block A,Block B,Block C","2024-2025,2024-2025,2024-2025",333,20.27,0,0,0,100.0,0.0,0.0,18,-5,0,0
15,2020-2021 Hostel Election,2021,1,Thursday,143.9999999997222,2020-2021,HOSTEL,None,69,Clerk - Block 2,Block 2,5,1721,Block 2,2024-2025,0,0,0,17276.5,34.0400000000000000,"Block A,Block B,Block C","2024-2025,2024-2025,2024-2025",328,19.96,0,0,0,100.0,0.0,0.0,23,-6,0,0
15,2020-2021 Hostel Election,2021,1,Thursday,143.9999999997222,2020-2021,HOSTEL,None,69,Clerk - Block 2,Block 2,5,1722,Block 2,2024-2025,0,0,0,17276.5,34.0400000000000000,"Block A,Block B,Block C","2024-2025,2024-2025,2024-2025",351,21.36,1,0,0,100.0,0.0,0.0,18,23,0,0
15,2020-2021 Hostel Election,2021,1,Thursday,143.9999999997222,2020-2021,HOSTEL,None,69,Clerk - Block 2,Block 2,5,1724,Block 2,2024-2025,0,0,0,17276.5,34.0400000000000000,"Block A,Block B,Block C","2024-2025,2024-2025,2024-2025",309,18.81,0,0,0,100.0,0.0,0.0,42,0,0,0
14,2020-2021 College Election,2021,2,Tuesday,191.9999999997222,2020-2021,COLLEGE,None,2,Governor - College of Education (COED),College of Education (COED),5,1388,Block P,2024-2025,0,0,0,17276.5,34.1450000000000000,"Block P,Block 6,Block 9","2024-2025,2024-2025,2024-2025",638,19.21,0,0,0,100.0,0.0,0.0,46,0,0,0
14,2020-2021 College Election,2021,2,Tuesday,191.9999999997222,2020-2021,COLLEGE,None,2,Governor - College of Education (COED),College of Education (COED),5,1390,Block I,2024-2025,0,0,0,17276.5,34.1450000000000000,"Block P,Block 6,Block 9","2024-2025,2024-2025,2024-2025",656,19.75,0,0,0,100.0,0.0,0.0,28,-18,0,0
14,2020-2021 College Election,2021,2,Tuesday,191.9999999997222,2020-2021,COLLEGE,None,2,Governor - College of Education (COED),College of Education (COED),5,1386,Block L,2024-2025,0,0,0,17276.5,34.1450000000000000,"Block P,Block 6,Block 9","2024-2025,2024-2025,2024-2025",684,20.60,1,0,0,100.0,0.0,0.0,2,23,0,0
14,2020-2021 College Election,2021,2,Tuesday,191.9999999997222,2020-2021,COLLEGE,None,2,Governor - College of Education (COED),College of Education (COED),5,1387,Block M,2024-2025,0,0,0,17276.5,34.1450000000000000,"Block P,Block 6,Block 9","2024-2025,2024-2025,2024-2025",661,19.90,0,0,0,100.0,0.0,0.0,23,-5,0,0
14,2020-2021 College Election,2021,2,Tuesday,191.9999999997222,2020-2021,COLLEGE,None,2,Governor - College of Education (COED),College of Education (COED),5,1389,Block T,2024-2025,0,0,0,17276.5,34.1450000000000000,"Block P,Block 6,Block 9","2024-2025,2024-2025,2024-2025",682,20.54,0,0,0,100.0,0.0,0.0,2,-21,0,0
14,2020-2021 College Election,2021,2,Tuesday,191.9999999997222,2020-2021,COLLEGE,None,3,Governor - College of Informatics and Virtual Education (CIVE),College of Informatics and Virtual Education (CIVE),5,1391,Block 1,2024-2025,0,0,0,17276.5,34.1450000000000000,"Block P,Block 6,Block 9","2024-2025,2024-2025,2024-2025",676,19.99,0,0,0,100.0,0.0,0.0,32,-20,0,0
14,2020-2021 College Election,2021,2,Tuesday,191.9999999997222,2020-2021,COLLEGE,None,3,Governor - College of Informatics and Virtual Education (CIVE),College of Informatics and Virtual Education (CIVE),5,1393,Block 6,2024-2025,0,0,0,17276.5,34.1450000000000000,"Block P,Block 6,Block 9","2024-2025,2024-2025,2024-2025",656,19.40,0,0,0,100.0,0.0,0.0,52,-4,0,0
14,2020-2021 College Election,2021,2,Tuesday,191.9999999997222,2020-2021,COLLEGE,None,3,Governor - College of Informatics and Virtual Education (CIVE),College of Informatics and Virtual Education (CIVE),5,1395,Block 3,2024-2025,0,0,0,17276.5,34.1450000000000000,"Block P,Block 6,Block 9","2024-2025,2024-2025,2024-2025",652,19.28,0,0,0,100.0,0.0,0.0,56,0,0,0
14,2020-2021 College Election,2021,2,Tuesday,191.9999999997222,2020-2021,COLLEGE,None,3,Governor - College of Informatics and Virtual Education (CIVE),College of Informatics and Virtual Education (CIVE),5,1392,Block 4,2024-2025,0,0,0,17276.5,34.1450000000000000,"Block P,Block 6,Block 9","2024-2025,2024-2025,2024-2025",690,20.40,0,0,0,100.0,0.0,0.0,18,-14,0,0
14,2020-2021 College Election,2021,2,Tuesday,191.9999999997222,2020-2021,COLLEGE,None,3,Governor - College of Informatics and Virtual Education (CIVE),College of Informatics and Virtual Education (CIVE),5,1394,Block 4,2024-2025,0,0,0,17276.5,34.1450000000000000,"Block P,Block 6,Block 9","2024-2025,2024-2025,2024-2025",708,20.93,1,0,0,100.0,0.0,0.0,18,32,0,0
14,2020-2021 College Election,2021,2,Tuesday,191.9999999997222,2020-2021,COLLEGE,None,4,Governor - College of Earth Science (COES),College of Earth Science (COES),5,1400,Block 7,2024-2025,0,0,0,17276.5,34.1450000000000000,"Block P,Block 6,Block 9","2024-2025,2024-2025,2024-2025",729,22.17,1,0,0,100.0,0.0,0.0,72,74,0,0
14,2020-2021 College Election,2021,2,Tuesday,191.9999999997222,2020-2021,COLLEGE,None,4,Governor - College of Earth Science (COES),College of Earth Science (COES),5,1399,Block 6,2024-2025,0,0,0,17276.5,34.1450000000000000,"Block P,Block 6,Block 9","2024-2025,2024-2025,2024-2025",637,19.37,0,0,0,100.0,0.0,0.0,92,-26,0,0
14,2020-2021 College Election,2021,2,Tuesday,191.9999999997222,2020-2021,COLLEGE,None,4,Governor - College of Earth Science (COES),College of Earth Science (COES),5,1396,Block 6,2024-2025,0,0,0,17276.5,34.1450000000000000,"Block P,Block 6,Block 9","2024-2025,2024-2025,2024-2025",611,18.58,0,0,0,100.0,0.0,0.0,118,0,0,0
14,2020-2021 College Election,2021,2,Tuesday,191.9999999997222,2020-2021,COLLEGE,None,4,Governor - College of Earth Science (COES),College of Earth Science (COES),5,1397,Block 9,2024-2025,0,0,0,17276.5,34.1450000000000000,"Block P,Block 6,Block 9","2024-2025,2024-2025,2024-2025",655,19.92,0,0,0,100.0,0.0,0.0,74,-18,0,0
14,2020-2021 College Election,2021,2,Tuesday,191.9999999997222,2020-2021,COLLEGE,None,4,Governor - College of Earth Science (COES),College of Earth Science (COES),5,1398,Block 7,2024-2025,0,0,0,17276.5,34.1450000000000000,"Block P,Block 6,Block 9","2024-2025,2024-2025,2024-2025",657,19.98,0,0,0,100.0,0.0,0.0,72,-2,0,0
14,2020-2021 College Election,2021,2,Tuesday,191.9999999997222,2020-2021,COLLEGE,None,5,Governor - College of Natural and Mathematical Sciences (CNMS),College of Natural and Mathematical Sciences (CNMS),5,1405,Block 14,2024-2025,0,0,0,17276.5,34.1450000000000000,"Block P,Block 6,Block 9","2024-2025,2024-2025,2024-2025",673,20.00,0,0,0,100.0,0.0,0.0,44,-22,0,0
14,2020-2021 College Election,2021,2,Tuesday,191.9999999997222,2020-2021,COLLEGE,None,5,Governor - College of Natural and Mathematical Sciences (CNMS),College of Natural and Mathematical Sciences (CNMS),5,1401,Block 12,2024-2025,0,0,0,17276.5,34.1450000000000000,"Block P,Block 6,Block 9","2024-2025,2024-2025,2024-2025",680,20.21,0,0,0,100.0,0.0,0.0,37,-7,0,0
14,2020-2021 College Election,2021,2,Tuesday,191.9999999997222,2020-2021,COLLEGE,None,5,Governor - College of Natural and Mathematical Sciences (CNMS),College of Natural and Mathematical Sciences (CNMS),5,1404,Block 14,2024-2025,0,0,0,17276.5,34.1450000000000000,"Block P,Block 6,Block 9","2024-2025,2024-2025,2024-2025",717,21.31,1,0,0,100.0,0.0,0.0,37,44,0,0
14,2020-2021 College Election,2021,2,Tuesday,191.9999999997222,2020-2021,COLLEGE,None,5,Governor - College of Natural and Mathematical Sciences (CNMS),College of Natural and Mathematical Sciences (CNMS),5,1403,Block 10,2024-2025,0,0,0,17276.5,34.1450000000000000,"Block P,Block 6,Block 9","2024-2025,2024-2025,2024-2025",651,19.35,0,0,0,100.0,0.0,0.0,66,-7,0,0
14,2020-2021 College Election,2021,2,Tuesday,191.9999999997222,2020-2021,COLLEGE,None,5,Governor - College of Natural and Mathematical Sciences (CNMS),College of Natural and Mathematical Sciences (CNMS),5,1402,Block 13,2024-2025,0,0,0,17276.5,34.1450000000000000,"Block P,Block 6,Block 9","2024-2025,2024-2025,2024-2025",644,19.14,0,0,0,100.0,0.0,0.0,73,0,0,0
14,2020-2021 College Election,2021,2,Tuesday,191.9999999997222,2020-2021,COLLEGE,None,6,Governor - College of Business and Economics (COBE),College of Business and Economics (COBE),5,1406,Block 2,2024-2025,0,0,0,17276.5,34.1450000000000000,"Block P,Block 6,Block 9","2024-2025,2024-2025,2024-2025",651,19.43,0,0,0,100.0,0.0,0.0,47,-5,0,0
14,2020-2021 College Election,2021,2,Tuesday,191.9999999997222,2020-2021,COLLEGE,None,6,Governor - College of Business and Economics (COBE),College of Business and Economics (COBE),5,1409,Block 10,2024-2025,0,0,0,17276.5,34.1450000000000000,"Block P,Block 6,Block 9","2024-2025,2024-2025,2024-2025",646,19.28,0,0,0,100.0,0.0,0.0,52,0,0,0
14,2020-2021 College Election,2021,2,Tuesday,191.9999999997222,2020-2021,COLLEGE,None,6,Governor - College of Business and Economics (COBE),College of Business and Economics (COBE),5,1410,Block 1,2024-2025,0,0,0,17276.5,34.1450000000000000,"Block P,Block 6,Block 9","2024-2025,2024-2025,2024-2025",674,20.12,0,0,0,100.0,0.0,0.0,24,-23,0,0
14,2020-2021 College Election,2021,2,Tuesday,191.9999999997222,2020-2021,COLLEGE,None,6,Governor - College of Business and Economics (COBE),College of Business and Economics (COBE),5,1408,Block 7,2024-2025,0,0,0,17276.5,34.1450000000000000,"Block P,Block 6,Block 9","2024-2025,2024-2025,2024-2025",698,20.84,1,0,0,100.0,0.0,0.0,17,24,0,0
14,2020-2021 College Election,2021,2,Tuesday,191.9999999997222,2020-2021,COLLEGE,None,6,Governor - College of Business and Economics (COBE),College of Business and Economics (COBE),5,1407,Block 2,2024-2025,0,0,0,17276.5,34.1450000000000000,"Block P,Block 6,Block 9","2024-2025,2024-2025,2024-2025",681,20.33,0,0,0,100.0,0.0,0.0,17,-7,0,0
14,2020-2021 College Election,2021,2,Tuesday,191.9999999997222,2020-2021,COLLEGE,None,7,Governor - College of Humanities and Social Sciences (CHSS),College of Humanities and Social Sciences (CHSS),5,1415,Block 3,2024-2025,0,0,0,17276.5,34.1450000000000000,"Block P,Block 6,Block 9","2024-2025,2024-2025,2024-2025",695,20.47,0,0,0,100.0,0.0,0.0,14,-17,0,0
14,2020-2021 College Election,2021,2,Tuesday,191.9999999997222,2020-2021,COLLEGE,None,7,Governor - College of Humanities and Social Sciences (CHSS),College of Humanities and Social Sciences (CHSS),5,1411,Block 1,2024-2025,0,0,0,17276.5,34.1450000000000000,"Block P,Block 6,Block 9","2024-2025,2024-2025,2024-2025",656,19.32,0,0,0,100.0,0.0,0.0,53,0,0,0
14,2020-2021 College Election,2021,2,Tuesday,191.9999999997222,2020-2021,COLLEGE,None,7,Governor - College of Humanities and Social Sciences (CHSS),College of Humanities and Social Sciences (CHSS),5,1412,Block 4,2024-2025,0,0,0,17276.5,34.1450000000000000,"Block P,Block 6,Block 9","2024-2025,2024-2025,2024-2025",658,19.38,0,0,0,100.0,0.0,0.0,51,-2,0,0
14,2020-2021 College Election,2021,2,Tuesday,191.9999999997222,2020-2021,COLLEGE,None,7,Governor - College of Humanities and Social Sciences (CHSS),College of Humanities and Social Sciences (CHSS),5,1413,Block 3,2024-2025,0,0,0,17276.5,34.1450000000000000,"Block P,Block 6,Block 9","2024-2025,2024-2025,2024-2025",709,20.88,1,0,0,100.0,0.0,0.0,14,31,0,0
14,2020-2021 College Election,2021,2,Tuesday,191.9999999997222,2020-2021,COLLEGE,None,7,Governor - College of Humanities and Social Sciences (CHSS),College of Humanities and Social Sciences (CHSS),5,1414,Block 2,2024-2025,0,0,0,17276.5,34.1450000000000000,"Block P,Block 6,Block 9","2024-2025,2024-2025,2024-2025",678,19.97,0,0,0,100.0,0.0,0.0,31,-20,0,0
14,2020-2021 College Election,2021,2,Tuesday,191.9999999997222,2020-2021,COLLEGE,None,8,Governor - College of Health Sciences,College of Health Sciences,5,1417,Block 1,2024-2025,0,0,0,17276.5,34.1450000000000000,"Block P,Block 6,Block 9","2024-2025,2024-2025,2024-2025",668,20.08,0,0,0,100.0,0.0,0.0,27,-3,0,0
14,2020-2021 College Election,2021,2,Tuesday,191.9999999997222,2020-2021,COLLEGE,None,8,Governor - College of Health Sciences,College of Health Sciences,5,1418,Block 2,2024-2025,0,0,0,17276.5,34.1450000000000000,"Block P,Block 6,Block 9","2024-2025,2024-2025,2024-2025",665,19.99,0,0,0,100.0,0.0,0.0,30,-15,0,0
14,2020-2021 College Election,2021,2,Tuesday,191.9999999997222,2020-2021,COLLEGE,None,8,Governor - College of Health Sciences,College of Health Sciences,5,1416,Block 2,2024-2025,0,0,0,17276.5,34.1450000000000000,"Block P,Block 6,Block 9","2024-2025,2024-2025,2024-2025",650,19.54,0,0,0,100.0,0.0,0.0,45,-1,0,0
14,2020-2021 College Election,2021,2,Tuesday,191.9999999997222,2020-2021,COLLEGE,None,8,Governor - College of Health Sciences,College of Health Sciences,5,1420,Block 2,2024-2025,0,0,0,17276.5,34.1450000000000000,"Block P,Block 6,Block 9","2024-2025,2024-2025,2024-2025",649,19.51,0,0,0,100.0,0.0,0.0,46,0,0,0
14,2020-2021 College Election,2021,2,Tuesday,191.9999999997222,2020-2021,COLLEGE,None,8,Governor - College of Health Sciences,College of Health Sciences,5,1419,Block 1,2024-2025,0,0,0,17276.5,34.1450000000000000,"Block P,Block 6,Block 9","2024-2025,2024-2025,2024-2025",695,20.89,1,0,0,100.0,0.0,0.0,27,30,0,0
10,2021-2022 University Election,2022,1,Monday,143.9999999997222,2021-2022,UNIVERSITY,None,1,President,University of Dodoma (UDOM),5,1038,Block 9,2024-2025,0,0,0,17276.5,33.7300000000000000,"Block 7,Block 1,Block 5","2024-2025,2024-2025,2024-2025",4701,19.90,0,0,0,100.0,0.0,0.0,60,0,0,0
10,2021-2022 University Election,2022,1,Monday,143.9999999997222,2021-2022,UNIVERSITY,None,1,President,University of Dodoma (UDOM),5,1036,Block 3,2024-2025,0,0,0,17276.5,33.7300000000000000,"Block 7,Block 1,Block 5","2024-2025,2024-2025,2024-2025",4721,19.99,0,0,0,100.0,0.0,0.0,40,-16,0,0
10,2021-2022 University Election,2022,1,Monday,143.9999999997222,2021-2022,UNIVERSITY,None,1,President,University of Dodoma (UDOM),5,1039,Block 7,2024-2025,0,0,0,17276.5,33.7300000000000000,"Block 7,Block 1,Block 5","2024-2025,2024-2025,2024-2025",4761,20.15,1,0,0,100.0,0.0,0.0,26,40,0,0
10,2021-2022 University Election,2022,1,Monday,143.9999999997222,2021-2022,UNIVERSITY,None,1,President,University of Dodoma (UDOM),5,1037,Block C,2024-2025,0,0,0,17276.5,33.7300000000000000,"Block 7,Block 1,Block 5","2024-2025,2024-2025,2024-2025",4735,20.04,0,0,0,100.0,0.0,0.0,26,-14,0,0
10,2021-2022 University Election,2022,1,Monday,143.9999999997222,2021-2022,UNIVERSITY,None,1,President,University of Dodoma (UDOM),5,1040,Block 1,2024-2025,0,0,0,17276.5,33.7300000000000000,"Block 7,Block 1,Block 5","2024-2025,2024-2025,2024-2025",4705,19.92,0,0,0,100.0,0.0,0.0,56,-4,0,0
12,2021-2022 Hostel Election,2022,2,Friday,167.9999999997222,2021-2022,HOSTEL,None,9,Clerk - Block A,Block A,5,1079,Block A,2024-2025,0,0,0,17276.5,34.0400000000000000,"Block A,Block B,Block C","2024-2025,2024-2025,2024-2025",35,19.89,0,0,0,100.0,0.0,0.0,11,0,0,0
12,2021-2022 Hostel Election,2022,2,Friday,167.9999999997222,2021-2022,HOSTEL,None,9,Clerk - Block A,Block A,5,1078,Block A,2024-2025,0,0,0,17276.5,34.0400000000000000,"Block A,Block B,Block C","2024-2025,2024-2025,2024-2025",25,14.21,0,0,0,100.0,0.0,0.0,21,0,0,0
12,2021-2022 Hostel Election,2022,2,Friday,167.9999999997222,2021-2022,HOSTEL,None,9,Clerk - Block A,Block A,5,1077,Block A,2024-2025,0,0,0,17276.5,34.0400000000000000,"Block A,Block B,Block C","2024-2025,2024-2025,2024-2025",46,26.14,1,0,0,100.0,0.0,0.0,11,11,0,0
12,2021-2022 Hostel Election,2022,2,Friday,167.9999999997222,2021-2022,HOSTEL,None,9,Clerk - Block A,Block A,5,1076,Block A,2024-2025,0,0,0,17276.5,34.0400000000000000,"Block A,Block B,Block C","2024-2025,2024-2025,2024-2025",35,19.89,0,0,0,100.0,0.0,0.0,11,0,0,0
12,2021-2022 Hostel Election,2022,2,Friday,167.9999999997222,2021-2022,HOSTEL,None,9,Clerk - Block A,Block A,5,1080,Block A,2024-2025,0,0,0,17276.5,34.0400000000000000,"Block A,Block B,Block C","2024-2025,2024-2025,2024-2025",35,19.89,0,0,0,100.0,0.0,0.0,11,-10,0,0
12,2021-2022 Hostel Election,2022,2,Friday,167.9999999997222,2021-2022,HOSTEL,None,10,Clerk - Block B,Block B,5,1085,Block B,2024-2025,0,0,0,17276.5,34.0400000000000000,"Block A,Block B,Block C","2024-2025,2024-2025,2024-2025",31,19.14,0,0,0,100.0,0.0,0.0,10,-1,0,0
12,2021-2022 Hostel Election,2022,2,Friday,167.9999999997222,2021-2022,HOSTEL,None,10,Clerk - Block B,Block B,5,1083,Block B,2024-2025,0,0,0,17276.5,34.0400000000000000,"Block A,Block B,Block C","2024-2025,2024-2025,2024-2025",41,25.31,1,0,0,100.0,0.0,0.0,1,10,0,0
12,2021-2022 Hostel Election,2022,2,Friday,167.9999999997222,2021-2022,HOSTEL,None,10,Clerk - Block B,Block B,5,1084,Block B,2024-2025,0,0,0,17276.5,34.0400000000000000,"Block A,Block B,Block C","2024-2025,2024-2025,2024-2025",30,18.52,0,0,0,100.0,0.0,0.0,11,-10,0,0
12,2021-2022 Hostel Election,2022,2,Friday,167.9999999997222,2021-2022,HOSTEL,None,10,Clerk - Block B,Block B,5,1081,Block B,2024-2025,0,0,0,17276.5,34.0400000000000000,"Block A,Block B,Block C","2024-2025,2024-2025,2024-2025",40,24.69,0,0,0,100.0,0.0,0.0,1,-9,0,0
12,2021-2022 Hostel Election,2022,2,Friday,167.9999999997222,2021-2022,HOSTEL,None,10,Clerk - Block B,Block B,5,1082,Block B,2024-2025,0,0,1,17276.5,34.0400000000000000,"Block A,Block B,Block C","2024-2025,2024-2025,2024-2025",20,12.35,0,0,0,100.0,0.0,0.0,21,0,0,0
12,2021-2022 Hostel Election,2022,2,Friday,167.9999999997222,2021-2022,HOSTEL,None,11,Clerk - Block C,Block C,5,1089,Block C,2024-2025,0,0,0,17276.5,34.0400000000000000,"Block A,Block B,Block C","2024-2025,2024-2025,2024-2025",36,20.00,0,0,0,100.0,0.0,0.0,5,-1,0,0
12,2021-2022 Hostel Election,2022,2,Friday,167.9999999997222,2021-2022,HOSTEL,None,11,Clerk - Block C,Block C,5,1088,Block C,2024-2025,0,0,0,17276.5,34.0400000000000000,"Block A,Block B,Block C","2024-2025,2024-2025,2024-2025",30,16.67,0,0,0,100.0,0.0,0.0,11,0,0,0
12,2021-2022 Hostel Election,2022,2,Friday,167.9999999997222,2021-2022,HOSTEL,None,11,Clerk - Block C,Block C,5,1086,Block C,2024-2025,0,0,0,17276.5,34.0400000000000000,"Block A,Block B,Block C","2024-2025,2024-2025,2024-2025",35,19.44,0,0,0,100.0,0.0,0.0,6,-5,0,0
12,2021-2022 Hostel Election,2022,2,Friday,167.9999999997222,2021-2022,HOSTEL,None,11,Clerk - Block C,Block C,5,1090,Block C,2024-2025,0,0,0,17276.5,34.0400000000000000,"Block A,Block B,Block C","2024-2025,2024-2025,2024-2025",41,22.78,1,0,0,100.0,0.0,0.0,3,5,0,0
12,2021-2022 Hostel Election,2022,2,Friday,167.9999999997222,2021-2022,HOSTEL,None,11,Clerk - Block C,Block C,5,1087,Block C,2024-2025,0,0,0,17276.5,34.0400000000000000,"Block A,Block B,Block C","2024-2025,2024-2025,2024-2025",38,21.11,0,0,0,100.0,0.0,0.0,3,-2,0,0
12,2021-2022 Hostel Election,2022,2,Friday,167.9999999997222,2021-2022,HOSTEL,None,12,Clerk - Block D,Block D,5,1091,Block D,2024-2025,0,0,0,17276.5,34.0400000000000000,"Block A,Block B,Block C","2024-2025,2024-2025,2024-2025",34,20.00,0,0,0,100.0,0.0,0.0,1,0,0,0
12,2021-2022 Hostel Election,2022,2,Friday,167.9999999997222,2021-2022,HOSTEL,None,12,Clerk - Block D,Block D,5,1092,Block D,2024-2025,0,0,0,17276.5,34.0400000000000000,"Block A,Block B,Block C","2024-2025,2024-2025,2024-2025",35,20.59,1,0,0,100.0,0.0,0.0,1,1,0,0
12,2021-2022 Hostel Election,2022,2,Friday,167.9999999997222,2021-2022,HOSTEL,None,12,Clerk - Block D,Block D,5,1094,Block D,2024-2025,0,0,0,17276.5,34.0400000000000000,"Block A,Block B,Block C","2024-2025,2024-2025,2024-2025",34,20.00,0,0,0,100.0,0.0,0.0,1,0,0,0
12,2021-2022 Hostel Election,2022,2,Friday,167.9999999997222,2021-2022,HOSTEL,None,12,Clerk - Block D,Block D,5,1095,Block D,2024-2025,0,0,0,17276.5,34.0400000000000000,"Block A,Block B,Block C","2024-2025,2024-2025,2024-2025",34,20.00,0,0,0,100.0,0.0,0.0,1,-1,0,0
12,2021-2022 Hostel Election,2022,2,Friday,167.9999999997222,2021-2022,HOSTEL,None,12,Clerk - Block D,Block D,5,1093,Block D,2024-2025,0,0,0,17276.5,34.0400000000000000,"Block A,Block B,Block C","2024-2025,2024-2025,2024-2025",33,19.41,0,0,0,100.0,0.0,0.0,2,0,0,0
12,2021-2022 Hostel Election,2022,2,Friday,167.9999999997222,2021-2022,HOSTEL,None,13,Clerk - Block E,Block E,5,1097,Block E,2024-2025,0,0,0,17276.5,34.0400000000000000,"Block A,Block B,Block C","2024-2025,2024-2025,2024-2025",24,15.00,0,0,0,100.0,0.0,0.0,17,0,0,0
12,2021-2022 Hostel Election,2022,2,Friday,167.9999999997222,2021-2022,HOSTEL,None,13,Clerk - Block E,Block E,5,1099,Block E,2024-2025,0,0,0,17276.5,34.0400000000000000,"Block A,Block B,Block C","2024-2025,2024-2025,2024-2025",36,22.50,0,0,0,100.0,0.0,0.0,5,-5,0,0
12,2021-2022 Hostel Election,2022,2,Friday,167.9999999997222,2021-2022,HOSTEL,None,13,Clerk - Block E,Block E,5,1100,Block E,2024-2025,0,0,0,17276.5,34.0400000000000000,"Block A,Block B,Block C","2024-2025,2024-2025,2024-2025",28,17.50,0,0,0,100.0,0.0,0.0,13,-4,0,0
12,2021-2022 Hostel Election,2022,2,Friday,167.9999999997222,2021-2022,HOSTEL,None,13,Clerk - Block E,Block E,5,1098,Block E,2024-2025,0,0,0,17276.5,34.0400000000000000,"Block A,Block B,Block C","2024-2025,2024-2025,2024-2025",41,25.63,1,0,0,100.0,0.0,0.0,5,10,0,0
12,2021-2022 Hostel Election,2022,2,Friday,167.9999999997222,2021-2022,HOSTEL,None,13,Clerk - Block E,Block E,5,1096,Block E,2024-2025,0,0,0,17276.5,34.0400000000000000,"Block A,Block B,Block C","2024-2025,2024-2025,2024-2025",31,19.38,0,0,0,100.0,0.0,0.0,10,-3,0,0
12,2021-2022 Hostel Election,2022,2,Friday,167.9999999997222,2021-2022,HOSTEL,None,14,Clerk - Block F,Block F,5,1105,Block F,2024-2025,0,0,0,17276.5,34.0400000000000000,"Block A,Block B,Block C","2024-2025,2024-2025,2024-2025",46,27.06,1,0,0,100.0,0.0,0.0,11,13,0,0
12,2021-2022 Hostel Election,2022,2,Friday,167.9999999997222,2021-2022,HOSTEL,None,14,Clerk - Block F,Block F,5,1102,Block F,2024-2025,0,0,0,17276.5,34.0400000000000000,"Block A,Block B,Block C","2024-2025,2024-2025,2024-2025",35,20.59,0,0,0,100.0,0.0,0.0,11,-2,0,0
12,2021-2022 Hostel Election,2022,2,Friday,167.9999999997222,2021-2022,HOSTEL,None,14,Clerk - Block F,Block F,5,1101,Block F,2024-2025,0,0,0,17276.5,34.0400000000000000,"Block A,Block B,Block C","2024-2025,2024-2025,2024-2025",29,17.06,0,0,0,100.0,0.0,0.0,17,-2,0,0
12,2021-2022 Hostel Election,2022,2,Friday,167.9999999997222,2021-2022,HOSTEL,None,14,Clerk - Block F,Block F,5,1103,Block F,2024-2025,0,0,0,17276.5,34.0400000000000000,"Block A,Block B,Block C","2024-2025,2024-2025,2024-2025",27,15.88,0,0,0,100.0,0.0,0.0,19,0,0,0
12,2021-2022 Hostel Election,2022,2,Friday,167.9999999997222,2021-2022,HOSTEL,None,14,Clerk - Block F,Block F,5,1104,Block F,2024-2025,0,0,0,17276.5,34.0400000000000000,"Block A,Block B,Block C","2024-2025,2024-2025,2024-2025",33,19.41,0,0,0,100.0,0.0,0.0,13,-4,0,0
12,2021-2022 Hostel Election,2022,2,Friday,167.9999999997222,2021-2022,HOSTEL,None,15,Clerk - Block G,Block G,5,1108,Block G,2024-2025,0,0,1,17276.5,34.0400000000000000,"Block A,Block B,Block C","2024-2025,2024-2025,2024-2025",33,24.27,0,0,0,100.0,0.0,0.0,2,-5,0,0
12,2021-2022 Hostel Election,2022,2,Friday,167.9999999997222,2021-2022,HOSTEL,None,15,Clerk - Block G,Block G,5,1106,Block G,2024-2025,0,0,0,17276.5,34.0400000000000000,"Block A,Block B,Block C","2024-2025,2024-2025,2024-2025",28,20.59,0,0,0,100.0,0.0,0.0,7,-6,0,0
12,2021-2022 Hostel Election,2022,2,Friday,167.9999999997222,2021-2022,HOSTEL,None,15,Clerk - Block G,Block G,5,1110,Block G,2024-2025,0,0,0,17276.5,34.0400000000000000,"Block A,Block B,Block C","2024-2025,2024-2025,2024-2025",22,16.18,0,0,0,100.0,0.0,0.0,13,-4,0,0
12,2021-2022 Hostel Election,2022,2,Friday,167.9999999997222,2021-2022,HOSTEL,None,15,Clerk - Block G,Block G,5,1109,Block G,2024-2025,0,0,0,17276.5,34.0400000000000000,"Block A,Block B,Block C","2024-2025,2024-2025,2024-2025",35,25.74,1,0,0,100.0,0.0,0.0,2,7,0,0
12,2021-2022 Hostel Election,2022,2,Friday,167.9999999997222,2021-2022,HOSTEL,None,15,Clerk - Block G,Block G,5,1107,Block G,2024-2025,0,0,0,17276.5,34.0400000000000000,"Block A,Block B,Block C","2024-2025,2024-2025,2024-2025",18,13.24,0,0,0,100.0,0.0,0.0,17,0,0,0
12,2021-2022 Hostel Election,2022,2,Friday,167.9999999997222,2021-2022,HOSTEL,None,16,Clerk - Block H,Block H,5,1114,Block H,2024-2025,0,0,0,17276.5,34.0400000000000000,"Block A,Block B,Block C","2024-2025,2024-2025,2024-2025",43,24.71,1,0,0,100.0,0.0,0.0,2,10,0,0
12,2021-2022 Hostel Election,2022,2,Friday,167.9999999997222,2021-2022,HOSTEL,None,16,Clerk - Block H,Block H,5,1111,Block H,2024-2025,0,0,0,17276.5,34.0400000000000000,"Block A,Block B,Block C","2024-2025,2024-2025,2024-2025",26,14.94,0,0,0,100.0,0.0,0.0,17,0,0,0
12,2021-2022 Hostel Election,2022,2,Friday,167.9999999997222,2021-2022,HOSTEL,None,16,Clerk - Block H,Block H,5,1112,Block H,2024-2025,0,0,0,17276.5,34.0400000000000000,"Block A,Block B,Block C","2024-2025,2024-2025,2024-2025",33,18.97,0,0,0,100.0,0.0,0.0,10,-2,0,0
12,2021-2022 Hostel Election,2022,2,Friday,167.9999999997222,2021-2022,HOSTEL,None,16,Clerk - Block H,Block H,5,1115,Block H,2024-2025,0,0,0,17276.5,34.0400000000000000,"Block A,Block B,Block C","2024-2025,2024-2025,2024-2025",41,23.56,0,0,0,100.0,0.0,0.0,2,-8,0,0
12,2021-2022 Hostel Election,2022,2,Friday,167.9999999997222,2021-2022,HOSTEL,None,16,Clerk - Block H,Block H,5,1113,Block H,2024-2025,0,0,0,17276.5,34.0400000000000000,"Block A,Block B,Block C","2024-2025,2024-2025,2024-2025",31,17.82,0,0,0,100.0,0.0,0.0,12,-5,0,0
12,2021-2022 Hostel Election,2022,2,Friday,167.9999999997222,2021-2022,HOSTEL,None,17,Clerk - Block I,Block I,5,1120,Block I,2024-2025,0,0,0,17276.5,34.0400000000000000,"Block A,Block B,Block C","2024-2025,2024-2025,2024-2025",34,20.61,0,0,0,100.0,0.0,0.0,4,-2,0,0
12,2021-2022 Hostel Election,2022,2,Friday,167.9999999997222,2021-2022,HOSTEL,None,17,Clerk - Block I,Block I,5,1117,Block I,2024-2025,0,0,0,17276.5,34.0400000000000000,"Block A,Block B,Block C","2024-2025,2024-2025,2024-2025",31,18.79,0,0,0,100.0,0.0,0.0,7,-1,0,0
12,2021-2022 Hostel Election,2022,2,Friday,167.9999999997222,2021-2022,HOSTEL,None,17,Clerk - Block I,Block I,5,1118,Block I,2024-2025,0,0,0,17276.5,34.0400000000000000,"Block A,Block B,Block C","2024-2025,2024-2025,2024-2025",38,23.03,1,0,0,100.0,0.0,0.0,4,6,0,0
12,2021-2022 Hostel Election,2022,2,Friday,167.9999999997222,2021-2022,HOSTEL,None,17,Clerk - Block I,Block I,5,1116,Block I,2024-2025,0,0,0,17276.5,34.0400000000000000,"Block A,Block B,Block C","2024-2025,2024-2025,2024-2025",32,19.39,0,0,0,100.0,0.0,0.0,6,-1,0,0
12,2021-2022 Hostel Election,2022,2,Friday,167.9999999997222,2021-2022,HOSTEL,None,17,Clerk - Block I,Block I,5,1119,Block I,2024-2025,0,0,0,17276.5,34.0400000000000000,"Block A,Block B,Block C","2024-2025,2024-2025,2024-2025",30,18.18,0,0,0,100.0,0.0,0.0,8,0,0,0
12,2021-2022 Hostel Election,2022,2,Friday,167.9999999997222,2021-2022,HOSTEL,None,18,Clerk - Block J,Block J,5,1124,Block J,2024-2025,0,0,0,17276.5,34.0400000000000000,"Block A,Block B,Block C","2024-2025,2024-2025,2024-2025",33,18.64,0,0,0,100.0,0.0,0.0,14,-1,0,0
12,2021-2022 Hostel Election,2022,2,Friday,167.9999999997222,2021-2022,HOSTEL,None,18,Clerk - Block J,Block J,5,1123,Block J,2024-2025,0,0,0,17276.5,34.0400000000000000,"Block A,Block B,Block C","2024-2025,2024-2025,2024-2025",36,20.34,0,0,0,100.0,0.0,0.0,11,-3,0,0
12,2021-2022 Hostel Election,2022,2,Friday,167.9999999997222,2021-2022,HOSTEL,None,18,Clerk - Block J,Block J,5,1121,Block J,2024-2025,0,0,0,17276.5,34.0400000000000000,"Block A,Block B,Block C","2024-2025,2024-2025,2024-2025",47,26.55,1,0,0,100.0,0.0,0.0,11,14,0,0
12,2021-2022 Hostel Election,2022,2,Friday,167.9999999997222,2021-2022,HOSTEL,None,18,Clerk - Block J,Block J,5,1125,Block J,2024-2025,0,0,0,17276.5,34.0400000000000000,"Block A,Block B,Block C","2024-2025,2024-2025,2024-2025",29,16.38,0,0,0,100.0,0.0,0.0,18,0,0,0
12,2021-2022 Hostel Election,2022,2,Friday,167.9999999997222,2021-2022,HOSTEL,None,18,Clerk - Block J,Block J,5,1122,Block J,2024-2025,0,0,0,17276.5,34.0400000000000000,"Block A,Block B,Block C","2024-2025,2024-2025,2024-2025",32,18.08,0,0,0,100.0,0.0,0.0,15,-3,0,0
12,2021-2022 Hostel Election,2022,2,Friday,167.9999999997222,2021-2022,HOSTEL,None,19,Clerk - Block K,Block K,5,1130,Block K,2024-2025,0,0,0,17276.5,34.0400000000000000,"Block A,Block B,Block C","2024-2025,2024-2025,2024-2025",32,18.39,0,0,0,100.0,0.0,0.0,13,-2,0,0
12,2021-2022 Hostel Election,2022,2,Friday,167.9999999997222,2021-2022,HOSTEL,None,19,Clerk - Block K,Block K,5,1127,Block K,2024-2025,0,0,0,17276.5,34.0400000000000000,"Block A,Block B,Block C","2024-2025,2024-2025,2024-2025",33,18.97,0,0,0,100.0,0.0,0.0,12,-1,0,0
12,2021-2022 Hostel Election,2022,2,Friday,167.9999999997222,2021-2022,HOSTEL,None,19,Clerk - Block K,Block K,5,1129,Block K,2024-2025,0,0,0,17276.5,34.0400000000000000,"Block A,Block B,Block C","2024-2025,2024-2025,2024-2025",30,17.24,0,0,0,100.0,0.0,0.0,15,0,0,0
12,2021-2022 Hostel Election,2022,2,Friday,167.9999999997222,2021-2022,HOSTEL,None,19,Clerk - Block K,Block K,5,1126,Block K,2024-2025,0,0,0,17276.5,34.0400000000000000,"Block A,Block B,Block C","2024-2025,2024-2025,2024-2025",34,19.54,0,0,0,100.0,0.0,0.0,11,-1,0,0
12,2021-2022 Hostel Election,2022,2,Friday,167.9999999997222,2021-2022,HOSTEL,None,19,Clerk - Block K,Block K,5,1128,Block K,2024-2025,0,0,0,17276.5,34.0400000000000000,"Block A,Block B,Block C","2024-2025,2024-2025,2024-2025",45,25.86,1,0,0,100.0,0.0,0.0,11,12,0,0
12,2021-2022 Hostel Election,2022,2,Friday,167.9999999997222,2021-2022,HOSTEL,None,20,Clerk - Block L,Block L,5,1133,Block L,2024-2025,0,0,0,17276.5,34.0400000000000000,"Block A,Block B,Block C","2024-2025,2024-2025,2024-2025",38,25.50,1,0,0,100.0,0.0,0.0,4,8,0,0
12,2021-2022 Hostel Election,2022,2,Friday,167.9999999997222,2021-2022,HOSTEL,None,20,Clerk - Block L,Block L,5,1131,Block L,2024-2025,0,0,0,17276.5,34.0400000000000000,"Block A,Block B,Block C","2024-2025,2024-2025,2024-2025",34,22.82,0,0,0,100.0,0.0,0.0,4,-4,0,0
12,2021-2022 Hostel Election,2022,2,Friday,167.9999999997222,2021-2022,HOSTEL,None,20,Clerk - Block L,Block L,5,1134,Block L,2024-2025,0,0,0,17276.5,34.0400000000000000,"Block A,Block B,Block C","2024-2025,2024-2025,2024-2025",24,16.11,0,0,0,100.0,0.0,0.0,14,-1,0,0
12,2021-2022 Hostel Election,2022,2,Friday,167.9999999997222,2021-2022,HOSTEL,None,20,Clerk - Block L,Block L,5,1135,Block L,2024-2025,0,0,0,17276.5,34.0400000000000000,"Block A,Block B,Block C","2024-2025,2024-2025,2024-2025",23,15.44,0,0,0,100.0,0.0,0.0,15,0,0,0
12,2021-2022 Hostel Election,2022,2,Friday,167.9999999997222,2021-2022,HOSTEL,None,20,Clerk - Block L,Block L,5,1132,Block L,2024-2025,0,0,0,17276.5,34.0400000000000000,"Block A,Block B,Block C","2024-2025,2024-2025,2024-2025",30,20.13,0,0,0,100.0,0.0,0.0,8,-6,0,0
12,2021-2022 Hostel Election,2022,2,Friday,167.9999999997222,2021-2022,HOSTEL,None,21,Clerk - Block M,Block M,5,1136,Block M,2024-2025,0,0,0,17276.5,34.0400000000000000,"Block A,Block B,Block C","2024-2025,2024-2025,2024-2025",40,21.16,0,0,0,100.0,0.0,0.0,2,-4,0,0
12,2021-2022 Hostel Election,2022,2,Friday,167.9999999997222,2021-2022,HOSTEL,None,21,Clerk - Block M,Block M,5,1140,Block M,2024-2025,0,0,0,17276.5,34.0400000000000000,"Block A,Block B,Block C","2024-2025,2024-2025,2024-2025",42,22.22,1,0,0,100.0,0.0,0.0,2,6,0,0
12,2021-2022 Hostel Election,2022,2,Friday,167.9999999997222,2021-2022,HOSTEL,None,21,Clerk - Block M,Block M,5,1139,Block M,2024-2025,0,0,0,17276.5,34.0400000000000000,"Block A,Block B,Block C","2024-2025,2024-2025,2024-2025",35,18.52,0,0,0,100.0,0.0,0.0,7,0,0,0
12,2021-2022 Hostel Election,2022,2,Friday,167.9999999997222,2021-2022,HOSTEL,None,21,Clerk - Block M,Block M,5,1137,Block M,2024-2025,0,0,1,17276.5,34.0400000000000000,"Block A,Block B,Block C","2024-2025,2024-2025,2024-2025",36,19.05,0,0,0,100.0,0.0,0.0,6,0,0,0
12,2021-2022 Hostel Election,2022,2,Friday,167.9999999997222,2021-2022,HOSTEL,None,21,Clerk - Block M,Block M,5,1138,Block M,2024-2025,0,0,0,17276.5,34.0400000000000000,"Block A,Block B,Block C","2024-2025,2024-2025,2024-2025",36,19.05,0,0,0,100.0,0.0,0.0,6,-1,0,0
12,2021-2022 Hostel Election,2022,2,Friday,167.9999999997222,2021-2022,HOSTEL,None,22,Clerk - Block N,Block N,5,1142,Block N,2024-2025,0,0,0,17276.5,34.0400000000000000,"Block A,Block B,Block C","2024-2025,2024-2025,2024-2025",42,23.33,1,0,0,100.0,0.0,0.0,0,7,0,0
12,2021-2022 Hostel Election,2022,2,Friday,167.9999999997222,2021-2022,HOSTEL,None,22,Clerk - Block N,Block N,5,1143,Block N,2024-2025,0,0,0,17276.5,34.0400000000000000,"Block A,Block B,Block C","2024-2025,2024-2025,2024-2025",42,23.33,0,0,0,100.0,0.0,0.0,0,-7,0,0
12,2021-2022 Hostel Election,2022,2,Friday,167.9999999997222,2021-2022,HOSTEL,None,22,Clerk - Block N,Block N,5,1141,Block N,2024-2025,0,0,0,17276.5,34.0400000000000000,"Block A,Block B,Block C","2024-2025,2024-2025,2024-2025",31,17.22,0,0,0,100.0,0.0,0.0,11,-1,0,0
12,2021-2022 Hostel Election,2022,2,Friday,167.9999999997222,2021-2022,HOSTEL,None,22,Clerk - Block N,Block N,5,1144,Block N,2024-2025,0,0,0,17276.5,34.0400000000000000,"Block A,Block B,Block C","2024-2025,2024-2025,2024-2025",35,19.44,0,0,0,100.0,0.0,0.0,7,-4,0,0
12,2021-2022 Hostel Election,2022,2,Friday,167.9999999997222,2021-2022,HOSTEL,None,22,Clerk - Block N,Block N,5,1145,Block N,2024-2025,0,0,0,17276.5,34.0400000000000000,"Block A,Block B,Block C","2024-2025,2024-2025,2024-2025",30,16.67,0,0,0,100.0,0.0,0.0,12,0,0,0
12,2021-2022 Hostel Election,2022,2,Friday,167.9999999997222,2021-2022,HOSTEL,None,23,Clerk - Block O,Block O,5,1148,Block O,2024-2025,0,0,0,17276.5,34.0400000000000000,"Block A,Block B,Block C","2024-2025,2024-2025,2024-2025",33,20.76,0,0,0,100.0,0.0,0.0,5,-1,0,0
12,2021-2022 Hostel Election,2022,2,Friday,167.9999999997222,2021-2022,HOSTEL,None,23,Clerk - Block O,Block O,5,1149,Block O,2024-2025,0,0,0,17276.5,34.0400000000000000,"Block A,Block B,Block C","2024-2025,2024-2025,2024-2025",26,16.35,0,0,0,100.0,0.0,0.0,12,0,0,0
12,2021-2022 Hostel Election,2022,2,Friday,167.9999999997222,2021-2022,HOSTEL,None,23,Clerk - Block O,Block O,5,1150,Block O,2024-2025,0,0,0,17276.5,34.0400000000000000,"Block A,Block B,Block C","2024-2025,2024-2025,2024-2025",30,18.87,0,0,0,100.0,0.0,0.0,8,-4,0,0
12,2021-2022 Hostel Election,2022,2,Friday,167.9999999997222,2021-2022,HOSTEL,None,23,Clerk - Block O,Block O,5,1147,Block O,2024-2025,0,0,0,17276.5,34.0400000000000000,"Block A,Block B,Block C","2024-2025,2024-2025,2024-2025",32,20.13,0,0,0,100.0,0.0,0.0,6,-2,0,0
12,2021-2022 Hostel Election,2022,2,Friday,167.9999999997222,2021-2022,HOSTEL,None,23,Clerk - Block O,Block O,5,1146,Block O,2024-2025,0,0,0,17276.5,34.0400000000000000,"Block A,Block B,Block C","2024-2025,2024-2025,2024-2025",38,23.90,1,0,0,100.0,0.0,0.0,5,6,0,0
12,2021-2022 Hostel Election,2022,2,Friday,167.9999999997222,2021-2022,HOSTEL,None,24,Clerk - Block P,Block P,5,1153,Block P,2024-2025,0,0,0,17276.5,34.0400000000000000,"Block A,Block B,Block C","2024-2025,2024-2025,2024-2025",34,18.89,0,0,0,100.0,0.0,0.0,7,-3,0,0
12,2021-2022 Hostel Election,2022,2,Friday,167.9999999997222,2021-2022,HOSTEL,None,24,Clerk - Block P,Block P,5,1154,Block P,2024-2025,0,0,0,17276.5,34.0400000000000000,"Block A,Block B,Block C","2024-2025,2024-2025,2024-2025",36,20.00,0,0,0,100.0,0.0,0.0,5,-2,0,0
12,2021-2022 Hostel Election,2022,2,Friday,167.9999999997222,2021-2022,HOSTEL,None,24,Clerk - Block P,Block P,5,1151,Block P,2024-2025,0,0,0,17276.5,34.0400000000000000,"Block A,Block B,Block C","2024-2025,2024-2025,2024-2025",31,17.22,0,0,0,100.0,0.0,0.0,10,0,0,0
12,2021-2022 Hostel Election,2022,2,Friday,167.9999999997222,2021-2022,HOSTEL,None,24,Clerk - Block P,Block P,5,1152,Block P,2024-2025,0,0,0,17276.5,34.0400000000000000,"Block A,Block B,Block C","2024-2025,2024-2025,2024-2025",38,21.11,0,0,0,100.0,0.0,0.0,3,-2,0,0
12,2021-2022 Hostel Election,2022,2,Friday,167.9999999997222,2021-2022,HOSTEL,None,24,Clerk - Block P,Block P,5,1155,Block P,2024-2025,0,0,0,17276.5,34.0400000000000000,"Block A,Block B,Block C","2024-2025,2024-2025,2024-2025",41,22.78,1,0,0,100.0,0.0,0.0,3,5,0,0
12,2021-2022 Hostel Election,2022,2,Friday,167.9999999997222,2021-2022,HOSTEL,None,25,Clerk - Block Q,Block Q,5,1160,Block Q,2024-2025,0,0,0,17276.5,34.0400000000000000,"Block A,Block B,Block C","2024-2025,2024-2025,2024-2025",32,20.38,0,0,0,100.0,0.0,0.0,5,-3,0,0
12,2021-2022 Hostel Election,2022,2,Friday,167.9999999997222,2021-2022,HOSTEL,None,25,Clerk - Block Q,Block Q,5,1159,Block Q,2024-2025,0,0,0,17276.5,34.0400000000000000,"Block A,Block B,Block C","2024-2025,2024-2025,2024-2025",29,18.47,0,0,0,100.0,0.0,0.0,8,-7,0,0
12,2021-2022 Hostel Election,2022,2,Friday,167.9999999997222,2021-2022,HOSTEL,None,25,Clerk - Block Q,Block Q,5,1156,Block Q,2024-2025,0,0,0,17276.5,34.0400000000000000,"Block A,Block B,Block C","2024-2025,2024-2025,2024-2025",37,23.57,1,0,0,100.0,0.0,0.0,0,5,0,0
12,2021-2022 Hostel Election,2022,2,Friday,167.9999999997222,2021-2022,HOSTEL,None,25,Clerk - Block Q,Block Q,5,1157,Block Q,2024-2025,0,0,0,17276.5,34.0400000000000000,"Block A,Block B,Block C","2024-2025,2024-2025,2024-2025",22,14.01,0,0,0,100.0,0.0,0.0,15,0,0,0
12,2021-2022 Hostel Election,2022,2,Friday,167.9999999997222,2021-2022,HOSTEL,None,25,Clerk - Block Q,Block Q,5,1158,Block Q,2024-2025,0,0,0,17276.5,34.0400000000000000,"Block A,Block B,Block C","2024-2025,2024-2025,2024-2025",37,23.57,0,0,0,100.0,0.0,0.0,0,-5,0,0
12,2021-2022 Hostel Election,2022,2,Friday,167.9999999997222,2021-2022,HOSTEL,None,26,Clerk - Block R,Block R,5,1162,Block R,2024-2025,0,0,0,17276.5,34.0400000000000000,"Block A,Block B,Block C","2024-2025,2024-2025,2024-2025",34,19.54,0,0,0,100.0,0.0,0.0,8,0,0,0
12,2021-2022 Hostel Election,2022,2,Friday,167.9999999997222,2021-2022,HOSTEL,None,26,Clerk - Block R,Block R,5,1161,Block R,2024-2025,0,0,0,17276.5,34.0400000000000000,"Block A,Block B,Block C","2024-2025,2024-2025,2024-2025",32,18.39,0,0,0,100.0,0.0,0.0,10,0,0,0
12,2021-2022 Hostel Election,2022,2,Friday,167.9999999997222,2021-2022,HOSTEL,None,26,Clerk - Block R,Block R,5,1164,Block R,2024-2025,0,0,0,17276.5,34.0400000000000000,"Block A,Block B,Block C","2024-2025,2024-2025,2024-2025",34,19.54,0,0,0,100.0,0.0,0.0,8,-2,0,0
12,2021-2022 Hostel Election,2022,2,Friday,167.9999999997222,2021-2022,HOSTEL,None,26,Clerk - Block R,Block R,5,1165,Block R,2024-2025,0,0,0,17276.5,34.0400000000000000,"Block A,Block B,Block C","2024-2025,2024-2025,2024-2025",42,24.14,1,0,0,100.0,0.0,0.0,8,8,0,0
12,2021-2022 Hostel Election,2022,2,Friday,167.9999999997222,2021-2022,HOSTEL,None,26,Clerk - Block R,Block R,5,1163,Block R,2024-2025,0,0,0,17276.5,34.0400000000000000,"Block A,Block B,Block C","2024-2025,2024-2025,2024-2025",32,18.39,0,0,0,100.0,0.0,0.0,10,0,0,0
12,2021-2022 Hostel Election,2022,2,Friday,167.9999999997222,2021-2022,HOSTEL,None,27,Clerk - Block S,Block S,5,1169,Block S,2024-2025,0,0,0,17276.5,34.0400000000000000,"Block A,Block B,Block C","2024-2025,2024-2025,2024-2025",25,16.13,0,0,0,100.0,0.0,0.0,10,0,0,0
12,2021-2022 Hostel Election,2022,2,Friday,167.9999999997222,2021-2022,HOSTEL,None,27,Clerk - Block S,Block S,5,1166,Block S,2024-2025,0,1,0,17276.5,34.0400000000000000,"Block A,Block B,Block C","2024-2025,2024-2025,2024-2025",35,22.58,1,0,0,100.0,0.0,0.0,2,4,0,0
12,2021-2022 Hostel Election,2022,2,Friday,167.9999999997222,2021-2022,HOSTEL,None,27,Clerk - Block S,Block S,5,1167,Block S,2024-2025,0,0,0,17276.5,34.0400000000000000,"Block A,Block B,Block C","2024-2025,2024-2025,2024-2025",31,20.00,0,0,0,100.0,0.0,0.0,4,0,0,0
12,2021-2022 Hostel Election,2022,2,Friday,167.9999999997222,2021-2022,HOSTEL,None,27,Clerk - Block S,Block S,5,1170,Block S,2024-2025,0,0,0,17276.5,34.0400000000000000,"Block A,Block B,Block C","2024-2025,2024-2025,2024-2025",33,21.29,0,0,0,100.0,0.0,0.0,2,-2,0,0
12,2021-2022 Hostel Election,2022,2,Friday,167.9999999997222,2021-2022,HOSTEL,None,27,Clerk - Block S,Block S,5,1168,Block S,2024-2025,0,0,0,17276.5,34.0400000000000000,"Block A,Block B,Block C","2024-2025,2024-2025,2024-2025",31,20.00,0,0,0,100.0,0.0,0.0,4,-6,0,0
12,2021-2022 Hostel Election,2022,2,Friday,167.9999999997222,2021-2022,HOSTEL,None,28,Clerk - Block T,Block T,5,1174,Block T,2024-2025,0,0,0,17276.5,34.0400000000000000,"Block A,Block B,Block C","2024-2025,2024-2025,2024-2025",49,26.34,1,0,0,100.0,0.0,0.0,13,13,0,0
12,2021-2022 Hostel Election,2022,2,Friday,167.9999999997222,2021-2022,HOSTEL,None,28,Clerk - Block T,Block T,5,1175,Block T,2024-2025,0,0,0,17276.5,34.0400000000000000,"Block A,Block B,Block C","2024-2025,2024-2025,2024-2025",36,19.36,0,0,0,100.0,0.0,0.0,13,-2,0,0
12,2021-2022 Hostel Election,2022,2,Friday,167.9999999997222,2021-2022,HOSTEL,None,28,Clerk - Block T,Block T,5,1171,Block T,2024-2025,0,0,0,17276.5,34.0400000000000000,"Block A,Block B,Block C","2024-2025,2024-2025,2024-2025",31,16.67,0,0,0,100.0,0.0,0.0,18,0,0,0
12,2021-2022 Hostel Election,2022,2,Friday,167.9999999997222,2021-2022,HOSTEL,None,28,Clerk - Block T,Block T,5,1173,Block T,2024-2025,0,0,0,17276.5,34.0400000000000000,"Block A,Block B,Block C","2024-2025,2024-2025,2024-2025",36,19.36,0,0,0,100.0,0.0,0.0,13,0,0,0
12,2021-2022 Hostel Election,2022,2,Friday,167.9999999997222,2021-2022,HOSTEL,None,28,Clerk - Block T,Block T,5,1172,Block T,2024-2025,0,0,0,17276.5,34.0400000000000000,"Block A,Block B,Block C","2024-2025,2024-2025,2024-2025",34,18.28,0,0,0,100.0,0.0,0.0,15,-3,0,0
12,2021-2022 Hostel Election,2022,2,Friday,167.9999999997222,2021-2022,HOSTEL,None,29,Clerk - Block 1,Block 1,5,1176,Block 1,2024-2025,0,0,0,17276.5,34.0400000000000000,"Block A,Block B,Block C","2024-2025,2024-2025,2024-2025",105,19.85,0,0,0,100.0,0.0,0.0,14,-3,0,0
12,2021-2022 Hostel Election,2022,2,Friday,167.9999999997222,2021-2022,HOSTEL,None,29,Clerk - Block 1,Block 1,5,1177,Block 1,2024-2025,0,0,0,17276.5,34.0400000000000000,"Block A,Block B,Block C","2024-2025,2024-2025,2024-2025",117,22.12,0,0,0,100.0,0.0,0.0,2,-12,0,0
12,2021-2022 Hostel Election,2022,2,Friday,167.9999999997222,2021-2022,HOSTEL,None,29,Clerk - Block 1,Block 1,5,1178,Block 1,2024-2025,0,0,0,17276.5,34.0400000000000000,"Block A,Block B,Block C","2024-2025,2024-2025,2024-2025",102,19.28,0,0,0,100.0,0.0,0.0,17,-16,0,0
12,2021-2022 Hostel Election,2022,2,Friday,167.9999999997222,2021-2022,HOSTEL,None,29,Clerk - Block 1,Block 1,5,1179,Block 1,2024-2025,0,0,0,17276.5,34.0400000000000000,"Block A,Block B,Block C","2024-2025,2024-2025,2024-2025",119,22.50,1,0,0,100.0,0.0,0.0,2,14,0,0
12,2021-2022 Hostel Election,2022,2,Friday,167.9999999997222,2021-2022,HOSTEL,None,29,Clerk - Block 1,Block 1,5,1180,Block 1,2024-2025,0,0,0,17276.5,34.0400000000000000,"Block A,Block B,Block C","2024-2025,2024-2025,2024-2025",86,16.26,0,0,0,100.0,0.0,0.0,33,0,0,0
12,2021-2022 Hostel Election,2022,2,Friday,167.9999999997222,2021-2022,HOSTEL,None,30,Clerk - Block 2,Block 2,5,1184,Block 2,2024-2025,0,0,0,17276.5,34.0400000000000000,"Block A,Block B,Block C","2024-2025,2024-2025,2024-2025",110,20.91,1,0,0,100.0,0.0,0.0,1,6,0,0
12,2021-2022 Hostel Election,2022,2,Friday,167.9999999997222,2021-2022,HOSTEL,None,30,Clerk - Block 2,Block 2,5,1183,Block 2,2024-2025,0,0,0,17276.5,34.0400000000000000,"Block A,Block B,Block C","2024-2025,2024-2025,2024-2025",104,19.77,0,0,0,100.0,0.0,0.0,6,-1,0,0
12,2021-2022 Hostel Election,2022,2,Friday,167.9999999997222,2021-2022,HOSTEL,None,30,Clerk - Block 2,Block 2,5,1185,Block 2,2024-2025,0,0,0,17276.5,34.0400000000000000,"Block A,Block B,Block C","2024-2025,2024-2025,2024-2025",100,19.01,0,0,0,100.0,0.0,0.0,10,0,0,0
12,2021-2022 Hostel Election,2022,2,Friday,167.9999999997222,2021-2022,HOSTEL,None,30,Clerk - Block 2,Block 2,5,1181,Block 2,2024-2025,0,0,0,17276.5,34.0400000000000000,"Block A,Block B,Block C","2024-2025,2024-2025,2024-2025",109,20.72,0,0,0,100.0,0.0,0.0,1,-5,0,0
12,2021-2022 Hostel Election,2022,2,Friday,167.9999999997222,2021-2022,HOSTEL,None,30,Clerk - Block 2,Block 2,5,1182,Block 2,2024-2025,0,0,0,17276.5,34.0400000000000000,"Block A,Block B,Block C","2024-2025,2024-2025,2024-2025",103,19.58,0,0,0,100.0,0.0,0.0,7,-3,0,0
12,2021-2022 Hostel Election,2022,2,Friday,167.9999999997222,2021-2022,HOSTEL,None,31,Clerk - Block 3,Block 3,5,1187,Block 3,2024-2025,0,0,0,17276.5,34.0400000000000000,"Block A,Block B,Block C","2024-2025,2024-2025,2024-2025",133,22.58,1,0,0,100.0,0.0,0.0,13,17,0,0
12,2021-2022 Hostel Election,2022,2,Friday,167.9999999997222,2021-2022,HOSTEL,None,31,Clerk - Block 3,Block 3,5,1190,Block 3,2024-2025,0,0,0,17276.5,34.0400000000000000,"Block A,Block B,Block C","2024-2025,2024-2025,2024-2025",116,19.69,0,0,0,100.0,0.0,0.0,17,-6,0,0
12,2021-2022 Hostel Election,2022,2,Friday,167.9999999997222,2021-2022,HOSTEL,None,31,Clerk - Block 3,Block 3,5,1189,Block 3,2024-2025,0,0,0,17276.5,34.0400000000000000,"Block A,Block B,Block C","2024-2025,2024-2025,2024-2025",110,18.68,0,0,0,100.0,0.0,0.0,23,0,0,0
12,2021-2022 Hostel Election,2022,2,Friday,167.9999999997222,2021-2022,HOSTEL,None,31,Clerk - Block 3,Block 3,5,1188,Block 3,2024-2025,0,0,0,17276.5,34.0400000000000000,"Block A,Block B,Block C","2024-2025,2024-2025,2024-2025",120,20.37,0,0,0,100.0,0.0,0.0,13,-4,0,0
12,2021-2022 Hostel Election,2022,2,Friday,167.9999999997222,2021-2022,HOSTEL,None,31,Clerk - Block 3,Block 3,5,1186,Block 3,2024-2025,0,0,0,17276.5,34.0400000000000000,"Block A,Block B,Block C","2024-2025,2024-2025,2024-2025",110,18.68,0,0,0,100.0,0.0,0.0,23,0,0,0
12,2021-2022 Hostel Election,2022,2,Friday,167.9999999997222,2021-2022,HOSTEL,None,32,Clerk - Block 4,Block 4,5,1193,Block 4,2024-2025,0,0,0,17276.5,34.0400000000000000,"Block A,Block B,Block C","2024-2025,2024-2025,2024-2025",112,20.11,0,0,0,100.0,0.0,0.0,21,-3,0,0
12,2021-2022 Hostel Election,2022,2,Friday,167.9999999997222,2021-2022,HOSTEL,None,32,Clerk - Block 4,Block 4,5,1195,Block 4,2024-2025,0,0,1,17276.5,34.0400000000000000,"Block A,Block B,Block C","2024-2025,2024-2025,2024-2025",104,18.67,0,0,0,100.0,0.0,0.0,29,-5,0,0
12,2021-2022 Hostel Election,2022,2,Friday,167.9999999997222,2021-2022,HOSTEL,None,32,Clerk - Block 4,Block 4,5,1191,Block 4,2024-2025,0,0,0,17276.5,34.0400000000000000,"Block A,Block B,Block C","2024-2025,2024-2025,2024-2025",99,17.77,0,0,0,100.0,0.0,0.0,34,0,0,0
12,2021-2022 Hostel Election,2022,2,Friday,167.9999999997222,2021-2022,HOSTEL,None,32,Clerk - Block 4,Block 4,5,1194,Block 4,2024-2025,0,0,0,17276.5,34.0400000000000000,"Block A,Block B,Block C","2024-2025,2024-2025,2024-2025",133,23.88,1,0,0,100.0,0.0,0.0,21,24,0,0
12,2021-2022 Hostel Election,2022,2,Friday,167.9999999997222,2021-2022,HOSTEL,None,32,Clerk - Block 4,Block 4,5,1192,Block 4,2024-2025,0,0,0,17276.5,34.0400000000000000,"Block A,Block B,Block C","2024-2025,2024-2025,2024-2025",109,19.57,0,0,0,100.0,0.0,0.0,24,-5,0,0
12,2021-2022 Hostel Election,2022,2,Friday,167.9999999997222,2021-2022,HOSTEL,None,33,Clerk - Block 5,Block 5,5,1196,Block 5,2024-2025,0,0,0,17276.5,34.0400000000000000,"Block A,Block B,Block C","2024-2025,2024-2025,2024-2025",115,18.79,0,0,0,100.0,0.0,0.0,13,0,0,0
12,2021-2022 Hostel Election,2022,2,Friday,167.9999999997222,2021-2022,HOSTEL,None,33,Clerk - Block 5,Block 5,5,1197,Block 5,2024-2025,0,0,0,17276.5,34.0400000000000000,"Block A,Block B,Block C","2024-2025,2024-2025,2024-2025",126,20.59,0,0,0,100.0,0.0,0.0,2,0,0,0
12,2021-2022 Hostel Election,2022,2,Friday,167.9999999997222,2021-2022,HOSTEL,None,33,Clerk - Block 5,Block 5,5,1198,Block 5,2024-2025,0,0,0,17276.5,34.0400000000000000,"Block A,Block B,Block C","2024-2025,2024-2025,2024-2025",126,20.59,0,0,0,100.0,0.0,0.0,2,-9,0,0
12,2021-2022 Hostel Election,2022,2,Friday,167.9999999997222,2021-2022,HOSTEL,None,33,Clerk - Block 5,Block 5,5,1199,Block 5,2024-2025,0,0,0,17276.5,34.0400000000000000,"Block A,Block B,Block C","2024-2025,2024-2025,2024-2025",117,19.12,0,0,0,100.0,0.0,0.0,11,-2,0,0
12,2021-2022 Hostel Election,2022,2,Friday,167.9999999997222,2021-2022,HOSTEL,None,33,Clerk - Block 5,Block 5,5,1200,Block 5,2024-2025,0,0,0,17276.5,34.0400000000000000,"Block A,Block B,Block C","2024-2025,2024-2025,2024-2025",128,20.92,1,0,0,100.0,0.0,0.0,2,2,0,0
12,2021-2022 Hostel Election,2022,2,Friday,167.9999999997222,2021-2022,HOSTEL,None,34,Clerk - Block 6,Block 6,5,1204,Block 6,2024-2025,0,0,0,17276.5,34.0400000000000000,"Block A,Block B,Block C","2024-2025,2024-2025,2024-2025",112,20.78,0,0,0,100.0,0.0,0.0,7,-4,0,0
12,2021-2022 Hostel Election,2022,2,Friday,167.9999999997222,2021-2022,HOSTEL,None,34,Clerk - Block 6,Block 6,5,1201,Block 6,2024-2025,0,0,0,17276.5,34.0400000000000000,"Block A,Block B,Block C","2024-2025,2024-2025,2024-2025",98,18.18,0,0,0,100.0,0.0,0.0,21,0,0,0
12,2021-2022 Hostel Election,2022,2,Friday,167.9999999997222,2021-2022,HOSTEL,None,34,Clerk - Block 6,Block 6,5,1203,Block 6,2024-2025,0,0,0,17276.5,34.0400000000000000,"Block A,Block B,Block C","2024-2025,2024-2025,2024-2025",108,20.04,0,0,0,100.0,0.0,0.0,11,-6,0,0
12,2021-2022 Hostel Election,2022,2,Friday,167.9999999997222,2021-2022,HOSTEL,None,34,Clerk - Block 6,Block 6,5,1205,Block 6,2024-2025,0,0,0,17276.5,34.0400000000000000,"Block A,Block B,Block C","2024-2025,2024-2025,2024-2025",102,18.92,0,0,0,100.0,0.0,0.0,17,-4,0,0
12,2021-2022 Hostel Election,2022,2,Friday,167.9999999997222,2021-2022,HOSTEL,None,34,Clerk - Block 6,Block 6,5,1202,Block 6,2024-2025,0,0,0,17276.5,34.0400000000000000,"Block A,Block B,Block C","2024-2025,2024-2025,2024-2025",119,22.08,1,0,0,100.0,0.0,0.0,7,11,0,0
12,2021-2022 Hostel Election,2022,2,Friday,167.9999999997222,2021-2022,HOSTEL,None,35,Clerk - Block 6,Block 6,5,1210,Block 6,2024-2025,0,0,0,17276.5,34.0400000000000000,"Block A,Block B,Block C","2024-2025,2024-2025,2024-2025",171,20.36,0,0,0,100.0,0.0,0.0,10,-8,0,0
12,2021-2022 Hostel Election,2022,2,Friday,167.9999999997222,2021-2022,HOSTEL,None,35,Clerk - Block 6,Block 6,5,1206,Block 6,2024-2025,0,0,0,17276.5,34.0400000000000000,"Block A,Block B,Block C","2024-2025,2024-2025,2024-2025",145,17.26,0,0,0,100.0,0.0,0.0,36,0,0,0
12,2021-2022 Hostel Election,2022,2,Friday,167.9999999997222,2021-2022,HOSTEL,None,35,Clerk - Block 6,Block 6,5,1208,Block 6,2024-2025,0,0,0,17276.5,34.0400000000000000,"Block A,Block B,Block C","2024-2025,2024-2025,2024-2025",163,19.41,0,0,0,100.0,0.0,0.0,18,-18,0,0
12,2021-2022 Hostel Election,2022,2,Friday,167.9999999997222,2021-2022,HOSTEL,None,35,Clerk - Block 6,Block 6,5,1209,Block 6,2024-2025,0,0,0,17276.5,34.0400000000000000,"Block A,Block B,Block C","2024-2025,2024-2025,2024-2025",181,21.55,1,0,0,100.0,0.0,0.0,1,10,0,0
12,2021-2022 Hostel Election,2022,2,Friday,167.9999999997222,2021-2022,HOSTEL,None,35,Clerk - Block 6,Block 6,5,1207,Block 6,2024-2025,0,0,0,17276.5,34.0400000000000000,"Block A,Block B,Block C","2024-2025,2024-2025,2024-2025",180,21.43,0,0,0,100.0,0.0,0.0,1,-9,0,0
12,2021-2022 Hostel Election,2022,2,Friday,167.9999999997222,2021-2022,HOSTEL,None,36,Clerk - Block 7,Block 7,5,1212,Block 7,2024-2025,0,0,0,17276.5,34.0400000000000000,"Block A,Block B,Block C","2024-2025,2024-2025,2024-2025",163,19.54,0,0,0,100.0,0.0,0.0,15,-3,0,0
12,2021-2022 Hostel Election,2022,2,Friday,167.9999999997222,2021-2022,HOSTEL,None,36,Clerk - Block 7,Block 7,5,1214,Block 7,2024-2025,0,0,0,17276.5,34.0400000000000000,"Block A,Block B,Block C","2024-2025,2024-2025,2024-2025",158,18.95,0,0,0,100.0,0.0,0.0,20,0,0,0
12,2021-2022 Hostel Election,2022,2,Friday,167.9999999997222,2021-2022,HOSTEL,None,36,Clerk - Block 7,Block 7,5,1211,Block 7,2024-2025,0,0,0,17276.5,34.0400000000000000,"Block A,Block B,Block C","2024-2025,2024-2025,2024-2025",178,21.34,1,0,0,100.0,0.0,0.0,3,15,0,0
12,2021-2022 Hostel Election,2022,2,Friday,167.9999999997222,2021-2022,HOSTEL,None,36,Clerk - Block 7,Block 7,5,1215,Block 7,2024-2025,0,0,0,17276.5,34.0400000000000000,"Block A,Block B,Block C","2024-2025,2024-2025,2024-2025",175,20.98,0,0,0,100.0,0.0,0.0,3,-12,0,0
12,2021-2022 Hostel Election,2022,2,Friday,167.9999999997222,2021-2022,HOSTEL,None,36,Clerk - Block 7,Block 7,5,1213,Block 7,2024-2025,0,0,0,17276.5,34.0400000000000000,"Block A,Block B,Block C","2024-2025,2024-2025,2024-2025",160,19.19,0,0,0,100.0,0.0,0.0,18,-2,0,0
12,2021-2022 Hostel Election,2022,2,Friday,167.9999999997222,2021-2022,HOSTEL,None,37,Clerk - Block 8,Block 8,5,1220,Block 8,2024-2025,0,0,0,17276.5,34.0400000000000000,"Block A,Block B,Block C","2024-2025,2024-2025,2024-2025",185,22.40,1,0,0,100.0,0.0,0.0,10,18,0,0
12,2021-2022 Hostel Election,2022,2,Friday,167.9999999997222,2021-2022,HOSTEL,None,37,Clerk - Block 8,Block 8,5,1218,Block 8,2024-2025,0,0,0,17276.5,34.0400000000000000,"Block A,Block B,Block C","2024-2025,2024-2025,2024-2025",143,17.31,0,0,0,100.0,0.0,0.0,42,0,0,0
12,2021-2022 Hostel Election,2022,2,Friday,167.9999999997222,2021-2022,HOSTEL,None,37,Clerk - Block 8,Block 8,5,1219,Block 8,2024-2025,0,0,0,17276.5,34.0400000000000000,"Block A,Block B,Block C","2024-2025,2024-2025,2024-2025",167,20.22,0,0,0,100.0,0.0,0.0,18,-11,0,0
12,2021-2022 Hostel Election,2022,2,Friday,167.9999999997222,2021-2022,HOSTEL,None,37,Clerk - Block 8,Block 8,5,1216,Block 8,2024-2025,0,0,0,17276.5,34.0400000000000000,"Block A,Block B,Block C","2024-2025,2024-2025,2024-2025",175,21.19,0,0,0,100.0,0.0,0.0,10,-8,0,0
12,2021-2022 Hostel Election,2022,2,Friday,167.9999999997222,2021-2022,HOSTEL,None,37,Clerk - Block 8,Block 8,5,1217,Block 8,2024-2025,0,0,0,17276.5,34.0400000000000000,"Block A,Block B,Block C","2024-2025,2024-2025,2024-2025",156,18.89,0,0,0,100.0,0.0,0.0,29,-13,0,0
12,2021-2022 Hostel Election,2022,2,Friday,167.9999999997222,2021-2022,HOSTEL,None,38,Clerk - Block 9,Block 9,5,1221,Block 9,2024-2025,0,0,0,17276.5,34.0400000000000000,"Block A,Block B,Block C","2024-2025,2024-2025,2024-2025",171,20.91,0,0,0,100.0,0.0,0.0,9,-4,0,0
12,2021-2022 Hostel Election,2022,2,Friday,167.9999999997222,2021-2022,HOSTEL,None,38,Clerk - Block 9,Block 9,5,1224,Block 9,2024-2025,0,0,0,17276.5,34.0400000000000000,"Block A,Block B,Block C","2024-2025,2024-2025,2024-2025",180,22.01,1,0,0,100.0,0.0,0.0,9,13,0,0
12,2021-2022 Hostel Election,2022,2,Friday,167.9999999997222,2021-2022,HOSTEL,None,38,Clerk - Block 9,Block 9,5,1225,Block 9,2024-2025,0,0,0,17276.5,34.0400000000000000,"Block A,Block B,Block C","2024-2025,2024-2025,2024-2025",167,20.42,0,0,0,100.0,0.0,0.0,13,-13,0,0
12,2021-2022 Hostel Election,2022,2,Friday,167.9999999997222,2021-2022,HOSTEL,None,38,Clerk - Block 9,Block 9,5,1223,Block 9,2024-2025,0,0,0,17276.5,34.0400000000000000,"Block A,Block B,Block C","2024-2025,2024-2025,2024-2025",146,17.85,0,0,0,100.0,0.0,0.0,34,0,0,0
12,2021-2022 Hostel Election,2022,2,Friday,167.9999999997222,2021-2022,HOSTEL,None,38,Clerk - Block 9,Block 9,5,1222,Block 9,2024-2025,0,0,0,17276.5,34.0400000000000000,"Block A,Block B,Block C","2024-2025,2024-2025,2024-2025",154,18.83,0,0,0,100.0,0.0,0.0,26,-8,0,0
12,2021-2022 Hostel Election,2022,2,Friday,167.9999999997222,2021-2022,HOSTEL,None,39,Clerk - Block 10,Block 10,5,1229,Block 10,2024-2025,0,0,0,17276.5,34.0400000000000000,"Block A,Block B,Block C","2024-2025,2024-2025,2024-2025",147,20.30,0,0,0,100.0,0.0,0.0,6,-3,0,0
12,2021-2022 Hostel Election,2022,2,Friday,167.9999999997222,2021-2022,HOSTEL,None,39,Clerk - Block 10,Block 10,5,1226,Block 10,2024-2025,0,0,0,17276.5,34.0400000000000000,"Block A,Block B,Block C","2024-2025,2024-2025,2024-2025",148,20.44,0,0,0,100.0,0.0,0.0,5,-1,0,0
12,2021-2022 Hostel Election,2022,2,Friday,167.9999999997222,2021-2022,HOSTEL,None,39,Clerk - Block 10,Block 10,5,1227,Block 10,2024-2025,0,0,0,17276.5,34.0400000000000000,"Block A,Block B,Block C","2024-2025,2024-2025,2024-2025",144,19.89,0,0,0,100.0,0.0,0.0,9,-12,0,0
12,2021-2022 Hostel Election,2022,2,Friday,167.9999999997222,2021-2022,HOSTEL,None,39,Clerk - Block 10,Block 10,5,1228,Block 10,2024-2025,0,0,0,17276.5,34.0400000000000000,"Block A,Block B,Block C","2024-2025,2024-2025,2024-2025",153,21.13,1,0,0,100.0,0.0,0.0,5,6,0,0
12,2021-2022 Hostel Election,2022,2,Friday,167.9999999997222,2021-2022,HOSTEL,None,39,Clerk - Block 10,Block 10,5,1230,Block 10,2024-2025,0,0,0,17276.5,34.0400000000000000,"Block A,Block B,Block C","2024-2025,2024-2025,2024-2025",132,18.23,0,0,0,100.0,0.0,0.0,21,0,0,0
12,2021-2022 Hostel Election,2022,2,Friday,167.9999999997222,2021-2022,HOSTEL,None,40,Clerk - Block 11,Block 11,5,1231,Block 11,2024-2025,0,0,0,17276.5,34.0400000000000000,"Block A,Block B,Block C","2024-2025,2024-2025,2024-2025",133,19.68,0,0,0,100.0,0.0,0.0,11,0,0,0
12,2021-2022 Hostel Election,2022,2,Friday,167.9999999997222,2021-2022,HOSTEL,None,40,Clerk - Block 11,Block 11,5,1234,Block 11,2024-2025,0,0,0,17276.5,34.0400000000000000,"Block A,Block B,Block C","2024-2025,2024-2025,2024-2025",134,19.82,0,0,0,100.0,0.0,0.0,10,-1,0,0
12,2021-2022 Hostel Election,2022,2,Friday,167.9999999997222,2021-2022,HOSTEL,None,40,Clerk - Block 11,Block 11,5,1232,Block 11,2024-2025,0,0,0,17276.5,34.0400000000000000,"Block A,Block B,Block C","2024-2025,2024-2025,2024-2025",132,19.53,0,0,0,100.0,0.0,0.0,12,0,0,0
12,2021-2022 Hostel Election,2022,2,Friday,167.9999999997222,2021-2022,HOSTEL,None,40,Clerk - Block 11,Block 11,5,1233,Block 11,2024-2025,0,0,0,17276.5,34.0400000000000000,"Block A,Block B,Block C","2024-2025,2024-2025,2024-2025",133,19.68,0,0,0,100.0,0.0,0.0,11,-1,0,0
12,2021-2022 Hostel Election,2022,2,Friday,167.9999999997222,2021-2022,HOSTEL,None,40,Clerk - Block 11,Block 11,5,1235,Block 11,2024-2025,0,0,0,17276.5,34.0400000000000000,"Block A,Block B,Block C","2024-2025,2024-2025,2024-2025",144,21.30,1,0,0,100.0,0.0,0.0,10,11,0,0
12,2021-2022 Hostel Election,2022,2,Friday,167.9999999997222,2021-2022,HOSTEL,None,41,Clerk - Block 12,Block 12,5,1239,Block 12,2024-2025,0,0,0,17276.5,34.0400000000000000,"Block A,Block B,Block C","2024-2025,2024-2025,2024-2025",150,22.39,1,0,0,100.0,0.0,0.0,8,16,0,0
12,2021-2022 Hostel Election,2022,2,Friday,167.9999999997222,2021-2022,HOSTEL,None,41,Clerk - Block 12,Block 12,5,1237,Block 12,2024-2025,0,0,0,17276.5,34.0400000000000000,"Block A,Block B,Block C","2024-2025,2024-2025,2024-2025",120,17.91,0,0,0,100.0,0.0,0.0,30,0,0,0
12,2021-2022 Hostel Election,2022,2,Friday,167.9999999997222,2021-2022,HOSTEL,None,41,Clerk - Block 12,Block 12,5,1238,Block 12,2024-2025,0,0,0,17276.5,34.0400000000000000,"Block A,Block B,Block C","2024-2025,2024-2025,2024-2025",124,18.51,0,0,0,100.0,0.0,0.0,26,-4,0,0
12,2021-2022 Hostel Election,2022,2,Friday,167.9999999997222,2021-2022,HOSTEL,None,41,Clerk - Block 12,Block 12,5,1240,Block 12,2024-2025,0,0,0,17276.5,34.0400000000000000,"Block A,Block B,Block C","2024-2025,2024-2025,2024-2025",134,20.00,0,0,0,100.0,0.0,0.0,16,-10,0,0
12,2021-2022 Hostel Election,2022,2,Friday,167.9999999997222,2021-2022,HOSTEL,None,41,Clerk - Block 12,Block 12,5,1236,Block 12,2024-2025,0,0,0,17276.5,34.0400000000000000,"Block A,Block B,Block C","2024-2025,2024-2025,2024-2025",142,21.19,0,0,0,100.0,0.0,0.0,8,-8,0,0
12,2021-2022 Hostel Election,2022,2,Friday,167.9999999997222,2021-2022,HOSTEL,None,42,Clerk - Block 13,Block 13,5,1242,Block 13,2024-2025,0,0,0,17276.5,34.0400000000000000,"Block A,Block B,Block C","2024-2025,2024-2025,2024-2025",130,19.01,0,0,0,100.0,0.0,0.0,26,-12,0,0
12,2021-2022 Hostel Election,2022,2,Friday,167.9999999997222,2021-2022,HOSTEL,None,42,Clerk - Block 13,Block 13,5,1244,Block 13,2024-2025,0,0,0,17276.5,34.0400000000000000,"Block A,Block B,Block C","2024-2025,2024-2025,2024-2025",118,17.25,0,0,0,100.0,0.0,0.0,38,0,0,0
12,2021-2022 Hostel Election,2022,2,Friday,167.9999999997222,2021-2022,HOSTEL,None,42,Clerk - Block 13,Block 13,5,1241,Block 13,2024-2025,0,0,0,17276.5,34.0400000000000000,"Block A,Block B,Block C","2024-2025,2024-2025,2024-2025",142,20.76,0,0,0,100.0,0.0,0.0,14,-4,0,0
12,2021-2022 Hostel Election,2022,2,Friday,167.9999999997222,2021-2022,HOSTEL,None,42,Clerk - Block 13,Block 13,5,1245,Block 13,2024-2025,0,0,0,17276.5,34.0400000000000000,"Block A,Block B,Block C","2024-2025,2024-2025,2024-2025",156,22.81,1,0,0,100.0,0.0,0.0,14,18,0,0
12,2021-2022 Hostel Election,2022,2,Friday,167.9999999997222,2021-2022,HOSTEL,None,42,Clerk - Block 13,Block 13,5,1243,Block 13,2024-2025,0,0,0,17276.5,34.0400000000000000,"Block A,Block B,Block C","2024-2025,2024-2025,2024-2025",138,20.18,0,0,0,100.0,0.0,0.0,18,-8,0,0
12,2021-2022 Hostel Election,2022,2,Friday,167.9999999997222,2021-2022,HOSTEL,None,43,Clerk - Block 14,Block 14,5,1248,Block 14,2024-2025,0,0,0,17276.5,34.0400000000000000,"Block A,Block B,Block C","2024-2025,2024-2025,2024-2025",131,19.10,0,0,0,100.0,0.0,0.0,26,-8,0,0
12,2021-2022 Hostel Election,2022,2,Friday,167.9999999997222,2021-2022,HOSTEL,None,43,Clerk - Block 14,Block 14,5,1247,Block 14,2024-2025,0,0,0,17276.5,34.0400000000000000,"Block A,Block B,Block C","2024-2025,2024-2025,2024-2025",123,17.93,0,0,0,100.0,0.0,0.0,34,0,0,0
12,2021-2022 Hostel Election,2022,2,Friday,167.9999999997222,2021-2022,HOSTEL,None,43,Clerk - Block 14,Block 14,5,1250,Block 14,2024-2025,0,0,0,17276.5,34.0400000000000000,"Block A,Block B,Block C","2024-2025,2024-2025,2024-2025",143,20.85,0,0,0,100.0,0.0,0.0,14,-11,0,0
12,2021-2022 Hostel Election,2022,2,Friday,167.9999999997222,2021-2022,HOSTEL,None,43,Clerk - Block 14,Block 14,5,1249,Block 14,2024-2025,0,0,0,17276.5,34.0400000000000000,"Block A,Block B,Block C","2024-2025,2024-2025,2024-2025",132,19.24,0,0,0,100.0,0.0,0.0,25,-1,0,0
12,2021-2022 Hostel Election,2022,2,Friday,167.9999999997222,2021-2022,HOSTEL,None,43,Clerk - Block 14,Block 14,5,1246,Block 14,2024-2025,0,0,0,17276.5,34.0400000000000000,"Block A,Block B,Block C","2024-2025,2024-2025,2024-2025",157,22.89,1,0,0,100.0,0.0,0.0,14,25,0,0
12,2021-2022 Hostel Election,2022,2,Friday,167.9999999997222,2021-2022,HOSTEL,None,44,Clerk - Block 1,Block 1,5,1251,Block 1,2024-2025,0,0,0,17276.5,34.0400000000000000,"Block A,Block B,Block C","2024-2025,2024-2025,2024-2025",36,19.05,0,0,0,100.0,0.0,0.0,3,0,0,0
12,2021-2022 Hostel Election,2022,2,Friday,167.9999999997222,2021-2022,HOSTEL,None,44,Clerk - Block 1,Block 1,5,1253,Block 1,2024-2025,0,0,1,17276.5,34.0400000000000000,"Block A,Block B,Block C","2024-2025,2024-2025,2024-2025",39,20.64,1,0,0,100.0,0.0,0.0,0,0,0,0
12,2021-2022 Hostel Election,2022,2,Friday,167.9999999997222,2021-2022,HOSTEL,None,44,Clerk - Block 1,Block 1,5,1252,Block 1,2024-2025,0,0,0,17276.5,34.0400000000000000,"Block A,Block B,Block C","2024-2025,2024-2025,2024-2025",36,19.05,0,0,0,100.0,0.0,0.0,3,0,0,0
12,2021-2022 Hostel Election,2022,2,Friday,167.9999999997222,2021-2022,HOSTEL,None,44,Clerk - Block 1,Block 1,5,1255,Block 1,2024-2025,0,0,0,17276.5,34.0400000000000000,"Block A,Block B,Block C","2024-2025,2024-2025,2024-2025",39,20.64,0,0,0,100.0,0.0,0.0,0,-3,0,0
12,2021-2022 Hostel Election,2022,2,Friday,167.9999999997222,2021-2022,HOSTEL,None,44,Clerk - Block 1,Block 1,5,1254,Block 1,2024-2025,0,0,0,17276.5,34.0400000000000000,"Block A,Block B,Block C","2024-2025,2024-2025,2024-2025",39,20.64,0,0,0,100.0,0.0,0.0,0,0,0,0
12,2021-2022 Hostel Election,2022,2,Friday,167.9999999997222,2021-2022,HOSTEL,None,45,Clerk - Block 2,Block 2,5,1257,Block 2,2024-2025,0,0,0,17276.5,34.0400000000000000,"Block A,Block B,Block C","2024-2025,2024-2025,2024-2025",30,20.13,0,0,0,100.0,0.0,0.0,4,-3,0,0
12,2021-2022 Hostel Election,2022,2,Friday,167.9999999997222,2021-2022,HOSTEL,None,45,Clerk - Block 2,Block 2,5,1260,Block 2,2024-2025,0,0,0,17276.5,34.0400000000000000,"Block A,Block B,Block C","2024-2025,2024-2025,2024-2025",32,21.48,0,0,0,100.0,0.0,0.0,2,-2,0,0
12,2021-2022 Hostel Election,2022,2,Friday,167.9999999997222,2021-2022,HOSTEL,None,45,Clerk - Block 2,Block 2,5,1258,Block 2,2024-2025,0,0,0,17276.5,34.0400000000000000,"Block A,Block B,Block C","2024-2025,2024-2025,2024-2025",34,22.82,1,0,0,100.0,0.0,0.0,2,4,0,0
12,2021-2022 Hostel Election,2022,2,Friday,167.9999999997222,2021-2022,HOSTEL,None,45,Clerk - Block 2,Block 2,5,1259,Block 2,2024-2025,0,0,0,17276.5,34.0400000000000000,"Block A,Block B,Block C","2024-2025,2024-2025,2024-2025",26,17.45,0,0,0,100.0,0.0,0.0,8,0,0,0
12,2021-2022 Hostel Election,2022,2,Friday,167.9999999997222,2021-2022,HOSTEL,None,45,Clerk - Block 2,Block 2,5,1256,Block 2,2024-2025,0,0,0,17276.5,34.0400000000000000,"Block A,Block B,Block C","2024-2025,2024-2025,2024-2025",27,18.12,0,0,0,100.0,0.0,0.0,7,-1,0,0
12,2021-2022 Hostel Election,2022,2,Friday,167.9999999997222,2021-2022,HOSTEL,None,46,Clerk - Block 3,Block 3,5,1264,Block 3,2024-2025,0,0,0,17276.5,34.0400000000000000,"Block A,Block B,Block C","2024-2025,2024-2025,2024-2025",37,21.51,0,0,0,100.0,0.0,0.0,1,-1,0,0
12,2021-2022 Hostel Election,2022,2,Friday,167.9999999997222,2021-2022,HOSTEL,None,46,Clerk - Block 3,Block 3,5,1263,Block 3,2024-2025,0,0,0,17276.5,34.0400000000000000,"Block A,Block B,Block C","2024-2025,2024-2025,2024-2025",38,22.09,1,0,0,100.0,0.0,0.0,1,2,0,0
12,2021-2022 Hostel Election,2022,2,Friday,167.9999999997222,2021-2022,HOSTEL,None,46,Clerk - Block 3,Block 3,5,1261,Block 3,2024-2025,0,0,0,17276.5,34.0400000000000000,"Block A,Block B,Block C","2024-2025,2024-2025,2024-2025",26,15.12,0,0,0,100.0,0.0,0.0,12,0,0,0
12,2021-2022 Hostel Election,2022,2,Friday,167.9999999997222,2021-2022,HOSTEL,None,46,Clerk - Block 3,Block 3,5,1262,Block 3,2024-2025,0,0,0,17276.5,34.0400000000000000,"Block A,Block B,Block C","2024-2025,2024-2025,2024-2025",36,20.93,0,0,0,100.0,0.0,0.0,2,-1,0,0
12,2021-2022 Hostel Election,2022,2,Friday,167.9999999997222,2021-2022,HOSTEL,None,46,Clerk - Block 3,Block 3,5,1265,Block 3,2024-2025,0,0,0,17276.5,34.0400000000000000,"Block A,Block B,Block C","2024-2025,2024-2025,2024-2025",35,20.35,0,0,0,100.0,0.0,0.0,3,-9,0,0
12,2021-2022 Hostel Election,2022,2,Friday,167.9999999997222,2021-2022,HOSTEL,None,47,Clerk - Block 4,Block 4,5,1270,Block 4,2024-2025,0,0,0,17276.5,34.0400000000000000,"Block A,Block B,Block C","2024-2025,2024-2025,2024-2025",44,24.58,0,0,0,100.0,0.0,0.0,0,-4,0,0
12,2021-2022 Hostel Election,2022,2,Friday,167.9999999997222,2021-2022,HOSTEL,None,47,Clerk - Block 4,Block 4,5,1268,Block 4,2024-2025,0,0,0,17276.5,34.0400000000000000,"Block A,Block B,Block C","2024-2025,2024-2025,2024-2025",22,12.29,0,0,0,100.0,0.0,0.0,22,0,0,0
12,2021-2022 Hostel Election,2022,2,Friday,167.9999999997222,2021-2022,HOSTEL,None,47,Clerk - Block 4,Block 4,5,1266,Block 4,2024-2025,0,0,0,17276.5,34.0400000000000000,"Block A,Block B,Block C","2024-2025,2024-2025,2024-2025",40,22.35,0,0,0,100.0,0.0,0.0,4,-11,0,0
12,2021-2022 Hostel Election,2022,2,Friday,167.9999999997222,2021-2022,HOSTEL,None,47,Clerk - Block 4,Block 4,5,1269,Block 4,2024-2025,0,0,0,17276.5,34.0400000000000000,"Block A,Block B,Block C","2024-2025,2024-2025,2024-2025",44,24.58,1,0,0,100.0,0.0,0.0,0,4,0,0
12,2021-2022 Hostel Election,2022,2,Friday,167.9999999997222,2021-2022,HOSTEL,None,47,Clerk - Block 4,Block 4,5,1267,Block 4,2024-2025,0,0,0,17276.5,34.0400000000000000,"Block A,Block B,Block C","2024-2025,2024-2025,2024-2025",29,16.20,0,0,0,100.0,0.0,0.0,15,-7,0,0
12,2021-2022 Hostel Election,2022,2,Friday,167.9999999997222,2021-2022,HOSTEL,None,48,Clerk - Block 5,Block 5,5,1271,Block 5,2024-2025,0,0,0,17276.5,34.0400000000000000,"Block A,Block B,Block C","2024-2025,2024-2025,2024-2025",44,24.18,1,0,0,100.0,0.0,0.0,6,9,0,0
12,2021-2022 Hostel Election,2022,2,Friday,167.9999999997222,2021-2022,HOSTEL,None,48,Clerk - Block 5,Block 5,5,1274,Block 5,2024-2025,0,0,0,17276.5,34.0400000000000000,"Block A,Block B,Block C","2024-2025,2024-2025,2024-2025",35,19.23,0,0,0,100.0,0.0,0.0,9,-2,0,0
12,2021-2022 Hostel Election,2022,2,Friday,167.9999999997222,2021-2022,HOSTEL,None,48,Clerk - Block 5,Block 5,5,1272,Block 5,2024-2025,0,0,0,17276.5,34.0400000000000000,"Block A,Block B,Block C","2024-2025,2024-2025,2024-2025",32,17.58,0,0,0,100.0,0.0,0.0,12,0,0,0
12,2021-2022 Hostel Election,2022,2,Friday,167.9999999997222,2021-2022,HOSTEL,None,48,Clerk - Block 5,Block 5,5,1275,Block 5,2024-2025,0,0,0,17276.5,34.0400000000000000,"Block A,Block B,Block C","2024-2025,2024-2025,2024-2025",33,18.13,0,0,0,100.0,0.0,0.0,11,-1,0,0
12,2021-2022 Hostel Election,2022,2,Friday,167.9999999997222,2021-2022,HOSTEL,None,48,Clerk - Block 5,Block 5,5,1273,Block 5,2024-2025,0,0,0,17276.5,34.0400000000000000,"Block A,Block B,Block C","2024-2025,2024-2025,2024-2025",38,20.88,0,0,0,100.0,0.0,0.0,6,-3,0,0
12,2021-2022 Hostel Election,2022,2,Friday,167.9999999997222,2021-2022,HOSTEL,None,49,Clerk - Block 6,Block 6,5,1277,Block 6,2024-2025,0,0,0,17276.5,34.0400000000000000,"Block A,Block B,Block C","2024-2025,2024-2025,2024-2025",45,21.43,0,0,0,100.0,0.0,0.0,12,-3,0,0
12,2021-2022 Hostel Election,2022,2,Friday,167.9999999997222,2021-2022,HOSTEL,None,49,Clerk - Block 6,Block 6,5,1276,Block 6,2024-2025,0,0,0,17276.5,34.0400000000000000,"Block A,Block B,Block C","2024-2025,2024-2025,2024-2025",42,20.00,0,0,0,100.0,0.0,0.0,15,-7,0,0
12,2021-2022 Hostel Election,2022,2,Friday,167.9999999997222,2021-2022,HOSTEL,None,49,Clerk - Block 6,Block 6,5,1278,Block 6,2024-2025,0,0,0,17276.5,34.0400000000000000,"Block A,Block B,Block C","2024-2025,2024-2025,2024-2025",31,14.76,0,0,0,100.0,0.0,0.0,26,0,0,0
12,2021-2022 Hostel Election,2022,2,Friday,167.9999999997222,2021-2022,HOSTEL,None,49,Clerk - Block 6,Block 6,5,1280,Block 6,2024-2025,0,0,0,17276.5,34.0400000000000000,"Block A,Block B,Block C","2024-2025,2024-2025,2024-2025",57,27.14,1,0,0,100.0,0.0,0.0,12,15,0,0
12,2021-2022 Hostel Election,2022,2,Friday,167.9999999997222,2021-2022,HOSTEL,None,49,Clerk - Block 6,Block 6,5,1279,Block 6,2024-2025,0,0,0,17276.5,34.0400000000000000,"Block A,Block B,Block C","2024-2025,2024-2025,2024-2025",35,16.67,0,0,0,100.0,0.0,0.0,22,-4,0,0
12,2021-2022 Hostel Election,2022,2,Friday,167.9999999997222,2021-2022,HOSTEL,None,50,Clerk - Block 7,Block 7,5,1285,Block 7,2024-2025,0,0,0,17276.5,34.0400000000000000,"Block A,Block B,Block C","2024-2025,2024-2025,2024-2025",32,17.68,0,0,0,100.0,0.0,0.0,13,-2,0,0
12,2021-2022 Hostel Election,2022,2,Friday,167.9999999997222,2021-2022,HOSTEL,None,50,Clerk - Block 7,Block 7,5,1282,Block 7,2024-2025,0,0,0,17276.5,34.0400000000000000,"Block A,Block B,Block C","2024-2025,2024-2025,2024-2025",30,16.58,0,0,0,100.0,0.0,0.0,15,0,0,0
12,2021-2022 Hostel Election,2022,2,Friday,167.9999999997222,2021-2022,HOSTEL,None,50,Clerk - Block 7,Block 7,5,1281,Block 7,2024-2025,0,0,0,17276.5,34.0400000000000000,"Block A,Block B,Block C","2024-2025,2024-2025,2024-2025",45,24.86,1,0,0,100.0,0.0,0.0,7,9,0,0
12,2021-2022 Hostel Election,2022,2,Friday,167.9999999997222,2021-2022,HOSTEL,None,50,Clerk - Block 7,Block 7,5,1284,Block 7,2024-2025,0,0,0,17276.5,34.0400000000000000,"Block A,Block B,Block C","2024-2025,2024-2025,2024-2025",36,19.89,0,0,0,100.0,0.0,0.0,9,-4,0,0
12,2021-2022 Hostel Election,2022,2,Friday,167.9999999997222,2021-2022,HOSTEL,None,50,Clerk - Block 7,Block 7,5,1283,Block 7,2024-2025,0,0,1,17276.5,34.0400000000000000,"Block A,Block B,Block C","2024-2025,2024-2025,2024-2025",38,20.99,0,0,0,100.0,0.0,0.0,7,-2,0,0
12,2021-2022 Hostel Election,2022,2,Friday,167.9999999997222,2021-2022,HOSTEL,None,51,Clerk - Block 8,Block 8,5,1287,Block 8,2024-2025,0,0,0,17276.5,34.0400000000000000,"Block A,Block B,Block C","2024-2025,2024-2025,2024-2025",32,17.58,0,0,0,100.0,0.0,0.0,9,-1,0,0
12,2021-2022 Hostel Election,2022,2,Friday,167.9999999997222,2021-2022,HOSTEL,None,51,Clerk - Block 8,Block 8,5,1289,Block 8,2024-2025,0,0,0,17276.5,34.0400000000000000,"Block A,Block B,Block C","2024-2025,2024-2025,2024-2025",31,17.03,0,0,0,100.0,0.0,0.0,10,0,0,0
12,2021-2022 Hostel Election,2022,2,Friday,167.9999999997222,2021-2022,HOSTEL,None,51,Clerk - Block 8,Block 8,5,1290,Block 8,2024-2025,0,0,0,17276.5,34.0400000000000000,"Block A,Block B,Block C","2024-2025,2024-2025,2024-2025",37,20.33,0,0,0,100.0,0.0,0.0,4,-5,0,0
12,2021-2022 Hostel Election,2022,2,Friday,167.9999999997222,2021-2022,HOSTEL,None,51,Clerk - Block 8,Block 8,5,1288,Block 8,2024-2025,0,0,0,17276.5,34.0400000000000000,"Block A,Block B,Block C","2024-2025,2024-2025,2024-2025",41,22.53,0,0,0,100.0,0.0,0.0,0,-4,0,0
12,2021-2022 Hostel Election,2022,2,Friday,167.9999999997222,2021-2022,HOSTEL,None,51,Clerk - Block 8,Block 8,5,1286,Block 8,2024-2025,0,0,0,17276.5,34.0400000000000000,"Block A,Block B,Block C","2024-2025,2024-2025,2024-2025",41,22.53,1,0,0,100.0,0.0,0.0,0,4,0,0
12,2021-2022 Hostel Election,2022,2,Friday,167.9999999997222,2021-2022,HOSTEL,None,52,Clerk - Block 9,Block 9,5,1292,Block 9,2024-2025,0,0,0,17276.5,34.0400000000000000,"Block A,Block B,Block C","2024-2025,2024-2025,2024-2025",43,23.24,0,0,0,100.0,0.0,0.0,2,-8,0,0
12,2021-2022 Hostel Election,2022,2,Friday,167.9999999997222,2021-2022,HOSTEL,None,52,Clerk - Block 9,Block 9,5,1293,Block 9,2024-2025,0,0,0,17276.5,34.0400000000000000,"Block A,Block B,Block C","2024-2025,2024-2025,2024-2025",35,18.92,0,0,0,100.0,0.0,0.0,10,-2,0,0
12,2021-2022 Hostel Election,2022,2,Friday,167.9999999997222,2021-2022,HOSTEL,None,52,Clerk - Block 9,Block 9,5,1295,Block 9,2024-2025,0,0,0,17276.5,34.0400000000000000,"Block A,Block B,Block C","2024-2025,2024-2025,2024-2025",29,15.68,0,0,0,100.0,0.0,0.0,16,0,0,0
12,2021-2022 Hostel Election,2022,2,Friday,167.9999999997222,2021-2022,HOSTEL,None,52,Clerk - Block 9,Block 9,5,1291,Block 9,2024-2025,0,0,0,17276.5,34.0400000000000000,"Block A,Block B,Block C","2024-2025,2024-2025,2024-2025",33,17.84,0,0,0,100.0,0.0,0.0,12,-4,0,0
12,2021-2022 Hostel Election,2022,2,Friday,167.9999999997222,2021-2022,HOSTEL,None,52,Clerk - Block 9,Block 9,5,1294,Block 9,2024-2025,0,0,0,17276.5,34.0400000000000000,"Block A,Block B,Block C","2024-2025,2024-2025,2024-2025",45,24.32,1,0,0,100.0,0.0,0.0,2,10,0,0
12,2021-2022 Hostel Election,2022,2,Friday,167.9999999997222,2021-2022,HOSTEL,None,53,Clerk - Block 10,Block 10,5,1297,Block 10,2024-2025,0,0,0,17276.5,34.0400000000000000,"Block A,Block B,Block C","2024-2025,2024-2025,2024-2025",35,18.23,0,0,0,100.0,0.0,0.0,13,0,0,0
12,2021-2022 Hostel Election,2022,2,Friday,167.9999999997222,2021-2022,HOSTEL,None,53,Clerk - Block 10,Block 10,5,1296,Block 10,2024-2025,0,0,0,17276.5,34.0400000000000000,"Block A,Block B,Block C","2024-2025,2024-2025,2024-2025",34,17.71,0,0,0,100.0,0.0,0.0,14,0,0,0
12,2021-2022 Hostel Election,2022,2,Friday,167.9999999997222,2021-2022,HOSTEL,None,53,Clerk - Block 10,Block 10,5,1299,Block 10,2024-2025,0,0,0,17276.5,34.0400000000000000,"Block A,Block B,Block C","2024-2025,2024-2025,2024-2025",35,18.23,0,0,0,100.0,0.0,0.0,13,-1,0,0
12,2021-2022 Hostel Election,2022,2,Friday,167.9999999997222,2021-2022,HOSTEL,None,53,Clerk - Block 10,Block 10,5,1300,Block 10,2024-2025,0,0,0,17276.5,34.0400000000000000,"Block A,Block B,Block C","2024-2025,2024-2025,2024-2025",40,20.83,0,0,0,100.0,0.0,0.0,8,-5,0,0
12,2021-2022 Hostel Election,2022,2,Friday,167.9999999997222,2021-2022,HOSTEL,None,53,Clerk - Block 10,Block 10,5,1298,Block 10,2024-2025,0,0,0,17276.5,34.0400000000000000,"Block A,Block B,Block C","2024-2025,2024-2025,2024-2025",48,25.00,1,0,0,100.0,0.0,0.0,8,13,0,0
12,2021-2022 Hostel Election,2022,2,Friday,167.9999999997222,2021-2022,HOSTEL,None,54,Clerk - Block 11,Block 11,5,1305,Block 11,2024-2025,0,0,0,17276.5,34.0400000000000000,"Block A,Block B,Block C","2024-2025,2024-2025,2024-2025",43,23.76,1,0,0,100.0,0.0,0.0,6,7,0,0
12,2021-2022 Hostel Election,2022,2,Friday,167.9999999997222,2021-2022,HOSTEL,None,54,Clerk - Block 11,Block 11,5,1301,Block 11,2024-2025,0,0,0,17276.5,34.0400000000000000,"Block A,Block B,Block C","2024-2025,2024-2025,2024-2025",32,17.68,0,0,0,100.0,0.0,0.0,11,0,0,0
12,2021-2022 Hostel Election,2022,2,Friday,167.9999999997222,2021-2022,HOSTEL,None,54,Clerk - Block 11,Block 11,5,1303,Block 11,2024-2025,0,0,0,17276.5,34.0400000000000000,"Block A,Block B,Block C","2024-2025,2024-2025,2024-2025",33,18.23,0,0,0,100.0,0.0,0.0,10,-1,0,0
12,2021-2022 Hostel Election,2022,2,Friday,167.9999999997222,2021-2022,HOSTEL,None,54,Clerk - Block 11,Block 11,5,1302,Block 11,2024-2025,0,0,0,17276.5,34.0400000000000000,"Block A,Block B,Block C","2024-2025,2024-2025,2024-2025",37,20.44,0,0,0,100.0,0.0,0.0,6,-1,0,0
12,2021-2022 Hostel Election,2022,2,Friday,167.9999999997222,2021-2022,HOSTEL,None,54,Clerk - Block 11,Block 11,5,1304,Block 11,2024-2025,0,0,0,17276.5,34.0400000000000000,"Block A,Block B,Block C","2024-2025,2024-2025,2024-2025",36,19.89,0,0,0,100.0,0.0,0.0,7,-3,0,0
12,2021-2022 Hostel Election,2022,2,Friday,167.9999999997222,2021-2022,HOSTEL,None,55,Clerk - Block 12,Block 12,5,1307,Block 12,2024-2025,0,0,0,17276.5,34.0400000000000000,"Block A,Block B,Block C","2024-2025,2024-2025,2024-2025",39,20.42,0,0,0,100.0,0.0,0.0,2,0,0,0
12,2021-2022 Hostel Election,2022,2,Friday,167.9999999997222,2021-2022,HOSTEL,None,55,Clerk - Block 12,Block 12,5,1310,Block 12,2024-2025,0,0,0,17276.5,34.0400000000000000,"Block A,Block B,Block C","2024-2025,2024-2025,2024-2025",41,21.47,1,0,0,100.0,0.0,0.0,2,2,0,0
12,2021-2022 Hostel Election,2022,2,Friday,167.9999999997222,2021-2022,HOSTEL,None,55,Clerk - Block 12,Block 12,5,1306,Block 12,2024-2025,0,0,0,17276.5,34.0400000000000000,"Block A,Block B,Block C","2024-2025,2024-2025,2024-2025",38,19.90,0,0,0,100.0,0.0,0.0,3,-4,0,0
12,2021-2022 Hostel Election,2022,2,Friday,167.9999999997222,2021-2022,HOSTEL,None,55,Clerk - Block 12,Block 12,5,1308,Block 12,2024-2025,0,0,0,17276.5,34.0400000000000000,"Block A,Block B,Block C","2024-2025,2024-2025,2024-2025",39,20.42,0,0,0,100.0,0.0,0.0,2,-1,0,0
12,2021-2022 Hostel Election,2022,2,Friday,167.9999999997222,2021-2022,HOSTEL,None,55,Clerk - Block 12,Block 12,5,1309,Block 12,2024-2025,0,0,0,17276.5,34.0400000000000000,"Block A,Block B,Block C","2024-2025,2024-2025,2024-2025",34,17.80,0,0,0,100.0,0.0,0.0,7,0,0,0
12,2021-2022 Hostel Election,2022,2,Friday,167.9999999997222,2021-2022,HOSTEL,None,56,Clerk - Block 13,Block 13,5,1313,Block 13,2024-2025,0,0,0,17276.5,34.0400000000000000,"Block A,Block B,Block C","2024-2025,2024-2025,2024-2025",32,20.00,0,0,0,100.0,0.0,0.0,4,-3,0,0
12,2021-2022 Hostel Election,2022,2,Friday,167.9999999997222,2021-2022,HOSTEL,None,56,Clerk - Block 13,Block 13,5,1311,Block 13,2024-2025,0,0,0,17276.5,34.0400000000000000,"Block A,Block B,Block C","2024-2025,2024-2025,2024-2025",36,22.50,1,0,0,100.0,0.0,0.0,1,4,0,0
12,2021-2022 Hostel Election,2022,2,Friday,167.9999999997222,2021-2022,HOSTEL,None,56,Clerk - Block 13,Block 13,5,1315,Block 13,2024-2025,0,0,0,17276.5,34.0400000000000000,"Block A,Block B,Block C","2024-2025,2024-2025,2024-2025",29,18.13,0,0,0,100.0,0.0,0.0,7,-1,0,0
12,2021-2022 Hostel Election,2022,2,Friday,167.9999999997222,2021-2022,HOSTEL,None,56,Clerk - Block 13,Block 13,5,1314,Block 13,2024-2025,0,0,0,17276.5,34.0400000000000000,"Block A,Block B,Block C","2024-2025,2024-2025,2024-2025",28,17.50,0,0,0,100.0,0.0,0.0,8,0,0,0
12,2021-2022 Hostel Election,2022,2,Friday,167.9999999997222,2021-2022,HOSTEL,None,56,Clerk - Block 13,Block 13,5,1312,Block 13,2024-2025,0,0,0,17276.5,34.0400000000000000,"Block A,Block B,Block C","2024-2025,2024-2025,2024-2025",35,21.88,0,0,0,100.0,0.0,0.0,1,-3,0,0
12,2021-2022 Hostel Election,2022,2,Friday,167.9999999997222,2021-2022,HOSTEL,None,57,Clerk - Block 14,Block 14,5,1320,Block 14,2024-2025,0,0,0,17276.5,34.0400000000000000,"Block A,Block B,Block C","2024-2025,2024-2025,2024-2025",36,20.46,0,0,0,100.0,0.0,0.0,3,-3,0,0
12,2021-2022 Hostel Election,2022,2,Friday,167.9999999997222,2021-2022,HOSTEL,None,57,Clerk - Block 14,Block 14,5,1316,Block 14,2024-2025,0,0,0,17276.5,34.0400000000000000,"Block A,Block B,Block C","2024-2025,2024-2025,2024-2025",38,21.59,0,0,0,100.0,0.0,0.0,1,-2,0,0
12,2021-2022 Hostel Election,2022,2,Friday,167.9999999997222,2021-2022,HOSTEL,None,57,Clerk - Block 14,Block 14,5,1318,Block 14,2024-2025,0,0,0,17276.5,34.0400000000000000,"Block A,Block B,Block C","2024-2025,2024-2025,2024-2025",30,17.05,0,0,0,100.0,0.0,0.0,9,0,0,0
12,2021-2022 Hostel Election,2022,2,Friday,167.9999999997222,2021-2022,HOSTEL,None,57,Clerk - Block 14,Block 14,5,1317,Block 14,2024-2025,0,0,0,17276.5,34.0400000000000000,"Block A,Block B,Block C","2024-2025,2024-2025,2024-2025",39,22.16,1,0,0,100.0,0.0,0.0,1,3,0,0
12,2021-2022 Hostel Election,2022,2,Friday,167.9999999997222,2021-2022,HOSTEL,None,57,Clerk - Block 14,Block 14,5,1319,Block 14,2024-2025,0,0,0,17276.5,34.0400000000000000,"Block A,Block B,Block C","2024-2025,2024-2025,2024-2025",33,18.75,0,0,0,100.0,0.0,0.0,6,-3,0,0
12,2021-2022 Hostel Election,2022,2,Friday,167.9999999997222,2021-2022,HOSTEL,None,58,Clerk - Block 15,Block 15,5,1324,Block 15,2024-2025,0,0,0,17276.5,34.0400000000000000,"Block A,Block B,Block C","2024-2025,2024-2025,2024-2025",26,16.67,0,0,0,100.0,0.0,0.0,18,-2,0,0
12,2021-2022 Hostel Election,2022,2,Friday,167.9999999997222,2021-2022,HOSTEL,None,58,Clerk - Block 15,Block 15,5,1325,Block 15,2024-2025,0,0,0,17276.5,34.0400000000000000,"Block A,Block B,Block C","2024-2025,2024-2025,2024-2025",44,28.21,1,0,0,100.0,0.0,0.0,11,15,0,0
12,2021-2022 Hostel Election,2022,2,Friday,167.9999999997222,2021-2022,HOSTEL,None,58,Clerk - Block 15,Block 15,5,1323,Block 15,2024-2025,0,0,0,17276.5,34.0400000000000000,"Block A,Block B,Block C","2024-2025,2024-2025,2024-2025",29,18.59,0,0,0,100.0,0.0,0.0,15,-3,0,0
12,2021-2022 Hostel Election,2022,2,Friday,167.9999999997222,2021-2022,HOSTEL,None,58,Clerk - Block 15,Block 15,5,1321,Block 15,2024-2025,0,0,0,17276.5,34.0400000000000000,"Block A,Block B,Block C","2024-2025,2024-2025,2024-2025",33,21.15,0,0,0,100.0,0.0,0.0,11,-4,0,0
12,2021-2022 Hostel Election,2022,2,Friday,167.9999999997222,2021-2022,HOSTEL,None,58,Clerk - Block 15,Block 15,5,1322,Block 15,2024-2025,0,0,0,17276.5,34.0400000000000000,"Block A,Block B,Block C","2024-2025,2024-2025,2024-2025",24,15.39,0,0,0,100.0,0.0,0.0,20,0,0,0
12,2021-2022 Hostel Election,2022,2,Friday,167.9999999997222,2021-2022,HOSTEL,None,59,Clerk - Block 16,Block 16,5,1329,Block 16,2024-2025,0,0,0,17276.5,34.0400000000000000,"Block A,Block B,Block C","2024-2025,2024-2025,2024-2025",45,25.14,1,0,0,100.0,0.0,0.0,7,11,0,0
12,2021-2022 Hostel Election,2022,2,Friday,167.9999999997222,2021-2022,HOSTEL,None,59,Clerk - Block 16,Block 16,5,1326,Block 16,2024-2025,0,0,0,17276.5,34.0400000000000000,"Block A,Block B,Block C","2024-2025,2024-2025,2024-2025",34,18.99,0,0,0,100.0,0.0,0.0,11,-1,0,0
12,2021-2022 Hostel Election,2022,2,Friday,167.9999999997222,2021-2022,HOSTEL,None,59,Clerk - Block 16,Block 16,5,1327,Block 16,2024-2025,0,0,0,17276.5,34.0400000000000000,"Block A,Block B,Block C","2024-2025,2024-2025,2024-2025",29,16.20,0,0,0,100.0,0.0,0.0,16,0,0,0
12,2021-2022 Hostel Election,2022,2,Friday,167.9999999997222,2021-2022,HOSTEL,None,59,Clerk - Block 16,Block 16,5,1328,Block 16,2024-2025,0,0,0,17276.5,34.0400000000000000,"Block A,Block B,Block C","2024-2025,2024-2025,2024-2025",33,18.44,0,0,0,100.0,0.0,0.0,12,-4,0,0
12,2021-2022 Hostel Election,2022,2,Friday,167.9999999997222,2021-2022,HOSTEL,None,59,Clerk - Block 16,Block 16,5,1330,Block 16,2024-2025,0,0,0,17276.5,34.0400000000000000,"Block A,Block B,Block C","2024-2025,2024-2025,2024-2025",38,21.23,0,0,0,100.0,0.0,0.0,7,-4,0,0
12,2021-2022 Hostel Election,2022,2,Friday,167.9999999997222,2021-2022,HOSTEL,None,60,Clerk - Block 17,Block 17,5,1332,Block 17,2024-2025,0,0,0,17276.5,34.0400000000000000,"Block A,Block B,Block C","2024-2025,2024-2025,2024-2025",36,21.82,0,0,0,100.0,0.0,0.0,5,-11,0,0
12,2021-2022 Hostel Election,2022,2,Friday,167.9999999997222,2021-2022,HOSTEL,None,60,Clerk - Block 17,Block 17,5,1333,Block 17,2024-2025,0,0,0,17276.5,34.0400000000000000,"Block A,Block B,Block C","2024-2025,2024-2025,2024-2025",40,24.24,0,0,0,100.0,0.0,0.0,1,-4,0,0
12,2021-2022 Hostel Election,2022,2,Friday,167.9999999997222,2021-2022,HOSTEL,None,60,Clerk - Block 17,Block 17,5,1335,Block 17,2024-2025,0,0,0,17276.5,34.0400000000000000,"Block A,Block B,Block C","2024-2025,2024-2025,2024-2025",23,13.94,0,0,0,100.0,0.0,0.0,18,0,0,0
12,2021-2022 Hostel Election,2022,2,Friday,167.9999999997222,2021-2022,HOSTEL,None,60,Clerk - Block 17,Block 17,5,1331,Block 17,2024-2025,0,0,0,17276.5,34.0400000000000000,"Block A,Block B,Block C","2024-2025,2024-2025,2024-2025",41,24.85,1,0,0,100.0,0.0,0.0,1,5,0,0
12,2021-2022 Hostel Election,2022,2,Friday,167.9999999997222,2021-2022,HOSTEL,None,60,Clerk - Block 17,Block 17,5,1334,Block 17,2024-2025,0,0,0,17276.5,34.0400000000000000,"Block A,Block B,Block C","2024-2025,2024-2025,2024-2025",25,15.15,0,0,0,100.0,0.0,0.0,16,-2,0,0
12,2021-2022 Hostel Election,2022,2,Friday,167.9999999997222,2021-2022,HOSTEL,None,61,Clerk - Block 18,Block 18,5,1338,Block 18,2024-2025,0,0,1,17276.5,34.0400000000000000,"Block A,Block B,Block C","2024-2025,2024-2025,2024-2025",45,21.74,1,0,0,100.0,0.0,0.0,3,4,0,0
12,2021-2022 Hostel Election,2022,2,Friday,167.9999999997222,2021-2022,HOSTEL,None,61,Clerk - Block 18,Block 18,5,1336,Block 18,2024-2025,0,0,0,17276.5,34.0400000000000000,"Block A,Block B,Block C","2024-2025,2024-2025,2024-2025",42,20.29,0,0,0,100.0,0.0,0.0,3,-1,0,0
12,2021-2022 Hostel Election,2022,2,Friday,167.9999999997222,2021-2022,HOSTEL,None,61,Clerk - Block 18,Block 18,5,1337,Block 18,2024-2025,0,0,1,17276.5,34.0400000000000000,"Block A,Block B,Block C","2024-2025,2024-2025,2024-2025",41,19.81,0,0,0,100.0,0.0,0.0,4,0,0,0
12,2021-2022 Hostel Election,2022,2,Friday,167.9999999997222,2021-2022,HOSTEL,None,61,Clerk - Block 18,Block 18,5,1340,Block 18,2024-2025,0,0,0,17276.5,34.0400000000000000,"Block A,Block B,Block C","2024-2025,2024-2025,2024-2025",38,18.36,0,0,0,100.0,0.0,0.0,7,0,0,0
12,2021-2022 Hostel Election,2022,2,Friday,167.9999999997222,2021-2022,HOSTEL,None,61,Clerk - Block 18,Block 18,5,1339,Block 18,2024-2025,0,0,0,17276.5,34.0400000000000000,"Block A,Block B,Block C","2024-2025,2024-2025,2024-2025",41,19.81,0,0,0,100.0,0.0,0.0,4,-3,0,0
12,2021-2022 Hostel Election,2022,2,Friday,167.9999999997222,2021-2022,HOSTEL,None,62,Clerk - Block 19,Block 19,5,1342,Block 19,2024-2025,0,0,0,17276.5,34.0400000000000000,"Block A,Block B,Block C","2024-2025,2024-2025,2024-2025",41,22.91,1,0,0,100.0,0.0,0.0,2,6,0,0
12,2021-2022 Hostel Election,2022,2,Friday,167.9999999997222,2021-2022,HOSTEL,None,62,Clerk - Block 19,Block 19,5,1345,Block 19,2024-2025,0,0,0,17276.5,34.0400000000000000,"Block A,Block B,Block C","2024-2025,2024-2025,2024-2025",32,17.88,0,0,0,100.0,0.0,0.0,9,0,0,0
12,2021-2022 Hostel Election,2022,2,Friday,167.9999999997222,2021-2022,HOSTEL,None,62,Clerk - Block 19,Block 19,5,1343,Block 19,2024-2025,0,0,0,17276.5,34.0400000000000000,"Block A,Block B,Block C","2024-2025,2024-2025,2024-2025",35,19.55,0,0,0,100.0,0.0,0.0,6,-3,0,0
12,2021-2022 Hostel Election,2022,2,Friday,167.9999999997222,2021-2022,HOSTEL,None,62,Clerk - Block 19,Block 19,5,1341,Block 19,2024-2025,0,0,0,17276.5,34.0400000000000000,"Block A,Block B,Block C","2024-2025,2024-2025,2024-2025",39,21.79,0,0,0,100.0,0.0,0.0,2,-4,0,0
12,2021-2022 Hostel Election,2022,2,Friday,167.9999999997222,2021-2022,HOSTEL,None,62,Clerk - Block 19,Block 19,5,1344,Block 19,2024-2025,0,0,0,17276.5,34.0400000000000000,"Block A,Block B,Block C","2024-2025,2024-2025,2024-2025",32,17.88,0,0,0,100.0,0.0,0.0,9,0,0,0
12,2021-2022 Hostel Election,2022,2,Friday,167.9999999997222,2021-2022,HOSTEL,None,63,Clerk - Block 1,Block 1,5,1348,Block 1,2024-2025,0,0,0,17276.5,34.0400000000000000,"Block A,Block B,Block C","2024-2025,2024-2025,2024-2025",137,20.09,0,0,0,100.0,0.0,0.0,4,-1,0,0
12,2021-2022 Hostel Election,2022,2,Friday,167.9999999997222,2021-2022,HOSTEL,None,63,Clerk - Block 1,Block 1,5,1349,Block 1,2024-2025,0,0,0,17276.5,34.0400000000000000,"Block A,Block B,Block C","2024-2025,2024-2025,2024-2025",136,19.94,0,0,0,100.0,0.0,0.0,5,-1,0,0
12,2021-2022 Hostel Election,2022,2,Friday,167.9999999997222,2021-2022,HOSTEL,None,63,Clerk - Block 1,Block 1,5,1350,Block 1,2024-2025,0,0,0,17276.5,34.0400000000000000,"Block A,Block B,Block C","2024-2025,2024-2025,2024-2025",135,19.80,0,0,0,100.0,0.0,0.0,6,-2,0,0
12,2021-2022 Hostel Election,2022,2,Friday,167.9999999997222,2021-2022,HOSTEL,None,63,Clerk - Block 1,Block 1,5,1347,Block 1,2024-2025,0,0,0,17276.5,34.0400000000000000,"Block A,Block B,Block C","2024-2025,2024-2025,2024-2025",141,20.67,1,0,0,100.0,0.0,0.0,4,5,0,0
12,2021-2022 Hostel Election,2022,2,Friday,167.9999999997222,2021-2022,HOSTEL,None,63,Clerk - Block 1,Block 1,5,1346,Block 1,2024-2025,0,0,0,17276.5,34.0400000000000000,"Block A,Block B,Block C","2024-2025,2024-2025,2024-2025",133,19.50,0,0,0,100.0,0.0,0.0,8,0,0,0
12,2021-2022 Hostel Election,2022,2,Friday,167.9999999997222,2021-2022,HOSTEL,None,64,Clerk - Block 2,Block 2,5,1352,Block 2,2024-2025,0,0,0,17276.5,34.0400000000000000,"Block A,Block B,Block C","2024-2025,2024-2025,2024-2025",146,22.46,0,0,0,100.0,0.0,0.0,1,-22,0,0
12,2021-2022 Hostel Election,2022,2,Friday,167.9999999997222,2021-2022,HOSTEL,None,64,Clerk - Block 2,Block 2,5,1355,Block 2,2024-2025,0,0,0,17276.5,34.0400000000000000,"Block A,Block B,Block C","2024-2025,2024-2025,2024-2025",115,17.69,0,0,0,100.0,0.0,0.0,32,0,0,0
12,2021-2022 Hostel Election,2022,2,Friday,167.9999999997222,2021-2022,HOSTEL,None,64,Clerk - Block 2,Block 2,5,1354,Block 2,2024-2025,0,0,0,17276.5,34.0400000000000000,"Block A,Block B,Block C","2024-2025,2024-2025,2024-2025",147,22.62,1,0,0,100.0,0.0,0.0,1,23,0,0
12,2021-2022 Hostel Election,2022,2,Friday,167.9999999997222,2021-2022,HOSTEL,None,64,Clerk - Block 2,Block 2,5,1351,Block 2,2024-2025,0,0,0,17276.5,34.0400000000000000,"Block A,Block B,Block C","2024-2025,2024-2025,2024-2025",118,18.15,0,0,0,100.0,0.0,0.0,29,-3,0,0
12,2021-2022 Hostel Election,2022,2,Friday,167.9999999997222,2021-2022,HOSTEL,None,64,Clerk - Block 2,Block 2,5,1353,Block 2,2024-2025,0,0,0,17276.5,34.0400000000000000,"Block A,Block B,Block C","2024-2025,2024-2025,2024-2025",124,19.08,0,0,0,100.0,0.0,0.0,23,-6,0,0
12,2021-2022 Hostel Election,2022,2,Friday,167.9999999997222,2021-2022,HOSTEL,None,65,Clerk - Block 3,Block 3,5,1359,Block 3,2024-2025,0,0,0,17276.5,34.0400000000000000,"Block A,Block B,Block C","2024-2025,2024-2025,2024-2025",101,15.03,0,0,0,100.0,0.0,0.0,57,0,0,0
12,2021-2022 Hostel Election,2022,2,Friday,167.9999999997222,2021-2022,HOSTEL,None,65,Clerk - Block 3,Block 3,5,1357,Block 3,2024-2025,0,0,0,17276.5,34.0400000000000000,"Block A,Block B,Block C","2024-2025,2024-2025,2024-2025",136,20.24,0,0,0,100.0,0.0,0.0,22,-35,0,0
12,2021-2022 Hostel Election,2022,2,Friday,167.9999999997222,2021-2022,HOSTEL,None,65,Clerk - Block 3,Block 3,5,1360,Block 3,2024-2025,0,0,0,17276.5,34.0400000000000000,"Block A,Block B,Block C","2024-2025,2024-2025,2024-2025",139,20.69,0,0,0,100.0,0.0,0.0,19,-1,0,0
12,2021-2022 Hostel Election,2022,2,Friday,167.9999999997222,2021-2022,HOSTEL,None,65,Clerk - Block 3,Block 3,5,1356,Block 3,2024-2025,0,0,0,17276.5,34.0400000000000000,"Block A,Block B,Block C","2024-2025,2024-2025,2024-2025",158,23.51,1,0,0,100.0,0.0,0.0,19,20,0,0
12,2021-2022 Hostel Election,2022,2,Friday,167.9999999997222,2021-2022,HOSTEL,None,65,Clerk - Block 3,Block 3,5,1358,Block 3,2024-2025,0,0,0,17276.5,34.0400000000000000,"Block A,Block B,Block C","2024-2025,2024-2025,2024-2025",138,20.54,0,0,0,100.0,0.0,0.0,20,-2,0,0
12,2021-2022 Hostel Election,2022,2,Friday,167.9999999997222,2021-2022,HOSTEL,None,66,Clerk - Block 4,Block 4,5,1363,Block 4,2024-2025,0,0,0,17276.5,34.0400000000000000,"Block A,Block B,Block C","2024-2025,2024-2025,2024-2025",137,19.57,0,0,0,100.0,0.0,0.0,10,-11,0,0
12,2021-2022 Hostel Election,2022,2,Friday,167.9999999997222,2021-2022,HOSTEL,None,66,Clerk - Block 4,Block 4,5,1362,Block 4,2024-2025,0,0,0,17276.5,34.0400000000000000,"Block A,Block B,Block C","2024-2025,2024-2025,2024-2025",126,18.00,0,0,0,100.0,0.0,0.0,21,0,0,0
12,2021-2022 Hostel Election,2022,2,Friday,167.9999999997222,2021-2022,HOSTEL,None,66,Clerk - Block 4,Block 4,5,1361,Block 4,2024-2025,0,0,0,17276.5,34.0400000000000000,"Block A,Block B,Block C","2024-2025,2024-2025,2024-2025",147,21.00,1,0,0,100.0,0.0,0.0,0,4,0,0
12,2021-2022 Hostel Election,2022,2,Friday,167.9999999997222,2021-2022,HOSTEL,None,66,Clerk - Block 4,Block 4,5,1365,Block 4,2024-2025,0,0,0,17276.5,34.0400000000000000,"Block A,Block B,Block C","2024-2025,2024-2025,2024-2025",143,20.43,0,0,0,100.0,0.0,0.0,4,-6,0,0
12,2021-2022 Hostel Election,2022,2,Friday,167.9999999997222,2021-2022,HOSTEL,None,66,Clerk - Block 4,Block 4,5,1364,Block 4,2024-2025,0,0,0,17276.5,34.0400000000000000,"Block A,Block B,Block C","2024-2025,2024-2025,2024-2025",147,21.00,0,0,0,100.0,0.0,0.0,0,-4,0,0
12,2021-2022 Hostel Election,2022,2,Friday,167.9999999997222,2021-2022,HOSTEL,None,67,Clerk - Block 5,Block 5,5,1369,Block 5,2024-2025,0,0,0,17276.5,34.0400000000000000,"Block A,Block B,Block C","2024-2025,2024-2025,2024-2025",139,20.20,0,0,0,100.0,0.0,0.0,11,-5,0,0
12,2021-2022 Hostel Election,2022,2,Friday,167.9999999997222,2021-2022,HOSTEL,None,67,Clerk - Block 5,Block 5,5,1367,Block 5,2024-2025,0,0,0,17276.5,34.0400000000000000,"Block A,Block B,Block C","2024-2025,2024-2025,2024-2025",117,17.01,0,0,0,100.0,0.0,0.0,33,0,0,0
12,2021-2022 Hostel Election,2022,2,Friday,167.9999999997222,2021-2022,HOSTEL,None,67,Clerk - Block 5,Block 5,5,1368,Block 5,2024-2025,0,0,0,17276.5,34.0400000000000000,"Block A,Block B,Block C","2024-2025,2024-2025,2024-2025",134,19.48,0,0,0,100.0,0.0,0.0,16,-17,0,0
12,2021-2022 Hostel Election,2022,2,Friday,167.9999999997222,2021-2022,HOSTEL,None,67,Clerk - Block 5,Block 5,5,1370,Block 5,2024-2025,0,0,0,17276.5,34.0400000000000000,"Block A,Block B,Block C","2024-2025,2024-2025,2024-2025",148,21.51,0,0,0,100.0,0.0,0.0,2,-9,0,0
12,2021-2022 Hostel Election,2022,2,Friday,167.9999999997222,2021-2022,HOSTEL,None,67,Clerk - Block 5,Block 5,5,1366,Block 5,2024-2025,0,0,0,17276.5,34.0400000000000000,"Block A,Block B,Block C","2024-2025,2024-2025,2024-2025",150,21.80,1,0,0,100.0,0.0,0.0,2,11,0,0
12,2021-2022 Hostel Election,2022,2,Friday,167.9999999997222,2021-2022,HOSTEL,None,68,Clerk - Block 1,Block 1,5,1375,Block 1,2024-2025,0,0,0,17276.5,34.0400000000000000,"Block A,Block B,Block C","2024-2025,2024-2025,2024-2025",351,19.94,0,0,0,100.0,0.0,0.0,16,-3,0,0
12,2021-2022 Hostel Election,2022,2,Friday,167.9999999997222,2021-2022,HOSTEL,None,68,Clerk - Block 1,Block 1,5,1372,Block 1,2024-2025,0,0,0,17276.5,34.0400000000000000,"Block A,Block B,Block C","2024-2025,2024-2025,2024-2025",330,18.75,0,0,0,100.0,0.0,0.0,37,0,0,0
12,2021-2022 Hostel Election,2022,2,Friday,167.9999999997222,2021-2022,HOSTEL,None,68,Clerk - Block 1,Block 1,5,1374,Block 1,2024-2025,0,0,0,17276.5,34.0400000000000000,"Block A,Block B,Block C","2024-2025,2024-2025,2024-2025",364,20.68,0,0,0,100.0,0.0,0.0,3,-13,0,0
12,2021-2022 Hostel Election,2022,2,Friday,167.9999999997222,2021-2022,HOSTEL,None,68,Clerk - Block 1,Block 1,5,1371,Block 1,2024-2025,0,0,0,17276.5,34.0400000000000000,"Block A,Block B,Block C","2024-2025,2024-2025,2024-2025",348,19.77,0,0,0,100.0,0.0,0.0,19,-18,0,0
12,2021-2022 Hostel Election,2022,2,Friday,167.9999999997222,2021-2022,HOSTEL,None,68,Clerk - Block 1,Block 1,5,1373,Block 1,2024-2025,0,0,0,17276.5,34.0400000000000000,"Block A,Block B,Block C","2024-2025,2024-2025,2024-2025",367,20.85,1,0,0,100.0,0.0,0.0,3,16,0,0
12,2021-2022 Hostel Election,2022,2,Friday,167.9999999997222,2021-2022,HOSTEL,None,69,Clerk - Block 2,Block 2,5,1379,Block 2,2024-2025,0,0,0,17276.5,34.0400000000000000,"Block A,Block B,Block C","2024-2025,2024-2025,2024-2025",336,20.38,1,0,0,100.0,0.0,0.0,2,2,0,0
12,2021-2022 Hostel Election,2022,2,Friday,167.9999999997222,2021-2022,HOSTEL,None,69,Clerk - Block 2,Block 2,5,1376,Block 2,2024-2025,0,0,0,17276.5,34.0400000000000000,"Block A,Block B,Block C","2024-2025,2024-2025,2024-2025",333,20.19,0,0,0,100.0,0.0,0.0,3,-21,0,0
12,2021-2022 Hostel Election,2022,2,Friday,167.9999999997222,2021-2022,HOSTEL,None,69,Clerk - Block 2,Block 2,5,1377,Block 2,2024-2025,0,0,0,17276.5,34.0400000000000000,"Block A,Block B,Block C","2024-2025,2024-2025,2024-2025",312,18.92,0,0,0,100.0,0.0,0.0,24,0,0,0
12,2021-2022 Hostel Election,2022,2,Friday,167.9999999997222,2021-2022,HOSTEL,None,69,Clerk - Block 2,Block 2,5,1378,Block 2,2024-2025,0,0,0,17276.5,34.0400000000000000,"Block A,Block B,Block C","2024-2025,2024-2025,2024-2025",334,20.26,0,0,0,100.0,0.0,0.0,2,0,0,0
12,2021-2022 Hostel Election,2022,2,Friday,167.9999999997222,2021-2022,HOSTEL,None,69,Clerk - Block 2,Block 2,5,1380,Block 2,2024-2025,0,0,0,17276.5,34.0400000000000000,"Block A,Block B,Block C","2024-2025,2024-2025,2024-2025",334,20.26,0,0,0,100.0,0.0,0.0,2,-1,0,0
11,2021-2022 College Election,2022,2,Sunday,95.99999999972222,2021-2022,COLLEGE,None,2,Governor - College of Education (COED),College of Education (COED),5,1041,Block D,2024-2025,0,0,0,17276.5,34.1450000000000000,"Block P,Block 6,Block 9","2024-2025,2024-2025,2024-2025",691,20.19,0,0,0,100.0,0.0,0.0,15,-7,0,0
11,2021-2022 College Election,2022,2,Sunday,95.99999999972222,2021-2022,COLLEGE,None,2,Governor - College of Education (COED),College of Education (COED),5,1044,Block T,2024-2025,0,0,0,17276.5,34.1450000000000000,"Block P,Block 6,Block 9","2024-2025,2024-2025,2024-2025",684,19.98,0,0,0,100.0,0.0,0.0,22,-40,0,0
11,2021-2022 College Election,2022,2,Sunday,95.99999999972222,2021-2022,COLLEGE,None,2,Governor - College of Education (COED),College of Education (COED),5,1042,Block S,2024-2025,0,0,0,17276.5,34.1450000000000000,"Block P,Block 6,Block 9","2024-2025,2024-2025,2024-2025",644,18.81,0,0,0,100.0,0.0,0.0,62,0,0,0
11,2021-2022 College Election,2022,2,Sunday,95.99999999972222,2021-2022,COLLEGE,None,2,Governor - College of Education (COED),College of Education (COED),5,1043,Block B,2024-2025,0,0,0,17276.5,34.1450000000000000,"Block P,Block 6,Block 9","2024-2025,2024-2025,2024-2025",698,20.39,0,0,0,100.0,0.0,0.0,8,-7,0,0
11,2021-2022 College Election,2022,2,Sunday,95.99999999972222,2021-2022,COLLEGE,None,2,Governor - College of Education (COED),College of Education (COED),5,1045,Block Q,2024-2025,0,0,0,17276.5,34.1450000000000000,"Block P,Block 6,Block 9","2024-2025,2024-2025,2024-2025",706,20.63,1,0,0,100.0,0.0,0.0,8,15,0,0
11,2021-2022 College Election,2022,2,Sunday,95.99999999972222,2021-2022,COLLEGE,None,3,Governor - College of Informatics and Virtual Education (CIVE),College of Informatics and Virtual Education (CIVE),5,1047,Block 5,2024-2025,0,0,0,17276.5,34.1450000000000000,"Block P,Block 6,Block 9","2024-2025,2024-2025,2024-2025",696,20.24,1,0,0,100.0,0.0,0.0,0,2,0,0
11,2021-2022 College Election,2022,2,Sunday,95.99999999972222,2021-2022,COLLEGE,None,3,Governor - College of Informatics and Virtual Education (CIVE),College of Informatics and Virtual Education (CIVE),5,1046,Block 3,2024-2025,0,0,0,17276.5,34.1450000000000000,"Block P,Block 6,Block 9","2024-2025,2024-2025,2024-2025",694,20.18,0,0,0,100.0,0.0,0.0,2,-16,0,0
11,2021-2022 College Election,2022,2,Sunday,95.99999999972222,2021-2022,COLLEGE,None,3,Governor - College of Informatics and Virtual Education (CIVE),College of Informatics and Virtual Education (CIVE),5,1049,Block 6,2024-2025,0,0,0,17276.5,34.1450000000000000,"Block P,Block 6,Block 9","2024-2025,2024-2025,2024-2025",678,19.72,0,0,0,100.0,0.0,0.0,18,-3,0,0
11,2021-2022 College Election,2022,2,Sunday,95.99999999972222,2021-2022,COLLEGE,None,3,Governor - College of Informatics and Virtual Education (CIVE),College of Informatics and Virtual Education (CIVE),5,1048,Block 3,2024-2025,0,0,0,17276.5,34.1450000000000000,"Block P,Block 6,Block 9","2024-2025,2024-2025,2024-2025",675,19.63,0,0,0,100.0,0.0,0.0,21,0,0,0
11,2021-2022 College Election,2022,2,Sunday,95.99999999972222,2021-2022,COLLEGE,None,3,Governor - College of Informatics and Virtual Education (CIVE),College of Informatics and Virtual Education (CIVE),5,1050,Block 6,2024-2025,0,0,0,17276.5,34.1450000000000000,"Block P,Block 6,Block 9","2024-2025,2024-2025,2024-2025",696,20.24,0,0,0,100.0,0.0,0.0,0,-2,0,0
11,2021-2022 College Election,2022,2,Sunday,95.99999999972222,2021-2022,COLLEGE,None,4,Governor - College of Earth Science (COES),College of Earth Science (COES),5,1054,Block 7,2024-2025,0,0,0,17276.5,34.1450000000000000,"Block P,Block 6,Block 9","2024-2025,2024-2025,2024-2025",675,20.15,0,0,0,100.0,0.0,0.0,17,-10,0,0
11,2021-2022 College Election,2022,2,Sunday,95.99999999972222,2021-2022,COLLEGE,None,4,Governor - College of Earth Science (COES),College of Earth Science (COES),5,1053,Block 7,2024-2025,0,0,0,17276.5,34.1450000000000000,"Block P,Block 6,Block 9","2024-2025,2024-2025,2024-2025",659,19.67,0,0,0,100.0,0.0,0.0,33,0,0,0
11,2021-2022 College Election,2022,2,Sunday,95.99999999972222,2021-2022,COLLEGE,None,4,Governor - College of Earth Science (COES),College of Earth Science (COES),5,1055,Block 6,2024-2025,0,0,0,17276.5,34.1450000000000000,"Block P,Block 6,Block 9","2024-2025,2024-2025,2024-2025",692,20.66,1,0,0,100.0,0.0,0.0,17,27,0,0
11,2021-2022 College Election,2022,2,Sunday,95.99999999972222,2021-2022,COLLEGE,None,4,Governor - College of Earth Science (COES),College of Earth Science (COES),5,1051,Block 8,2024-2025,0,0,0,17276.5,34.1450000000000000,"Block P,Block 6,Block 9","2024-2025,2024-2025,2024-2025",665,19.85,0,0,0,100.0,0.0,0.0,27,-6,0,0
11,2021-2022 College Election,2022,2,Sunday,95.99999999972222,2021-2022,COLLEGE,None,4,Governor - College of Earth Science (COES),College of Earth Science (COES),5,1052,Block 8,2024-2025,0,0,0,17276.5,34.1450000000000000,"Block P,Block 6,Block 9","2024-2025,2024-2025,2024-2025",659,19.67,0,0,0,100.0,0.0,0.0,33,0,0,0
11,2021-2022 College Election,2022,2,Sunday,95.99999999972222,2021-2022,COLLEGE,None,5,Governor - College of Natural and Mathematical Sciences (CNMS),College of Natural and Mathematical Sciences (CNMS),5,1056,Block 10,2024-2025,0,0,0,17276.5,34.1450000000000000,"Block P,Block 6,Block 9","2024-2025,2024-2025,2024-2025",669,19.44,0,0,0,100.0,0.0,0.0,53,-3,0,0
11,2021-2022 College Election,2022,2,Sunday,95.99999999972222,2021-2022,COLLEGE,None,5,Governor - College of Natural and Mathematical Sciences (CNMS),College of Natural and Mathematical Sciences (CNMS),5,1060,Block 11,2024-2025,0,0,0,17276.5,34.1450000000000000,"Block P,Block 6,Block 9","2024-2025,2024-2025,2024-2025",708,20.57,0,0,0,100.0,0.0,0.0,14,-31,0,0
11,2021-2022 College Election,2022,2,Sunday,95.99999999972222,2021-2022,COLLEGE,None,5,Governor - College of Natural and Mathematical Sciences (CNMS),College of Natural and Mathematical Sciences (CNMS),5,1057,Block 12,2024-2025,0,0,0,17276.5,34.1450000000000000,"Block P,Block 6,Block 9","2024-2025,2024-2025,2024-2025",677,19.67,0,0,0,100.0,0.0,0.0,45,-8,0,0
11,2021-2022 College Election,2022,2,Sunday,95.99999999972222,2021-2022,COLLEGE,None,5,Governor - College of Natural and Mathematical Sciences (CNMS),College of Natural and Mathematical Sciences (CNMS),5,1059,Block 10,2024-2025,0,0,0,17276.5,34.1450000000000000,"Block P,Block 6,Block 9","2024-2025,2024-2025,2024-2025",666,19.35,0,0,0,100.0,0.0,0.0,56,0,0,0
11,2021-2022 College Election,2022,2,Sunday,95.99999999972222,2021-2022,COLLEGE,None,5,Governor - College of Natural and Mathematical Sciences (CNMS),College of Natural and Mathematical Sciences (CNMS),5,1058,Block 10,2024-2025,0,0,0,17276.5,34.1450000000000000,"Block P,Block 6,Block 9","2024-2025,2024-2025,2024-2025",722,20.98,1,0,0,100.0,0.0,0.0,14,45,0,0
11,2021-2022 College Election,2022,2,Sunday,95.99999999972222,2021-2022,COLLEGE,None,6,Governor - College of Business and Economics (COBE),College of Business and Economics (COBE),5,1062,Block 13,2024-2025,0,0,0,17276.5,34.1450000000000000,"Block P,Block 6,Block 9","2024-2025,2024-2025,2024-2025",691,20.02,0,0,0,100.0,0.0,0.0,34,-7,0,0
11,2021-2022 College Election,2022,2,Sunday,95.99999999972222,2021-2022,COLLEGE,None,6,Governor - College of Business and Economics (COBE),College of Business and Economics (COBE),5,1063,Block 10,2024-2025,0,0,0,17276.5,34.1450000000000000,"Block P,Block 6,Block 9","2024-2025,2024-2025,2024-2025",684,19.82,0,0,0,100.0,0.0,0.0,41,-24,0,0
11,2021-2022 College Election,2022,2,Sunday,95.99999999972222,2021-2022,COLLEGE,None,6,Governor - College of Business and Economics (COBE),College of Business and Economics (COBE),5,1065,Block 17,2024-2025,0,0,0,17276.5,34.1450000000000000,"Block P,Block 6,Block 9","2024-2025,2024-2025,2024-2025",660,19.13,0,0,0,100.0,0.0,0.0,65,0,0,0
11,2021-2022 College Election,2022,2,Sunday,95.99999999972222,2021-2022,COLLEGE,None,6,Governor - College of Business and Economics (COBE),College of Business and Economics (COBE),5,1064,Block 11,2024-2025,0,0,0,17276.5,34.1450000000000000,"Block P,Block 6,Block 9","2024-2025,2024-2025,2024-2025",725,21.01,1,0,0,100.0,0.0,0.0,34,34,0,0
11,2021-2022 College Election,2022,2,Sunday,95.99999999972222,2021-2022,COLLEGE,None,6,Governor - College of Business and Economics (COBE),College of Business and Economics (COBE),5,1061,Block 4,2024-2025,0,0,0,17276.5,34.1450000000000000,"Block P,Block 6,Block 9","2024-2025,2024-2025,2024-2025",691,20.02,0,0,0,100.0,0.0,0.0,34,0,0,0
11,2021-2022 College Election,2022,2,Sunday,95.99999999972222,2021-2022,COLLEGE,None,7,Governor - College of Humanities and Social Sciences (CHSS),College of Humanities and Social Sciences (CHSS),5,1069,Block 4,2024-2025,0,0,0,17276.5,34.1450000000000000,"Block P,Block 6,Block 9","2024-2025,2024-2025,2024-2025",651,19.17,0,0,0,100.0,0.0,0.0,66,0,0,0
11,2021-2022 College Election,2022,2,Sunday,95.99999999972222,2021-2022,COLLEGE,None,7,Governor - College of Humanities and Social Sciences (CHSS),College of Humanities and Social Sciences (CHSS),5,1066,Block 1,2024-2025,0,0,0,17276.5,34.1450000000000000,"Block P,Block 6,Block 9","2024-2025,2024-2025,2024-2025",661,19.46,0,0,0,100.0,0.0,0.0,56,-10,0,0
11,2021-2022 College Election,2022,2,Sunday,95.99999999972222,2021-2022,COLLEGE,None,7,Governor - College of Humanities and Social Sciences (CHSS),College of Humanities and Social Sciences (CHSS),5,1070,Block 1,2024-2025,0,0,0,17276.5,34.1450000000000000,"Block P,Block 6,Block 9","2024-2025,2024-2025,2024-2025",688,20.26,0,0,0,100.0,0.0,0.0,29,-9,0,0
11,2021-2022 College Election,2022,2,Sunday,95.99999999972222,2021-2022,COLLEGE,None,7,Governor - College of Humanities and Social Sciences (CHSS),College of Humanities and Social Sciences (CHSS),5,1068,Block 3,2024-2025,0,0,0,17276.5,34.1450000000000000,"Block P,Block 6,Block 9","2024-2025,2024-2025,2024-2025",679,19.99,0,0,0,100.0,0.0,0.0,38,-18,0,0
11,2021-2022 College Election,2022,2,Sunday,95.99999999972222,2021-2022,COLLEGE,None,7,Governor - College of Humanities and Social Sciences (CHSS),College of Humanities and Social Sciences (CHSS),5,1067,Block 5,2024-2025,0,0,0,17276.5,34.1450000000000000,"Block P,Block 6,Block 9","2024-2025,2024-2025,2024-2025",717,21.11,1,0,0,100.0,0.0,0.0,29,38,0,0
11,2021-2022 College Election,2022,2,Sunday,95.99999999972222,2021-2022,COLLEGE,None,8,Governor - College of Health Sciences,College of Health Sciences,5,1075,Block 2,2024-2025,0,0,0,17276.5,34.1450000000000000,"Block P,Block 6,Block 9","2024-2025,2024-2025,2024-2025",670,19.91,0,0,0,100.0,0.0,0.0,32,-15,0,0
11,2021-2022 College Election,2022,2,Sunday,95.99999999972222,2021-2022,COLLEGE,None,8,Governor - College of Health Sciences,College of Health Sciences,5,1074,Block 2,2024-2025,0,0,0,17276.5,34.1450000000000000,"Block P,Block 6,Block 9","2024-2025,2024-2025,2024-2025",651,19.35,0,0,0,100.0,0.0,0.0,51,0,0,0
11,2021-2022 College Election,2022,2,Sunday,95.99999999972222,2021-2022,COLLEGE,None,8,Governor - College of Health Sciences,College of Health Sciences,5,1072,Block 1,2024-2025,0,0,0,17276.5,34.1450000000000000,"Block P,Block 6,Block 9","2024-2025,2024-2025,2024-2025",687,20.42,0,0,0,100.0,0.0,0.0,15,-17,0,0
11,2021-2022 College Election,2022,2,Sunday,95.99999999972222,2021-2022,COLLEGE,None,8,Governor - College of Health Sciences,College of Health Sciences,5,1071,Block 2,2024-2025,0,0,0,17276.5,34.1450000000000000,"Block P,Block 6,Block 9","2024-2025,2024-2025,2024-2025",655,19.47,0,0,0,100.0,0.0,0.0,47,-4,0,0
11,2021-2022 College Election,2022,2,Sunday,95.99999999972222,2021-2022,COLLEGE,None,8,Governor - College of Health Sciences,College of Health Sciences,5,1073,Block 2,2024-2025,0,0,0,17276.5,34.1450000000000000,"Block P,Block 6,Block 9","2024-2025,2024-2025,2024-2025",702,20.86,1,0,0,100.0,0.0,0.0,15,32,0,0
7,2022-2023 University Election,2022,12,Monday,119.99999999972222,2022-2023,UNIVERSITY,None,1,President,University of Dodoma (UDOM),5,691,Block 10,2024-2025,0,0,0,17276.5,33.7300000000000000,"Block 7,Block 1,Block 7","2024-2025,2024-2025,2024-2025",4712,19.92,0,0,0,55.90597784729855,20.038894055973618,0.2663397311237,101,-11,0,0
7,2022-2023 University Election,2022,12,Monday,119.99999999972222,2022-2023,UNIVERSITY,None,1,President,University of Dodoma (UDOM),5,693,Block 13,2024-2025,0,0,0,17276.5,33.7300000000000000,"Block 7,Block 1,Block 7","2024-2025,2024-2025,2024-2025",4670,19.74,0,0,0,55.90597784729855,20.038894055973618,0.2663397311237,143,0,0,0
7,2022-2023 University Election,2022,12,Monday,119.99999999972222,2022-2023,UNIVERSITY,None,1,President,University of Dodoma (UDOM),5,695,Block N,2024-2025,0,0,0,17276.5,33.7300000000000000,"Block 7,Block 1,Block 7","2024-2025,2024-2025,2024-2025",4701,19.87,0,0,0,55.90597784729855,20.038894055973618,0.2663397311237,112,-31,0,0
7,2022-2023 University Election,2022,12,Monday,119.99999999972222,2022-2023,UNIVERSITY,None,1,President,University of Dodoma (UDOM),5,692,Block 2,2024-2025,0,0,0,17276.5,33.7300000000000000,"Block 7,Block 1,Block 7","2024-2025,2024-2025,2024-2025",4758,20.12,0,0,0,55.90597784729855,20.038894055973618,0.2663397311237,55,-46,0,0
7,2022-2023 University Election,2022,12,Monday,119.99999999972222,2022-2023,UNIVERSITY,None,1,President,University of Dodoma (UDOM),5,694,Block 5,2024-2025,0,0,0,17276.5,33.7300000000000000,"Block 7,Block 1,Block 7","2024-2025,2024-2025,2024-2025",4813,20.35,1,0,0,55.90597784729855,20.038894055973618,0.2663397311237,55,101,0,0
8,2022-2023 College Election,2023,1,Tuesday,95.99999999972222,2022-2023,COLLEGE,None,2,Governor - College of Education (COED),College of Education (COED),5,697,Block I,2024-2025,0,0,0,17276.5,34.1450000000000000,"Block P,Block 6,Block 9","2024-2025,2024-2025,2024-2025",701,20.65,0,0,0,100.0,0.0,0.0,10,-22,0,0
8,2022-2023 College Election,2023,1,Tuesday,95.99999999972222,2022-2023,COLLEGE,None,2,Governor - College of Education (COED),College of Education (COED),5,698,Block C,2024-2025,0,0,0,17276.5,34.1450000000000000,"Block P,Block 6,Block 9","2024-2025,2024-2025,2024-2025",670,19.74,0,0,0,100.0,0.0,0.0,41,-37,0,0
8,2022-2023 College Election,2023,1,Tuesday,95.99999999972222,2022-2023,COLLEGE,None,2,Governor - College of Education (COED),College of Education (COED),5,696,Block C,2024-2025,0,0,0,17276.5,34.1450000000000000,"Block P,Block 6,Block 9","2024-2025,2024-2025,2024-2025",633,18.65,0,0,0,100.0,0.0,0.0,78,0,0,0
8,2022-2023 College Election,2023,1,Tuesday,95.99999999972222,2022-2023,COLLEGE,None,2,Governor - College of Education (COED),College of Education (COED),5,699,Block E,2024-2025,0,0,0,17276.5,34.1450000000000000,"Block P,Block 6,Block 9","2024-2025,2024-2025,2024-2025",679,20.01,0,0,0,100.0,0.0,0.0,32,-9,0,0
8,2022-2023 College Election,2023,1,Tuesday,95.99999999972222,2022-2023,COLLEGE,None,2,Governor - College of Education (COED),College of Education (COED),5,700,Block M,2024-2025,0,0,0,17276.5,34.1450000000000000,"Block P,Block 6,Block 9","2024-2025,2024-2025,2024-2025",711,20.95,1,0,0,100.0,0.0,0.0,10,32,0,0
8,2022-2023 College Election,2023,1,Tuesday,95.99999999972222,2022-2023,COLLEGE,None,3,Governor - College of Informatics and Virtual Education (CIVE),College of Informatics and Virtual Education (CIVE),5,701,Block 2,2024-2025,0,0,0,17276.5,34.1450000000000000,"Block P,Block 6,Block 9","2024-2025,2024-2025,2024-2025",660,19.38,0,0,0,100.0,0.0,0.0,47,-14,0,0
8,2022-2023 College Election,2023,1,Tuesday,95.99999999972222,2022-2023,COLLEGE,None,3,Governor - College of Informatics and Virtual Education (CIVE),College of Informatics and Virtual Education (CIVE),5,705,Block 2,2024-2025,0,0,0,17276.5,34.1450000000000000,"Block P,Block 6,Block 9","2024-2025,2024-2025,2024-2025",646,18.97,0,0,0,100.0,0.0,0.0,61,0,0,0
8,2022-2023 College Election,2023,1,Tuesday,95.99999999972222,2022-2023,COLLEGE,None,3,Governor - College of Informatics and Virtual Education (CIVE),College of Informatics and Virtual Education (CIVE),5,703,Block 5,2024-2025,0,0,0,17276.5,34.1450000000000000,"Block P,Block 6,Block 9","2024-2025,2024-2025,2024-2025",707,20.76,1,0,0,100.0,0.0,0.0,4,18,0,0
8,2022-2023 College Election,2023,1,Tuesday,95.99999999972222,2022-2023,COLLEGE,None,3,Governor - College of Informatics and Virtual Education (CIVE),College of Informatics and Virtual Education (CIVE),5,702,Block 1,2024-2025,0,0,0,17276.5,34.1450000000000000,"Block P,Block 6,Block 9","2024-2025,2024-2025,2024-2025",689,20.24,0,0,0,100.0,0.0,0.0,18,-29,0,0
8,2022-2023 College Election,2023,1,Tuesday,95.99999999972222,2022-2023,COLLEGE,None,3,Governor - College of Informatics and Virtual Education (CIVE),College of Informatics and Virtual Education (CIVE),5,704,Block 6,2024-2025,0,0,0,17276.5,34.1450000000000000,"Block P,Block 6,Block 9","2024-2025,2024-2025,2024-2025",703,20.65,0,0,0,100.0,0.0,0.0,4,-14,0,0
8,2022-2023 College Election,2023,1,Tuesday,95.99999999972222,2022-2023,COLLEGE,None,4,Governor - College of Earth Science (COES),College of Earth Science (COES),5,710,Block 7,2024-2025,0,0,0,17276.5,34.1450000000000000,"Block P,Block 6,Block 9","2024-2025,2024-2025,2024-2025",708,21.40,1,0,0,100.0,0.0,0.0,26,39,0,0
8,2022-2023 College Election,2023,1,Tuesday,95.99999999972222,2022-2023,COLLEGE,None,4,Governor - College of Earth Science (COES),College of Earth Science (COES),5,706,Block 9,2024-2025,0,0,0,17276.5,34.1450000000000000,"Block P,Block 6,Block 9","2024-2025,2024-2025,2024-2025",682,20.61,0,0,0,100.0,0.0,0.0,26,-13,0,0
8,2022-2023 College Election,2023,1,Tuesday,95.99999999972222,2022-2023,COLLEGE,None,4,Governor - College of Earth Science (COES),College of Earth Science (COES),5,708,Block 6,2024-2025,0,0,0,17276.5,34.1450000000000000,"Block P,Block 6,Block 9","2024-2025,2024-2025,2024-2025",637,19.25,0,0,0,100.0,0.0,0.0,71,-24,0,0
8,2022-2023 College Election,2023,1,Tuesday,95.99999999972222,2022-2023,COLLEGE,None,4,Governor - College of Earth Science (COES),College of Earth Science (COES),5,707,Block 6,2024-2025,0,0,0,17276.5,34.1450000000000000,"Block P,Block 6,Block 9","2024-2025,2024-2025,2024-2025",669,20.22,0,0,0,100.0,0.0,0.0,39,-32,0,0
8,2022-2023 College Election,2023,1,Tuesday,95.99999999972222,2022-2023,COLLEGE,None,4,Governor - College of Earth Science (COES),College of Earth Science (COES),5,709,Block 9,2024-2025,0,0,0,17276.5,34.1450000000000000,"Block P,Block 6,Block 9","2024-2025,2024-2025,2024-2025",613,18.53,0,0,0,100.0,0.0,0.0,95,0,0,0
8,2022-2023 College Election,2023,1,Tuesday,95.99999999972222,2022-2023,COLLEGE,None,5,Governor - College of Natural and Mathematical Sciences (CNMS),College of Natural and Mathematical Sciences (CNMS),5,715,Block 12,2024-2025,0,0,0,17276.5,34.1450000000000000,"Block P,Block 6,Block 9","2024-2025,2024-2025,2024-2025",730,21.42,1,0,0,100.0,0.0,0.0,27,47,0,0
8,2022-2023 College Election,2023,1,Tuesday,95.99999999972222,2022-2023,COLLEGE,None,5,Governor - College of Natural and Mathematical Sciences (CNMS),College of Natural and Mathematical Sciences (CNMS),5,711,Block 14,2024-2025,0,0,0,17276.5,34.1450000000000000,"Block P,Block 6,Block 9","2024-2025,2024-2025,2024-2025",683,20.04,0,0,0,100.0,0.0,0.0,47,-24,0,0
8,2022-2023 College Election,2023,1,Tuesday,95.99999999972222,2022-2023,COLLEGE,None,5,Governor - College of Natural and Mathematical Sciences (CNMS),College of Natural and Mathematical Sciences (CNMS),5,712,Block 14,2024-2025,0,0,0,17276.5,34.1450000000000000,"Block P,Block 6,Block 9","2024-2025,2024-2025,2024-2025",633,18.57,0,0,0,100.0,0.0,0.0,97,0,0,0
8,2022-2023 College Election,2023,1,Tuesday,95.99999999972222,2022-2023,COLLEGE,None,5,Governor - College of Natural and Mathematical Sciences (CNMS),College of Natural and Mathematical Sciences (CNMS),5,713,Block 12,2024-2025,0,0,0,17276.5,34.1450000000000000,"Block P,Block 6,Block 9","2024-2025,2024-2025,2024-2025",659,19.34,0,0,0,100.0,0.0,0.0,71,-26,0,0
8,2022-2023 College Election,2023,1,Tuesday,95.99999999972222,2022-2023,COLLEGE,None,5,Governor - College of Natural and Mathematical Sciences (CNMS),College of Natural and Mathematical Sciences (CNMS),5,714,Block 11,2024-2025,0,0,0,17276.5,34.1450000000000000,"Block P,Block 6,Block 9","2024-2025,2024-2025,2024-2025",703,20.63,0,0,0,100.0,0.0,0.0,27,-20,0,0
8,2022-2023 College Election,2023,1,Tuesday,95.99999999972222,2022-2023,COLLEGE,None,6,Governor - College of Business and Economics (COBE),College of Business and Economics (COBE),5,720,Block 9,2024-2025,0,0,1,17276.5,34.1450000000000000,"Block P,Block 6,Block 9","2024-2025,2024-2025,2024-2025",703,20.52,0,0,0,100.0,0.0,0.0,4,-20,0,0
8,2022-2023 College Election,2023,1,Tuesday,95.99999999972222,2022-2023,COLLEGE,None,6,Governor - College of Business and Economics (COBE),College of Business and Economics (COBE),5,716,Block 6,2024-2025,0,0,0,17276.5,34.1450000000000000,"Block P,Block 6,Block 9","2024-2025,2024-2025,2024-2025",663,19.35,0,0,0,100.0,0.0,0.0,44,0,0,0
8,2022-2023 College Election,2023,1,Tuesday,95.99999999972222,2022-2023,COLLEGE,None,6,Governor - College of Business and Economics (COBE),College of Business and Economics (COBE),5,717,Block 2,2024-2025,0,0,0,17276.5,34.1450000000000000,"Block P,Block 6,Block 9","2024-2025,2024-2025,2024-2025",707,20.64,1,0,0,100.0,0.0,0.0,4,24,0,0
8,2022-2023 College Election,2023,1,Tuesday,95.99999999972222,2022-2023,COLLEGE,None,6,Governor - College of Business and Economics (COBE),College of Business and Economics (COBE),5,719,Block 8,2024-2025,0,0,0,17276.5,34.1450000000000000,"Block P,Block 6,Block 9","2024-2025,2024-2025,2024-2025",683,19.94,0,0,0,100.0,0.0,0.0,24,-13,0,0
8,2022-2023 College Election,2023,1,Tuesday,95.99999999972222,2022-2023,COLLEGE,None,6,Governor - College of Business and Economics (COBE),College of Business and Economics (COBE),5,718,Block 4,2024-2025,0,0,0,17276.5,34.1450000000000000,"Block P,Block 6,Block 9","2024-2025,2024-2025,2024-2025",670,19.56,0,0,0,100.0,0.0,0.0,37,-7,0,0
8,2022-2023 College Election,2023,1,Tuesday,95.99999999972222,2022-2023,COLLEGE,None,7,Governor - College of Humanities and Social Sciences (CHSS),College of Humanities and Social Sciences (CHSS),5,723,Block 5,2024-2025,0,0,0,17276.5,34.1450000000000000,"Block P,Block 6,Block 9","2024-2025,2024-2025,2024-2025",688,20.60,0,0,0,100.0,0.0,0.0,2,-13,0,0
8,2022-2023 College Election,2023,1,Tuesday,95.99999999972222,2022-2023,COLLEGE,None,7,Governor - College of Humanities and Social Sciences (CHSS),College of Humanities and Social Sciences (CHSS),5,722,Block 5,2024-2025,0,0,0,17276.5,34.1450000000000000,"Block P,Block 6,Block 9","2024-2025,2024-2025,2024-2025",634,18.98,0,0,0,100.0,0.0,0.0,56,0,0,0
8,2022-2023 College Election,2023,1,Tuesday,95.99999999972222,2022-2023,COLLEGE,None,7,Governor - College of Humanities and Social Sciences (CHSS),College of Humanities and Social Sciences (CHSS),5,725,Block 3,2024-2025,0,0,0,17276.5,34.1450000000000000,"Block P,Block 6,Block 9","2024-2025,2024-2025,2024-2025",690,20.66,1,0,0,100.0,0.0,0.0,2,15,0,0
8,2022-2023 College Election,2023,1,Tuesday,95.99999999972222,2022-2023,COLLEGE,None,7,Governor - College of Humanities and Social Sciences (CHSS),College of Humanities and Social Sciences (CHSS),5,724,Block 2,2024-2025,0,0,0,17276.5,34.1450000000000000,"Block P,Block 6,Block 9","2024-2025,2024-2025,2024-2025",653,19.55,0,0,0,100.0,0.0,0.0,37,-19,0,0
8,2022-2023 College Election,2023,1,Tuesday,95.99999999972222,2022-2023,COLLEGE,None,7,Governor - College of Humanities and Social Sciences (CHSS),College of Humanities and Social Sciences (CHSS),5,721,Block 2,2024-2025,0,0,0,17276.5,34.1450000000000000,"Block P,Block 6,Block 9","2024-2025,2024-2025,2024-2025",675,20.21,0,0,0,100.0,0.0,0.0,15,-22,0,0
8,2022-2023 College Election,2023,1,Tuesday,95.99999999972222,2022-2023,COLLEGE,None,8,Governor - College of Health Sciences,College of Health Sciences,5,729,Block 2,2024-2025,0,0,0,17276.5,34.1450000000000000,"Block P,Block 6,Block 9","2024-2025,2024-2025,2024-2025",639,19.32,0,0,0,100.0,0.0,0.0,40,-5,0,0
8,2022-2023 College Election,2023,1,Tuesday,95.99999999972222,2022-2023,COLLEGE,None,8,Governor - College of Health Sciences,College of Health Sciences,5,726,Block 2,2024-2025,0,0,0,17276.5,34.1450000000000000,"Block P,Block 6,Block 9","2024-2025,2024-2025,2024-2025",679,20.53,1,0,0,100.0,0.0,0.0,0,3,0,0
8,2022-2023 College Election,2023,1,Tuesday,95.99999999972222,2022-2023,COLLEGE,None,8,Governor - College of Health Sciences,College of Health Sciences,5,727,Block 2,2024-2025,0,0,0,17276.5,34.1450000000000000,"Block P,Block 6,Block 9","2024-2025,2024-2025,2024-2025",679,20.53,0,0,0,100.0,0.0,0.0,0,-3,0,0
8,2022-2023 College Election,2023,1,Tuesday,95.99999999972222,2022-2023,COLLEGE,None,8,Governor - College of Health Sciences,College of Health Sciences,5,728,Block 2,2024-2025,0,0,0,17276.5,34.1450000000000000,"Block P,Block 6,Block 9","2024-2025,2024-2025,2024-2025",634,19.17,0,0,0,100.0,0.0,0.0,45,0,0,0
8,2022-2023 College Election,2023,1,Tuesday,95.99999999972222,2022-2023,COLLEGE,None,8,Governor - College of Health Sciences,College of Health Sciences,5,730,Block 2,2024-2025,0,0,0,17276.5,34.1450000000000000,"Block P,Block 6,Block 9","2024-2025,2024-2025,2024-2025",676,20.44,0,0,0,100.0,0.0,0.0,3,-37,0,0
9,2022-2023 Hostel Election,2023,2,Wednesday,167.9999999997222,2022-2023,HOSTEL,None,9,Clerk - Block A,Block A,5,734,Block A,2024-2025,0,0,0,17276.5,34.0400000000000000,"Block A,Block B,Block C","2024-2025,2024-2025,2024-2025",33,18.23,0,0,0,100.0,0.0,0.0,11,0,0,0
9,2022-2023 Hostel Election,2023,2,Wednesday,167.9999999997222,2022-2023,HOSTEL,None,9,Clerk - Block A,Block A,5,732,Block A,2024-2025,0,0,0,17276.5,34.0400000000000000,"Block A,Block B,Block C","2024-2025,2024-2025,2024-2025",30,16.58,0,0,0,100.0,0.0,0.0,14,0,0,0
9,2022-2023 Hostel Election,2023,2,Wednesday,167.9999999997222,2022-2023,HOSTEL,None,9,Clerk - Block A,Block A,5,733,Block A,2024-2025,0,0,0,17276.5,34.0400000000000000,"Block A,Block B,Block C","2024-2025,2024-2025,2024-2025",41,22.65,0,0,0,100.0,0.0,0.0,3,-8,0,0
9,2022-2023 Hostel Election,2023,2,Wednesday,167.9999999997222,2022-2023,HOSTEL,None,9,Clerk - Block A,Block A,5,731,Block A,2024-2025,0,0,0,17276.5,34.0400000000000000,"Block A,Block B,Block C","2024-2025,2024-2025,2024-2025",44,24.31,1,0,0,100.0,0.0,0.0,3,11,0,0
9,2022-2023 Hostel Election,2023,2,Wednesday,167.9999999997222,2022-2023,HOSTEL,None,9,Clerk - Block A,Block A,5,735,Block A,2024-2025,0,0,0,17276.5,34.0400000000000000,"Block A,Block B,Block C","2024-2025,2024-2025,2024-2025",33,18.23,0,0,0,100.0,0.0,0.0,11,-3,0,0
9,2022-2023 Hostel Election,2023,2,Wednesday,167.9999999997222,2022-2023,HOSTEL,None,10,Clerk - Block B,Block B,5,738,Block B,2024-2025,0,0,0,17276.5,34.0400000000000000,"Block A,Block B,Block C","2024-2025,2024-2025,2024-2025",35,23.33,1,0,0,100.0,0.0,0.0,3,4,0,0
9,2022-2023 Hostel Election,2023,2,Wednesday,167.9999999997222,2022-2023,HOSTEL,None,10,Clerk - Block B,Block B,5,739,Block B,2024-2025,0,0,0,17276.5,34.0400000000000000,"Block A,Block B,Block C","2024-2025,2024-2025,2024-2025",30,20.00,0,0,0,100.0,0.0,0.0,5,-8,0,0
9,2022-2023 Hostel Election,2023,2,Wednesday,167.9999999997222,2022-2023,HOSTEL,None,10,Clerk - Block B,Block B,5,736,Block B,2024-2025,0,0,0,17276.5,34.0400000000000000,"Block A,Block B,Block C","2024-2025,2024-2025,2024-2025",32,21.33,0,0,0,100.0,0.0,0.0,3,-1,0,0
9,2022-2023 Hostel Election,2023,2,Wednesday,167.9999999997222,2022-2023,HOSTEL,None,10,Clerk - Block B,Block B,5,737,Block B,2024-2025,0,0,0,17276.5,34.0400000000000000,"Block A,Block B,Block C","2024-2025,2024-2025,2024-2025",22,14.67,0,0,0,100.0,0.0,0.0,13,0,0,0
9,2022-2023 Hostel Election,2023,2,Wednesday,167.9999999997222,2022-2023,HOSTEL,None,10,Clerk - Block B,Block B,5,740,Block B,2024-2025,0,0,0,17276.5,34.0400000000000000,"Block A,Block B,Block C","2024-2025,2024-2025,2024-2025",31,20.67,0,0,0,100.0,0.0,0.0,4,-1,0,0
9,2022-2023 Hostel Election,2023,2,Wednesday,167.9999999997222,2022-2023,HOSTEL,None,11,Clerk - Block C,Block C,5,743,Block C,2024-2025,0,0,0,17276.5,34.0400000000000000,"Block A,Block B,Block C","2024-2025,2024-2025,2024-2025",35,20.00,0,0,0,100.0,0.0,0.0,7,-2,0,0
9,2022-2023 Hostel Election,2023,2,Wednesday,167.9999999997222,2022-2023,HOSTEL,None,11,Clerk - Block C,Block C,5,744,Block C,2024-2025,0,0,0,17276.5,34.0400000000000000,"Block A,Block B,Block C","2024-2025,2024-2025,2024-2025",33,18.86,0,0,0,100.0,0.0,0.0,9,-1,0,0
9,2022-2023 Hostel Election,2023,2,Wednesday,167.9999999997222,2022-2023,HOSTEL,None,11,Clerk - Block C,Block C,5,745,Block C,2024-2025,0,0,0,17276.5,34.0400000000000000,"Block A,Block B,Block C","2024-2025,2024-2025,2024-2025",32,18.29,0,0,0,100.0,0.0,0.0,10,0,0,0
9,2022-2023 Hostel Election,2023,2,Wednesday,167.9999999997222,2022-2023,HOSTEL,None,11,Clerk - Block C,Block C,5,742,Block C,2024-2025,0,0,0,17276.5,34.0400000000000000,"Block A,Block B,Block C","2024-2025,2024-2025,2024-2025",42,24.00,1,0,0,100.0,0.0,0.0,7,9,0,0
9,2022-2023 Hostel Election,2023,2,Wednesday,167.9999999997222,2022-2023,HOSTEL,None,11,Clerk - Block C,Block C,5,741,Block C,2024-2025,0,0,0,17276.5,34.0400000000000000,"Block A,Block B,Block C","2024-2025,2024-2025,2024-2025",33,18.86,0,0,0,100.0,0.0,0.0,9,0,0,0
9,2022-2023 Hostel Election,2023,2,Wednesday,167.9999999997222,2022-2023,HOSTEL,None,12,Clerk - Block D,Block D,5,746,Block D,2024-2025,0,0,0,17276.5,34.0400000000000000,"Block A,Block B,Block C","2024-2025,2024-2025,2024-2025",39,21.91,0,0,0,100.0,0.0,0.0,4,-5,0,0
9,2022-2023 Hostel Election,2023,2,Wednesday,167.9999999997222,2022-2023,HOSTEL,None,12,Clerk - Block D,Block D,5,748,Block D,2024-2025,0,0,0,17276.5,34.0400000000000000,"Block A,Block B,Block C","2024-2025,2024-2025,2024-2025",34,19.10,0,0,0,100.0,0.0,0.0,9,-2,0,0
9,2022-2023 Hostel Election,2023,2,Wednesday,167.9999999997222,2022-2023,HOSTEL,None,12,Clerk - Block D,Block D,5,749,Block D,2024-2025,0,0,0,17276.5,34.0400000000000000,"Block A,Block B,Block C","2024-2025,2024-2025,2024-2025",32,17.98,0,0,0,100.0,0.0,0.0,11,-2,0,0
9,2022-2023 Hostel Election,2023,2,Wednesday,167.9999999997222,2022-2023,HOSTEL,None,12,Clerk - Block D,Block D,5,750,Block D,2024-2025,0,0,0,17276.5,34.0400000000000000,"Block A,Block B,Block C","2024-2025,2024-2025,2024-2025",30,16.85,0,0,0,100.0,0.0,0.0,13,0,0,0
9,2022-2023 Hostel Election,2023,2,Wednesday,167.9999999997222,2022-2023,HOSTEL,None,12,Clerk - Block D,Block D,5,747,Block D,2024-2025,0,0,0,17276.5,34.0400000000000000,"Block A,Block B,Block C","2024-2025,2024-2025,2024-2025",43,24.16,1,0,0,100.0,0.0,0.0,4,9,0,0
9,2022-2023 Hostel Election,2023,2,Wednesday,167.9999999997222,2022-2023,HOSTEL,None,13,Clerk - Block E,Block E,5,752,Block E,2024-2025,0,0,0,17276.5,34.0400000000000000,"Block A,Block B,Block C","2024-2025,2024-2025,2024-2025",32,19.16,0,0,0,100.0,0.0,0.0,19,-8,0,0
9,2022-2023 Hostel Election,2023,2,Wednesday,167.9999999997222,2022-2023,HOSTEL,None,13,Clerk - Block E,Block E,5,755,Block E,2024-2025,0,0,0,17276.5,34.0400000000000000,"Block A,Block B,Block C","2024-2025,2024-2025,2024-2025",51,30.54,1,0,0,100.0,0.0,0.0,13,19,0,0
9,2022-2023 Hostel Election,2023,2,Wednesday,167.9999999997222,2022-2023,HOSTEL,None,13,Clerk - Block E,Block E,5,753,Block E,2024-2025,0,0,0,17276.5,34.0400000000000000,"Block A,Block B,Block C","2024-2025,2024-2025,2024-2025",22,13.17,0,0,0,100.0,0.0,0.0,29,0,0,0
9,2022-2023 Hostel Election,2023,2,Wednesday,167.9999999997222,2022-2023,HOSTEL,None,13,Clerk - Block E,Block E,5,751,Block E,2024-2025,0,0,0,17276.5,34.0400000000000000,"Block A,Block B,Block C","2024-2025,2024-2025,2024-2025",24,14.37,0,0,0,100.0,0.0,0.0,27,-2,0,0
9,2022-2023 Hostel Election,2023,2,Wednesday,167.9999999997222,2022-2023,HOSTEL,None,13,Clerk - Block E,Block E,5,754,Block E,2024-2025,0,1,0,17276.5,34.0400000000000000,"Block A,Block B,Block C","2024-2025,2024-2025,2024-2025",38,22.75,0,0,0,100.0,0.0,0.0,13,-6,0,0
9,2022-2023 Hostel Election,2023,2,Wednesday,167.9999999997222,2022-2023,HOSTEL,None,14,Clerk - Block F,Block F,5,756,Block F,2024-2025,0,0,0,17276.5,34.0400000000000000,"Block A,Block B,Block C","2024-2025,2024-2025,2024-2025",42,24.42,1,0,0,100.0,0.0,0.0,7,9,0,0
9,2022-2023 Hostel Election,2023,2,Wednesday,167.9999999997222,2022-2023,HOSTEL,None,14,Clerk - Block F,Block F,5,758,Block F,2024-2025,0,0,0,17276.5,34.0400000000000000,"Block A,Block B,Block C","2024-2025,2024-2025,2024-2025",33,19.19,0,0,0,100.0,0.0,0.0,9,0,0,0
9,2022-2023 Hostel Election,2023,2,Wednesday,167.9999999997222,2022-2023,HOSTEL,None,14,Clerk - Block F,Block F,5,760,Block F,2024-2025,0,0,0,17276.5,34.0400000000000000,"Block A,Block B,Block C","2024-2025,2024-2025,2024-2025",29,16.86,0,0,0,100.0,0.0,0.0,13,0,0,0
9,2022-2023 Hostel Election,2023,2,Wednesday,167.9999999997222,2022-2023,HOSTEL,None,14,Clerk - Block F,Block F,5,757,Block F,2024-2025,0,0,0,17276.5,34.0400000000000000,"Block A,Block B,Block C","2024-2025,2024-2025,2024-2025",35,20.35,0,0,0,100.0,0.0,0.0,7,-2,0,0
9,2022-2023 Hostel Election,2023,2,Wednesday,167.9999999997222,2022-2023,HOSTEL,None,14,Clerk - Block F,Block F,5,759,Block F,2024-2025,0,0,0,17276.5,34.0400000000000000,"Block A,Block B,Block C","2024-2025,2024-2025,2024-2025",33,19.19,0,0,0,100.0,0.0,0.0,9,-4,0,0
9,2022-2023 Hostel Election,2023,2,Wednesday,167.9999999997222,2022-2023,HOSTEL,None,15,Clerk - Block G,Block G,5,763,Block G,2024-2025,0,0,0,17276.5,34.0400000000000000,"Block A,Block B,Block C","2024-2025,2024-2025,2024-2025",25,16.03,0,0,0,100.0,0.0,0.0,14,0,0,0
9,2022-2023 Hostel Election,2023,2,Wednesday,167.9999999997222,2022-2023,HOSTEL,None,15,Clerk - Block G,Block G,5,765,Block G,2024-2025,0,0,0,17276.5,34.0400000000000000,"Block A,Block B,Block C","2024-2025,2024-2025,2024-2025",28,17.95,0,0,0,100.0,0.0,0.0,11,-3,0,0
9,2022-2023 Hostel Election,2023,2,Wednesday,167.9999999997222,2022-2023,HOSTEL,None,15,Clerk - Block G,Block G,5,761,Block G,2024-2025,0,0,0,17276.5,34.0400000000000000,"Block A,Block B,Block C","2024-2025,2024-2025,2024-2025",36,23.08,0,0,0,100.0,0.0,0.0,3,-8,0,0
9,2022-2023 Hostel Election,2023,2,Wednesday,167.9999999997222,2022-2023,HOSTEL,None,15,Clerk - Block G,Block G,5,764,Block G,2024-2025,0,0,0,17276.5,34.0400000000000000,"Block A,Block B,Block C","2024-2025,2024-2025,2024-2025",28,17.95,0,0,0,100.0,0.0,0.0,11,0,0,0
9,2022-2023 Hostel Election,2023,2,Wednesday,167.9999999997222,2022-2023,HOSTEL,None,15,Clerk - Block G,Block G,5,762,Block G,2024-2025,0,0,0,17276.5,34.0400000000000000,"Block A,Block B,Block C","2024-2025,2024-2025,2024-2025",39,25.00,1,0,0,100.0,0.0,0.0,3,11,0,0
9,2022-2023 Hostel Election,2023,2,Wednesday,167.9999999997222,2022-2023,HOSTEL,None,16,Clerk - Block H,Block H,5,766,Block H,2024-2025,0,0,0,17276.5,34.0400000000000000,"Block A,Block B,Block C","2024-2025,2024-2025,2024-2025",31,19.62,0,0,0,100.0,0.0,0.0,6,-1,0,0
9,2022-2023 Hostel Election,2023,2,Wednesday,167.9999999997222,2022-2023,HOSTEL,None,16,Clerk - Block H,Block H,5,768,Block H,2024-2025,0,0,1,17276.5,34.0400000000000000,"Block A,Block B,Block C","2024-2025,2024-2025,2024-2025",37,23.42,1,0,0,100.0,0.0,0.0,3,6,0,0
9,2022-2023 Hostel Election,2023,2,Wednesday,167.9999999997222,2022-2023,HOSTEL,None,16,Clerk - Block H,Block H,5,769,Block H,2024-2025,0,0,0,17276.5,34.0400000000000000,"Block A,Block B,Block C","2024-2025,2024-2025,2024-2025",34,21.52,0,0,0,100.0,0.0,0.0,3,-3,0,0
9,2022-2023 Hostel Election,2023,2,Wednesday,167.9999999997222,2022-2023,HOSTEL,None,16,Clerk - Block H,Block H,5,767,Block H,2024-2025,0,0,0,17276.5,34.0400000000000000,"Block A,Block B,Block C","2024-2025,2024-2025,2024-2025",30,18.99,0,0,0,100.0,0.0,0.0,7,-4,0,0
9,2022-2023 Hostel Election,2023,2,Wednesday,167.9999999997222,2022-2023,HOSTEL,None,16,Clerk - Block H,Block H,5,770,Block H,2024-2025,0,0,0,17276.5,34.0400000000000000,"Block A,Block B,Block C","2024-2025,2024-2025,2024-2025",26,16.46,0,0,0,100.0,0.0,0.0,11,0,0,0
9,2022-2023 Hostel Election,2023,2,Wednesday,167.9999999997222,2022-2023,HOSTEL,None,17,Clerk - Block I,Block I,5,775,Block I,2024-2025,0,0,0,17276.5,34.0400000000000000,"Block A,Block B,Block C","2024-2025,2024-2025,2024-2025",30,17.44,0,0,0,100.0,0.0,0.0,17,-7,0,0
9,2022-2023 Hostel Election,2023,2,Wednesday,167.9999999997222,2022-2023,HOSTEL,None,17,Clerk - Block I,Block I,5,773,Block I,2024-2025,0,0,0,17276.5,34.0400000000000000,"Block A,Block B,Block C","2024-2025,2024-2025,2024-2025",23,13.37,0,0,0,100.0,0.0,0.0,24,0,0,0
9,2022-2023 Hostel Election,2023,2,Wednesday,167.9999999997222,2022-2023,HOSTEL,None,17,Clerk - Block I,Block I,5,772,Block I,2024-2025,0,0,0,17276.5,34.0400000000000000,"Block A,Block B,Block C","2024-2025,2024-2025,2024-2025",37,21.51,0,0,0,100.0,0.0,0.0,10,-2,0,0
9,2022-2023 Hostel Election,2023,2,Wednesday,167.9999999997222,2022-2023,HOSTEL,None,17,Clerk - Block I,Block I,5,771,Block I,2024-2025,0,0,0,17276.5,34.0400000000000000,"Block A,Block B,Block C","2024-2025,2024-2025,2024-2025",47,27.33,1,0,0,100.0,0.0,0.0,10,12,0,0
9,2022-2023 Hostel Election,2023,2,Wednesday,167.9999999997222,2022-2023,HOSTEL,None,17,Clerk - Block I,Block I,5,774,Block I,2024-2025,0,0,0,17276.5,34.0400000000000000,"Block A,Block B,Block C","2024-2025,2024-2025,2024-2025",35,20.35,0,0,0,100.0,0.0,0.0,12,-5,0,0
9,2022-2023 Hostel Election,2023,2,Wednesday,167.9999999997222,2022-2023,HOSTEL,None,18,Clerk - Block J,Block J,5,777,Block J,2024-2025,0,0,0,17276.5,34.0400000000000000,"Block A,Block B,Block C","2024-2025,2024-2025,2024-2025",34,20.73,0,0,0,100.0,0.0,0.0,2,-3,0,0
9,2022-2023 Hostel Election,2023,2,Wednesday,167.9999999997222,2022-2023,HOSTEL,None,18,Clerk - Block J,Block J,5,778,Block J,2024-2025,0,0,0,17276.5,34.0400000000000000,"Block A,Block B,Block C","2024-2025,2024-2025,2024-2025",36,21.95,0,0,0,100.0,0.0,0.0,0,-2,0,0
9,2022-2023 Hostel Election,2023,2,Wednesday,167.9999999997222,2022-2023,HOSTEL,None,18,Clerk - Block J,Block J,5,779,Block J,2024-2025,0,0,0,17276.5,34.0400000000000000,"Block A,Block B,Block C","2024-2025,2024-2025,2024-2025",31,18.90,0,0,0,100.0,0.0,0.0,5,-4,0,0
9,2022-2023 Hostel Election,2023,2,Wednesday,167.9999999997222,2022-2023,HOSTEL,None,18,Clerk - Block J,Block J,5,776,Block J,2024-2025,0,0,0,17276.5,34.0400000000000000,"Block A,Block B,Block C","2024-2025,2024-2025,2024-2025",36,21.95,1,0,0,100.0,0.0,0.0,0,2,0,0
9,2022-2023 Hostel Election,2023,2,Wednesday,167.9999999997222,2022-2023,HOSTEL,None,18,Clerk - Block J,Block J,5,780,Block J,2024-2025,0,0,0,17276.5,34.0400000000000000,"Block A,Block B,Block C","2024-2025,2024-2025,2024-2025",27,16.46,0,0,0,100.0,0.0,0.0,9,0,0,0
9,2022-2023 Hostel Election,2023,2,Wednesday,167.9999999997222,2022-2023,HOSTEL,None,19,Clerk - Block K,Block K,5,781,Block K,2024-2025,0,0,0,17276.5,34.0400000000000000,"Block A,Block B,Block C","2024-2025,2024-2025,2024-2025",29,18.24,0,0,0,100.0,0.0,0.0,6,0,0,0
9,2022-2023 Hostel Election,2023,2,Wednesday,167.9999999997222,2022-2023,HOSTEL,None,19,Clerk - Block K,Block K,5,783,Block K,2024-2025,0,0,0,17276.5,34.0400000000000000,"Block A,Block B,Block C","2024-2025,2024-2025,2024-2025",33,20.76,0,0,0,100.0,0.0,0.0,2,0,0,0
9,2022-2023 Hostel Election,2023,2,Wednesday,167.9999999997222,2022-2023,HOSTEL,None,19,Clerk - Block K,Block K,5,784,Block K,2024-2025,0,0,0,17276.5,34.0400000000000000,"Block A,Block B,Block C","2024-2025,2024-2025,2024-2025",29,18.24,0,0,0,100.0,0.0,0.0,6,0,0,0
9,2022-2023 Hostel Election,2023,2,Wednesday,167.9999999997222,2022-2023,HOSTEL,None,19,Clerk - Block K,Block K,5,785,Block K,2024-2025,0,0,0,17276.5,34.0400000000000000,"Block A,Block B,Block C","2024-2025,2024-2025,2024-2025",33,20.76,0,0,0,100.0,0.0,0.0,2,-4,0,0
9,2022-2023 Hostel Election,2023,2,Wednesday,167.9999999997222,2022-2023,HOSTEL,None,19,Clerk - Block K,Block K,5,782,Block K,2024-2025,0,0,0,17276.5,34.0400000000000000,"Block A,Block B,Block C","2024-2025,2024-2025,2024-2025",35,22.01,1,0,0,100.0,0.0,0.0,2,2,0,0
9,2022-2023 Hostel Election,2023,2,Wednesday,167.9999999997222,2022-2023,HOSTEL,None,20,Clerk - Block L,Block L,5,789,Block L,2024-2025,0,0,0,17276.5,34.0400000000000000,"Block A,Block B,Block C","2024-2025,2024-2025,2024-2025",29,18.95,0,0,0,100.0,0.0,0.0,12,-1,0,0
9,2022-2023 Hostel Election,2023,2,Wednesday,167.9999999997222,2022-2023,HOSTEL,None,20,Clerk - Block L,Block L,5,790,Block L,2024-2025,0,0,1,17276.5,34.0400000000000000,"Block A,Block B,Block C","2024-2025,2024-2025,2024-2025",23,15.03,0,0,0,100.0,0.0,0.0,18,0,0,0
9,2022-2023 Hostel Election,2023,2,Wednesday,167.9999999997222,2022-2023,HOSTEL,None,20,Clerk - Block L,Block L,5,788,Block L,2024-2025,0,0,0,17276.5,34.0400000000000000,"Block A,Block B,Block C","2024-2025,2024-2025,2024-2025",28,18.30,0,0,0,100.0,0.0,0.0,13,-5,0,0
9,2022-2023 Hostel Election,2023,2,Wednesday,167.9999999997222,2022-2023,HOSTEL,None,20,Clerk - Block L,Block L,5,787,Block L,2024-2025,0,0,1,17276.5,34.0400000000000000,"Block A,Block B,Block C","2024-2025,2024-2025,2024-2025",41,26.80,1,0,0,100.0,0.0,0.0,9,12,0,0
9,2022-2023 Hostel Election,2023,2,Wednesday,167.9999999997222,2022-2023,HOSTEL,None,20,Clerk - Block L,Block L,5,786,Block L,2024-2025,0,0,0,17276.5,34.0400000000000000,"Block A,Block B,Block C","2024-2025,2024-2025,2024-2025",32,20.92,0,0,0,100.0,0.0,0.0,9,-3,0,0
9,2022-2023 Hostel Election,2023,2,Wednesday,167.9999999997222,2022-2023,HOSTEL,None,21,Clerk - Block M,Block M,5,792,Block M,2024-2025,0,0,0,17276.5,34.0400000000000000,"Block A,Block B,Block C","2024-2025,2024-2025,2024-2025",31,18.34,0,0,0,100.0,0.0,0.0,9,-1,0,0
9,2022-2023 Hostel Election,2023,2,Wednesday,167.9999999997222,2022-2023,HOSTEL,None,21,Clerk - Block M,Block M,5,795,Block M,2024-2025,0,0,0,17276.5,34.0400000000000000,"Block A,Block B,Block C","2024-2025,2024-2025,2024-2025",36,21.30,0,0,0,100.0,0.0,0.0,4,-4,0,0
9,2022-2023 Hostel Election,2023,2,Wednesday,167.9999999997222,2022-2023,HOSTEL,None,21,Clerk - Block M,Block M,5,793,Block M,2024-2025,0,0,0,17276.5,34.0400000000000000,"Block A,Block B,Block C","2024-2025,2024-2025,2024-2025",30,17.75,0,0,0,100.0,0.0,0.0,10,0,0,0
9,2022-2023 Hostel Election,2023,2,Wednesday,167.9999999997222,2022-2023,HOSTEL,None,21,Clerk - Block M,Block M,5,791,Block M,2024-2025,0,0,0,17276.5,34.0400000000000000,"Block A,Block B,Block C","2024-2025,2024-2025,2024-2025",40,23.67,1,0,0,100.0,0.0,0.0,4,8,0,0
9,2022-2023 Hostel Election,2023,2,Wednesday,167.9999999997222,2022-2023,HOSTEL,None,21,Clerk - Block M,Block M,5,794,Block M,2024-2025,0,0,0,17276.5,34.0400000000000000,"Block A,Block B,Block C","2024-2025,2024-2025,2024-2025",32,18.94,0,0,0,100.0,0.0,0.0,8,-1,0,0
9,2022-2023 Hostel Election,2023,2,Wednesday,167.9999999997222,2022-2023,HOSTEL,None,22,Clerk - Block N,Block N,5,800,Block N,2024-2025,0,0,0,17276.5,34.0400000000000000,"Block A,Block B,Block C","2024-2025,2024-2025,2024-2025",36,18.95,0,0,0,100.0,0.0,0.0,8,-4,0,0
9,2022-2023 Hostel Election,2023,2,Wednesday,167.9999999997222,2022-2023,HOSTEL,None,22,Clerk - Block N,Block N,5,799,Block N,2024-2025,0,0,0,17276.5,34.0400000000000000,"Block A,Block B,Block C","2024-2025,2024-2025,2024-2025",39,20.53,0,0,0,100.0,0.0,0.0,5,-3,0,0
9,2022-2023 Hostel Election,2023,2,Wednesday,167.9999999997222,2022-2023,HOSTEL,None,22,Clerk - Block N,Block N,5,797,Block N,2024-2025,0,0,0,17276.5,34.0400000000000000,"Block A,Block B,Block C","2024-2025,2024-2025,2024-2025",44,23.16,1,0,0,100.0,0.0,0.0,5,5,0,0
9,2022-2023 Hostel Election,2023,2,Wednesday,167.9999999997222,2022-2023,HOSTEL,None,22,Clerk - Block N,Block N,5,796,Block N,2024-2025,0,0,0,17276.5,34.0400000000000000,"Block A,Block B,Block C","2024-2025,2024-2025,2024-2025",32,16.84,0,0,0,100.0,0.0,0.0,12,0,0,0
9,2022-2023 Hostel Election,2023,2,Wednesday,167.9999999997222,2022-2023,HOSTEL,None,22,Clerk - Block N,Block N,5,798,Block N,2024-2025,0,0,0,17276.5,34.0400000000000000,"Block A,Block B,Block C","2024-2025,2024-2025,2024-2025",39,20.53,0,0,0,100.0,0.0,0.0,5,0,0,0
9,2022-2023 Hostel Election,2023,2,Wednesday,167.9999999997222,2022-2023,HOSTEL,None,23,Clerk - Block O,Block O,5,803,Block O,2024-2025,0,0,0,17276.5,34.0400000000000000,"Block A,Block B,Block C","2024-2025,2024-2025,2024-2025",29,19.46,0,0,0,100.0,0.0,0.0,7,0,0,0
9,2022-2023 Hostel Election,2023,2,Wednesday,167.9999999997222,2022-2023,HOSTEL,None,23,Clerk - Block O,Block O,5,804,Block O,2024-2025,0,0,0,17276.5,34.0400000000000000,"Block A,Block B,Block C","2024-2025,2024-2025,2024-2025",36,24.16,1,0,0,100.0,0.0,0.0,4,7,0,0
9,2022-2023 Hostel Election,2023,2,Wednesday,167.9999999997222,2022-2023,HOSTEL,None,23,Clerk - Block O,Block O,5,802,Block O,2024-2025,0,0,0,17276.5,34.0400000000000000,"Block A,Block B,Block C","2024-2025,2024-2025,2024-2025",23,15.44,0,0,0,100.0,0.0,0.0,13,0,0,0
9,2022-2023 Hostel Election,2023,2,Wednesday,167.9999999997222,2022-2023,HOSTEL,None,23,Clerk - Block O,Block O,5,805,Block O,2024-2025,0,0,0,17276.5,34.0400000000000000,"Block A,Block B,Block C","2024-2025,2024-2025,2024-2025",29,19.46,0,0,0,100.0,0.0,0.0,7,-6,0,0
9,2022-2023 Hostel Election,2023,2,Wednesday,167.9999999997222,2022-2023,HOSTEL,None,23,Clerk - Block O,Block O,5,801,Block O,2024-2025,0,0,0,17276.5,34.0400000000000000,"Block A,Block B,Block C","2024-2025,2024-2025,2024-2025",32,21.48,0,0,0,100.0,0.0,0.0,4,-3,0,0
9,2022-2023 Hostel Election,2023,2,Wednesday,167.9999999997222,2022-2023,HOSTEL,None,24,Clerk - Block P,Block P,5,808,Block P,2024-2025,0,0,0,17276.5,34.0400000000000000,"Block A,Block B,Block C","2024-2025,2024-2025,2024-2025",27,15.25,0,0,0,100.0,0.0,0.0,21,0,0,0
9,2022-2023 Hostel Election,2023,2,Wednesday,167.9999999997222,2022-2023,HOSTEL,None,24,Clerk - Block P,Block P,5,806,Block P,2024-2025,0,0,1,17276.5,34.0400000000000000,"Block A,Block B,Block C","2024-2025,2024-2025,2024-2025",34,19.21,0,0,0,100.0,0.0,0.0,14,-5,0,0
9,2022-2023 Hostel Election,2023,2,Wednesday,167.9999999997222,2022-2023,HOSTEL,None,24,Clerk - Block P,Block P,5,809,Block P,2024-2025,0,0,0,17276.5,34.0400000000000000,"Block A,Block B,Block C","2024-2025,2024-2025,2024-2025",48,27.12,1,0,0,100.0,0.0,0.0,9,14,0,0
9,2022-2023 Hostel Election,2023,2,Wednesday,167.9999999997222,2022-2023,HOSTEL,None,24,Clerk - Block P,Block P,5,807,Block P,2024-2025,0,0,0,17276.5,34.0400000000000000,"Block A,Block B,Block C","2024-2025,2024-2025,2024-2025",29,16.38,0,0,0,100.0,0.0,0.0,19,-2,0,0
9,2022-2023 Hostel Election,2023,2,Wednesday,167.9999999997222,2022-2023,HOSTEL,None,24,Clerk - Block P,Block P,5,810,Block P,2024-2025,0,0,0,17276.5,34.0400000000000000,"Block A,Block B,Block C","2024-2025,2024-2025,2024-2025",39,22.03,0,0,0,100.0,0.0,0.0,9,-5,0,0
9,2022-2023 Hostel Election,2023,2,Wednesday,167.9999999997222,2022-2023,HOSTEL,None,25,Clerk - Block Q,Block Q,5,815,Block Q,2024-2025,0,0,1,17276.5,34.0400000000000000,"Block A,Block B,Block C","2024-2025,2024-2025,2024-2025",25,15.53,0,0,0,100.0,0.0,0.0,15,-1,0,0
9,2022-2023 Hostel Election,2023,2,Wednesday,167.9999999997222,2022-2023,HOSTEL,None,25,Clerk - Block Q,Block Q,5,811,Block Q,2024-2025,0,0,0,17276.5,34.0400000000000000,"Block A,Block B,Block C","2024-2025,2024-2025,2024-2025",40,24.85,1,0,0,100.0,0.0,0.0,3,5,0,0
9,2022-2023 Hostel Election,2023,2,Wednesday,167.9999999997222,2022-2023,HOSTEL,None,25,Clerk - Block Q,Block Q,5,814,Block Q,2024-2025,0,0,0,17276.5,34.0400000000000000,"Block A,Block B,Block C","2024-2025,2024-2025,2024-2025",35,21.74,0,0,0,100.0,0.0,0.0,5,-10,0,0
9,2022-2023 Hostel Election,2023,2,Wednesday,167.9999999997222,2022-2023,HOSTEL,None,25,Clerk - Block Q,Block Q,5,812,Block Q,2024-2025,0,0,0,17276.5,34.0400000000000000,"Block A,Block B,Block C","2024-2025,2024-2025,2024-2025",24,14.91,0,0,0,100.0,0.0,0.0,16,0,0,0
9,2022-2023 Hostel Election,2023,2,Wednesday,167.9999999997222,2022-2023,HOSTEL,None,25,Clerk - Block Q,Block Q,5,813,Block Q,2024-2025,0,0,0,17276.5,34.0400000000000000,"Block A,Block B,Block C","2024-2025,2024-2025,2024-2025",37,22.98,0,0,0,100.0,0.0,0.0,3,-2,0,0
9,2022-2023 Hostel Election,2023,2,Wednesday,167.9999999997222,2022-2023,HOSTEL,None,26,Clerk - Block R,Block R,5,819,Block R,2024-2025,0,0,0,17276.5,34.0400000000000000,"Block A,Block B,Block C","2024-2025,2024-2025,2024-2025",39,25.16,1,0,0,100.0,0.0,0.0,6,8,0,0
9,2022-2023 Hostel Election,2023,2,Wednesday,167.9999999997222,2022-2023,HOSTEL,None,26,Clerk - Block R,Block R,5,820,Block R,2024-2025,0,0,0,17276.5,34.0400000000000000,"Block A,Block B,Block C","2024-2025,2024-2025,2024-2025",23,14.84,0,0,0,100.0,0.0,0.0,16,0,0,0
9,2022-2023 Hostel Election,2023,2,Wednesday,167.9999999997222,2022-2023,HOSTEL,None,26,Clerk - Block R,Block R,5,817,Block R,2024-2025,0,0,0,17276.5,34.0400000000000000,"Block A,Block B,Block C","2024-2025,2024-2025,2024-2025",29,18.71,0,0,0,100.0,0.0,0.0,10,-6,0,0
9,2022-2023 Hostel Election,2023,2,Wednesday,167.9999999997222,2022-2023,HOSTEL,None,26,Clerk - Block R,Block R,5,816,Block R,2024-2025,0,0,0,17276.5,34.0400000000000000,"Block A,Block B,Block C","2024-2025,2024-2025,2024-2025",31,20.00,0,0,0,100.0,0.0,0.0,8,-2,0,0
9,2022-2023 Hostel Election,2023,2,Wednesday,167.9999999997222,2022-2023,HOSTEL,None,26,Clerk - Block R,Block R,5,818,Block R,2024-2025,0,0,0,17276.5,34.0400000000000000,"Block A,Block B,Block C","2024-2025,2024-2025,2024-2025",33,21.29,0,0,0,100.0,0.0,0.0,6,-2,0,0
9,2022-2023 Hostel Election,2023,2,Wednesday,167.9999999997222,2022-2023,HOSTEL,None,27,Clerk - Block S,Block S,5,822,Block S,2024-2025,0,0,1,17276.5,34.0400000000000000,"Block A,Block B,Block C","2024-2025,2024-2025,2024-2025",38,23.03,1,0,0,100.0,0.0,0.0,5,6,0,0
9,2022-2023 Hostel Election,2023,2,Wednesday,167.9999999997222,2022-2023,HOSTEL,None,27,Clerk - Block S,Block S,5,823,Block S,2024-2025,0,0,0,17276.5,34.0400000000000000,"Block A,Block B,Block C","2024-2025,2024-2025,2024-2025",30,18.18,0,0,0,100.0,0.0,0.0,8,0,0,0
9,2022-2023 Hostel Election,2023,2,Wednesday,167.9999999997222,2022-2023,HOSTEL,None,27,Clerk - Block S,Block S,5,824,Block S,2024-2025,0,0,0,17276.5,34.0400000000000000,"Block A,Block B,Block C","2024-2025,2024-2025,2024-2025",32,19.39,0,0,0,100.0,0.0,0.0,6,0,0,0
9,2022-2023 Hostel Election,2023,2,Wednesday,167.9999999997222,2022-2023,HOSTEL,None,27,Clerk - Block S,Block S,5,825,Block S,2024-2025,0,0,0,17276.5,34.0400000000000000,"Block A,Block B,Block C","2024-2025,2024-2025,2024-2025",32,19.39,0,0,0,100.0,0.0,0.0,6,-2,0,0
9,2022-2023 Hostel Election,2023,2,Wednesday,167.9999999997222,2022-2023,HOSTEL,None,27,Clerk - Block S,Block S,5,821,Block S,2024-2025,0,0,0,17276.5,34.0400000000000000,"Block A,Block B,Block C","2024-2025,2024-2025,2024-2025",33,20.00,0,0,0,100.0,0.0,0.0,5,-1,0,0
9,2022-2023 Hostel Election,2023,2,Wednesday,167.9999999997222,2022-2023,HOSTEL,None,28,Clerk - Block T,Block T,5,828,Block T,2024-2025,0,0,0,17276.5,34.0400000000000000,"Block A,Block B,Block C","2024-2025,2024-2025,2024-2025",40,20.62,0,0,0,100.0,0.0,0.0,4,0,0,0
9,2022-2023 Hostel Election,2023,2,Wednesday,167.9999999997222,2022-2023,HOSTEL,None,28,Clerk - Block T,Block T,5,829,Block T,2024-2025,0,0,0,17276.5,34.0400000000000000,"Block A,Block B,Block C","2024-2025,2024-2025,2024-2025",40,20.62,0,0,0,100.0,0.0,0.0,4,-2,0,0
9,2022-2023 Hostel Election,2023,2,Wednesday,167.9999999997222,2022-2023,HOSTEL,None,28,Clerk - Block T,Block T,5,830,Block T,2024-2025,0,0,0,17276.5,34.0400000000000000,"Block A,Block B,Block C","2024-2025,2024-2025,2024-2025",38,19.59,0,0,0,100.0,0.0,0.0,6,-6,0,0
9,2022-2023 Hostel Election,2023,2,Wednesday,167.9999999997222,2022-2023,HOSTEL,None,28,Clerk - Block T,Block T,5,827,Block T,2024-2025,0,0,0,17276.5,34.0400000000000000,"Block A,Block B,Block C","2024-2025,2024-2025,2024-2025",44,22.68,1,0,0,100.0,0.0,0.0,4,4,0,0
9,2022-2023 Hostel Election,2023,2,Wednesday,167.9999999997222,2022-2023,HOSTEL,None,28,Clerk - Block T,Block T,5,826,Block T,2024-2025,0,0,0,17276.5,34.0400000000000000,"Block A,Block B,Block C","2024-2025,2024-2025,2024-2025",32,16.50,0,0,0,100.0,0.0,0.0,12,0,0,0
9,2022-2023 Hostel Election,2023,2,Wednesday,167.9999999997222,2022-2023,HOSTEL,None,29,Clerk - Block 1,Block 1,5,832,Block 1,2024-2025,0,0,0,17276.5,34.0400000000000000,"Block A,Block B,Block C","2024-2025,2024-2025,2024-2025",109,18.32,0,0,0,100.0,0.0,0.0,27,0,0,0
9,2022-2023 Hostel Election,2023,2,Wednesday,167.9999999997222,2022-2023,HOSTEL,None,29,Clerk - Block 1,Block 1,5,834,Block 1,2024-2025,0,0,0,17276.5,34.0400000000000000,"Block A,Block B,Block C","2024-2025,2024-2025,2024-2025",111,18.66,0,0,0,100.0,0.0,0.0,25,-2,0,0
9,2022-2023 Hostel Election,2023,2,Wednesday,167.9999999997222,2022-2023,HOSTEL,None,29,Clerk - Block 1,Block 1,5,833,Block 1,2024-2025,0,0,0,17276.5,34.0400000000000000,"Block A,Block B,Block C","2024-2025,2024-2025,2024-2025",114,19.16,0,0,0,100.0,0.0,0.0,22,-3,0,0
9,2022-2023 Hostel Election,2023,2,Wednesday,167.9999999997222,2022-2023,HOSTEL,None,29,Clerk - Block 1,Block 1,5,831,Block 1,2024-2025,0,0,0,17276.5,34.0400000000000000,"Block A,Block B,Block C","2024-2025,2024-2025,2024-2025",125,21.01,0,0,0,100.0,0.0,0.0,11,-11,0,0
9,2022-2023 Hostel Election,2023,2,Wednesday,167.9999999997222,2022-2023,HOSTEL,None,29,Clerk - Block 1,Block 1,5,835,Block 1,2024-2025,0,0,0,17276.5,34.0400000000000000,"Block A,Block B,Block C","2024-2025,2024-2025,2024-2025",136,22.86,1,0,0,100.0,0.0,0.0,11,22,0,0
9,2022-2023 Hostel Election,2023,2,Wednesday,167.9999999997222,2022-2023,HOSTEL,None,30,Clerk - Block 2,Block 2,5,840,Block 2,2024-2025,0,0,0,17276.5,34.0400000000000000,"Block A,Block B,Block C","2024-2025,2024-2025,2024-2025",99,19.60,0,0,0,100.0,0.0,0.0,11,-17,0,0
9,2022-2023 Hostel Election,2023,2,Wednesday,167.9999999997222,2022-2023,HOSTEL,None,30,Clerk - Block 2,Block 2,5,836,Block 2,2024-2025,0,0,0,17276.5,34.0400000000000000,"Block A,Block B,Block C","2024-2025,2024-2025,2024-2025",82,16.24,0,0,0,100.0,0.0,0.0,28,0,0,0
9,2022-2023 Hostel Election,2023,2,Wednesday,167.9999999997222,2022-2023,HOSTEL,None,30,Clerk - Block 2,Block 2,5,839,Block 2,2024-2025,0,0,0,17276.5,34.0400000000000000,"Block A,Block B,Block C","2024-2025,2024-2025,2024-2025",107,21.19,0,0,0,100.0,0.0,0.0,3,-8,0,0
9,2022-2023 Hostel Election,2023,2,Wednesday,167.9999999997222,2022-2023,HOSTEL,None,30,Clerk - Block 2,Block 2,5,837,Block 2,2024-2025,0,0,1,17276.5,34.0400000000000000,"Block A,Block B,Block C","2024-2025,2024-2025,2024-2025",107,21.19,0,0,0,100.0,0.0,0.0,3,0,0,0
9,2022-2023 Hostel Election,2023,2,Wednesday,167.9999999997222,2022-2023,HOSTEL,None,30,Clerk - Block 2,Block 2,5,838,Block 2,2024-2025,0,0,0,17276.5,34.0400000000000000,"Block A,Block B,Block C","2024-2025,2024-2025,2024-2025",110,21.78,1,0,0,100.0,0.0,0.0,3,3,0,0
9,2022-2023 Hostel Election,2023,2,Wednesday,167.9999999997222,2022-2023,HOSTEL,None,31,Clerk - Block 3,Block 3,5,842,Block 3,2024-2025,0,0,0,17276.5,34.0400000000000000,"Block A,Block B,Block C","2024-2025,2024-2025,2024-2025",116,20.83,0,0,0,100.0,0.0,0.0,5,0,0,0
9,2022-2023 Hostel Election,2023,2,Wednesday,167.9999999997222,2022-2023,HOSTEL,None,31,Clerk - Block 3,Block 3,5,844,Block 3,2024-2025,0,0,0,17276.5,34.0400000000000000,"Block A,Block B,Block C","2024-2025,2024-2025,2024-2025",121,21.72,1,0,0,100.0,0.0,0.0,5,5,0,0
9,2022-2023 Hostel Election,2023,2,Wednesday,167.9999999997222,2022-2023,HOSTEL,None,31,Clerk - Block 3,Block 3,5,841,Block 3,2024-2025,0,0,0,17276.5,34.0400000000000000,"Block A,Block B,Block C","2024-2025,2024-2025,2024-2025",95,17.06,0,0,0,100.0,0.0,0.0,26,0,0,0
9,2022-2023 Hostel Election,2023,2,Wednesday,167.9999999997222,2022-2023,HOSTEL,None,31,Clerk - Block 3,Block 3,5,845,Block 3,2024-2025,0,0,0,17276.5,34.0400000000000000,"Block A,Block B,Block C","2024-2025,2024-2025,2024-2025",116,20.83,0,0,0,100.0,0.0,0.0,5,-7,0,0
9,2022-2023 Hostel Election,2023,2,Wednesday,167.9999999997222,2022-2023,HOSTEL,None,31,Clerk - Block 3,Block 3,5,843,Block 3,2024-2025,0,0,0,17276.5,34.0400000000000000,"Block A,Block B,Block C","2024-2025,2024-2025,2024-2025",109,19.57,0,0,0,100.0,0.0,0.0,12,-14,0,0
9,2022-2023 Hostel Election,2023,2,Wednesday,167.9999999997222,2022-2023,HOSTEL,None,32,Clerk - Block 4,Block 4,5,849,Block 4,2024-2025,0,0,0,17276.5,34.0400000000000000,"Block A,Block B,Block C","2024-2025,2024-2025,2024-2025",104,18.74,0,0,0,100.0,0.0,0.0,21,-15,0,0
9,2022-2023 Hostel Election,2023,2,Wednesday,167.9999999997222,2022-2023,HOSTEL,None,32,Clerk - Block 4,Block 4,5,848,Block 4,2024-2025,0,0,0,17276.5,34.0400000000000000,"Block A,Block B,Block C","2024-2025,2024-2025,2024-2025",125,22.52,1,0,0,100.0,0.0,0.0,6,7,0,0
9,2022-2023 Hostel Election,2023,2,Wednesday,167.9999999997222,2022-2023,HOSTEL,None,32,Clerk - Block 4,Block 4,5,850,Block 4,2024-2025,0,0,0,17276.5,34.0400000000000000,"Block A,Block B,Block C","2024-2025,2024-2025,2024-2025",89,16.04,0,0,0,100.0,0.0,0.0,36,0,0,0
9,2022-2023 Hostel Election,2023,2,Wednesday,167.9999999997222,2022-2023,HOSTEL,None,32,Clerk - Block 4,Block 4,5,847,Block 4,2024-2025,0,0,0,17276.5,34.0400000000000000,"Block A,Block B,Block C","2024-2025,2024-2025,2024-2025",119,21.44,0,0,0,100.0,0.0,0.0,6,-1,0,0
9,2022-2023 Hostel Election,2023,2,Wednesday,167.9999999997222,2022-2023,HOSTEL,None,32,Clerk - Block 4,Block 4,5,846,Block 4,2024-2025,0,0,0,17276.5,34.0400000000000000,"Block A,Block B,Block C","2024-2025,2024-2025,2024-2025",118,21.26,0,0,0,100.0,0.0,0.0,7,-14,0,0
9,2022-2023 Hostel Election,2023,2,Wednesday,167.9999999997222,2022-2023,HOSTEL,None,33,Clerk - Block 5,Block 5,5,855,Block 5,2024-2025,0,0,0,17276.5,34.0400000000000000,"Block A,Block B,Block C","2024-2025,2024-2025,2024-2025",106,17.67,0,0,0,100.0,0.0,0.0,29,0,0,0
9,2022-2023 Hostel Election,2023,2,Wednesday,167.9999999997222,2022-2023,HOSTEL,None,33,Clerk - Block 5,Block 5,5,854,Block 5,2024-2025,0,0,0,17276.5,34.0400000000000000,"Block A,Block B,Block C","2024-2025,2024-2025,2024-2025",112,18.67,0,0,0,100.0,0.0,0.0,23,-6,0,0
9,2022-2023 Hostel Election,2023,2,Wednesday,167.9999999997222,2022-2023,HOSTEL,None,33,Clerk - Block 5,Block 5,5,853,Block 5,2024-2025,0,0,0,17276.5,34.0400000000000000,"Block A,Block B,Block C","2024-2025,2024-2025,2024-2025",135,22.50,1,0,0,100.0,0.0,0.0,2,21,0,0
9,2022-2023 Hostel Election,2023,2,Wednesday,167.9999999997222,2022-2023,HOSTEL,None,33,Clerk - Block 5,Block 5,5,852,Block 5,2024-2025,0,0,0,17276.5,34.0400000000000000,"Block A,Block B,Block C","2024-2025,2024-2025,2024-2025",133,22.17,0,0,0,100.0,0.0,0.0,2,-19,0,0
9,2022-2023 Hostel Election,2023,2,Wednesday,167.9999999997222,2022-2023,HOSTEL,None,33,Clerk - Block 5,Block 5,5,851,Block 5,2024-2025,0,0,0,17276.5,34.0400000000000000,"Block A,Block B,Block C","2024-2025,2024-2025,2024-2025",114,19.00,0,0,0,100.0,0.0,0.0,21,-2,0,0
9,2022-2023 Hostel Election,2023,2,Wednesday,167.9999999997222,2022-2023,HOSTEL,None,34,Clerk - Block 6,Block 6,5,859,Block 6,2024-2025,0,0,0,17276.5,34.0400000000000000,"Block A,Block B,Block C","2024-2025,2024-2025,2024-2025",109,20.92,0,0,0,100.0,0.0,0.0,18,-10,0,0
9,2022-2023 Hostel Election,2023,2,Wednesday,167.9999999997222,2022-2023,HOSTEL,None,34,Clerk - Block 6,Block 6,5,860,Block 6,2024-2025,0,0,0,17276.5,34.0400000000000000,"Block A,Block B,Block C","2024-2025,2024-2025,2024-2025",99,19.00,0,0,0,100.0,0.0,0.0,28,-1,0,0
9,2022-2023 Hostel Election,2023,2,Wednesday,167.9999999997222,2022-2023,HOSTEL,None,34,Clerk - Block 6,Block 6,5,857,Block 6,2024-2025,0,0,0,17276.5,34.0400000000000000,"Block A,Block B,Block C","2024-2025,2024-2025,2024-2025",127,24.38,1,0,0,100.0,0.0,0.0,18,28,0,0
9,2022-2023 Hostel Election,2023,2,Wednesday,167.9999999997222,2022-2023,HOSTEL,None,34,Clerk - Block 6,Block 6,5,856,Block 6,2024-2025,0,0,0,17276.5,34.0400000000000000,"Block A,Block B,Block C","2024-2025,2024-2025,2024-2025",98,18.81,0,0,0,100.0,0.0,0.0,29,-10,0,0
9,2022-2023 Hostel Election,2023,2,Wednesday,167.9999999997222,2022-2023,HOSTEL,None,34,Clerk - Block 6,Block 6,5,858,Block 6,2024-2025,0,0,0,17276.5,34.0400000000000000,"Block A,Block B,Block C","2024-2025,2024-2025,2024-2025",88,16.89,0,0,0,100.0,0.0,0.0,39,0,0,0
9,2022-2023 Hostel Election,2023,2,Wednesday,167.9999999997222,2022-2023,HOSTEL,None,35,Clerk - Block 6,Block 6,5,865,Block 6,2024-2025,0,0,0,17276.5,34.0400000000000000,"Block A,Block B,Block C","2024-2025,2024-2025,2024-2025",196,22.71,1,0,0,100.0,0.0,0.0,16,29,0,0
9,2022-2023 Hostel Election,2023,2,Wednesday,167.9999999997222,2022-2023,HOSTEL,None,35,Clerk - Block 6,Block 6,5,861,Block 6,2024-2025,0,0,0,17276.5,34.0400000000000000,"Block A,Block B,Block C","2024-2025,2024-2025,2024-2025",180,20.86,0,0,0,100.0,0.0,0.0,16,-13,0,0
9,2022-2023 Hostel Election,2023,2,Wednesday,167.9999999997222,2022-2023,HOSTEL,None,35,Clerk - Block 6,Block 6,5,864,Block 6,2024-2025,0,0,0,17276.5,34.0400000000000000,"Block A,Block B,Block C","2024-2025,2024-2025,2024-2025",162,18.77,0,0,0,100.0,0.0,0.0,34,-4,0,0
9,2022-2023 Hostel Election,2023,2,Wednesday,167.9999999997222,2022-2023,HOSTEL,None,35,Clerk - Block 6,Block 6,5,862,Block 6,2024-2025,0,0,0,17276.5,34.0400000000000000,"Block A,Block B,Block C","2024-2025,2024-2025,2024-2025",158,18.31,0,0,0,100.0,0.0,0.0,38,0,0,0
9,2022-2023 Hostel Election,2023,2,Wednesday,167.9999999997222,2022-2023,HOSTEL,None,35,Clerk - Block 6,Block 6,5,863,Block 6,2024-2025,0,0,0,17276.5,34.0400000000000000,"Block A,Block B,Block C","2024-2025,2024-2025,2024-2025",167,19.35,0,0,0,100.0,0.0,0.0,29,-5,0,0
9,2022-2023 Hostel Election,2023,2,Wednesday,167.9999999997222,2022-2023,HOSTEL,None,36,Clerk - Block 7,Block 7,5,867,Block 7,2024-2025,0,0,0,17276.5,34.0400000000000000,"Block A,Block B,Block C","2024-2025,2024-2025,2024-2025",149,18.26,0,0,0,100.0,0.0,0.0,42,-12,0,0
9,2022-2023 Hostel Election,2023,2,Wednesday,167.9999999997222,2022-2023,HOSTEL,None,36,Clerk - Block 7,Block 7,5,868,Block 7,2024-2025,0,0,0,17276.5,34.0400000000000000,"Block A,Block B,Block C","2024-2025,2024-2025,2024-2025",158,19.36,0,0,0,100.0,0.0,0.0,33,-9,0,0
9,2022-2023 Hostel Election,2023,2,Wednesday,167.9999999997222,2022-2023,HOSTEL,None,36,Clerk - Block 7,Block 7,5,869,Block 7,2024-2025,0,0,0,17276.5,34.0400000000000000,"Block A,Block B,Block C","2024-2025,2024-2025,2024-2025",191,23.41,1,0,0,100.0,0.0,0.0,10,33,0,0
9,2022-2023 Hostel Election,2023,2,Wednesday,167.9999999997222,2022-2023,HOSTEL,None,36,Clerk - Block 7,Block 7,5,870,Block 7,2024-2025,0,0,0,17276.5,34.0400000000000000,"Block A,Block B,Block C","2024-2025,2024-2025,2024-2025",137,16.79,0,0,0,100.0,0.0,0.0,54,0,0,0
9,2022-2023 Hostel Election,2023,2,Wednesday,167.9999999997222,2022-2023,HOSTEL,None,36,Clerk - Block 7,Block 7,5,866,Block 7,2024-2025,0,0,0,17276.5,34.0400000000000000,"Block A,Block B,Block C","2024-2025,2024-2025,2024-2025",181,22.18,0,0,0,100.0,0.0,0.0,10,-23,0,0
9,2022-2023 Hostel Election,2023,2,Wednesday,167.9999999997222,2022-2023,HOSTEL,None,37,Clerk - Block 8,Block 8,5,873,Block 8,2024-2025,0,0,0,17276.5,34.0400000000000000,"Block A,Block B,Block C","2024-2025,2024-2025,2024-2025",149,19.25,0,0,0,100.0,0.0,0.0,27,-1,0,0
9,2022-2023 Hostel Election,2023,2,Wednesday,167.9999999997222,2022-2023,HOSTEL,None,37,Clerk - Block 8,Block 8,5,874,Block 8,2024-2025,0,0,0,17276.5,34.0400000000000000,"Block A,Block B,Block C","2024-2025,2024-2025,2024-2025",176,22.74,1,0,0,100.0,0.0,0.0,17,27,0,0
9,2022-2023 Hostel Election,2023,2,Wednesday,167.9999999997222,2022-2023,HOSTEL,None,37,Clerk - Block 8,Block 8,5,871,Block 8,2024-2025,0,0,0,17276.5,34.0400000000000000,"Block A,Block B,Block C","2024-2025,2024-2025,2024-2025",148,19.12,0,0,0,100.0,0.0,0.0,28,-6,0,0
9,2022-2023 Hostel Election,2023,2,Wednesday,167.9999999997222,2022-2023,HOSTEL,None,37,Clerk - Block 8,Block 8,5,875,Block 8,2024-2025,0,0,0,17276.5,34.0400000000000000,"Block A,Block B,Block C","2024-2025,2024-2025,2024-2025",159,20.54,0,0,0,100.0,0.0,0.0,17,-10,0,0
9,2022-2023 Hostel Election,2023,2,Wednesday,167.9999999997222,2022-2023,HOSTEL,None,37,Clerk - Block 8,Block 8,5,872,Block 8,2024-2025,0,0,0,17276.5,34.0400000000000000,"Block A,Block B,Block C","2024-2025,2024-2025,2024-2025",142,18.35,0,0,0,100.0,0.0,0.0,34,0,0,0
9,2022-2023 Hostel Election,2023,2,Wednesday,167.9999999997222,2022-2023,HOSTEL,None,38,Clerk - Block 9,Block 9,5,878,Block 9,2024-2025,0,0,0,17276.5,34.0400000000000000,"Block A,Block B,Block C","2024-2025,2024-2025,2024-2025",166,19.48,0,0,0,100.0,0.0,0.0,16,-6,0,0
9,2022-2023 Hostel Election,2023,2,Wednesday,167.9999999997222,2022-2023,HOSTEL,None,38,Clerk - Block 9,Block 9,5,876,Block 9,2024-2025,0,0,0,17276.5,34.0400000000000000,"Block A,Block B,Block C","2024-2025,2024-2025,2024-2025",173,20.31,0,0,0,100.0,0.0,0.0,9,-2,0,0
9,2022-2023 Hostel Election,2023,2,Wednesday,167.9999999997222,2022-2023,HOSTEL,None,38,Clerk - Block 9,Block 9,5,877,Block 9,2024-2025,0,0,0,17276.5,34.0400000000000000,"Block A,Block B,Block C","2024-2025,2024-2025,2024-2025",182,21.36,1,0,0,100.0,0.0,0.0,9,11,0,0
9,2022-2023 Hostel Election,2023,2,Wednesday,167.9999999997222,2022-2023,HOSTEL,None,38,Clerk - Block 9,Block 9,5,880,Block 9,2024-2025,0,0,0,17276.5,34.0400000000000000,"Block A,Block B,Block C","2024-2025,2024-2025,2024-2025",160,18.78,0,0,0,100.0,0.0,0.0,22,0,0,0
9,2022-2023 Hostel Election,2023,2,Wednesday,167.9999999997222,2022-2023,HOSTEL,None,38,Clerk - Block 9,Block 9,5,879,Block 9,2024-2025,0,0,0,17276.5,34.0400000000000000,"Block A,Block B,Block C","2024-2025,2024-2025,2024-2025",171,20.07,0,0,0,100.0,0.0,0.0,11,-5,0,0
9,2022-2023 Hostel Election,2023,2,Wednesday,167.9999999997222,2022-2023,HOSTEL,None,39,Clerk - Block 10,Block 10,5,882,Block 10,2024-2025,0,0,0,17276.5,34.0400000000000000,"Block A,Block B,Block C","2024-2025,2024-2025,2024-2025",126,17.21,0,0,0,100.0,0.0,0.0,30,0,0,0
9,2022-2023 Hostel Election,2023,2,Wednesday,167.9999999997222,2022-2023,HOSTEL,None,39,Clerk - Block 10,Block 10,5,884,Block 10,2024-2025,0,0,0,17276.5,34.0400000000000000,"Block A,Block B,Block C","2024-2025,2024-2025,2024-2025",148,20.22,0,0,0,100.0,0.0,0.0,8,-22,0,0
9,2022-2023 Hostel Election,2023,2,Wednesday,167.9999999997222,2022-2023,HOSTEL,None,39,Clerk - Block 10,Block 10,5,885,Block 10,2024-2025,0,0,0,17276.5,34.0400000000000000,"Block A,Block B,Block C","2024-2025,2024-2025,2024-2025",153,20.90,0,0,0,100.0,0.0,0.0,3,-4,0,0
9,2022-2023 Hostel Election,2023,2,Wednesday,167.9999999997222,2022-2023,HOSTEL,None,39,Clerk - Block 10,Block 10,5,881,Block 10,2024-2025,0,0,0,17276.5,34.0400000000000000,"Block A,Block B,Block C","2024-2025,2024-2025,2024-2025",156,21.31,1,0,0,100.0,0.0,0.0,3,7,0,0
9,2022-2023 Hostel Election,2023,2,Wednesday,167.9999999997222,2022-2023,HOSTEL,None,39,Clerk - Block 10,Block 10,5,883,Block 10,2024-2025,0,0,0,17276.5,34.0400000000000000,"Block A,Block B,Block C","2024-2025,2024-2025,2024-2025",149,20.36,0,0,0,100.0,0.0,0.0,7,-1,0,0
9,2022-2023 Hostel Election,2023,2,Wednesday,167.9999999997222,2022-2023,HOSTEL,None,40,Clerk - Block 11,Block 11,5,890,Block 11,2024-2025,0,0,0,17276.5,34.0400000000000000,"Block A,Block B,Block C","2024-2025,2024-2025,2024-2025",149,22.07,1,0,0,100.0,0.0,0.0,9,15,0,0
9,2022-2023 Hostel Election,2023,2,Wednesday,167.9999999997222,2022-2023,HOSTEL,None,40,Clerk - Block 11,Block 11,5,889,Block 11,2024-2025,0,0,0,17276.5,34.0400000000000000,"Block A,Block B,Block C","2024-2025,2024-2025,2024-2025",127,18.82,0,0,0,100.0,0.0,0.0,22,-2,0,0
9,2022-2023 Hostel Election,2023,2,Wednesday,167.9999999997222,2022-2023,HOSTEL,None,40,Clerk - Block 11,Block 11,5,886,Block 11,2024-2025,0,0,0,17276.5,34.0400000000000000,"Block A,Block B,Block C","2024-2025,2024-2025,2024-2025",134,19.85,0,0,0,100.0,0.0,0.0,15,-7,0,0
9,2022-2023 Hostel Election,2023,2,Wednesday,167.9999999997222,2022-2023,HOSTEL,None,40,Clerk - Block 11,Block 11,5,887,Block 11,2024-2025,0,0,0,17276.5,34.0400000000000000,"Block A,Block B,Block C","2024-2025,2024-2025,2024-2025",140,20.74,0,0,0,100.0,0.0,0.0,9,-6,0,0
9,2022-2023 Hostel Election,2023,2,Wednesday,167.9999999997222,2022-2023,HOSTEL,None,40,Clerk - Block 11,Block 11,5,888,Block 11,2024-2025,0,0,0,17276.5,34.0400000000000000,"Block A,Block B,Block C","2024-2025,2024-2025,2024-2025",125,18.52,0,0,0,100.0,0.0,0.0,24,0,0,0
9,2022-2023 Hostel Election,2023,2,Wednesday,167.9999999997222,2022-2023,HOSTEL,None,41,Clerk - Block 12,Block 12,5,891,Block 12,2024-2025,0,0,0,17276.5,34.0400000000000000,"Block A,Block B,Block C","2024-2025,2024-2025,2024-2025",135,20.93,0,0,0,100.0,0.0,0.0,10,-5,0,0
9,2022-2023 Hostel Election,2023,2,Wednesday,167.9999999997222,2022-2023,HOSTEL,None,41,Clerk - Block 12,Block 12,5,892,Block 12,2024-2025,0,0,0,17276.5,34.0400000000000000,"Block A,Block B,Block C","2024-2025,2024-2025,2024-2025",145,22.48,1,0,0,100.0,0.0,0.0,10,15,0,0
9,2022-2023 Hostel Election,2023,2,Wednesday,167.9999999997222,2022-2023,HOSTEL,None,41,Clerk - Block 12,Block 12,5,895,Block 12,2024-2025,0,0,0,17276.5,34.0400000000000000,"Block A,Block B,Block C","2024-2025,2024-2025,2024-2025",130,20.16,0,0,0,100.0,0.0,0.0,15,-8,0,0
9,2022-2023 Hostel Election,2023,2,Wednesday,167.9999999997222,2022-2023,HOSTEL,None,41,Clerk - Block 12,Block 12,5,893,Block 12,2024-2025,0,0,0,17276.5,34.0400000000000000,"Block A,Block B,Block C","2024-2025,2024-2025,2024-2025",113,17.52,0,0,0,100.0,0.0,0.0,32,0,0,0
9,2022-2023 Hostel Election,2023,2,Wednesday,167.9999999997222,2022-2023,HOSTEL,None,41,Clerk - Block 12,Block 12,5,894,Block 12,2024-2025,0,0,0,17276.5,34.0400000000000000,"Block A,Block B,Block C","2024-2025,2024-2025,2024-2025",122,18.92,0,0,0,100.0,0.0,0.0,23,-9,0,0
9,2022-2023 Hostel Election,2023,2,Wednesday,167.9999999997222,2022-2023,HOSTEL,None,42,Clerk - Block 13,Block 13,5,899,Block 13,2024-2025,0,0,0,17276.5,34.0400000000000000,"Block A,Block B,Block C","2024-2025,2024-2025,2024-2025",143,20.82,0,0,0,100.0,0.0,0.0,5,-4,0,0
9,2022-2023 Hostel Election,2023,2,Wednesday,167.9999999997222,2022-2023,HOSTEL,None,42,Clerk - Block 13,Block 13,5,900,Block 13,2024-2025,0,0,0,17276.5,34.0400000000000000,"Block A,Block B,Block C","2024-2025,2024-2025,2024-2025",139,20.23,0,0,0,100.0,0.0,0.0,9,-3,0,0
9,2022-2023 Hostel Election,2023,2,Wednesday,167.9999999997222,2022-2023,HOSTEL,None,42,Clerk - Block 13,Block 13,5,897,Block 13,2024-2025,0,0,0,17276.5,34.0400000000000000,"Block A,Block B,Block C","2024-2025,2024-2025,2024-2025",121,17.61,0,0,0,100.0,0.0,0.0,27,0,0,0
9,2022-2023 Hostel Election,2023,2,Wednesday,167.9999999997222,2022-2023,HOSTEL,None,42,Clerk - Block 13,Block 13,5,898,Block 13,2024-2025,0,0,0,17276.5,34.0400000000000000,"Block A,Block B,Block C","2024-2025,2024-2025,2024-2025",136,19.80,0,0,0,100.0,0.0,0.0,12,-15,0,0
9,2022-2023 Hostel Election,2023,2,Wednesday,167.9999999997222,2022-2023,HOSTEL,None,42,Clerk - Block 13,Block 13,5,896,Block 13,2024-2025,0,0,0,17276.5,34.0400000000000000,"Block A,Block B,Block C","2024-2025,2024-2025,2024-2025",148,21.54,1,0,0,100.0,0.0,0.0,5,9,0,0
9,2022-2023 Hostel Election,2023,2,Wednesday,167.9999999997222,2022-2023,HOSTEL,None,43,Clerk - Block 14,Block 14,5,903,Block 14,2024-2025,0,0,0,17276.5,34.0400000000000000,"Block A,Block B,Block C","2024-2025,2024-2025,2024-2025",122,17.89,0,0,0,100.0,0.0,0.0,28,0,0,0
9,2022-2023 Hostel Election,2023,2,Wednesday,167.9999999997222,2022-2023,HOSTEL,None,43,Clerk - Block 14,Block 14,5,904,Block 14,2024-2025,0,0,0,17276.5,34.0400000000000000,"Block A,Block B,Block C","2024-2025,2024-2025,2024-2025",134,19.65,0,0,0,100.0,0.0,0.0,16,-7,0,0
9,2022-2023 Hostel Election,2023,2,Wednesday,167.9999999997222,2022-2023,HOSTEL,None,43,Clerk - Block 14,Block 14,5,905,Block 14,2024-2025,0,0,0,17276.5,34.0400000000000000,"Block A,Block B,Block C","2024-2025,2024-2025,2024-2025",149,21.85,0,0,0,100.0,0.0,0.0,1,-15,0,0
9,2022-2023 Hostel Election,2023,2,Wednesday,167.9999999997222,2022-2023,HOSTEL,None,43,Clerk - Block 14,Block 14,5,902,Block 14,2024-2025,0,0,0,17276.5,34.0400000000000000,"Block A,Block B,Block C","2024-2025,2024-2025,2024-2025",127,18.62,0,0,0,100.0,0.0,0.0,23,-5,0,0
9,2022-2023 Hostel Election,2023,2,Wednesday,167.9999999997222,2022-2023,HOSTEL,None,43,Clerk - Block 14,Block 14,5,901,Block 14,2024-2025,0,0,0,17276.5,34.0400000000000000,"Block A,Block B,Block C","2024-2025,2024-2025,2024-2025",150,21.99,1,0,0,100.0,0.0,0.0,1,16,0,0
9,2022-2023 Hostel Election,2023,2,Wednesday,167.9999999997222,2022-2023,HOSTEL,None,44,Clerk - Block 1,Block 1,5,908,Block 1,2024-2025,0,0,0,17276.5,34.0400000000000000,"Block A,Block B,Block C","2024-2025,2024-2025,2024-2025",38,22.62,1,0,0,100.0,0.0,0.0,3,4,0,0
9,2022-2023 Hostel Election,2023,2,Wednesday,167.9999999997222,2022-2023,HOSTEL,None,44,Clerk - Block 1,Block 1,5,906,Block 1,2024-2025,0,0,0,17276.5,34.0400000000000000,"Block A,Block B,Block C","2024-2025,2024-2025,2024-2025",34,20.24,0,0,0,100.0,0.0,0.0,4,-2,0,0
9,2022-2023 Hostel Election,2023,2,Wednesday,167.9999999997222,2022-2023,HOSTEL,None,44,Clerk - Block 1,Block 1,5,907,Block 1,2024-2025,0,0,0,17276.5,34.0400000000000000,"Block A,Block B,Block C","2024-2025,2024-2025,2024-2025",35,20.83,0,0,0,100.0,0.0,0.0,3,-1,0,0
9,2022-2023 Hostel Election,2023,2,Wednesday,167.9999999997222,2022-2023,HOSTEL,None,44,Clerk - Block 1,Block 1,5,910,Block 1,2024-2025,0,0,0,17276.5,34.0400000000000000,"Block A,Block B,Block C","2024-2025,2024-2025,2024-2025",32,19.05,0,0,0,100.0,0.0,0.0,6,-3,0,0
9,2022-2023 Hostel Election,2023,2,Wednesday,167.9999999997222,2022-2023,HOSTEL,None,44,Clerk - Block 1,Block 1,5,909,Block 1,2024-2025,0,0,0,17276.5,34.0400000000000000,"Block A,Block B,Block C","2024-2025,2024-2025,2024-2025",29,17.26,0,0,0,100.0,0.0,0.0,9,0,0,0
9,2022-2023 Hostel Election,2023,2,Wednesday,167.9999999997222,2022-2023,HOSTEL,None,45,Clerk - Block 2,Block 2,5,913,Block 2,2024-2025,0,0,0,17276.5,34.0400000000000000,"Block A,Block B,Block C","2024-2025,2024-2025,2024-2025",43,25.75,1,0,0,100.0,0.0,0.0,1,7,0,0
9,2022-2023 Hostel Election,2023,2,Wednesday,167.9999999997222,2022-2023,HOSTEL,None,45,Clerk - Block 2,Block 2,5,912,Block 2,2024-2025,0,0,0,17276.5,34.0400000000000000,"Block A,Block B,Block C","2024-2025,2024-2025,2024-2025",23,13.77,0,0,0,100.0,0.0,0.0,20,0,0,0
9,2022-2023 Hostel Election,2023,2,Wednesday,167.9999999997222,2022-2023,HOSTEL,None,45,Clerk - Block 2,Block 2,5,911,Block 2,2024-2025,0,0,0,17276.5,34.0400000000000000,"Block A,Block B,Block C","2024-2025,2024-2025,2024-2025",23,13.77,0,0,0,100.0,0.0,0.0,20,0,0,0
9,2022-2023 Hostel Election,2023,2,Wednesday,167.9999999997222,2022-2023,HOSTEL,None,45,Clerk - Block 2,Block 2,5,915,Block 2,2024-2025,0,0,1,17276.5,34.0400000000000000,"Block A,Block B,Block C","2024-2025,2024-2025,2024-2025",42,25.15,0,0,0,100.0,0.0,0.0,1,-6,0,0
9,2022-2023 Hostel Election,2023,2,Wednesday,167.9999999997222,2022-2023,HOSTEL,None,45,Clerk - Block 2,Block 2,5,914,Block 2,2024-2025,0,0,0,17276.5,34.0400000000000000,"Block A,Block B,Block C","2024-2025,2024-2025,2024-2025",36,21.56,0,0,0,100.0,0.0,0.0,7,-13,0,0
9,2022-2023 Hostel Election,2023,2,Wednesday,167.9999999997222,2022-2023,HOSTEL,None,46,Clerk - Block 3,Block 3,5,920,Block 3,2024-2025,0,0,0,17276.5,34.0400000000000000,"Block A,Block B,Block C","2024-2025,2024-2025,2024-2025",24,14.04,0,0,0,100.0,0.0,0.0,22,0,0,0
9,2022-2023 Hostel Election,2023,2,Wednesday,167.9999999997222,2022-2023,HOSTEL,None,46,Clerk - Block 3,Block 3,5,918,Block 3,2024-2025,0,0,0,17276.5,34.0400000000000000,"Block A,Block B,Block C","2024-2025,2024-2025,2024-2025",29,16.96,0,0,0,100.0,0.0,0.0,17,-5,0,0
9,2022-2023 Hostel Election,2023,2,Wednesday,167.9999999997222,2022-2023,HOSTEL,None,46,Clerk - Block 3,Block 3,5,917,Block 3,2024-2025,0,0,0,17276.5,34.0400000000000000,"Block A,Block B,Block C","2024-2025,2024-2025,2024-2025",40,23.39,0,0,0,100.0,0.0,0.0,6,-8,0,0
9,2022-2023 Hostel Election,2023,2,Wednesday,167.9999999997222,2022-2023,HOSTEL,None,46,Clerk - Block 3,Block 3,5,919,Block 3,2024-2025,0,0,0,17276.5,34.0400000000000000,"Block A,Block B,Block C","2024-2025,2024-2025,2024-2025",32,18.71,0,0,0,100.0,0.0,0.0,14,-3,0,0
9,2022-2023 Hostel Election,2023,2,Wednesday,167.9999999997222,2022-2023,HOSTEL,None,46,Clerk - Block 3,Block 3,5,916,Block 3,2024-2025,0,0,0,17276.5,34.0400000000000000,"Block A,Block B,Block C","2024-2025,2024-2025,2024-2025",46,26.90,1,0,0,100.0,0.0,0.0,6,14,0,0
9,2022-2023 Hostel Election,2023,2,Wednesday,167.9999999997222,2022-2023,HOSTEL,None,47,Clerk - Block 4,Block 4,5,922,Block 4,2024-2025,0,0,0,17276.5,34.0400000000000000,"Block A,Block B,Block C","2024-2025,2024-2025,2024-2025",26,17.22,0,0,0,100.0,0.0,0.0,9,-4,0,0
9,2022-2023 Hostel Election,2023,2,Wednesday,167.9999999997222,2022-2023,HOSTEL,None,47,Clerk - Block 4,Block 4,5,921,Block 4,2024-2025,0,0,0,17276.5,34.0400000000000000,"Block A,Block B,Block C","2024-2025,2024-2025,2024-2025",35,23.18,1,0,0,100.0,0.0,0.0,0,2,0,0
9,2022-2023 Hostel Election,2023,2,Wednesday,167.9999999997222,2022-2023,HOSTEL,None,47,Clerk - Block 4,Block 4,5,923,Block 4,2024-2025,0,0,0,17276.5,34.0400000000000000,"Block A,Block B,Block C","2024-2025,2024-2025,2024-2025",35,23.18,0,0,0,100.0,0.0,0.0,0,-2,0,0
9,2022-2023 Hostel Election,2023,2,Wednesday,167.9999999997222,2022-2023,HOSTEL,None,47,Clerk - Block 4,Block 4,5,924,Block 4,2024-2025,0,0,0,17276.5,34.0400000000000000,"Block A,Block B,Block C","2024-2025,2024-2025,2024-2025",22,14.57,0,0,0,100.0,0.0,0.0,13,0,0,0
9,2022-2023 Hostel Election,2023,2,Wednesday,167.9999999997222,2022-2023,HOSTEL,None,47,Clerk - Block 4,Block 4,5,925,Block 4,2024-2025,0,0,0,17276.5,34.0400000000000000,"Block A,Block B,Block C","2024-2025,2024-2025,2024-2025",33,21.85,0,0,0,100.0,0.0,0.0,2,-7,0,0
9,2022-2023 Hostel Election,2023,2,Wednesday,167.9999999997222,2022-2023,HOSTEL,None,48,Clerk - Block 5,Block 5,5,930,Block 5,2024-2025,0,0,0,17276.5,34.0400000000000000,"Block A,Block B,Block C","2024-2025,2024-2025,2024-2025",40,22.73,1,0,0,100.0,0.0,0.0,1,2,0,0
9,2022-2023 Hostel Election,2023,2,Wednesday,167.9999999997222,2022-2023,HOSTEL,None,48,Clerk - Block 5,Block 5,5,927,Block 5,2024-2025,0,0,0,17276.5,34.0400000000000000,"Block A,Block B,Block C","2024-2025,2024-2025,2024-2025",32,18.18,0,0,0,100.0,0.0,0.0,8,-5,0,0
9,2022-2023 Hostel Election,2023,2,Wednesday,167.9999999997222,2022-2023,HOSTEL,None,48,Clerk - Block 5,Block 5,5,929,Block 5,2024-2025,0,0,0,17276.5,34.0400000000000000,"Block A,Block B,Block C","2024-2025,2024-2025,2024-2025",38,21.59,0,0,0,100.0,0.0,0.0,2,-6,0,0
9,2022-2023 Hostel Election,2023,2,Wednesday,167.9999999997222,2022-2023,HOSTEL,None,48,Clerk - Block 5,Block 5,5,926,Block 5,2024-2025,0,0,0,17276.5,34.0400000000000000,"Block A,Block B,Block C","2024-2025,2024-2025,2024-2025",39,22.16,0,0,0,100.0,0.0,0.0,1,-1,0,0
9,2022-2023 Hostel Election,2023,2,Wednesday,167.9999999997222,2022-2023,HOSTEL,None,48,Clerk - Block 5,Block 5,5,928,Block 5,2024-2025,0,0,0,17276.5,34.0400000000000000,"Block A,Block B,Block C","2024-2025,2024-2025,2024-2025",27,15.34,0,0,0,100.0,0.0,0.0,13,0,0,0
9,2022-2023 Hostel Election,2023,2,Wednesday,167.9999999997222,2022-2023,HOSTEL,None,49,Clerk - Block 6,Block 6,5,931,Block 6,2024-2025,0,0,0,17276.5,34.0400000000000000,"Block A,Block B,Block C","2024-2025,2024-2025,2024-2025",37,18.69,0,0,0,100.0,0.0,0.0,12,-1,0,0
9,2022-2023 Hostel Election,2023,2,Wednesday,167.9999999997222,2022-2023,HOSTEL,None,49,Clerk - Block 6,Block 6,5,935,Block 6,2024-2025,0,0,0,17276.5,34.0400000000000000,"Block A,Block B,Block C","2024-2025,2024-2025,2024-2025",43,21.72,0,0,0,100.0,0.0,0.0,6,-6,0,0
9,2022-2023 Hostel Election,2023,2,Wednesday,167.9999999997222,2022-2023,HOSTEL,None,49,Clerk - Block 6,Block 6,5,934,Block 6,2024-2025,0,0,1,17276.5,34.0400000000000000,"Block A,Block B,Block C","2024-2025,2024-2025,2024-2025",33,16.67,0,0,0,100.0,0.0,0.0,16,0,0,0
9,2022-2023 Hostel Election,2023,2,Wednesday,167.9999999997222,2022-2023,HOSTEL,None,49,Clerk - Block 6,Block 6,5,933,Block 6,2024-2025,0,0,0,17276.5,34.0400000000000000,"Block A,Block B,Block C","2024-2025,2024-2025,2024-2025",36,18.18,0,0,0,100.0,0.0,0.0,13,-3,0,0
9,2022-2023 Hostel Election,2023,2,Wednesday,167.9999999997222,2022-2023,HOSTEL,None,49,Clerk - Block 6,Block 6,5,932,Block 6,2024-2025,0,0,0,17276.5,34.0400000000000000,"Block A,Block B,Block C","2024-2025,2024-2025,2024-2025",49,24.75,1,0,0,100.0,0.0,0.0,6,12,0,0
9,2022-2023 Hostel Election,2023,2,Wednesday,167.9999999997222,2022-2023,HOSTEL,None,50,Clerk - Block 7,Block 7,5,938,Block 7,2024-2025,0,0,0,17276.5,34.0400000000000000,"Block A,Block B,Block C","2024-2025,2024-2025,2024-2025",38,20.21,0,0,0,100.0,0.0,0.0,3,-1,0,0
9,2022-2023 Hostel Election,2023,2,Wednesday,167.9999999997222,2022-2023,HOSTEL,None,50,Clerk - Block 7,Block 7,5,939,Block 7,2024-2025,0,0,0,17276.5,34.0400000000000000,"Block A,Block B,Block C","2024-2025,2024-2025,2024-2025",41,21.81,1,0,0,100.0,0.0,0.0,3,4,0,0
9,2022-2023 Hostel Election,2023,2,Wednesday,167.9999999997222,2022-2023,HOSTEL,None,50,Clerk - Block 7,Block 7,5,937,Block 7,2024-2025,0,0,0,17276.5,34.0400000000000000,"Block A,Block B,Block C","2024-2025,2024-2025,2024-2025",35,18.62,0,0,0,100.0,0.0,0.0,6,0,0,0
9,2022-2023 Hostel Election,2023,2,Wednesday,167.9999999997222,2022-2023,HOSTEL,None,50,Clerk - Block 7,Block 7,5,936,Block 7,2024-2025,0,0,0,17276.5,34.0400000000000000,"Block A,Block B,Block C","2024-2025,2024-2025,2024-2025",37,19.68,0,0,0,100.0,0.0,0.0,4,0,0,0
9,2022-2023 Hostel Election,2023,2,Wednesday,167.9999999997222,2022-2023,HOSTEL,None,50,Clerk - Block 7,Block 7,5,940,Block 7,2024-2025,0,0,0,17276.5,34.0400000000000000,"Block A,Block B,Block C","2024-2025,2024-2025,2024-2025",37,19.68,0,0,0,100.0,0.0,0.0,4,-2,0,0
9,2022-2023 Hostel Election,2023,2,Wednesday,167.9999999997222,2022-2023,HOSTEL,None,51,Clerk - Block 8,Block 8,5,944,Block 8,2024-2025,0,0,0,17276.5,34.0400000000000000,"Block A,Block B,Block C","2024-2025,2024-2025,2024-2025",44,22.92,1,0,0,100.0,0.0,0.0,4,5,0,0
9,2022-2023 Hostel Election,2023,2,Wednesday,167.9999999997222,2022-2023,HOSTEL,None,51,Clerk - Block 8,Block 8,5,941,Block 8,2024-2025,0,0,0,17276.5,34.0400000000000000,"Block A,Block B,Block C","2024-2025,2024-2025,2024-2025",40,20.83,0,0,0,100.0,0.0,0.0,4,-1,0,0
9,2022-2023 Hostel Election,2023,2,Wednesday,167.9999999997222,2022-2023,HOSTEL,None,51,Clerk - Block 8,Block 8,5,942,Block 8,2024-2025,0,0,0,17276.5,34.0400000000000000,"Block A,Block B,Block C","2024-2025,2024-2025,2024-2025",39,20.31,0,0,0,100.0,0.0,0.0,5,-2,0,0
9,2022-2023 Hostel Election,2023,2,Wednesday,167.9999999997222,2022-2023,HOSTEL,None,51,Clerk - Block 8,Block 8,5,945,Block 8,2024-2025,0,0,0,17276.5,34.0400000000000000,"Block A,Block B,Block C","2024-2025,2024-2025,2024-2025",37,19.27,0,0,0,100.0,0.0,0.0,7,-5,0,0
9,2022-2023 Hostel Election,2023,2,Wednesday,167.9999999997222,2022-2023,HOSTEL,None,51,Clerk - Block 8,Block 8,5,943,Block 8,2024-2025,0,0,1,17276.5,34.0400000000000000,"Block A,Block B,Block C","2024-2025,2024-2025,2024-2025",32,16.67,0,0,0,100.0,0.0,0.0,12,0,0,0
9,2022-2023 Hostel Election,2023,2,Wednesday,167.9999999997222,2022-2023,HOSTEL,None,52,Clerk - Block 9,Block 9,5,947,Block 9,2024-2025,0,0,0,17276.5,34.0400000000000000,"Block A,Block B,Block C","2024-2025,2024-2025,2024-2025",36,20.34,0,0,0,100.0,0.0,0.0,8,-3,0,0
9,2022-2023 Hostel Election,2023,2,Wednesday,167.9999999997222,2022-2023,HOSTEL,None,52,Clerk - Block 9,Block 9,5,950,Block 9,2024-2025,0,0,0,17276.5,34.0400000000000000,"Block A,Block B,Block C","2024-2025,2024-2025,2024-2025",44,24.86,1,0,0,100.0,0.0,0.0,6,8,0,0
9,2022-2023 Hostel Election,2023,2,Wednesday,167.9999999997222,2022-2023,HOSTEL,None,52,Clerk - Block 9,Block 9,5,948,Block 9,2024-2025,0,0,0,17276.5,34.0400000000000000,"Block A,Block B,Block C","2024-2025,2024-2025,2024-2025",26,14.69,0,0,0,100.0,0.0,0.0,18,0,0,0
9,2022-2023 Hostel Election,2023,2,Wednesday,167.9999999997222,2022-2023,HOSTEL,None,52,Clerk - Block 9,Block 9,5,949,Block 9,2024-2025,0,0,0,17276.5,34.0400000000000000,"Block A,Block B,Block C","2024-2025,2024-2025,2024-2025",38,21.47,0,0,0,100.0,0.0,0.0,6,-2,0,0
9,2022-2023 Hostel Election,2023,2,Wednesday,167.9999999997222,2022-2023,HOSTEL,None,52,Clerk - Block 9,Block 9,5,946,Block 9,2024-2025,0,0,0,17276.5,34.0400000000000000,"Block A,Block B,Block C","2024-2025,2024-2025,2024-2025",33,18.64,0,0,0,100.0,0.0,0.0,11,-7,0,0
9,2022-2023 Hostel Election,2023,2,Wednesday,167.9999999997222,2022-2023,HOSTEL,None,53,Clerk - Block 10,Block 10,5,954,Block 10,2024-2025,0,0,0,17276.5,34.0400000000000000,"Block A,Block B,Block C","2024-2025,2024-2025,2024-2025",31,17.22,0,0,0,100.0,0.0,0.0,15,-1,0,0
9,2022-2023 Hostel Election,2023,2,Wednesday,167.9999999997222,2022-2023,HOSTEL,None,53,Clerk - Block 10,Block 10,5,951,Block 10,2024-2025,0,0,0,17276.5,34.0400000000000000,"Block A,Block B,Block C","2024-2025,2024-2025,2024-2025",32,17.78,0,0,0,100.0,0.0,0.0,14,-1,0,0
9,2022-2023 Hostel Election,2023,2,Wednesday,167.9999999997222,2022-2023,HOSTEL,None,53,Clerk - Block 10,Block 10,5,952,Block 10,2024-2025,0,0,0,17276.5,34.0400000000000000,"Block A,Block B,Block C","2024-2025,2024-2025,2024-2025",46,25.56,1,0,0,100.0,0.0,0.0,5,14,0,0
9,2022-2023 Hostel Election,2023,2,Wednesday,167.9999999997222,2022-2023,HOSTEL,None,53,Clerk - Block 10,Block 10,5,953,Block 10,2024-2025,0,0,0,17276.5,34.0400000000000000,"Block A,Block B,Block C","2024-2025,2024-2025,2024-2025",41,22.78,0,0,0,100.0,0.0,0.0,5,-9,0,0
9,2022-2023 Hostel Election,2023,2,Wednesday,167.9999999997222,2022-2023,HOSTEL,None,53,Clerk - Block 10,Block 10,5,955,Block 10,2024-2025,0,0,0,17276.5,34.0400000000000000,"Block A,Block B,Block C","2024-2025,2024-2025,2024-2025",30,16.67,0,0,0,100.0,0.0,0.0,16,0,0,0
9,2022-2023 Hostel Election,2023,2,Wednesday,167.9999999997222,2022-2023,HOSTEL,None,54,Clerk - Block 11,Block 11,5,958,Block 11,2024-2025,0,0,0,17276.5,34.0400000000000000,"Block A,Block B,Block C","2024-2025,2024-2025,2024-2025",42,23.46,0,0,0,100.0,0.0,0.0,0,-7,0,0
9,2022-2023 Hostel Election,2023,2,Wednesday,167.9999999997222,2022-2023,HOSTEL,None,54,Clerk - Block 11,Block 11,5,956,Block 11,2024-2025,0,0,0,17276.5,34.0400000000000000,"Block A,Block B,Block C","2024-2025,2024-2025,2024-2025",42,23.46,1,0,0,100.0,0.0,0.0,0,7,0,0
9,2022-2023 Hostel Election,2023,2,Wednesday,167.9999999997222,2022-2023,HOSTEL,None,54,Clerk - Block 11,Block 11,5,960,Block 11,2024-2025,0,0,0,17276.5,34.0400000000000000,"Block A,Block B,Block C","2024-2025,2024-2025,2024-2025",31,17.32,0,0,0,100.0,0.0,0.0,11,-2,0,0
9,2022-2023 Hostel Election,2023,2,Wednesday,167.9999999997222,2022-2023,HOSTEL,None,54,Clerk - Block 11,Block 11,5,957,Block 11,2024-2025,0,0,0,17276.5,34.0400000000000000,"Block A,Block B,Block C","2024-2025,2024-2025,2024-2025",29,16.20,0,0,0,100.0,0.0,0.0,13,0,0,0
9,2022-2023 Hostel Election,2023,2,Wednesday,167.9999999997222,2022-2023,HOSTEL,None,54,Clerk - Block 11,Block 11,5,959,Block 11,2024-2025,0,0,0,17276.5,34.0400000000000000,"Block A,Block B,Block C","2024-2025,2024-2025,2024-2025",35,19.55,0,0,0,100.0,0.0,0.0,7,-4,0,0
9,2022-2023 Hostel Election,2023,2,Wednesday,167.9999999997222,2022-2023,HOSTEL,None,55,Clerk - Block 12,Block 12,5,964,Block 12,2024-2025,0,0,0,17276.5,34.0400000000000000,"Block A,Block B,Block C","2024-2025,2024-2025,2024-2025",27,15.34,0,0,0,100.0,0.0,0.0,13,0,0,0
9,2022-2023 Hostel Election,2023,2,Wednesday,167.9999999997222,2022-2023,HOSTEL,None,55,Clerk - Block 12,Block 12,5,962,Block 12,2024-2025,0,0,0,17276.5,34.0400000000000000,"Block A,Block B,Block C","2024-2025,2024-2025,2024-2025",35,19.89,0,0,0,100.0,0.0,0.0,5,0,0,0
9,2022-2023 Hostel Election,2023,2,Wednesday,167.9999999997222,2022-2023,HOSTEL,None,55,Clerk - Block 12,Block 12,5,965,Block 12,2024-2025,0,0,0,17276.5,34.0400000000000000,"Block A,Block B,Block C","2024-2025,2024-2025,2024-2025",35,19.89,0,0,0,100.0,0.0,0.0,5,-8,0,0
9,2022-2023 Hostel Election,2023,2,Wednesday,167.9999999997222,2022-2023,HOSTEL,None,55,Clerk - Block 12,Block 12,5,961,Block 12,2024-2025,0,0,0,17276.5,34.0400000000000000,"Block A,Block B,Block C","2024-2025,2024-2025,2024-2025",39,22.16,0,0,0,100.0,0.0,0.0,1,-4,0,0
9,2022-2023 Hostel Election,2023,2,Wednesday,167.9999999997222,2022-2023,HOSTEL,None,55,Clerk - Block 12,Block 12,5,963,Block 12,2024-2025,0,0,0,17276.5,34.0400000000000000,"Block A,Block B,Block C","2024-2025,2024-2025,2024-2025",40,22.73,1,0,0,100.0,0.0,0.0,1,5,0,0
9,2022-2023 Hostel Election,2023,2,Wednesday,167.9999999997222,2022-2023,HOSTEL,None,56,Clerk - Block 13,Block 13,5,966,Block 13,2024-2025,0,0,0,17276.5,34.0400000000000000,"Block A,Block B,Block C","2024-2025,2024-2025,2024-2025",29,17.90,0,0,0,100.0,0.0,0.0,12,-8,0,0
9,2022-2023 Hostel Election,2023,2,Wednesday,167.9999999997222,2022-2023,HOSTEL,None,56,Clerk - Block 13,Block 13,5,969,Block 13,2024-2025,0,0,0,17276.5,34.0400000000000000,"Block A,Block B,Block C","2024-2025,2024-2025,2024-2025",38,23.46,0,0,0,100.0,0.0,0.0,3,-5,0,0
9,2022-2023 Hostel Election,2023,2,Wednesday,167.9999999997222,2022-2023,HOSTEL,None,56,Clerk - Block 13,Block 13,5,970,Block 13,2024-2025,0,0,0,17276.5,34.0400000000000000,"Block A,Block B,Block C","2024-2025,2024-2025,2024-2025",21,12.96,0,0,0,100.0,0.0,0.0,20,0,0,0
9,2022-2023 Hostel Election,2023,2,Wednesday,167.9999999997222,2022-2023,HOSTEL,None,56,Clerk - Block 13,Block 13,5,967,Block 13,2024-2025,0,0,0,17276.5,34.0400000000000000,"Block A,Block B,Block C","2024-2025,2024-2025,2024-2025",41,25.31,1,0,0,100.0,0.0,0.0,3,8,0,0
9,2022-2023 Hostel Election,2023,2,Wednesday,167.9999999997222,2022-2023,HOSTEL,None,56,Clerk - Block 13,Block 13,5,968,Block 13,2024-2025,0,0,0,17276.5,34.0400000000000000,"Block A,Block B,Block C","2024-2025,2024-2025,2024-2025",33,20.37,0,0,0,100.0,0.0,0.0,8,-4,0,0
9,2022-2023 Hostel Election,2023,2,Wednesday,167.9999999997222,2022-2023,HOSTEL,None,57,Clerk - Block 14,Block 14,5,971,Block 14,2024-2025,0,0,0,17276.5,34.0400000000000000,"Block A,Block B,Block C","2024-2025,2024-2025,2024-2025",36,23.68,1,0,0,100.0,0.0,0.0,3,3,0,0
9,2022-2023 Hostel Election,2023,2,Wednesday,167.9999999997222,2022-2023,HOSTEL,None,57,Clerk - Block 14,Block 14,5,974,Block 14,2024-2025,0,0,0,17276.5,34.0400000000000000,"Block A,Block B,Block C","2024-2025,2024-2025,2024-2025",26,17.11,0,0,0,100.0,0.0,0.0,10,-2,0,0
9,2022-2023 Hostel Election,2023,2,Wednesday,167.9999999997222,2022-2023,HOSTEL,None,57,Clerk - Block 14,Block 14,5,973,Block 14,2024-2025,0,0,0,17276.5,34.0400000000000000,"Block A,Block B,Block C","2024-2025,2024-2025,2024-2025",33,21.71,0,0,0,100.0,0.0,0.0,3,0,0,0
9,2022-2023 Hostel Election,2023,2,Wednesday,167.9999999997222,2022-2023,HOSTEL,None,57,Clerk - Block 14,Block 14,5,972,Block 14,2024-2025,0,0,0,17276.5,34.0400000000000000,"Block A,Block B,Block C","2024-2025,2024-2025,2024-2025",24,15.79,0,0,0,100.0,0.0,0.0,12,0,0,0
9,2022-2023 Hostel Election,2023,2,Wednesday,167.9999999997222,2022-2023,HOSTEL,None,57,Clerk - Block 14,Block 14,5,975,Block 14,2024-2025,0,0,0,17276.5,34.0400000000000000,"Block A,Block B,Block C","2024-2025,2024-2025,2024-2025",33,21.71,0,0,0,100.0,0.0,0.0,3,-7,0,0
9,2022-2023 Hostel Election,2023,2,Wednesday,167.9999999997222,2022-2023,HOSTEL,None,58,Clerk - Block 15,Block 15,5,976,Block 15,2024-2025,0,0,0,17276.5,34.0400000000000000,"Block A,Block B,Block C","2024-2025,2024-2025,2024-2025",35,20.96,0,0,0,100.0,0.0,0.0,2,0,0,0
9,2022-2023 Hostel Election,2023,2,Wednesday,167.9999999997222,2022-2023,HOSTEL,None,58,Clerk - Block 15,Block 15,5,977,Block 15,2024-2025,0,0,0,17276.5,34.0400000000000000,"Block A,Block B,Block C","2024-2025,2024-2025,2024-2025",30,17.96,0,0,0,100.0,0.0,0.0,7,0,0,0
9,2022-2023 Hostel Election,2023,2,Wednesday,167.9999999997222,2022-2023,HOSTEL,None,58,Clerk - Block 15,Block 15,5,978,Block 15,2024-2025,0,0,0,17276.5,34.0400000000000000,"Block A,Block B,Block C","2024-2025,2024-2025,2024-2025",30,17.96,0,0,0,100.0,0.0,0.0,7,0,0,0
9,2022-2023 Hostel Election,2023,2,Wednesday,167.9999999997222,2022-2023,HOSTEL,None,58,Clerk - Block 15,Block 15,5,980,Block 15,2024-2025,0,0,0,17276.5,34.0400000000000000,"Block A,Block B,Block C","2024-2025,2024-2025,2024-2025",37,22.16,1,0,0,100.0,0.0,0.0,2,2,0,0
9,2022-2023 Hostel Election,2023,2,Wednesday,167.9999999997222,2022-2023,HOSTEL,None,58,Clerk - Block 15,Block 15,5,979,Block 15,2024-2025,0,0,0,17276.5,34.0400000000000000,"Block A,Block B,Block C","2024-2025,2024-2025,2024-2025",35,20.96,0,0,0,100.0,0.0,0.0,2,-5,0,0
9,2022-2023 Hostel Election,2023,2,Wednesday,167.9999999997222,2022-2023,HOSTEL,None,59,Clerk - Block 16,Block 16,5,982,Block 16,2024-2025,0,0,0,17276.5,34.0400000000000000,"Block A,Block B,Block C","2024-2025,2024-2025,2024-2025",39,22.54,0,0,0,100.0,0.0,0.0,2,-5,0,0
9,2022-2023 Hostel Election,2023,2,Wednesday,167.9999999997222,2022-2023,HOSTEL,None,59,Clerk - Block 16,Block 16,5,985,Block 16,2024-2025,0,0,0,17276.5,34.0400000000000000,"Block A,Block B,Block C","2024-2025,2024-2025,2024-2025",25,14.45,0,0,0,100.0,0.0,0.0,16,0,0,0
9,2022-2023 Hostel Election,2023,2,Wednesday,167.9999999997222,2022-2023,HOSTEL,None,59,Clerk - Block 16,Block 16,5,981,Block 16,2024-2025,0,0,0,17276.5,34.0400000000000000,"Block A,Block B,Block C","2024-2025,2024-2025,2024-2025",34,19.65,0,0,0,100.0,0.0,0.0,7,0,0,0
9,2022-2023 Hostel Election,2023,2,Wednesday,167.9999999997222,2022-2023,HOSTEL,None,59,Clerk - Block 16,Block 16,5,983,Block 16,2024-2025,0,0,0,17276.5,34.0400000000000000,"Block A,Block B,Block C","2024-2025,2024-2025,2024-2025",41,23.70,1,0,0,100.0,0.0,0.0,2,7,0,0
9,2022-2023 Hostel Election,2023,2,Wednesday,167.9999999997222,2022-2023,HOSTEL,None,59,Clerk - Block 16,Block 16,5,984,Block 16,2024-2025,0,0,0,17276.5,34.0400000000000000,"Block A,Block B,Block C","2024-2025,2024-2025,2024-2025",34,19.65,0,0,0,100.0,0.0,0.0,7,-9,0,0
9,2022-2023 Hostel Election,2023,2,Wednesday,167.9999999997222,2022-2023,HOSTEL,None,60,Clerk - Block 17,Block 17,5,989,Block 17,2024-2025,0,0,0,17276.5,34.0400000000000000,"Block A,Block B,Block C","2024-2025,2024-2025,2024-2025",29,18.24,0,0,0,100.0,0.0,0.0,8,-1,0,0
9,2022-2023 Hostel Election,2023,2,Wednesday,167.9999999997222,2022-2023,HOSTEL,None,60,Clerk - Block 17,Block 17,5,987,Block 17,2024-2025,0,0,0,17276.5,34.0400000000000000,"Block A,Block B,Block C","2024-2025,2024-2025,2024-2025",33,20.76,0,0,0,100.0,0.0,0.0,4,-1,0,0
9,2022-2023 Hostel Election,2023,2,Wednesday,167.9999999997222,2022-2023,HOSTEL,None,60,Clerk - Block 17,Block 17,5,990,Block 17,2024-2025,0,0,0,17276.5,34.0400000000000000,"Block A,Block B,Block C","2024-2025,2024-2025,2024-2025",32,20.13,0,0,0,100.0,0.0,0.0,5,-3,0,0
9,2022-2023 Hostel Election,2023,2,Wednesday,167.9999999997222,2022-2023,HOSTEL,None,60,Clerk - Block 17,Block 17,5,986,Block 17,2024-2025,0,0,0,17276.5,34.0400000000000000,"Block A,Block B,Block C","2024-2025,2024-2025,2024-2025",37,23.27,1,0,0,100.0,0.0,0.0,4,5,0,0
9,2022-2023 Hostel Election,2023,2,Wednesday,167.9999999997222,2022-2023,HOSTEL,None,60,Clerk - Block 17,Block 17,5,988,Block 17,2024-2025,0,0,0,17276.5,34.0400000000000000,"Block A,Block B,Block C","2024-2025,2024-2025,2024-2025",28,17.61,0,0,0,100.0,0.0,0.0,9,0,0,0
9,2022-2023 Hostel Election,2023,2,Wednesday,167.9999999997222,2022-2023,HOSTEL,None,61,Clerk - Block 18,Block 18,5,992,Block 18,2024-2025,0,0,0,17276.5,34.0400000000000000,"Block A,Block B,Block C","2024-2025,2024-2025,2024-2025",53,24.88,1,0,0,100.0,0.0,0.0,10,11,0,0
9,2022-2023 Hostel Election,2023,2,Wednesday,167.9999999997222,2022-2023,HOSTEL,None,61,Clerk - Block 18,Block 18,5,991,Block 18,2024-2025,0,0,0,17276.5,34.0400000000000000,"Block A,Block B,Block C","2024-2025,2024-2025,2024-2025",37,17.37,0,0,0,100.0,0.0,0.0,16,0,0,0
9,2022-2023 Hostel Election,2023,2,Wednesday,167.9999999997222,2022-2023,HOSTEL,None,61,Clerk - Block 18,Block 18,5,993,Block 18,2024-2025,0,0,0,17276.5,34.0400000000000000,"Block A,Block B,Block C","2024-2025,2024-2025,2024-2025",43,20.19,0,0,0,100.0,0.0,0.0,10,-1,0,0
9,2022-2023 Hostel Election,2023,2,Wednesday,167.9999999997222,2022-2023,HOSTEL,None,61,Clerk - Block 18,Block 18,5,995,Block 18,2024-2025,0,0,1,17276.5,34.0400000000000000,"Block A,Block B,Block C","2024-2025,2024-2025,2024-2025",38,17.84,0,0,0,100.0,0.0,0.0,15,-1,0,0
9,2022-2023 Hostel Election,2023,2,Wednesday,167.9999999997222,2022-2023,HOSTEL,None,61,Clerk - Block 18,Block 18,5,994,Block 18,2024-2025,0,0,0,17276.5,34.0400000000000000,"Block A,Block B,Block C","2024-2025,2024-2025,2024-2025",42,19.72,0,0,0,100.0,0.0,0.0,11,-4,0,0
9,2022-2023 Hostel Election,2023,2,Wednesday,167.9999999997222,2022-2023,HOSTEL,None,62,Clerk - Block 19,Block 19,5,999,Block 19,2024-2025,0,0,0,17276.5,34.0400000000000000,"Block A,Block B,Block C","2024-2025,2024-2025,2024-2025",45,24.86,1,0,0,100.0,0.0,0.0,2,13,0,0
9,2022-2023 Hostel Election,2023,2,Wednesday,167.9999999997222,2022-2023,HOSTEL,None,62,Clerk - Block 19,Block 19,5,1000,Block 19,2024-2025,0,0,0,17276.5,34.0400000000000000,"Block A,Block B,Block C","2024-2025,2024-2025,2024-2025",32,17.68,0,0,0,100.0,0.0,0.0,13,-1,0,0
9,2022-2023 Hostel Election,2023,2,Wednesday,167.9999999997222,2022-2023,HOSTEL,None,62,Clerk - Block 19,Block 19,5,998,Block 19,2024-2025,0,0,0,17276.5,34.0400000000000000,"Block A,Block B,Block C","2024-2025,2024-2025,2024-2025",43,23.76,0,0,0,100.0,0.0,0.0,2,-11,0,0
9,2022-2023 Hostel Election,2023,2,Wednesday,167.9999999997222,2022-2023,HOSTEL,None,62,Clerk - Block 19,Block 19,5,997,Block 19,2024-2025,0,0,0,17276.5,34.0400000000000000,"Block A,Block B,Block C","2024-2025,2024-2025,2024-2025",30,16.58,0,0,0,100.0,0.0,0.0,15,0,0,0
9,2022-2023 Hostel Election,2023,2,Wednesday,167.9999999997222,2022-2023,HOSTEL,None,62,Clerk - Block 19,Block 19,5,996,Block 19,2024-2025,0,0,0,17276.5,34.0400000000000000,"Block A,Block B,Block C","2024-2025,2024-2025,2024-2025",31,17.13,0,0,0,100.0,0.0,0.0,14,-1,0,0
9,2022-2023 Hostel Election,2023,2,Wednesday,167.9999999997222,2022-2023,HOSTEL,None,63,Clerk - Block 1,Block 1,5,1001,Block 1,2024-2025,0,0,0,17276.5,34.0400000000000000,"Block A,Block B,Block C","2024-2025,2024-2025,2024-2025",140,21.54,1,0,0,100.0,0.0,0.0,6,10,0,0
9,2022-2023 Hostel Election,2023,2,Wednesday,167.9999999997222,2022-2023,HOSTEL,None,63,Clerk - Block 1,Block 1,5,1004,Block 1,2024-2025,0,0,0,17276.5,34.0400000000000000,"Block A,Block B,Block C","2024-2025,2024-2025,2024-2025",129,19.85,0,0,0,100.0,0.0,0.0,11,-12,0,0
9,2022-2023 Hostel Election,2023,2,Wednesday,167.9999999997222,2022-2023,HOSTEL,None,63,Clerk - Block 1,Block 1,5,1003,Block 1,2024-2025,0,0,0,17276.5,34.0400000000000000,"Block A,Block B,Block C","2024-2025,2024-2025,2024-2025",134,20.62,0,0,0,100.0,0.0,0.0,6,-4,0,0
9,2022-2023 Hostel Election,2023,2,Wednesday,167.9999999997222,2022-2023,HOSTEL,None,63,Clerk - Block 1,Block 1,5,1005,Block 1,2024-2025,0,0,0,17276.5,34.0400000000000000,"Block A,Block B,Block C","2024-2025,2024-2025,2024-2025",117,18.00,0,0,0,100.0,0.0,0.0,23,0,0,0
9,2022-2023 Hostel Election,2023,2,Wednesday,167.9999999997222,2022-2023,HOSTEL,None,63,Clerk - Block 1,Block 1,5,1002,Block 1,2024-2025,0,0,0,17276.5,34.0400000000000000,"Block A,Block B,Block C","2024-2025,2024-2025,2024-2025",130,20.00,0,0,0,100.0,0.0,0.0,10,-1,0,0
9,2022-2023 Hostel Election,2023,2,Wednesday,167.9999999997222,2022-2023,HOSTEL,None,64,Clerk - Block 2,Block 2,5,1010,Block 2,2024-2025,0,0,0,17276.5,34.0400000000000000,"Block A,Block B,Block C","2024-2025,2024-2025,2024-2025",113,17.36,0,0,0,100.0,0.0,0.0,33,0,0,0
9,2022-2023 Hostel Election,2023,2,Wednesday,167.9999999997222,2022-2023,HOSTEL,None,64,Clerk - Block 2,Block 2,5,1008,Block 2,2024-2025,0,0,0,17276.5,34.0400000000000000,"Block A,Block B,Block C","2024-2025,2024-2025,2024-2025",146,22.43,1,0,0,100.0,0.0,0.0,8,10,0,0
9,2022-2023 Hostel Election,2023,2,Wednesday,167.9999999997222,2022-2023,HOSTEL,None,64,Clerk - Block 2,Block 2,5,1009,Block 2,2024-2025,0,0,0,17276.5,34.0400000000000000,"Block A,Block B,Block C","2024-2025,2024-2025,2024-2025",118,18.13,0,0,0,100.0,0.0,0.0,28,-5,0,0
9,2022-2023 Hostel Election,2023,2,Wednesday,167.9999999997222,2022-2023,HOSTEL,None,64,Clerk - Block 2,Block 2,5,1006,Block 2,2024-2025,0,0,0,17276.5,34.0400000000000000,"Block A,Block B,Block C","2024-2025,2024-2025,2024-2025",136,20.89,0,0,0,100.0,0.0,0.0,10,-18,0,0
9,2022-2023 Hostel Election,2023,2,Wednesday,167.9999999997222,2022-2023,HOSTEL,None,64,Clerk - Block 2,Block 2,5,1007,Block 2,2024-2025,0,0,0,17276.5,34.0400000000000000,"Block A,Block B,Block C","2024-2025,2024-2025,2024-2025",138,21.20,0,0,0,100.0,0.0,0.0,8,-2,0,0
9,2022-2023 Hostel Election,2023,2,Wednesday,167.9999999997222,2022-2023,HOSTEL,None,65,Clerk - Block 3,Block 3,5,1014,Block 3,2024-2025,0,0,0,17276.5,34.0400000000000000,"Block A,Block B,Block C","2024-2025,2024-2025,2024-2025",134,19.34,0,0,0,100.0,0.0,0.0,28,-5,0,0
9,2022-2023 Hostel Election,2023,2,Wednesday,167.9999999997222,2022-2023,HOSTEL,None,65,Clerk - Block 3,Block 3,5,1015,Block 3,2024-2025,0,0,0,17276.5,34.0400000000000000,"Block A,Block B,Block C","2024-2025,2024-2025,2024-2025",162,23.38,1,0,0,100.0,0.0,0.0,16,28,0,0
9,2022-2023 Hostel Election,2023,2,Wednesday,167.9999999997222,2022-2023,HOSTEL,None,65,Clerk - Block 3,Block 3,5,1011,Block 3,2024-2025,0,0,0,17276.5,34.0400000000000000,"Block A,Block B,Block C","2024-2025,2024-2025,2024-2025",122,17.61,0,0,0,100.0,0.0,0.0,40,0,0,0
9,2022-2023 Hostel Election,2023,2,Wednesday,167.9999999997222,2022-2023,HOSTEL,None,65,Clerk - Block 3,Block 3,5,1013,Block 3,2024-2025,0,0,0,17276.5,34.0400000000000000,"Block A,Block B,Block C","2024-2025,2024-2025,2024-2025",129,18.62,0,0,0,100.0,0.0,0.0,33,-7,0,0
9,2022-2023 Hostel Election,2023,2,Wednesday,167.9999999997222,2022-2023,HOSTEL,None,65,Clerk - Block 3,Block 3,5,1012,Block 3,2024-2025,0,0,0,17276.5,34.0400000000000000,"Block A,Block B,Block C","2024-2025,2024-2025,2024-2025",146,21.07,0,0,0,100.0,0.0,0.0,16,-12,0,0
9,2022-2023 Hostel Election,2023,2,Wednesday,167.9999999997222,2022-2023,HOSTEL,None,66,Clerk - Block 4,Block 4,5,1019,Block 4,2024-2025,0,0,0,17276.5,34.0400000000000000,"Block A,Block B,Block C","2024-2025,2024-2025,2024-2025",152,21.38,0,0,0,100.0,0.0,0.0,4,-13,0,0
9,2022-2023 Hostel Election,2023,2,Wednesday,167.9999999997222,2022-2023,HOSTEL,None,66,Clerk - Block 4,Block 4,5,1017,Block 4,2024-2025,0,0,0,17276.5,34.0400000000000000,"Block A,Block B,Block C","2024-2025,2024-2025,2024-2025",156,21.94,1,0,0,100.0,0.0,0.0,4,17,0,0
9,2022-2023 Hostel Election,2023,2,Wednesday,167.9999999997222,2022-2023,HOSTEL,None,66,Clerk - Block 4,Block 4,5,1018,Block 4,2024-2025,0,0,0,17276.5,34.0400000000000000,"Block A,Block B,Block C","2024-2025,2024-2025,2024-2025",139,19.55,0,0,0,100.0,0.0,0.0,17,-14,0,0
9,2022-2023 Hostel Election,2023,2,Wednesday,167.9999999997222,2022-2023,HOSTEL,None,66,Clerk - Block 4,Block 4,5,1020,Block 4,2024-2025,0,0,0,17276.5,34.0400000000000000,"Block A,Block B,Block C","2024-2025,2024-2025,2024-2025",125,17.58,0,0,0,100.0,0.0,0.0,31,0,0,0
9,2022-2023 Hostel Election,2023,2,Wednesday,167.9999999997222,2022-2023,HOSTEL,None,66,Clerk - Block 4,Block 4,5,1016,Block 4,2024-2025,0,0,0,17276.5,34.0400000000000000,"Block A,Block B,Block C","2024-2025,2024-2025,2024-2025",139,19.55,0,0,0,100.0,0.0,0.0,17,0,0,0
9,2022-2023 Hostel Election,2023,2,Wednesday,167.9999999997222,2022-2023,HOSTEL,None,67,Clerk - Block 5,Block 5,5,1022,Block 5,2024-2025,0,0,0,17276.5,34.0400000000000000,"Block A,Block B,Block C","2024-2025,2024-2025,2024-2025",140,20.41,0,0,0,100.0,0.0,0.0,3,-2,0,0
9,2022-2023 Hostel Election,2023,2,Wednesday,167.9999999997222,2022-2023,HOSTEL,None,67,Clerk - Block 5,Block 5,5,1025,Block 5,2024-2025,0,0,0,17276.5,34.0400000000000000,"Block A,Block B,Block C","2024-2025,2024-2025,2024-2025",130,18.95,0,0,0,100.0,0.0,0.0,13,0,0,0
9,2022-2023 Hostel Election,2023,2,Wednesday,167.9999999997222,2022-2023,HOSTEL,None,67,Clerk - Block 5,Block 5,5,1024,Block 5,2024-2025,0,0,1,17276.5,34.0400000000000000,"Block A,Block B,Block C","2024-2025,2024-2025,2024-2025",138,20.12,0,0,0,100.0,0.0,0.0,5,-3,0,0
9,2022-2023 Hostel Election,2023,2,Wednesday,167.9999999997222,2022-2023,HOSTEL,None,67,Clerk - Block 5,Block 5,5,1023,Block 5,2024-2025,0,0,0,17276.5,34.0400000000000000,"Block A,Block B,Block C","2024-2025,2024-2025,2024-2025",135,19.68,0,0,0,100.0,0.0,0.0,8,-5,0,0
9,2022-2023 Hostel Election,2023,2,Wednesday,167.9999999997222,2022-2023,HOSTEL,None,67,Clerk - Block 5,Block 5,5,1021,Block 5,2024-2025,0,0,0,17276.5,34.0400000000000000,"Block A,Block B,Block C","2024-2025,2024-2025,2024-2025",143,20.85,1,0,0,100.0,0.0,0.0,3,5,0,0
9,2022-2023 Hostel Election,2023,2,Wednesday,167.9999999997222,2022-2023,HOSTEL,None,68,Clerk - Block 1,Block 1,5,1029,Block 1,2024-2025,0,0,0,17276.5,34.0400000000000000,"Block A,Block B,Block C","2024-2025,2024-2025,2024-2025",356,20.99,0,0,0,100.0,0.0,0.0,6,-8,0,0
9,2022-2023 Hostel Election,2023,2,Wednesday,167.9999999997222,2022-2023,HOSTEL,None,68,Clerk - Block 1,Block 1,5,1026,Block 1,2024-2025,0,0,0,17276.5,34.0400000000000000,"Block A,Block B,Block C","2024-2025,2024-2025,2024-2025",362,21.34,1,0,0,100.0,0.0,0.0,6,14,0,0
9,2022-2023 Hostel Election,2023,2,Wednesday,167.9999999997222,2022-2023,HOSTEL,None,68,Clerk - Block 1,Block 1,5,1030,Block 1,2024-2025,0,0,0,17276.5,34.0400000000000000,"Block A,Block B,Block C","2024-2025,2024-2025,2024-2025",327,19.28,0,0,0,100.0,0.0,0.0,35,-24,0,0
9,2022-2023 Hostel Election,2023,2,Wednesday,167.9999999997222,2022-2023,HOSTEL,None,68,Clerk - Block 1,Block 1,5,1028,Block 1,2024-2025,0,0,0,17276.5,34.0400000000000000,"Block A,Block B,Block C","2024-2025,2024-2025,2024-2025",348,20.52,0,0,0,100.0,0.0,0.0,14,-21,0,0
9,2022-2023 Hostel Election,2023,2,Wednesday,167.9999999997222,2022-2023,HOSTEL,None,68,Clerk - Block 1,Block 1,5,1027,Block 1,2024-2025,0,0,0,17276.5,34.0400000000000000,"Block A,Block B,Block C","2024-2025,2024-2025,2024-2025",303,17.87,0,0,0,100.0,0.0,0.0,59,0,0,0
9,2022-2023 Hostel Election,2023,2,Wednesday,167.9999999997222,2022-2023,HOSTEL,None,69,Clerk - Block 2,Block 2,5,1032,Block 2,2024-2025,0,0,0,17276.5,34.0400000000000000,"Block A,Block B,Block C","2024-2025,2024-2025,2024-2025",354,21.34,1,0,0,100.0,0.0,0.0,24,27,0,0
9,2022-2023 Hostel Election,2023,2,Wednesday,167.9999999997222,2022-2023,HOSTEL,None,69,Clerk - Block 2,Block 2,5,1033,Block 2,2024-2025,0,0,0,17276.5,34.0400000000000000,"Block A,Block B,Block C","2024-2025,2024-2025,2024-2025",327,19.71,0,0,0,100.0,0.0,0.0,27,-6,0,0
9,2022-2023 Hostel Election,2023,2,Wednesday,167.9999999997222,2022-2023,HOSTEL,None,69,Clerk - Block 2,Block 2,5,1034,Block 2,2024-2025,0,0,0,17276.5,34.0400000000000000,"Block A,Block B,Block C","2024-2025,2024-2025,2024-2025",321,19.35,0,0,0,100.0,0.0,0.0,33,0,0,0
9,2022-2023 Hostel Election,2023,2,Wednesday,167.9999999997222,2022-2023,HOSTEL,None,69,Clerk - Block 2,Block 2,5,1031,Block 2,2024-2025,0,0,0,17276.5,34.0400000000000000,"Block A,Block B,Block C","2024-2025,2024-2025,2024-2025",327,19.71,0,0,0,100.0,0.0,0.0,27,0,0,0
9,2022-2023 Hostel Election,2023,2,Wednesday,167.9999999997222,2022-2023,HOSTEL,None,69,Clerk - Block 2,Block 2,5,1035,Block 2,2024-2025,0,0,0,17276.5,34.0400000000000000,"Block A,Block B,Block C","2024-2025,2024-2025,2024-2025",330,19.89,0,0,0,100.0,0.0,0.0,24,-3,0,0
5,2023-2024 College Election,2023,12,Saturday,191.9999999997222,2023-2024,COLLEGE,None,2,Governor - College of Education (COED),College of Education (COED),5,354,Block P,2024-2025,0,0,0,17276.5,34.1450000000000000,"Block P,Block 6,Block 9","2024-2025,2024-2025,2024-2025",645,19.54,0,0,0,5.846713117237201,54.1048167222054,0.45440775522568916,47,-14,0,0
5,2023-2024 College Election,2023,12,Saturday,191.9999999997222,2023-2024,COLLEGE,None,2,Governor - College of Education (COED),College of Education (COED),5,355,Block J,2024-2025,0,0,1,17276.5,34.1450000000000000,"Block P,Block 6,Block 9","2024-2025,2024-2025,2024-2025",674,20.42,0,0,0,5.846713117237201,54.1048167222054,0.45440775522568916,18,-15,0,0
5,2023-2024 College Election,2023,12,Saturday,191.9999999997222,2023-2024,COLLEGE,None,2,Governor - College of Education (COED),College of Education (COED),5,352,Block D,2024-2025,0,0,0,17276.5,34.1450000000000000,"Block P,Block 6,Block 9","2024-2025,2024-2025,2024-2025",692,20.96,1,0,0,5.846713117237201,54.1048167222054,0.45440775522568916,18,33,0,0
5,2023-2024 College Election,2023,12,Saturday,191.9999999997222,2023-2024,COLLEGE,None,2,Governor - College of Education (COED),College of Education (COED),5,351,Block C,2024-2025,0,0,0,17276.5,34.1450000000000000,"Block P,Block 6,Block 9","2024-2025,2024-2025,2024-2025",631,19.12,0,0,0,5.846713117237201,54.1048167222054,0.45440775522568916,61,0,0,0
5,2023-2024 College Election,2023,12,Saturday,191.9999999997222,2023-2024,COLLEGE,None,2,Governor - College of Education (COED),College of Education (COED),5,353,Block B,2024-2025,0,0,0,17276.5,34.1450000000000000,"Block P,Block 6,Block 9","2024-2025,2024-2025,2024-2025",659,19.96,0,0,0,5.846713117237201,54.1048167222054,0.45440775522568916,33,-14,0,0
5,2023-2024 College Election,2023,12,Saturday,191.9999999997222,2023-2024,COLLEGE,None,3,Governor - College of Informatics and Virtual Education (CIVE),College of Informatics and Virtual Education (CIVE),5,358,Block 5,2024-2025,0,0,0,17276.5,34.1450000000000000,"Block P,Block 6,Block 9","2024-2025,2024-2025,2024-2025",688,20.18,0,0,0,5.366568914956011,55.60117302052786,0.498533724340176,11,-1,0,0
5,2023-2024 College Election,2023,12,Saturday,191.9999999997222,2023-2024,COLLEGE,None,3,Governor - College of Informatics and Virtual Education (CIVE),College of Informatics and Virtual Education (CIVE),5,360,Block 2,2024-2025,0,0,0,17276.5,34.1450000000000000,"Block P,Block 6,Block 9","2024-2025,2024-2025,2024-2025",674,19.77,0,0,0,5.366568914956011,55.60117302052786,0.498533724340176,25,-12,0,0
5,2023-2024 College Election,2023,12,Saturday,191.9999999997222,2023-2024,COLLEGE,None,3,Governor - College of Informatics and Virtual Education (CIVE),College of Informatics and Virtual Education (CIVE),5,356,Block 3,2024-2025,0,0,0,17276.5,34.1450000000000000,"Block P,Block 6,Block 9","2024-2025,2024-2025,2024-2025",687,20.15,0,0,0,5.366568914956011,55.60117302052786,0.498533724340176,12,-13,0,0
5,2023-2024 College Election,2023,12,Saturday,191.9999999997222,2023-2024,COLLEGE,None,3,Governor - College of Informatics and Virtual Education (CIVE),College of Informatics and Virtual Education (CIVE),5,359,Block 2,2024-2025,0,0,0,17276.5,34.1450000000000000,"Block P,Block 6,Block 9","2024-2025,2024-2025,2024-2025",699,20.50,1,0,0,5.366568914956011,55.60117302052786,0.498533724340176,11,12,0,0
5,2023-2024 College Election,2023,12,Saturday,191.9999999997222,2023-2024,COLLEGE,None,3,Governor - College of Informatics and Virtual Education (CIVE),College of Informatics and Virtual Education (CIVE),5,357,Block 4,2024-2025,0,0,0,17276.5,34.1450000000000000,"Block P,Block 6,Block 9","2024-2025,2024-2025,2024-2025",662,19.41,0,0,0,5.366568914956011,55.60117302052786,0.498533724340176,37,0,0,0
5,2023-2024 College Election,2023,12,Saturday,191.9999999997222,2023-2024,COLLEGE,None,4,Governor - College of Earth Science (COES),College of Earth Science (COES),5,364,Block 8,2024-2025,0,0,0,17276.5,34.1450000000000000,"Block P,Block 6,Block 9","2024-2025,2024-2025,2024-2025",635,19.21,0,0,0,5.353901996370237,55.656382335148216,0.48396854204476714,60,0,0,0
5,2023-2024 College Election,2023,12,Saturday,191.9999999997222,2023-2024,COLLEGE,None,4,Governor - College of Earth Science (COES),College of Earth Science (COES),5,361,Block 8,2024-2025,0,0,0,17276.5,34.1450000000000000,"Block P,Block 6,Block 9","2024-2025,2024-2025,2024-2025",662,20.02,0,0,0,5.353901996370237,55.656382335148216,0.48396854204476714,33,-13,0,0
5,2023-2024 College Election,2023,12,Saturday,191.9999999997222,2023-2024,COLLEGE,None,4,Governor - College of Earth Science (COES),College of Earth Science (COES),5,365,Block 7,2024-2025,0,0,0,17276.5,34.1450000000000000,"Block P,Block 6,Block 9","2024-2025,2024-2025,2024-2025",695,21.02,1,0,0,5.353901996370237,55.656382335148216,0.48396854204476714,30,33,0,0
5,2023-2024 College Election,2023,12,Saturday,191.9999999997222,2023-2024,COLLEGE,None,4,Governor - College of Earth Science (COES),College of Earth Science (COES),5,363,Block 7,2024-2025,0,0,0,17276.5,34.1450000000000000,"Block P,Block 6,Block 9","2024-2025,2024-2025,2024-2025",665,20.12,0,0,0,5.353901996370237,55.656382335148216,0.48396854204476714,30,-3,0,0
5,2023-2024 College Election,2023,12,Saturday,191.9999999997222,2023-2024,COLLEGE,None,4,Governor - College of Earth Science (COES),College of Earth Science (COES),5,362,Block 7,2024-2025,0,0,0,17276.5,34.1450000000000000,"Block P,Block 6,Block 9","2024-2025,2024-2025,2024-2025",649,19.63,0,0,0,5.353901996370237,55.656382335148216,0.48396854204476714,46,-14,0,0
5,2023-2024 College Election,2023,12,Saturday,191.9999999997222,2023-2024,COLLEGE,None,5,Governor - College of Natural and Mathematical Sciences (CNMS),College of Natural and Mathematical Sciences (CNMS),5,368,Block 11,2024-2025,0,0,0,17276.5,34.1450000000000000,"Block P,Block 6,Block 9","2024-2025,2024-2025,2024-2025",680,20.35,0,0,0,5.507333133792278,54.474708171206224,0.5387608500448967,14,-16,0,0
5,2023-2024 College Election,2023,12,Saturday,191.9999999997222,2023-2024,COLLEGE,None,5,Governor - College of Natural and Mathematical Sciences (CNMS),College of Natural and Mathematical Sciences (CNMS),5,367,Block 11,2024-2025,0,0,0,17276.5,34.1450000000000000,"Block P,Block 6,Block 9","2024-2025,2024-2025,2024-2025",653,19.55,0,0,0,5.507333133792278,54.474708171206224,0.5387608500448967,41,-3,0,0
5,2023-2024 College Election,2023,12,Saturday,191.9999999997222,2023-2024,COLLEGE,None,5,Governor - College of Natural and Mathematical Sciences (CNMS),College of Natural and Mathematical Sciences (CNMS),5,369,Block 10,2024-2025,0,0,0,17276.5,34.1450000000000000,"Block P,Block 6,Block 9","2024-2025,2024-2025,2024-2025",664,19.87,0,0,0,5.507333133792278,54.474708171206224,0.5387608500448967,30,-11,0,0
5,2023-2024 College Election,2023,12,Saturday,191.9999999997222,2023-2024,COLLEGE,None,5,Governor - College of Natural and Mathematical Sciences (CNMS),College of Natural and Mathematical Sciences (CNMS),5,370,Block 13,2024-2025,0,0,0,17276.5,34.1450000000000000,"Block P,Block 6,Block 9","2024-2025,2024-2025,2024-2025",694,20.77,1,0,0,5.507333133792278,54.474708171206224,0.5387608500448967,14,30,0,0
5,2023-2024 College Election,2023,12,Saturday,191.9999999997222,2023-2024,COLLEGE,None,5,Governor - College of Natural and Mathematical Sciences (CNMS),College of Natural and Mathematical Sciences (CNMS),5,366,Block 13,2024-2025,0,0,0,17276.5,34.1450000000000000,"Block P,Block 6,Block 9","2024-2025,2024-2025,2024-2025",650,19.46,0,0,0,5.507333133792278,54.474708171206224,0.5387608500448967,44,0,0,0
5,2023-2024 College Election,2023,12,Saturday,191.9999999997222,2023-2024,COLLEGE,None,6,Governor - College of Business and Economics (COBE),College of Business and Economics (COBE),5,372,Block 6,2024-2025,0,0,0,17276.5,34.1450000000000000,"Block P,Block 6,Block 9","2024-2025,2024-2025,2024-2025",680,20.34,0,0,0,5.474125037391564,54.89081663176787,0.4187855219862399,13,-11,0,0
5,2023-2024 College Election,2023,12,Saturday,191.9999999997222,2023-2024,COLLEGE,None,6,Governor - College of Business and Economics (COBE),College of Business and Economics (COBE),5,373,Block 8,2024-2025,0,0,0,17276.5,34.1450000000000000,"Block P,Block 6,Block 9","2024-2025,2024-2025,2024-2025",663,19.83,0,0,0,5.474125037391564,54.89081663176787,0.4187855219862399,30,-25,0,0
5,2023-2024 College Election,2023,12,Saturday,191.9999999997222,2023-2024,COLLEGE,None,6,Governor - College of Business and Economics (COBE),College of Business and Economics (COBE),5,374,Block 7,2024-2025,0,0,0,17276.5,34.1450000000000000,"Block P,Block 6,Block 9","2024-2025,2024-2025,2024-2025",638,19.09,0,0,0,5.474125037391564,54.89081663176787,0.4187855219862399,55,0,0,0
5,2023-2024 College Election,2023,12,Saturday,191.9999999997222,2023-2024,COLLEGE,None,6,Governor - College of Business and Economics (COBE),College of Business and Economics (COBE),5,375,Block 10,2024-2025,0,0,0,17276.5,34.1450000000000000,"Block P,Block 6,Block 9","2024-2025,2024-2025,2024-2025",693,20.73,1,0,0,5.474125037391564,54.89081663176787,0.4187855219862399,13,24,0,0
5,2023-2024 College Election,2023,12,Saturday,191.9999999997222,2023-2024,COLLEGE,None,6,Governor - College of Business and Economics (COBE),College of Business and Economics (COBE),5,371,Block 4,2024-2025,0,0,0,17276.5,34.1450000000000000,"Block P,Block 6,Block 9","2024-2025,2024-2025,2024-2025",669,20.01,0,0,0,5.474125037391564,54.89081663176787,0.4187855219862399,24,-6,0,0
5,2023-2024 College Election,2023,12,Saturday,191.9999999997222,2023-2024,COLLEGE,None,7,Governor - College of Humanities and Social Sciences (CHSS),College of Humanities and Social Sciences (CHSS),5,377,Block 4,2024-2025,0,0,0,17276.5,34.1450000000000000,"Block P,Block 6,Block 9","2024-2025,2024-2025,2024-2025",719,21.32,1,0,0,4.9214349243996445,55.054847316928544,0.4447079750963534,31,57,0,0
5,2023-2024 College Election,2023,12,Saturday,191.9999999997222,2023-2024,COLLEGE,None,7,Governor - College of Humanities and Social Sciences (CHSS),College of Humanities and Social Sciences (CHSS),5,376,Block 4,2024-2025,0,0,0,17276.5,34.1450000000000000,"Block P,Block 6,Block 9","2024-2025,2024-2025,2024-2025",662,19.63,0,0,0,4.9214349243996445,55.054847316928544,0.4447079750963534,57,-4,0,0
5,2023-2024 College Election,2023,12,Saturday,191.9999999997222,2023-2024,COLLEGE,None,7,Governor - College of Humanities and Social Sciences (CHSS),College of Humanities and Social Sciences (CHSS),5,378,Block 3,2024-2025,0,0,0,17276.5,34.1450000000000000,"Block P,Block 6,Block 9","2024-2025,2024-2025,2024-2025",658,19.51,0,0,0,4.9214349243996445,55.054847316928544,0.4447079750963534,61,-12,0,0
5,2023-2024 College Election,2023,12,Saturday,191.9999999997222,2023-2024,COLLEGE,None,7,Governor - College of Humanities and Social Sciences (CHSS),College of Humanities and Social Sciences (CHSS),5,380,Block 5,2024-2025,0,0,0,17276.5,34.1450000000000000,"Block P,Block 6,Block 9","2024-2025,2024-2025,2024-2025",688,20.40,0,0,0,4.9214349243996445,55.054847316928544,0.4447079750963534,31,-26,0,0
5,2023-2024 College Election,2023,12,Saturday,191.9999999997222,2023-2024,COLLEGE,None,7,Governor - College of Humanities and Social Sciences (CHSS),College of Humanities and Social Sciences (CHSS),5,379,Block 3,2024-2025,0,0,0,17276.5,34.1450000000000000,"Block P,Block 6,Block 9","2024-2025,2024-2025,2024-2025",646,19.15,0,0,0,4.9214349243996445,55.054847316928544,0.4447079750963534,73,0,0,0
5,2023-2024 College Election,2023,12,Saturday,191.9999999997222,2023-2024,COLLEGE,None,8,Governor - College of Health Sciences,College of Health Sciences,5,382,Block 2,2024-2025,0,0,0,17276.5,34.1450000000000000,"Block P,Block 6,Block 9","2024-2025,2024-2025,2024-2025",681,20.30,0,0,0,5.84376863446631,55.81395348837209,0.41741204531902204,25,-22,0,0
5,2023-2024 College Election,2023,12,Saturday,191.9999999997222,2023-2024,COLLEGE,None,8,Governor - College of Health Sciences,College of Health Sciences,5,385,Block 2,2024-2025,0,0,0,17276.5,34.1450000000000000,"Block P,Block 6,Block 9","2024-2025,2024-2025,2024-2025",655,19.53,0,0,0,5.84376863446631,55.81395348837209,0.41741204531902204,51,-2,0,0
5,2023-2024 College Election,2023,12,Saturday,191.9999999997222,2023-2024,COLLEGE,None,8,Governor - College of Health Sciences,College of Health Sciences,5,384,Block 1,2024-2025,0,0,0,17276.5,34.1450000000000000,"Block P,Block 6,Block 9","2024-2025,2024-2025,2024-2025",653,19.47,0,0,0,5.84376863446631,55.81395348837209,0.41741204531902204,53,0,0,0
5,2023-2024 College Election,2023,12,Saturday,191.9999999997222,2023-2024,COLLEGE,None,8,Governor - College of Health Sciences,College of Health Sciences,5,381,Block 1,2024-2025,0,0,0,17276.5,34.1450000000000000,"Block P,Block 6,Block 9","2024-2025,2024-2025,2024-2025",706,21.05,1,0,0,5.84376863446631,55.81395348837209,0.41741204531902204,25,47,0,0
5,2023-2024 College Election,2023,12,Saturday,191.9999999997222,2023-2024,COLLEGE,None,8,Governor - College of Health Sciences,College of Health Sciences,5,383,Block 2,2024-2025,0,0,0,17276.5,34.1450000000000000,"Block P,Block 6,Block 9","2024-2025,2024-2025,2024-2025",659,19.65,0,0,0,5.84376863446631,55.81395348837209,0.41741204531902204,47,-4,0,0
6,2023-2024 Hostel Election,2023,12,Wednesday,119.99999999972222,2023-2024,HOSTEL,None,9,Clerk - Block A,Block A,5,389,Block A,2024-2025,0,0,0,17276.5,34.0400000000000000,"Block A,Block B,Block C","2024-2025,2024-2025,2024-2025",29,16.29,0,0,0,58.98876404494382,12.359550561797752,1.1235955056179776,13,0,0,0
6,2023-2024 Hostel Election,2023,12,Wednesday,119.99999999972222,2023-2024,HOSTEL,None,9,Clerk - Block A,Block A,5,386,Block A,2024-2025,0,0,0,17276.5,34.0400000000000000,"Block A,Block B,Block C","2024-2025,2024-2025,2024-2025",37,20.79,0,0,0,58.98876404494382,12.359550561797752,1.1235955056179776,5,-6,0,0
6,2023-2024 Hostel Election,2023,12,Wednesday,119.99999999972222,2023-2024,HOSTEL,None,9,Clerk - Block A,Block A,5,390,Block A,2024-2025,0,0,0,17276.5,34.0400000000000000,"Block A,Block B,Block C","2024-2025,2024-2025,2024-2025",39,21.91,0,0,0,58.98876404494382,12.359550561797752,1.1235955056179776,3,-2,0,0
6,2023-2024 Hostel Election,2023,12,Wednesday,119.99999999972222,2023-2024,HOSTEL,None,9,Clerk - Block A,Block A,5,387,Block A,2024-2025,0,0,0,17276.5,34.0400000000000000,"Block A,Block B,Block C","2024-2025,2024-2025,2024-2025",31,17.42,0,0,0,58.98876404494382,12.359550561797752,1.1235955056179776,11,-2,0,0
6,2023-2024 Hostel Election,2023,12,Wednesday,119.99999999972222,2023-2024,HOSTEL,None,9,Clerk - Block A,Block A,5,388,Block A,2024-2025,0,0,0,17276.5,34.0400000000000000,"Block A,Block B,Block C","2024-2025,2024-2025,2024-2025",42,23.60,1,0,0,58.98876404494382,12.359550561797752,1.1235955056179776,3,5,0,0
6,2023-2024 Hostel Election,2023,12,Wednesday,119.99999999972222,2023-2024,HOSTEL,None,10,Clerk - Block B,Block B,5,394,Block B,2024-2025,0,0,0,17276.5,34.0400000000000000,"Block A,Block B,Block C","2024-2025,2024-2025,2024-2025",40,25.64,1,0,0,63.46153846153846,16.025641025641026,1.282051282051282,4,13,0,0
6,2023-2024 Hostel Election,2023,12,Wednesday,119.99999999972222,2023-2024,HOSTEL,None,10,Clerk - Block B,Block B,5,391,Block B,2024-2025,0,0,0,17276.5,34.0400000000000000,"Block A,Block B,Block C","2024-2025,2024-2025,2024-2025",36,23.08,0,0,0,63.46153846153846,16.025641025641026,1.282051282051282,4,-9,0,0
6,2023-2024 Hostel Election,2023,12,Wednesday,119.99999999972222,2023-2024,HOSTEL,None,10,Clerk - Block B,Block B,5,395,Block B,2024-2025,0,0,0,17276.5,34.0400000000000000,"Block A,Block B,Block C","2024-2025,2024-2025,2024-2025",27,17.31,0,0,0,63.46153846153846,16.025641025641026,1.282051282051282,13,-1,0,0
6,2023-2024 Hostel Election,2023,12,Wednesday,119.99999999972222,2023-2024,HOSTEL,None,10,Clerk - Block B,Block B,5,393,Block B,2024-2025,0,0,0,17276.5,34.0400000000000000,"Block A,Block B,Block C","2024-2025,2024-2025,2024-2025",26,16.67,0,0,0,63.46153846153846,16.025641025641026,1.282051282051282,14,0,0,0
6,2023-2024 Hostel Election,2023,12,Wednesday,119.99999999972222,2023-2024,HOSTEL,None,10,Clerk - Block B,Block B,5,392,Block B,2024-2025,0,0,0,17276.5,34.0400000000000000,"Block A,Block B,Block C","2024-2025,2024-2025,2024-2025",27,17.31,0,0,0,63.46153846153846,16.025641025641026,1.282051282051282,13,0,0,0
6,2023-2024 Hostel Election,2023,12,Wednesday,119.99999999972222,2023-2024,HOSTEL,None,11,Clerk - Block C,Block C,5,398,Block C,2024-2025,0,0,0,17276.5,34.0400000000000000,"Block A,Block B,Block C","2024-2025,2024-2025,2024-2025",38,22.89,1,0,0,62.65060240963856,11.44578313253012,1.2048192771084338,0,4,0,0
6,2023-2024 Hostel Election,2023,12,Wednesday,119.99999999972222,2023-2024,HOSTEL,None,11,Clerk - Block C,Block C,5,399,Block C,2024-2025,0,0,0,17276.5,34.0400000000000000,"Block A,Block B,Block C","2024-2025,2024-2025,2024-2025",38,22.89,0,0,0,62.65060240963856,11.44578313253012,1.2048192771084338,0,-4,0,0
6,2023-2024 Hostel Election,2023,12,Wednesday,119.99999999972222,2023-2024,HOSTEL,None,11,Clerk - Block C,Block C,5,396,Block C,2024-2025,0,0,0,17276.5,34.0400000000000000,"Block A,Block B,Block C","2024-2025,2024-2025,2024-2025",34,20.48,0,0,0,62.65060240963856,11.44578313253012,1.2048192771084338,4,-5,0,0
6,2023-2024 Hostel Election,2023,12,Wednesday,119.99999999972222,2023-2024,HOSTEL,None,11,Clerk - Block C,Block C,5,397,Block C,2024-2025,0,0,0,17276.5,34.0400000000000000,"Block A,Block B,Block C","2024-2025,2024-2025,2024-2025",29,17.47,0,0,0,62.65060240963856,11.44578313253012,1.2048192771084338,9,-2,0,0
6,2023-2024 Hostel Election,2023,12,Wednesday,119.99999999972222,2023-2024,HOSTEL,None,11,Clerk - Block C,Block C,5,400,Block C,2024-2025,0,0,0,17276.5,34.0400000000000000,"Block A,Block B,Block C","2024-2025,2024-2025,2024-2025",27,16.27,0,0,0,62.65060240963856,11.44578313253012,1.2048192771084338,11,0,0,0
6,2023-2024 Hostel Election,2023,12,Wednesday,119.99999999972222,2023-2024,HOSTEL,None,12,Clerk - Block D,Block D,5,403,Block D,2024-2025,0,0,0,17276.5,34.0400000000000000,"Block A,Block B,Block C","2024-2025,2024-2025,2024-2025",34,19.65,0,0,0,63.58381502890174,19.653179190751445,1.1560693641618496,5,-1,0,0
6,2023-2024 Hostel Election,2023,12,Wednesday,119.99999999972222,2023-2024,HOSTEL,None,12,Clerk - Block D,Block D,5,402,Block D,2024-2025,0,0,0,17276.5,34.0400000000000000,"Block A,Block B,Block C","2024-2025,2024-2025,2024-2025",38,21.97,0,0,0,63.58381502890174,19.653179190751445,1.1560693641618496,1,-4,0,0
6,2023-2024 Hostel Election,2023,12,Wednesday,119.99999999972222,2023-2024,HOSTEL,None,12,Clerk - Block D,Block D,5,401,Block D,2024-2025,0,0,0,17276.5,34.0400000000000000,"Block A,Block B,Block C","2024-2025,2024-2025,2024-2025",29,16.76,0,0,0,63.58381502890174,19.653179190751445,1.1560693641618496,10,0,0,0
6,2023-2024 Hostel Election,2023,12,Wednesday,119.99999999972222,2023-2024,HOSTEL,None,12,Clerk - Block D,Block D,5,404,Block D,2024-2025,0,0,0,17276.5,34.0400000000000000,"Block A,Block B,Block C","2024-2025,2024-2025,2024-2025",39,22.54,1,0,0,63.58381502890174,19.653179190751445,1.1560693641618496,1,5,0,0
6,2023-2024 Hostel Election,2023,12,Wednesday,119.99999999972222,2023-2024,HOSTEL,None,12,Clerk - Block D,Block D,5,405,Block D,2024-2025,0,0,1,17276.5,34.0400000000000000,"Block A,Block B,Block C","2024-2025,2024-2025,2024-2025",33,19.08,0,0,0,63.58381502890174,19.653179190751445,1.1560693641618496,6,-4,0,0
6,2023-2024 Hostel Election,2023,12,Wednesday,119.99999999972222,2023-2024,HOSTEL,None,13,Clerk - Block E,Block E,5,407,Block E,2024-2025,0,0,0,17276.5,34.0400000000000000,"Block A,Block B,Block C","2024-2025,2024-2025,2024-2025",29,17.68,0,0,0,59.756097560975604,18.29268292682927,1.8292682926829267,8,0,0,0
6,2023-2024 Hostel Election,2023,12,Wednesday,119.99999999972222,2023-2024,HOSTEL,None,13,Clerk - Block E,Block E,5,406,Block E,2024-2025,0,0,0,17276.5,34.0400000000000000,"Block A,Block B,Block C","2024-2025,2024-2025,2024-2025",33,20.12,0,0,0,59.756097560975604,18.29268292682927,1.8292682926829267,4,0,0,0
6,2023-2024 Hostel Election,2023,12,Wednesday,119.99999999972222,2023-2024,HOSTEL,None,13,Clerk - Block E,Block E,5,408,Block E,2024-2025,0,0,0,17276.5,34.0400000000000000,"Block A,Block B,Block C","2024-2025,2024-2025,2024-2025",33,20.12,0,0,0,59.756097560975604,18.29268292682927,1.8292682926829267,4,-1,0,0
6,2023-2024 Hostel Election,2023,12,Wednesday,119.99999999972222,2023-2024,HOSTEL,None,13,Clerk - Block E,Block E,5,409,Block E,2024-2025,0,0,0,17276.5,34.0400000000000000,"Block A,Block B,Block C","2024-2025,2024-2025,2024-2025",32,19.51,0,0,0,59.756097560975604,18.29268292682927,1.8292682926829267,5,-3,0,0
6,2023-2024 Hostel Election,2023,12,Wednesday,119.99999999972222,2023-2024,HOSTEL,None,13,Clerk - Block E,Block E,5,410,Block E,2024-2025,0,0,0,17276.5,34.0400000000000000,"Block A,Block B,Block C","2024-2025,2024-2025,2024-2025",37,22.56,1,0,0,59.756097560975604,18.29268292682927,1.8292682926829267,4,4,0,0
6,2023-2024 Hostel Election,2023,12,Wednesday,119.99999999972222,2023-2024,HOSTEL,None,14,Clerk - Block F,Block F,5,412,Block F,2024-2025,0,0,0,17276.5,34.0400000000000000,"Block A,Block B,Block C","2024-2025,2024-2025,2024-2025",39,22.41,0,0,0,62.643678160919535,12.068965517241379,1.1494252873563218,2,-5,0,0
6,2023-2024 Hostel Election,2023,12,Wednesday,119.99999999972222,2023-2024,HOSTEL,None,14,Clerk - Block F,Block F,5,415,Block F,2024-2025,0,0,0,17276.5,34.0400000000000000,"Block A,Block B,Block C","2024-2025,2024-2025,2024-2025",32,18.39,0,0,0,62.643678160919535,12.068965517241379,1.1494252873563218,9,-4,0,0
6,2023-2024 Hostel Election,2023,12,Wednesday,119.99999999972222,2023-2024,HOSTEL,None,14,Clerk - Block F,Block F,5,411,Block F,2024-2025,0,0,0,17276.5,34.0400000000000000,"Block A,Block B,Block C","2024-2025,2024-2025,2024-2025",41,23.56,1,0,0,62.643678160919535,12.068965517241379,1.1494252873563218,2,7,0,0
6,2023-2024 Hostel Election,2023,12,Wednesday,119.99999999972222,2023-2024,HOSTEL,None,14,Clerk - Block F,Block F,5,413,Block F,2024-2025,0,0,0,17276.5,34.0400000000000000,"Block A,Block B,Block C","2024-2025,2024-2025,2024-2025",34,19.54,0,0,0,62.643678160919535,12.068965517241379,1.1494252873563218,7,-2,0,0
6,2023-2024 Hostel Election,2023,12,Wednesday,119.99999999972222,2023-2024,HOSTEL,None,14,Clerk - Block F,Block F,5,414,Block F,2024-2025,0,0,0,17276.5,34.0400000000000000,"Block A,Block B,Block C","2024-2025,2024-2025,2024-2025",28,16.09,0,0,0,62.643678160919535,12.068965517241379,1.1494252873563218,13,0,0,0
6,2023-2024 Hostel Election,2023,12,Wednesday,119.99999999972222,2023-2024,HOSTEL,None,15,Clerk - Block G,Block G,5,419,Block G,2024-2025,0,0,0,17276.5,34.0400000000000000,"Block A,Block B,Block C","2024-2025,2024-2025,2024-2025",35,21.61,0,0,0,56.79012345679012,15.432098765432098,1.8518518518518516,7,-2,0,0
6,2023-2024 Hostel Election,2023,12,Wednesday,119.99999999972222,2023-2024,HOSTEL,None,15,Clerk - Block G,Block G,5,420,Block G,2024-2025,0,0,0,17276.5,34.0400000000000000,"Block A,Block B,Block C","2024-2025,2024-2025,2024-2025",20,12.35,0,0,0,56.79012345679012,15.432098765432098,1.8518518518518516,22,0,0,0
6,2023-2024 Hostel Election,2023,12,Wednesday,119.99999999972222,2023-2024,HOSTEL,None,15,Clerk - Block G,Block G,5,416,Block G,2024-2025,0,0,0,17276.5,34.0400000000000000,"Block A,Block B,Block C","2024-2025,2024-2025,2024-2025",42,25.93,1,0,0,56.79012345679012,15.432098765432098,1.8518518518518516,7,9,0,0
6,2023-2024 Hostel Election,2023,12,Wednesday,119.99999999972222,2023-2024,HOSTEL,None,15,Clerk - Block G,Block G,5,417,Block G,2024-2025,0,0,0,17276.5,34.0400000000000000,"Block A,Block B,Block C","2024-2025,2024-2025,2024-2025",32,19.75,0,0,0,56.79012345679012,15.432098765432098,1.8518518518518516,10,-12,0,0
6,2023-2024 Hostel Election,2023,12,Wednesday,119.99999999972222,2023-2024,HOSTEL,None,15,Clerk - Block G,Block G,5,418,Block G,2024-2025,0,0,0,17276.5,34.0400000000000000,"Block A,Block B,Block C","2024-2025,2024-2025,2024-2025",33,20.37,0,0,0,56.79012345679012,15.432098765432098,1.8518518518518516,9,-1,0,0
6,2023-2024 Hostel Election,2023,12,Wednesday,119.99999999972222,2023-2024,HOSTEL,None,16,Clerk - Block H,Block H,5,421,Block H,2024-2025,0,0,0,17276.5,34.0400000000000000,"Block A,Block B,Block C","2024-2025,2024-2025,2024-2025",35,20.47,0,0,0,55.55555555555556,13.450292397660817,2.3391812865497075,8,-2,0,0
6,2023-2024 Hostel Election,2023,12,Wednesday,119.99999999972222,2023-2024,HOSTEL,None,16,Clerk - Block H,Block H,5,423,Block H,2024-2025,0,0,0,17276.5,34.0400000000000000,"Block A,Block B,Block C","2024-2025,2024-2025,2024-2025",32,18.71,0,0,0,55.55555555555556,13.450292397660817,2.3391812865497075,11,-4,0,0
6,2023-2024 Hostel Election,2023,12,Wednesday,119.99999999972222,2023-2024,HOSTEL,None,16,Clerk - Block H,Block H,5,422,Block H,2024-2025,0,0,0,17276.5,34.0400000000000000,"Block A,Block B,Block C","2024-2025,2024-2025,2024-2025",28,16.37,0,0,0,55.55555555555556,13.450292397660817,2.3391812865497075,15,0,0,0
6,2023-2024 Hostel Election,2023,12,Wednesday,119.99999999972222,2023-2024,HOSTEL,None,16,Clerk - Block H,Block H,5,424,Block H,2024-2025,0,0,0,17276.5,34.0400000000000000,"Block A,Block B,Block C","2024-2025,2024-2025,2024-2025",33,19.30,0,0,0,55.55555555555556,13.450292397660817,2.3391812865497075,10,-1,0,0
6,2023-2024 Hostel Election,2023,12,Wednesday,119.99999999972222,2023-2024,HOSTEL,None,16,Clerk - Block H,Block H,5,425,Block H,2024-2025,0,0,0,17276.5,34.0400000000000000,"Block A,Block B,Block C","2024-2025,2024-2025,2024-2025",43,25.15,1,0,0,55.55555555555556,13.450292397660817,2.3391812865497075,8,10,0,0
6,2023-2024 Hostel Election,2023,12,Wednesday,119.99999999972222,2023-2024,HOSTEL,None,17,Clerk - Block I,Block I,5,430,Block I,2024-2025,0,0,0,17276.5,34.0400000000000000,"Block A,Block B,Block C","2024-2025,2024-2025,2024-2025",43,23.76,1,0,0,59.66850828729282,18.784530386740332,1.1049723756906076,5,6,0,0
6,2023-2024 Hostel Election,2023,12,Wednesday,119.99999999972222,2023-2024,HOSTEL,None,17,Clerk - Block I,Block I,5,427,Block I,2024-2025,0,0,0,17276.5,34.0400000000000000,"Block A,Block B,Block C","2024-2025,2024-2025,2024-2025",37,20.44,0,0,0,59.66850828729282,18.784530386740332,1.1049723756906076,6,-2,0,0
6,2023-2024 Hostel Election,2023,12,Wednesday,119.99999999972222,2023-2024,HOSTEL,None,17,Clerk - Block I,Block I,5,426,Block I,2024-2025,0,0,0,17276.5,34.0400000000000000,"Block A,Block B,Block C","2024-2025,2024-2025,2024-2025",38,20.99,0,0,0,59.66850828729282,18.784530386740332,1.1049723756906076,5,-1,0,0
6,2023-2024 Hostel Election,2023,12,Wednesday,119.99999999972222,2023-2024,HOSTEL,None,17,Clerk - Block I,Block I,5,429,Block I,2024-2025,0,0,0,17276.5,34.0400000000000000,"Block A,Block B,Block C","2024-2025,2024-2025,2024-2025",35,19.34,0,0,0,59.66850828729282,18.784530386740332,1.1049723756906076,8,-7,0,0
6,2023-2024 Hostel Election,2023,12,Wednesday,119.99999999972222,2023-2024,HOSTEL,None,17,Clerk - Block I,Block I,5,428,Block I,2024-2025,0,0,0,17276.5,34.0400000000000000,"Block A,Block B,Block C","2024-2025,2024-2025,2024-2025",28,15.47,0,0,0,59.66850828729282,18.784530386740332,1.1049723756906076,15,0,0,0
6,2023-2024 Hostel Election,2023,12,Wednesday,119.99999999972222,2023-2024,HOSTEL,None,18,Clerk - Block J,Block J,5,431,Block J,2024-2025,0,0,0,17276.5,34.0400000000000000,"Block A,Block B,Block C","2024-2025,2024-2025,2024-2025",33,20.25,0,0,0,57.668711656441715,17.177914110429448,1.8404907975460123,8,-4,0,0
6,2023-2024 Hostel Election,2023,12,Wednesday,119.99999999972222,2023-2024,HOSTEL,None,18,Clerk - Block J,Block J,5,432,Block J,2024-2025,0,0,0,17276.5,34.0400000000000000,"Block A,Block B,Block C","2024-2025,2024-2025,2024-2025",29,17.79,0,0,0,57.668711656441715,17.177914110429448,1.8404907975460123,12,-4,0,0
6,2023-2024 Hostel Election,2023,12,Wednesday,119.99999999972222,2023-2024,HOSTEL,None,18,Clerk - Block J,Block J,5,435,Block J,2024-2025,0,0,0,17276.5,34.0400000000000000,"Block A,Block B,Block C","2024-2025,2024-2025,2024-2025",35,21.47,0,0,0,57.668711656441715,17.177914110429448,1.8404907975460123,6,-2,0,0
6,2023-2024 Hostel Election,2023,12,Wednesday,119.99999999972222,2023-2024,HOSTEL,None,18,Clerk - Block J,Block J,5,433,Block J,2024-2025,0,0,0,17276.5,34.0400000000000000,"Block A,Block B,Block C","2024-2025,2024-2025,2024-2025",25,15.34,0,0,0,57.668711656441715,17.177914110429448,1.8404907975460123,16,0,0,0
6,2023-2024 Hostel Election,2023,12,Wednesday,119.99999999972222,2023-2024,HOSTEL,None,18,Clerk - Block J,Block J,5,434,Block J,2024-2025,0,0,0,17276.5,34.0400000000000000,"Block A,Block B,Block C","2024-2025,2024-2025,2024-2025",41,25.15,1,0,0,57.668711656441715,17.177914110429448,1.8404907975460123,6,8,0,0
6,2023-2024 Hostel Election,2023,12,Wednesday,119.99999999972222,2023-2024,HOSTEL,None,19,Clerk - Block K,Block K,5,439,Block K,2024-2025,0,0,0,17276.5,34.0400000000000000,"Block A,Block B,Block C","2024-2025,2024-2025,2024-2025",41,23.84,1,0,0,56.395348837209305,20.348837209302324,1.744186046511628,4,6,0,0
6,2023-2024 Hostel Election,2023,12,Wednesday,119.99999999972222,2023-2024,HOSTEL,None,19,Clerk - Block K,Block K,5,440,Block K,2024-2025,0,0,0,17276.5,34.0400000000000000,"Block A,Block B,Block C","2024-2025,2024-2025,2024-2025",35,20.35,0,0,0,56.395348837209305,20.348837209302324,1.744186046511628,6,-11,0,0
6,2023-2024 Hostel Election,2023,12,Wednesday,119.99999999972222,2023-2024,HOSTEL,None,19,Clerk - Block K,Block K,5,436,Block K,2024-2025,0,0,0,17276.5,34.0400000000000000,"Block A,Block B,Block C","2024-2025,2024-2025,2024-2025",37,21.51,0,0,0,56.395348837209305,20.348837209302324,1.744186046511628,4,-2,0,0
6,2023-2024 Hostel Election,2023,12,Wednesday,119.99999999972222,2023-2024,HOSTEL,None,19,Clerk - Block K,Block K,5,438,Block K,2024-2025,0,0,0,17276.5,34.0400000000000000,"Block A,Block B,Block C","2024-2025,2024-2025,2024-2025",24,13.95,0,0,0,56.395348837209305,20.348837209302324,1.744186046511628,17,0,0,0
6,2023-2024 Hostel Election,2023,12,Wednesday,119.99999999972222,2023-2024,HOSTEL,None,19,Clerk - Block K,Block K,5,437,Block K,2024-2025,0,0,0,17276.5,34.0400000000000000,"Block A,Block B,Block C","2024-2025,2024-2025,2024-2025",35,20.35,0,0,0,56.395348837209305,20.348837209302324,1.744186046511628,6,0,0,0
6,2023-2024 Hostel Election,2023,12,Wednesday,119.99999999972222,2023-2024,HOSTEL,None,20,Clerk - Block L,Block L,5,443,Block L,2024-2025,0,0,0,17276.5,34.0400000000000000,"Block A,Block B,Block C","2024-2025,2024-2025,2024-2025",32,20.00,0,0,0,61.25000000000001,16.875,1.25,2,0,0,0
6,2023-2024 Hostel Election,2023,12,Wednesday,119.99999999972222,2023-2024,HOSTEL,None,20,Clerk - Block L,Block L,5,442,Block L,2024-2025,0,0,0,17276.5,34.0400000000000000,"Block A,Block B,Block C","2024-2025,2024-2025,2024-2025",33,20.63,0,0,0,61.25000000000001,16.875,1.25,1,-1,0,0
6,2023-2024 Hostel Election,2023,12,Wednesday,119.99999999972222,2023-2024,HOSTEL,None,20,Clerk - Block L,Block L,5,444,Block L,2024-2025,0,0,0,17276.5,34.0400000000000000,"Block A,Block B,Block C","2024-2025,2024-2025,2024-2025",32,20.00,0,0,0,61.25000000000001,16.875,1.25,2,-3,0,0
6,2023-2024 Hostel Election,2023,12,Wednesday,119.99999999972222,2023-2024,HOSTEL,None,20,Clerk - Block L,Block L,5,445,Block L,2024-2025,0,0,0,17276.5,34.0400000000000000,"Block A,Block B,Block C","2024-2025,2024-2025,2024-2025",29,18.13,0,0,0,61.25000000000001,16.875,1.25,5,0,0,0
6,2023-2024 Hostel Election,2023,12,Wednesday,119.99999999972222,2023-2024,HOSTEL,None,20,Clerk - Block L,Block L,5,441,Block L,2024-2025,0,0,0,17276.5,34.0400000000000000,"Block A,Block B,Block C","2024-2025,2024-2025,2024-2025",34,21.25,1,0,0,61.25000000000001,16.875,1.25,1,2,0,0
6,2023-2024 Hostel Election,2023,12,Wednesday,119.99999999972222,2023-2024,HOSTEL,None,21,Clerk - Block M,Block M,5,446,Block M,2024-2025,0,0,0,17276.5,34.0400000000000000,"Block A,Block B,Block C","2024-2025,2024-2025,2024-2025",22,13.58,0,0,0,63.580246913580254,11.11111111111111,1.2345679012345678,22,0,0,0
6,2023-2024 Hostel Election,2023,12,Wednesday,119.99999999972222,2023-2024,HOSTEL,None,21,Clerk - Block M,Block M,5,449,Block M,2024-2025,0,0,0,17276.5,34.0400000000000000,"Block A,Block B,Block C","2024-2025,2024-2025,2024-2025",44,27.16,1,0,0,63.580246913580254,11.11111111111111,1.2345679012345678,9,13,0,0
6,2023-2024 Hostel Election,2023,12,Wednesday,119.99999999972222,2023-2024,HOSTEL,None,21,Clerk - Block M,Block M,5,448,Block M,2024-2025,0,0,0,17276.5,34.0400000000000000,"Block A,Block B,Block C","2024-2025,2024-2025,2024-2025",30,18.52,0,0,0,63.580246913580254,11.11111111111111,1.2345679012345678,14,-8,0,0
6,2023-2024 Hostel Election,2023,12,Wednesday,119.99999999972222,2023-2024,HOSTEL,None,21,Clerk - Block M,Block M,5,447,Block M,2024-2025,0,0,0,17276.5,34.0400000000000000,"Block A,Block B,Block C","2024-2025,2024-2025,2024-2025",31,19.14,0,0,0,63.580246913580254,11.11111111111111,1.2345679012345678,13,-1,0,0
6,2023-2024 Hostel Election,2023,12,Wednesday,119.99999999972222,2023-2024,HOSTEL,None,21,Clerk - Block M,Block M,5,450,Block M,2024-2025,0,0,0,17276.5,34.0400000000000000,"Block A,Block B,Block C","2024-2025,2024-2025,2024-2025",35,21.61,0,0,0,63.580246913580254,11.11111111111111,1.2345679012345678,9,-4,0,0
6,2023-2024 Hostel Election,2023,12,Wednesday,119.99999999972222,2023-2024,HOSTEL,None,22,Clerk - Block N,Block N,5,452,Block N,2024-2025,0,0,0,17276.5,34.0400000000000000,"Block A,Block B,Block C","2024-2025,2024-2025,2024-2025",36,19.05,0,0,0,61.37566137566137,14.814814814814813,1.0582010582010581,10,-1,0,0
6,2023-2024 Hostel Election,2023,12,Wednesday,119.99999999972222,2023-2024,HOSTEL,None,22,Clerk - Block N,Block N,5,453,Block N,2024-2025,0,0,1,17276.5,34.0400000000000000,"Block A,Block B,Block C","2024-2025,2024-2025,2024-2025",35,18.52,0,0,0,61.37566137566137,14.814814814814813,1.0582010582010581,11,-1,0,0
6,2023-2024 Hostel Election,2023,12,Wednesday,119.99999999972222,2023-2024,HOSTEL,None,22,Clerk - Block N,Block N,5,451,Block N,2024-2025,0,0,0,17276.5,34.0400000000000000,"Block A,Block B,Block C","2024-2025,2024-2025,2024-2025",34,17.99,0,0,0,61.37566137566137,14.814814814814813,1.0582010582010581,12,0,0,0
6,2023-2024 Hostel Election,2023,12,Wednesday,119.99999999972222,2023-2024,HOSTEL,None,22,Clerk - Block N,Block N,5,454,Block N,2024-2025,0,0,0,17276.5,34.0400000000000000,"Block A,Block B,Block C","2024-2025,2024-2025,2024-2025",38,20.11,0,0,0,61.37566137566137,14.814814814814813,1.0582010582010581,8,-2,0,0
6,2023-2024 Hostel Election,2023,12,Wednesday,119.99999999972222,2023-2024,HOSTEL,None,22,Clerk - Block N,Block N,5,455,Block N,2024-2025,0,0,0,17276.5,34.0400000000000000,"Block A,Block B,Block C","2024-2025,2024-2025,2024-2025",46,24.34,1,0,0,61.37566137566137,14.814814814814813,1.0582010582010581,8,10,0,0
6,2023-2024 Hostel Election,2023,12,Wednesday,119.99999999972222,2023-2024,HOSTEL,None,23,Clerk - Block O,Block O,5,460,Block O,2024-2025,0,0,0,17276.5,34.0400000000000000,"Block A,Block B,Block C","2024-2025,2024-2025,2024-2025",31,22.46,0,0,0,63.04347826086957,14.492753623188406,1.4492753623188406,6,-4,0,0
6,2023-2024 Hostel Election,2023,12,Wednesday,119.99999999972222,2023-2024,HOSTEL,None,23,Clerk - Block O,Block O,5,458,Block O,2024-2025,0,0,0,17276.5,34.0400000000000000,"Block A,Block B,Block C","2024-2025,2024-2025,2024-2025",27,19.57,0,0,0,63.04347826086957,14.492753623188406,1.4492753623188406,10,-5,0,0
6,2023-2024 Hostel Election,2023,12,Wednesday,119.99999999972222,2023-2024,HOSTEL,None,23,Clerk - Block O,Block O,5,456,Block O,2024-2025,0,0,0,17276.5,34.0400000000000000,"Block A,Block B,Block C","2024-2025,2024-2025,2024-2025",22,15.94,0,0,0,63.04347826086957,14.492753623188406,1.4492753623188406,15,-1,0,0
6,2023-2024 Hostel Election,2023,12,Wednesday,119.99999999972222,2023-2024,HOSTEL,None,23,Clerk - Block O,Block O,5,459,Block O,2024-2025,0,0,0,17276.5,34.0400000000000000,"Block A,Block B,Block C","2024-2025,2024-2025,2024-2025",21,15.22,0,0,0,63.04347826086957,14.492753623188406,1.4492753623188406,16,0,0,0
6,2023-2024 Hostel Election,2023,12,Wednesday,119.99999999972222,2023-2024,HOSTEL,None,23,Clerk - Block O,Block O,5,457,Block O,2024-2025,0,0,0,17276.5,34.0400000000000000,"Block A,Block B,Block C","2024-2025,2024-2025,2024-2025",37,26.81,1,0,0,63.04347826086957,14.492753623188406,1.4492753623188406,6,10,0,0
6,2023-2024 Hostel Election,2023,12,Wednesday,119.99999999972222,2023-2024,HOSTEL,None,24,Clerk - Block P,Block P,5,465,Block P,2024-2025,0,1,0,17276.5,34.0400000000000000,"Block A,Block B,Block C","2024-2025,2024-2025,2024-2025",36,22.50,0,0,0,61.875,11.875,1.25,5,-3,0,0
6,2023-2024 Hostel Election,2023,12,Wednesday,119.99999999972222,2023-2024,HOSTEL,None,24,Clerk - Block P,Block P,5,461,Block P,2024-2025,0,0,0,17276.5,34.0400000000000000,"Block A,Block B,Block C","2024-2025,2024-2025,2024-2025",41,25.63,1,0,0,61.875,11.875,1.25,5,8,0,0
6,2023-2024 Hostel Election,2023,12,Wednesday,119.99999999972222,2023-2024,HOSTEL,None,24,Clerk - Block P,Block P,5,463,Block P,2024-2025,0,0,0,17276.5,34.0400000000000000,"Block A,Block B,Block C","2024-2025,2024-2025,2024-2025",33,20.63,0,0,0,61.875,11.875,1.25,8,-5,0,0
6,2023-2024 Hostel Election,2023,12,Wednesday,119.99999999972222,2023-2024,HOSTEL,None,24,Clerk - Block P,Block P,5,462,Block P,2024-2025,0,0,0,17276.5,34.0400000000000000,"Block A,Block B,Block C","2024-2025,2024-2025,2024-2025",22,13.75,0,0,0,61.875,11.875,1.25,19,0,0,0
6,2023-2024 Hostel Election,2023,12,Wednesday,119.99999999972222,2023-2024,HOSTEL,None,24,Clerk - Block P,Block P,5,464,Block P,2024-2025,0,0,0,17276.5,34.0400000000000000,"Block A,Block B,Block C","2024-2025,2024-2025,2024-2025",28,17.50,0,0,0,61.875,11.875,1.25,13,-6,0,0
6,2023-2024 Hostel Election,2023,12,Wednesday,119.99999999972222,2023-2024,HOSTEL,None,25,Clerk - Block Q,Block Q,5,466,Block Q,2024-2025,0,0,0,17276.5,34.0400000000000000,"Block A,Block B,Block C","2024-2025,2024-2025,2024-2025",25,14.97,0,0,0,56.886227544910184,17.365269461077844,1.1976047904191618,16,0,0,0
6,2023-2024 Hostel Election,2023,12,Wednesday,119.99999999972222,2023-2024,HOSTEL,None,25,Clerk - Block Q,Block Q,5,470,Block Q,2024-2025,0,0,0,17276.5,34.0400000000000000,"Block A,Block B,Block C","2024-2025,2024-2025,2024-2025",32,19.16,0,0,0,56.886227544910184,17.365269461077844,1.1976047904191618,9,-7,0,0
6,2023-2024 Hostel Election,2023,12,Wednesday,119.99999999972222,2023-2024,HOSTEL,None,25,Clerk - Block Q,Block Q,5,467,Block Q,2024-2025,0,0,0,17276.5,34.0400000000000000,"Block A,Block B,Block C","2024-2025,2024-2025,2024-2025",35,20.96,0,0,0,56.886227544910184,17.365269461077844,1.1976047904191618,6,-1,0,0
6,2023-2024 Hostel Election,2023,12,Wednesday,119.99999999972222,2023-2024,HOSTEL,None,25,Clerk - Block Q,Block Q,5,469,Block Q,2024-2025,0,0,0,17276.5,34.0400000000000000,"Block A,Block B,Block C","2024-2025,2024-2025,2024-2025",41,24.55,1,0,0,56.886227544910184,17.365269461077844,1.1976047904191618,6,7,0,0
6,2023-2024 Hostel Election,2023,12,Wednesday,119.99999999972222,2023-2024,HOSTEL,None,25,Clerk - Block Q,Block Q,5,468,Block Q,2024-2025,0,0,0,17276.5,34.0400000000000000,"Block A,Block B,Block C","2024-2025,2024-2025,2024-2025",34,20.36,0,0,0,56.886227544910184,17.365269461077844,1.1976047904191618,7,-2,0,0
6,2023-2024 Hostel Election,2023,12,Wednesday,119.99999999972222,2023-2024,HOSTEL,None,26,Clerk - Block R,Block R,5,471,Block R,2024-2025,0,0,0,17276.5,34.0400000000000000,"Block A,Block B,Block C","2024-2025,2024-2025,2024-2025",37,19.27,0,0,0,62.5,14.0625,1.0416666666666665,5,-1,0,0
6,2023-2024 Hostel Election,2023,12,Wednesday,119.99999999972222,2023-2024,HOSTEL,None,26,Clerk - Block R,Block R,5,472,Block R,2024-2025,0,0,0,17276.5,34.0400000000000000,"Block A,Block B,Block C","2024-2025,2024-2025,2024-2025",36,18.75,0,0,0,62.5,14.0625,1.0416666666666665,6,0,0,0
6,2023-2024 Hostel Election,2023,12,Wednesday,119.99999999972222,2023-2024,HOSTEL,None,26,Clerk - Block R,Block R,5,475,Block R,2024-2025,0,0,0,17276.5,34.0400000000000000,"Block A,Block B,Block C","2024-2025,2024-2025,2024-2025",38,19.79,0,0,0,62.5,14.0625,1.0416666666666665,4,-1,0,0
6,2023-2024 Hostel Election,2023,12,Wednesday,119.99999999972222,2023-2024,HOSTEL,None,26,Clerk - Block R,Block R,5,474,Block R,2024-2025,0,0,0,17276.5,34.0400000000000000,"Block A,Block B,Block C","2024-2025,2024-2025,2024-2025",42,21.88,1,0,0,62.5,14.0625,1.0416666666666665,3,4,0,0
6,2023-2024 Hostel Election,2023,12,Wednesday,119.99999999972222,2023-2024,HOSTEL,None,26,Clerk - Block R,Block R,5,473,Block R,2024-2025,0,0,0,17276.5,34.0400000000000000,"Block A,Block B,Block C","2024-2025,2024-2025,2024-2025",39,20.31,0,0,0,62.5,14.0625,1.0416666666666665,3,-1,0,0
6,2023-2024 Hostel Election,2023,12,Wednesday,119.99999999972222,2023-2024,HOSTEL,None,27,Clerk - Block S,Block S,5,479,Block S,2024-2025,0,0,0,17276.5,34.0400000000000000,"Block A,Block B,Block C","2024-2025,2024-2025,2024-2025",26,16.77,0,0,0,61.29032258064516,9.67741935483871,1.935483870967742,9,0,0,0
6,2023-2024 Hostel Election,2023,12,Wednesday,119.99999999972222,2023-2024,HOSTEL,None,27,Clerk - Block S,Block S,5,480,Block S,2024-2025,0,0,0,17276.5,34.0400000000000000,"Block A,Block B,Block C","2024-2025,2024-2025,2024-2025",30,19.36,0,0,0,61.29032258064516,9.67741935483871,1.935483870967742,5,-4,0,0
6,2023-2024 Hostel Election,2023,12,Wednesday,119.99999999972222,2023-2024,HOSTEL,None,27,Clerk - Block S,Block S,5,477,Block S,2024-2025,0,0,0,17276.5,34.0400000000000000,"Block A,Block B,Block C","2024-2025,2024-2025,2024-2025",30,19.36,0,0,0,61.29032258064516,9.67741935483871,1.935483870967742,5,0,0,0
6,2023-2024 Hostel Election,2023,12,Wednesday,119.99999999972222,2023-2024,HOSTEL,None,27,Clerk - Block S,Block S,5,478,Block S,2024-2025,0,0,0,17276.5,34.0400000000000000,"Block A,Block B,Block C","2024-2025,2024-2025,2024-2025",34,21.94,0,0,0,61.29032258064516,9.67741935483871,1.935483870967742,1,-4,0,0
6,2023-2024 Hostel Election,2023,12,Wednesday,119.99999999972222,2023-2024,HOSTEL,None,27,Clerk - Block S,Block S,5,476,Block S,2024-2025,0,0,0,17276.5,34.0400000000000000,"Block A,Block B,Block C","2024-2025,2024-2025,2024-2025",35,22.58,1,0,0,61.29032258064516,9.67741935483871,1.935483870967742,1,5,0,0
6,2023-2024 Hostel Election,2023,12,Wednesday,119.99999999972222,2023-2024,HOSTEL,None,28,Clerk - Block T,Block T,5,483,Block T,2024-2025,0,0,0,17276.5,34.0400000000000000,"Block A,Block B,Block C","2024-2025,2024-2025,2024-2025",29,15.18,0,0,0,61.25654450261781,16.230366492146597,1.5706806282722512,16,0,0,0
6,2023-2024 Hostel Election,2023,12,Wednesday,119.99999999972222,2023-2024,HOSTEL,None,28,Clerk - Block T,Block T,5,485,Block T,2024-2025,0,0,0,17276.5,34.0400000000000000,"Block A,Block B,Block C","2024-2025,2024-2025,2024-2025",41,21.47,0,0,0,61.25654450261781,16.230366492146597,1.5706806282722512,4,-2,0,0
6,2023-2024 Hostel Election,2023,12,Wednesday,119.99999999972222,2023-2024,HOSTEL,None,28,Clerk - Block T,Block T,5,482,Block T,2024-2025,0,0,0,17276.5,34.0400000000000000,"Block A,Block B,Block C","2024-2025,2024-2025,2024-2025",39,20.42,0,0,0,61.25654450261781,16.230366492146597,1.5706806282722512,6,-2,0,0
6,2023-2024 Hostel Election,2023,12,Wednesday,119.99999999972222,2023-2024,HOSTEL,None,28,Clerk - Block T,Block T,5,481,Block T,2024-2025,0,0,1,17276.5,34.0400000000000000,"Block A,Block B,Block C","2024-2025,2024-2025,2024-2025",45,23.56,1,0,0,61.25654450261781,16.230366492146597,1.5706806282722512,4,6,0,0
6,2023-2024 Hostel Election,2023,12,Wednesday,119.99999999972222,2023-2024,HOSTEL,None,28,Clerk - Block T,Block T,5,484,Block T,2024-2025,0,0,0,17276.5,34.0400000000000000,"Block A,Block B,Block C","2024-2025,2024-2025,2024-2025",37,19.37,0,0,0,61.25654450261781,16.230366492146597,1.5706806282722512,8,-8,0,0
6,2023-2024 Hostel Election,2023,12,Wednesday,119.99999999972222,2023-2024,HOSTEL,None,29,Clerk - Block 1,Block 1,5,486,Block 1,2024-2025,0,0,0,17276.5,34.0400000000000000,"Block A,Block B,Block C","2024-2025,2024-2025,2024-2025",106,18.96,0,0,0,60.28622540250447,14.847942754919499,1.073345259391771,14,0,0,0
6,2023-2024 Hostel Election,2023,12,Wednesday,119.99999999972222,2023-2024,HOSTEL,None,29,Clerk - Block 1,Block 1,5,490,Block 1,2024-2025,0,0,0,17276.5,34.0400000000000000,"Block A,Block B,Block C","2024-2025,2024-2025,2024-2025",120,21.47,1,0,0,60.28622540250447,14.847942754919499,1.073345259391771,7,8,0,0
6,2023-2024 Hostel Election,2023,12,Wednesday,119.99999999972222,2023-2024,HOSTEL,None,29,Clerk - Block 1,Block 1,5,488,Block 1,2024-2025,0,0,0,17276.5,34.0400000000000000,"Block A,Block B,Block C","2024-2025,2024-2025,2024-2025",112,20.04,0,0,0,60.28622540250447,14.847942754919499,1.073345259391771,8,-4,0,0
6,2023-2024 Hostel Election,2023,12,Wednesday,119.99999999972222,2023-2024,HOSTEL,None,29,Clerk - Block 1,Block 1,5,487,Block 1,2024-2025,0,0,0,17276.5,34.0400000000000000,"Block A,Block B,Block C","2024-2025,2024-2025,2024-2025",113,20.22,0,0,0,60.28622540250447,14.847942754919499,1.073345259391771,7,-1,0,0
6,2023-2024 Hostel Election,2023,12,Wednesday,119.99999999972222,2023-2024,HOSTEL,None,29,Clerk - Block 1,Block 1,5,489,Block 1,2024-2025,0,0,0,17276.5,34.0400000000000000,"Block A,Block B,Block C","2024-2025,2024-2025,2024-2025",108,19.32,0,0,0,60.28622540250447,14.847942754919499,1.073345259391771,12,-2,0,0
6,2023-2024 Hostel Election,2023,12,Wednesday,119.99999999972222,2023-2024,HOSTEL,None,30,Clerk - Block 2,Block 2,5,493,Block 2,2024-2025,0,0,0,17276.5,34.0400000000000000,"Block A,Block B,Block C","2024-2025,2024-2025,2024-2025",114,20.99,1,0,0,60.58931860036832,15.65377532228361,0.7366482504604052,2,2,0,0
6,2023-2024 Hostel Election,2023,12,Wednesday,119.99999999972222,2023-2024,HOSTEL,None,30,Clerk - Block 2,Block 2,5,494,Block 2,2024-2025,0,0,0,17276.5,34.0400000000000000,"Block A,Block B,Block C","2024-2025,2024-2025,2024-2025",112,20.63,0,0,0,60.58931860036832,15.65377532228361,0.7366482504604052,2,-2,0,0
6,2023-2024 Hostel Election,2023,12,Wednesday,119.99999999972222,2023-2024,HOSTEL,None,30,Clerk - Block 2,Block 2,5,492,Block 2,2024-2025,0,0,0,17276.5,34.0400000000000000,"Block A,Block B,Block C","2024-2025,2024-2025,2024-2025",112,20.63,0,0,0,60.58931860036832,15.65377532228361,0.7366482504604052,2,0,0,0
6,2023-2024 Hostel Election,2023,12,Wednesday,119.99999999972222,2023-2024,HOSTEL,None,30,Clerk - Block 2,Block 2,5,491,Block 2,2024-2025,0,0,0,17276.5,34.0400000000000000,"Block A,Block B,Block C","2024-2025,2024-2025,2024-2025",110,20.26,0,0,0,60.58931860036832,15.65377532228361,0.7366482504604052,4,-15,0,0
6,2023-2024 Hostel Election,2023,12,Wednesday,119.99999999972222,2023-2024,HOSTEL,None,30,Clerk - Block 2,Block 2,5,495,Block 2,2024-2025,0,0,0,17276.5,34.0400000000000000,"Block A,Block B,Block C","2024-2025,2024-2025,2024-2025",95,17.50,0,0,0,60.58931860036832,15.65377532228361,0.7366482504604052,19,0,0,0
6,2023-2024 Hostel Election,2023,12,Wednesday,119.99999999972222,2023-2024,HOSTEL,None,31,Clerk - Block 3,Block 3,5,496,Block 3,2024-2025,0,0,0,17276.5,34.0400000000000000,"Block A,Block B,Block C","2024-2025,2024-2025,2024-2025",104,18.34,0,0,0,59.78835978835979,18.165784832451497,0.7054673721340388,22,-2,0,0
6,2023-2024 Hostel Election,2023,12,Wednesday,119.99999999972222,2023-2024,HOSTEL,None,31,Clerk - Block 3,Block 3,5,500,Block 3,2024-2025,0,0,0,17276.5,34.0400000000000000,"Block A,Block B,Block C","2024-2025,2024-2025,2024-2025",126,22.22,1,0,0,59.78835978835979,18.165784832451497,0.7054673721340388,6,11,0,0
6,2023-2024 Hostel Election,2023,12,Wednesday,119.99999999972222,2023-2024,HOSTEL,None,31,Clerk - Block 3,Block 3,5,499,Block 3,2024-2025,0,0,0,17276.5,34.0400000000000000,"Block A,Block B,Block C","2024-2025,2024-2025,2024-2025",120,21.16,0,0,0,59.78835978835979,18.165784832451497,0.7054673721340388,6,-5,0,0
6,2023-2024 Hostel Election,2023,12,Wednesday,119.99999999972222,2023-2024,HOSTEL,None,31,Clerk - Block 3,Block 3,5,498,Block 3,2024-2025,0,0,0,17276.5,34.0400000000000000,"Block A,Block B,Block C","2024-2025,2024-2025,2024-2025",115,20.28,0,0,0,59.78835978835979,18.165784832451497,0.7054673721340388,11,-11,0,0
6,2023-2024 Hostel Election,2023,12,Wednesday,119.99999999972222,2023-2024,HOSTEL,None,31,Clerk - Block 3,Block 3,5,497,Block 3,2024-2025,0,0,0,17276.5,34.0400000000000000,"Block A,Block B,Block C","2024-2025,2024-2025,2024-2025",102,17.99,0,0,0,59.78835978835979,18.165784832451497,0.7054673721340388,24,0,0,0
6,2023-2024 Hostel Election,2023,12,Wednesday,119.99999999972222,2023-2024,HOSTEL,None,32,Clerk - Block 4,Block 4,5,504,Block 4,2024-2025,0,0,0,17276.5,34.0400000000000000,"Block A,Block B,Block C","2024-2025,2024-2025,2024-2025",119,20.10,0,0,0,63.3445945945946,13.344594594594595,0.8445945945945946,3,-1,0,0
6,2023-2024 Hostel Election,2023,12,Wednesday,119.99999999972222,2023-2024,HOSTEL,None,32,Clerk - Block 4,Block 4,5,501,Block 4,2024-2025,0,0,0,17276.5,34.0400000000000000,"Block A,Block B,Block C","2024-2025,2024-2025,2024-2025",114,19.26,0,0,0,63.3445945945946,13.344594594594595,0.8445945945945946,8,0,0,0
6,2023-2024 Hostel Election,2023,12,Wednesday,119.99999999972222,2023-2024,HOSTEL,None,32,Clerk - Block 4,Block 4,5,505,Block 4,2024-2025,0,0,1,17276.5,34.0400000000000000,"Block A,Block B,Block C","2024-2025,2024-2025,2024-2025",122,20.61,1,0,0,63.3445945945946,13.344594594594595,0.8445945945945946,3,3,0,0
6,2023-2024 Hostel Election,2023,12,Wednesday,119.99999999972222,2023-2024,HOSTEL,None,32,Clerk - Block 4,Block 4,5,503,Block 4,2024-2025,0,0,0,17276.5,34.0400000000000000,"Block A,Block B,Block C","2024-2025,2024-2025,2024-2025",119,20.10,0,0,0,63.3445945945946,13.344594594594595,0.8445945945945946,3,0,0,0
6,2023-2024 Hostel Election,2023,12,Wednesday,119.99999999972222,2023-2024,HOSTEL,None,32,Clerk - Block 4,Block 4,5,502,Block 4,2024-2025,0,0,0,17276.5,34.0400000000000000,"Block A,Block B,Block C","2024-2025,2024-2025,2024-2025",118,19.93,0,0,0,63.3445945945946,13.344594594594595,0.8445945945945946,4,-4,0,0
6,2023-2024 Hostel Election,2023,12,Wednesday,119.99999999972222,2023-2024,HOSTEL,None,33,Clerk - Block 5,Block 5,5,507,Block 5,2024-2025,0,0,0,17276.5,34.0400000000000000,"Block A,Block B,Block C","2024-2025,2024-2025,2024-2025",104,17.36,0,0,0,59.59933222036727,14.691151919866444,0.8347245409015025,33,0,0,0
6,2023-2024 Hostel Election,2023,12,Wednesday,119.99999999972222,2023-2024,HOSTEL,None,33,Clerk - Block 5,Block 5,5,510,Block 5,2024-2025,0,0,0,17276.5,34.0400000000000000,"Block A,Block B,Block C","2024-2025,2024-2025,2024-2025",137,22.87,1,0,0,59.59933222036727,14.691151919866444,0.8347245409015025,11,17,0,0
6,2023-2024 Hostel Election,2023,12,Wednesday,119.99999999972222,2023-2024,HOSTEL,None,33,Clerk - Block 5,Block 5,5,506,Block 5,2024-2025,0,0,0,17276.5,34.0400000000000000,"Block A,Block B,Block C","2024-2025,2024-2025,2024-2025",126,21.04,0,0,0,59.59933222036727,14.691151919866444,0.8347245409015025,11,-6,0,0
6,2023-2024 Hostel Election,2023,12,Wednesday,119.99999999972222,2023-2024,HOSTEL,None,33,Clerk - Block 5,Block 5,5,509,Block 5,2024-2025,0,0,0,17276.5,34.0400000000000000,"Block A,Block B,Block C","2024-2025,2024-2025,2024-2025",112,18.70,0,0,0,59.59933222036727,14.691151919866444,0.8347245409015025,25,-8,0,0
6,2023-2024 Hostel Election,2023,12,Wednesday,119.99999999972222,2023-2024,HOSTEL,None,33,Clerk - Block 5,Block 5,5,508,Block 5,2024-2025,0,0,0,17276.5,34.0400000000000000,"Block A,Block B,Block C","2024-2025,2024-2025,2024-2025",120,20.03,0,0,0,59.59933222036727,14.691151919866444,0.8347245409015025,17,-8,0,0
6,2023-2024 Hostel Election,2023,12,Wednesday,119.99999999972222,2023-2024,HOSTEL,None,34,Clerk - Block 6,Block 6,5,512,Block 6,2024-2025,0,0,0,17276.5,34.0400000000000000,"Block A,Block B,Block C","2024-2025,2024-2025,2024-2025",104,20.31,0,0,0,60.9375,15.4296875,0.9765625,14,-5,0,0
6,2023-2024 Hostel Election,2023,12,Wednesday,119.99999999972222,2023-2024,HOSTEL,None,34,Clerk - Block 6,Block 6,5,514,Block 6,2024-2025,0,0,0,17276.5,34.0400000000000000,"Block A,Block B,Block C","2024-2025,2024-2025,2024-2025",93,18.16,0,0,0,60.9375,15.4296875,0.9765625,25,0,0,0
6,2023-2024 Hostel Election,2023,12,Wednesday,119.99999999972222,2023-2024,HOSTEL,None,34,Clerk - Block 6,Block 6,5,511,Block 6,2024-2025,0,0,0,17276.5,34.0400000000000000,"Block A,Block B,Block C","2024-2025,2024-2025,2024-2025",98,19.14,0,0,0,60.9375,15.4296875,0.9765625,20,-5,0,0
6,2023-2024 Hostel Election,2023,12,Wednesday,119.99999999972222,2023-2024,HOSTEL,None,34,Clerk - Block 6,Block 6,5,513,Block 6,2024-2025,0,0,0,17276.5,34.0400000000000000,"Block A,Block B,Block C","2024-2025,2024-2025,2024-2025",99,19.34,0,0,0,60.9375,15.4296875,0.9765625,19,-1,0,0
6,2023-2024 Hostel Election,2023,12,Wednesday,119.99999999972222,2023-2024,HOSTEL,None,34,Clerk - Block 6,Block 6,5,515,Block 6,2024-2025,0,0,0,17276.5,34.0400000000000000,"Block A,Block B,Block C","2024-2025,2024-2025,2024-2025",118,23.05,1,0,0,60.9375,15.4296875,0.9765625,14,19,0,0
6,2023-2024 Hostel Election,2023,12,Wednesday,119.99999999972222,2023-2024,HOSTEL,None,35,Clerk - Block 6,Block 6,5,518,Block 6,2024-2025,0,0,0,17276.5,34.0400000000000000,"Block A,Block B,Block C","2024-2025,2024-2025,2024-2025",197,22.34,1,0,0,61.111111111111114,16.666666666666664,0.5668934240362812,14,25,0,0
6,2023-2024 Hostel Election,2023,12,Wednesday,119.99999999972222,2023-2024,HOSTEL,None,35,Clerk - Block 6,Block 6,5,516,Block 6,2024-2025,0,0,0,17276.5,34.0400000000000000,"Block A,Block B,Block C","2024-2025,2024-2025,2024-2025",169,19.16,0,0,0,61.111111111111114,16.666666666666664,0.5668934240362812,28,-8,0,0
6,2023-2024 Hostel Election,2023,12,Wednesday,119.99999999972222,2023-2024,HOSTEL,None,35,Clerk - Block 6,Block 6,5,517,Block 6,2024-2025,0,0,0,17276.5,34.0400000000000000,"Block A,Block B,Block C","2024-2025,2024-2025,2024-2025",183,20.75,0,0,0,61.111111111111114,16.666666666666664,0.5668934240362812,14,-11,0,0
6,2023-2024 Hostel Election,2023,12,Wednesday,119.99999999972222,2023-2024,HOSTEL,None,35,Clerk - Block 6,Block 6,5,520,Block 6,2024-2025,0,0,0,17276.5,34.0400000000000000,"Block A,Block B,Block C","2024-2025,2024-2025,2024-2025",161,18.25,0,0,0,61.111111111111114,16.666666666666664,0.5668934240362812,36,0,0,0
6,2023-2024 Hostel Election,2023,12,Wednesday,119.99999999972222,2023-2024,HOSTEL,None,35,Clerk - Block 6,Block 6,5,519,Block 6,2024-2025,0,0,0,17276.5,34.0400000000000000,"Block A,Block B,Block C","2024-2025,2024-2025,2024-2025",172,19.50,0,0,0,61.111111111111114,16.666666666666664,0.5668934240362812,25,-3,0,0
6,2023-2024 Hostel Election,2023,12,Wednesday,119.99999999972222,2023-2024,HOSTEL,None,36,Clerk - Block 7,Block 7,5,522,Block 7,2024-2025,0,0,0,17276.5,34.0400000000000000,"Block A,Block B,Block C","2024-2025,2024-2025,2024-2025",170,20.58,0,0,0,61.138014527845044,14.164648910411623,0.7263922518159807,12,-3,0,0
6,2023-2024 Hostel Election,2023,12,Wednesday,119.99999999972222,2023-2024,HOSTEL,None,36,Clerk - Block 7,Block 7,5,523,Block 7,2024-2025,0,0,0,17276.5,34.0400000000000000,"Block A,Block B,Block C","2024-2025,2024-2025,2024-2025",182,22.03,1,0,0,61.138014527845044,14.164648910411623,0.7263922518159807,12,15,0,0
6,2023-2024 Hostel Election,2023,12,Wednesday,119.99999999972222,2023-2024,HOSTEL,None,36,Clerk - Block 7,Block 7,5,525,Block 7,2024-2025,0,0,0,17276.5,34.0400000000000000,"Block A,Block B,Block C","2024-2025,2024-2025,2024-2025",167,20.22,0,0,0,61.138014527845044,14.164648910411623,0.7263922518159807,15,-10,0,0
6,2023-2024 Hostel Election,2023,12,Wednesday,119.99999999972222,2023-2024,HOSTEL,None,36,Clerk - Block 7,Block 7,5,524,Block 7,2024-2025,0,0,0,17276.5,34.0400000000000000,"Block A,Block B,Block C","2024-2025,2024-2025,2024-2025",150,18.16,0,0,0,61.138014527845044,14.164648910411623,0.7263922518159807,32,0,0,0
6,2023-2024 Hostel Election,2023,12,Wednesday,119.99999999972222,2023-2024,HOSTEL,None,36,Clerk - Block 7,Block 7,5,521,Block 7,2024-2025,0,0,1,17276.5,34.0400000000000000,"Block A,Block B,Block C","2024-2025,2024-2025,2024-2025",157,19.01,0,0,0,61.138014527845044,14.164648910411623,0.7263922518159807,25,-7,0,0
6,2023-2024 Hostel Election,2023,12,Wednesday,119.99999999972222,2023-2024,HOSTEL,None,37,Clerk - Block 8,Block 8,5,530,Block 8,2024-2025,0,0,0,17276.5,34.0400000000000000,"Block A,Block B,Block C","2024-2025,2024-2025,2024-2025",155,19.04,0,0,0,57.61670761670762,15.847665847665848,0.6142506142506142,25,0,0,0
6,2023-2024 Hostel Election,2023,12,Wednesday,119.99999999972222,2023-2024,HOSTEL,None,37,Clerk - Block 8,Block 8,5,528,Block 8,2024-2025,0,0,0,17276.5,34.0400000000000000,"Block A,Block B,Block C","2024-2025,2024-2025,2024-2025",162,19.90,0,0,0,57.61670761670762,15.847665847665848,0.6142506142506142,18,-1,0,0
6,2023-2024 Hostel Election,2023,12,Wednesday,119.99999999972222,2023-2024,HOSTEL,None,37,Clerk - Block 8,Block 8,5,527,Block 8,2024-2025,0,0,0,17276.5,34.0400000000000000,"Block A,Block B,Block C","2024-2025,2024-2025,2024-2025",156,19.17,0,0,0,57.61670761670762,15.847665847665848,0.6142506142506142,24,-1,0,0
6,2023-2024 Hostel Election,2023,12,Wednesday,119.99999999972222,2023-2024,HOSTEL,None,37,Clerk - Block 8,Block 8,5,529,Block 8,2024-2025,0,0,0,17276.5,34.0400000000000000,"Block A,Block B,Block C","2024-2025,2024-2025,2024-2025",180,22.11,1,0,0,57.61670761670762,15.847665847665848,0.6142506142506142,18,19,0,0
6,2023-2024 Hostel Election,2023,12,Wednesday,119.99999999972222,2023-2024,HOSTEL,None,37,Clerk - Block 8,Block 8,5,526,Block 8,2024-2025,0,0,0,17276.5,34.0400000000000000,"Block A,Block B,Block C","2024-2025,2024-2025,2024-2025",161,19.78,0,0,0,57.61670761670762,15.847665847665848,0.6142506142506142,19,-5,0,0
6,2023-2024 Hostel Election,2023,12,Wednesday,119.99999999972222,2023-2024,HOSTEL,None,38,Clerk - Block 9,Block 9,5,533,Block 9,2024-2025,0,0,0,17276.5,34.0400000000000000,"Block A,Block B,Block C","2024-2025,2024-2025,2024-2025",154,19.97,0,0,0,64.07263294422827,15.17509727626459,0.648508430609598,13,-7,0,0
6,2023-2024 Hostel Election,2023,12,Wednesday,119.99999999972222,2023-2024,HOSTEL,None,38,Clerk - Block 9,Block 9,5,535,Block 9,2024-2025,0,0,0,17276.5,34.0400000000000000,"Block A,Block B,Block C","2024-2025,2024-2025,2024-2025",137,17.77,0,0,0,64.07263294422827,15.17509727626459,0.648508430609598,30,0,0,0
6,2023-2024 Hostel Election,2023,12,Wednesday,119.99999999972222,2023-2024,HOSTEL,None,38,Clerk - Block 9,Block 9,5,531,Block 9,2024-2025,0,0,0,17276.5,34.0400000000000000,"Block A,Block B,Block C","2024-2025,2024-2025,2024-2025",166,21.53,0,0,0,64.07263294422827,15.17509727626459,0.648508430609598,1,-12,0,0
6,2023-2024 Hostel Election,2023,12,Wednesday,119.99999999972222,2023-2024,HOSTEL,None,38,Clerk - Block 9,Block 9,5,534,Block 9,2024-2025,0,0,0,17276.5,34.0400000000000000,"Block A,Block B,Block C","2024-2025,2024-2025,2024-2025",167,21.66,1,0,0,64.07263294422827,15.17509727626459,0.648508430609598,1,13,0,0
6,2023-2024 Hostel Election,2023,12,Wednesday,119.99999999972222,2023-2024,HOSTEL,None,38,Clerk - Block 9,Block 9,5,532,Block 9,2024-2025,0,0,0,17276.5,34.0400000000000000,"Block A,Block B,Block C","2024-2025,2024-2025,2024-2025",147,19.07,0,0,0,64.07263294422827,15.17509727626459,0.648508430609598,20,-10,0,0
6,2023-2024 Hostel Election,2023,12,Wednesday,119.99999999972222,2023-2024,HOSTEL,None,39,Clerk - Block 10,Block 10,5,536,Block 10,2024-2025,0,0,0,17276.5,34.0400000000000000,"Block A,Block B,Block C","2024-2025,2024-2025,2024-2025",140,19.39,0,0,0,58.03324099722992,16.481994459833796,0.8310249307479225,12,0,0,0
6,2023-2024 Hostel Election,2023,12,Wednesday,119.99999999972222,2023-2024,HOSTEL,None,39,Clerk - Block 10,Block 10,5,538,Block 10,2024-2025,0,0,0,17276.5,34.0400000000000000,"Block A,Block B,Block C","2024-2025,2024-2025,2024-2025",152,21.05,1,0,0,58.03324099722992,16.481994459833796,0.8310249307479225,4,11,0,0
6,2023-2024 Hostel Election,2023,12,Wednesday,119.99999999972222,2023-2024,HOSTEL,None,39,Clerk - Block 10,Block 10,5,540,Block 10,2024-2025,0,0,0,17276.5,34.0400000000000000,"Block A,Block B,Block C","2024-2025,2024-2025,2024-2025",141,19.53,0,0,0,58.03324099722992,16.481994459833796,0.8310249307479225,11,-1,0,0
6,2023-2024 Hostel Election,2023,12,Wednesday,119.99999999972222,2023-2024,HOSTEL,None,39,Clerk - Block 10,Block 10,5,539,Block 10,2024-2025,0,0,0,17276.5,34.0400000000000000,"Block A,Block B,Block C","2024-2025,2024-2025,2024-2025",148,20.50,0,0,0,58.03324099722992,16.481994459833796,0.8310249307479225,4,-7,0,0
6,2023-2024 Hostel Election,2023,12,Wednesday,119.99999999972222,2023-2024,HOSTEL,None,39,Clerk - Block 10,Block 10,5,537,Block 10,2024-2025,0,0,0,17276.5,34.0400000000000000,"Block A,Block B,Block C","2024-2025,2024-2025,2024-2025",141,19.53,0,0,0,58.03324099722992,16.481994459833796,0.8310249307479225,11,0,0,0
6,2023-2024 Hostel Election,2023,12,Wednesday,119.99999999972222,2023-2024,HOSTEL,None,40,Clerk - Block 11,Block 11,5,545,Block 11,2024-2025,0,0,0,17276.5,34.0400000000000000,"Block A,Block B,Block C","2024-2025,2024-2025,2024-2025",122,18.46,0,0,0,59.152798789712556,17.095310136157337,0.6051437216338881,17,0,0,0
6,2023-2024 Hostel Election,2023,12,Wednesday,119.99999999972222,2023-2024,HOSTEL,None,40,Clerk - Block 11,Block 11,5,542,Block 11,2024-2025,0,0,0,17276.5,34.0400000000000000,"Block A,Block B,Block C","2024-2025,2024-2025,2024-2025",133,20.12,0,0,0,59.152798789712556,17.095310136157337,0.6051437216338881,6,-2,0,0
6,2023-2024 Hostel Election,2023,12,Wednesday,119.99999999972222,2023-2024,HOSTEL,None,40,Clerk - Block 11,Block 11,5,543,Block 11,2024-2025,0,0,0,17276.5,34.0400000000000000,"Block A,Block B,Block C","2024-2025,2024-2025,2024-2025",139,21.03,1,0,0,59.152798789712556,17.095310136157337,0.6051437216338881,3,6,0,0
6,2023-2024 Hostel Election,2023,12,Wednesday,119.99999999972222,2023-2024,HOSTEL,None,40,Clerk - Block 11,Block 11,5,541,Block 11,2024-2025,0,0,0,17276.5,34.0400000000000000,"Block A,Block B,Block C","2024-2025,2024-2025,2024-2025",131,19.82,0,0,0,59.152798789712556,17.095310136157337,0.6051437216338881,8,-9,0,0
6,2023-2024 Hostel Election,2023,12,Wednesday,119.99999999972222,2023-2024,HOSTEL,None,40,Clerk - Block 11,Block 11,5,544,Block 11,2024-2025,0,0,0,17276.5,34.0400000000000000,"Block A,Block B,Block C","2024-2025,2024-2025,2024-2025",136,20.58,0,0,0,59.152798789712556,17.095310136157337,0.6051437216338881,3,-3,0,0
6,2023-2024 Hostel Election,2023,12,Wednesday,119.99999999972222,2023-2024,HOSTEL,None,41,Clerk - Block 12,Block 12,5,546,Block 12,2024-2025,0,0,0,17276.5,34.0400000000000000,"Block A,Block B,Block C","2024-2025,2024-2025,2024-2025",141,21.79,1,0,0,57.496136012364765,16.846986089644513,0.9273570324574961,0,6,0,0
6,2023-2024 Hostel Election,2023,12,Wednesday,119.99999999972222,2023-2024,HOSTEL,None,41,Clerk - Block 12,Block 12,5,550,Block 12,2024-2025,0,0,0,17276.5,34.0400000000000000,"Block A,Block B,Block C","2024-2025,2024-2025,2024-2025",135,20.87,0,0,0,57.496136012364765,16.846986089644513,0.9273570324574961,6,-16,0,0
6,2023-2024 Hostel Election,2023,12,Wednesday,119.99999999972222,2023-2024,HOSTEL,None,41,Clerk - Block 12,Block 12,5,547,Block 12,2024-2025,0,0,0,17276.5,34.0400000000000000,"Block A,Block B,Block C","2024-2025,2024-2025,2024-2025",141,21.79,0,0,0,57.496136012364765,16.846986089644513,0.9273570324574961,0,-6,0,0
6,2023-2024 Hostel Election,2023,12,Wednesday,119.99999999972222,2023-2024,HOSTEL,None,41,Clerk - Block 12,Block 12,5,548,Block 12,2024-2025,0,0,0,17276.5,34.0400000000000000,"Block A,Block B,Block C","2024-2025,2024-2025,2024-2025",119,18.39,0,0,0,57.496136012364765,16.846986089644513,0.9273570324574961,22,-8,0,0
6,2023-2024 Hostel Election,2023,12,Wednesday,119.99999999972222,2023-2024,HOSTEL,None,41,Clerk - Block 12,Block 12,5,549,Block 12,2024-2025,0,0,0,17276.5,34.0400000000000000,"Block A,Block B,Block C","2024-2025,2024-2025,2024-2025",111,17.16,0,0,0,57.496136012364765,16.846986089644513,0.9273570324574961,30,0,0,0
6,2023-2024 Hostel Election,2023,12,Wednesday,119.99999999972222,2023-2024,HOSTEL,None,42,Clerk - Block 13,Block 13,5,554,Block 13,2024-2025,0,0,0,17276.5,34.0400000000000000,"Block A,Block B,Block C","2024-2025,2024-2025,2024-2025",152,21.23,0,0,0,60.33519553072626,14.94413407821229,0.6983240223463687,5,-8,0,0
6,2023-2024 Hostel Election,2023,12,Wednesday,119.99999999972222,2023-2024,HOSTEL,None,42,Clerk - Block 13,Block 13,5,555,Block 13,2024-2025,0,0,0,17276.5,34.0400000000000000,"Block A,Block B,Block C","2024-2025,2024-2025,2024-2025",157,21.93,1,0,0,60.33519553072626,14.94413407821229,0.6983240223463687,5,13,0,0
6,2023-2024 Hostel Election,2023,12,Wednesday,119.99999999972222,2023-2024,HOSTEL,None,42,Clerk - Block 13,Block 13,5,552,Block 13,2024-2025,0,0,0,17276.5,34.0400000000000000,"Block A,Block B,Block C","2024-2025,2024-2025,2024-2025",133,18.58,0,0,0,60.33519553072626,14.94413407821229,0.6983240223463687,24,-3,0,0
6,2023-2024 Hostel Election,2023,12,Wednesday,119.99999999972222,2023-2024,HOSTEL,None,42,Clerk - Block 13,Block 13,5,553,Block 13,2024-2025,0,0,0,17276.5,34.0400000000000000,"Block A,Block B,Block C","2024-2025,2024-2025,2024-2025",144,20.11,0,0,0,60.33519553072626,14.94413407821229,0.6983240223463687,13,-11,0,0
6,2023-2024 Hostel Election,2023,12,Wednesday,119.99999999972222,2023-2024,HOSTEL,None,42,Clerk - Block 13,Block 13,5,551,Block 13,2024-2025,0,0,0,17276.5,34.0400000000000000,"Block A,Block B,Block C","2024-2025,2024-2025,2024-2025",130,18.16,0,0,0,60.33519553072626,14.94413407821229,0.6983240223463687,27,0,0,0
6,2023-2024 Hostel Election,2023,12,Wednesday,119.99999999972222,2023-2024,HOSTEL,None,43,Clerk - Block 14,Block 14,5,557,Block 14,2024-2025,0,0,0,17276.5,34.0400000000000000,"Block A,Block B,Block C","2024-2025,2024-2025,2024-2025",139,20.72,0,0,0,56.333830104321905,15.648286140089418,1.0432190760059614,8,-6,0,0
6,2023-2024 Hostel Election,2023,12,Wednesday,119.99999999972222,2023-2024,HOSTEL,None,43,Clerk - Block 14,Block 14,5,558,Block 14,2024-2025,0,0,0,17276.5,34.0400000000000000,"Block A,Block B,Block C","2024-2025,2024-2025,2024-2025",147,21.91,1,0,0,56.333830104321905,15.648286140089418,1.0432190760059614,8,14,0,0
6,2023-2024 Hostel Election,2023,12,Wednesday,119.99999999972222,2023-2024,HOSTEL,None,43,Clerk - Block 14,Block 14,5,560,Block 14,2024-2025,0,0,1,17276.5,34.0400000000000000,"Block A,Block B,Block C","2024-2025,2024-2025,2024-2025",123,18.33,0,0,0,56.333830104321905,15.648286140089418,1.0432190760059614,24,0,0,0
6,2023-2024 Hostel Election,2023,12,Wednesday,119.99999999972222,2023-2024,HOSTEL,None,43,Clerk - Block 14,Block 14,5,559,Block 14,2024-2025,0,0,0,17276.5,34.0400000000000000,"Block A,Block B,Block C","2024-2025,2024-2025,2024-2025",129,19.23,0,0,0,56.333830104321905,15.648286140089418,1.0432190760059614,18,-6,0,0
6,2023-2024 Hostel Election,2023,12,Wednesday,119.99999999972222,2023-2024,HOSTEL,None,43,Clerk - Block 14,Block 14,5,556,Block 14,2024-2025,0,0,0,17276.5,34.0400000000000000,"Block A,Block B,Block C","2024-2025,2024-2025,2024-2025",133,19.82,0,0,0,56.333830104321905,15.648286140089418,1.0432190760059614,14,-4,0,0
6,2023-2024 Hostel Election,2023,12,Wednesday,119.99999999972222,2023-2024,HOSTEL,None,44,Clerk - Block 1,Block 1,5,565,Block 1,2024-2025,0,0,0,17276.5,34.0400000000000000,"Block A,Block B,Block C","2024-2025,2024-2025,2024-2025",32,18.94,0,0,0,57.98816568047337,15.384615384615385,1.183431952662722,9,-9,0,0
6,2023-2024 Hostel Election,2023,12,Wednesday,119.99999999972222,2023-2024,HOSTEL,None,44,Clerk - Block 1,Block 1,5,563,Block 1,2024-2025,0,0,1,17276.5,34.0400000000000000,"Block A,Block B,Block C","2024-2025,2024-2025,2024-2025",33,19.53,0,0,0,57.98816568047337,15.384615384615385,1.183431952662722,8,-1,0,0
6,2023-2024 Hostel Election,2023,12,Wednesday,119.99999999972222,2023-2024,HOSTEL,None,44,Clerk - Block 1,Block 1,5,564,Block 1,2024-2025,0,0,0,17276.5,34.0400000000000000,"Block A,Block B,Block C","2024-2025,2024-2025,2024-2025",40,23.67,0,0,0,57.98816568047337,15.384615384615385,1.183431952662722,1,-7,0,0
6,2023-2024 Hostel Election,2023,12,Wednesday,119.99999999972222,2023-2024,HOSTEL,None,44,Clerk - Block 1,Block 1,5,562,Block 1,2024-2025,0,0,0,17276.5,34.0400000000000000,"Block A,Block B,Block C","2024-2025,2024-2025,2024-2025",41,24.26,1,0,0,57.98816568047337,15.384615384615385,1.183431952662722,1,8,0,0
6,2023-2024 Hostel Election,2023,12,Wednesday,119.99999999972222,2023-2024,HOSTEL,None,44,Clerk - Block 1,Block 1,5,561,Block 1,2024-2025,0,0,0,17276.5,34.0400000000000000,"Block A,Block B,Block C","2024-2025,2024-2025,2024-2025",23,13.61,0,0,0,57.98816568047337,15.384615384615385,1.183431952662722,18,0,0,0
6,2023-2024 Hostel Election,2023,12,Wednesday,119.99999999972222,2023-2024,HOSTEL,None,45,Clerk - Block 2,Block 2,5,568,Block 2,2024-2025,0,0,0,17276.5,34.0400000000000000,"Block A,Block B,Block C","2024-2025,2024-2025,2024-2025",43,26.71,1,0,0,67.08074534161491,14.906832298136646,1.8633540372670807,7,11,0,0
6,2023-2024 Hostel Election,2023,12,Wednesday,119.99999999972222,2023-2024,HOSTEL,None,45,Clerk - Block 2,Block 2,5,569,Block 2,2024-2025,0,0,0,17276.5,34.0400000000000000,"Block A,Block B,Block C","2024-2025,2024-2025,2024-2025",36,22.36,0,0,0,67.08074534161491,14.906832298136646,1.8633540372670807,7,-4,0,0
6,2023-2024 Hostel Election,2023,12,Wednesday,119.99999999972222,2023-2024,HOSTEL,None,45,Clerk - Block 2,Block 2,5,570,Block 2,2024-2025,0,0,0,17276.5,34.0400000000000000,"Block A,Block B,Block C","2024-2025,2024-2025,2024-2025",32,19.88,0,0,0,67.08074534161491,14.906832298136646,1.8633540372670807,11,-3,0,0
6,2023-2024 Hostel Election,2023,12,Wednesday,119.99999999972222,2023-2024,HOSTEL,None,45,Clerk - Block 2,Block 2,5,567,Block 2,2024-2025,0,0,0,17276.5,34.0400000000000000,"Block A,Block B,Block C","2024-2025,2024-2025,2024-2025",29,18.01,0,0,0,67.08074534161491,14.906832298136646,1.8633540372670807,14,-8,0,0
6,2023-2024 Hostel Election,2023,12,Wednesday,119.99999999972222,2023-2024,HOSTEL,None,45,Clerk - Block 2,Block 2,5,566,Block 2,2024-2025,0,0,0,17276.5,34.0400000000000000,"Block A,Block B,Block C","2024-2025,2024-2025,2024-2025",21,13.04,0,0,0,67.08074534161491,14.906832298136646,1.8633540372670807,22,0,0,0
6,2023-2024 Hostel Election,2023,12,Wednesday,119.99999999972222,2023-2024,HOSTEL,None,46,Clerk - Block 3,Block 3,5,575,Block 3,2024-2025,0,0,0,17276.5,34.0400000000000000,"Block A,Block B,Block C","2024-2025,2024-2025,2024-2025",33,19.53,0,0,0,62.1301775147929,17.159763313609467,1.7751479289940828,7,-8,0,0
6,2023-2024 Hostel Election,2023,12,Wednesday,119.99999999972222,2023-2024,HOSTEL,None,46,Clerk - Block 3,Block 3,5,571,Block 3,2024-2025,0,0,0,17276.5,34.0400000000000000,"Block A,Block B,Block C","2024-2025,2024-2025,2024-2025",37,21.89,0,0,0,62.1301775147929,17.159763313609467,1.7751479289940828,3,-3,0,0
6,2023-2024 Hostel Election,2023,12,Wednesday,119.99999999972222,2023-2024,HOSTEL,None,46,Clerk - Block 3,Block 3,5,573,Block 3,2024-2025,0,0,0,17276.5,34.0400000000000000,"Block A,Block B,Block C","2024-2025,2024-2025,2024-2025",40,23.67,1,0,0,62.1301775147929,17.159763313609467,1.7751479289940828,3,6,0,0
6,2023-2024 Hostel Election,2023,12,Wednesday,119.99999999972222,2023-2024,HOSTEL,None,46,Clerk - Block 3,Block 3,5,572,Block 3,2024-2025,0,0,0,17276.5,34.0400000000000000,"Block A,Block B,Block C","2024-2025,2024-2025,2024-2025",25,14.79,0,0,0,62.1301775147929,17.159763313609467,1.7751479289940828,15,0,0,0
6,2023-2024 Hostel Election,2023,12,Wednesday,119.99999999972222,2023-2024,HOSTEL,None,46,Clerk - Block 3,Block 3,5,574,Block 3,2024-2025,0,0,0,17276.5,34.0400000000000000,"Block A,Block B,Block C","2024-2025,2024-2025,2024-2025",34,20.12,0,0,0,62.1301775147929,17.159763313609467,1.7751479289940828,6,-1,0,0
6,2023-2024 Hostel Election,2023,12,Wednesday,119.99999999972222,2023-2024,HOSTEL,None,47,Clerk - Block 4,Block 4,5,576,Block 4,2024-2025,0,0,0,17276.5,34.0400000000000000,"Block A,Block B,Block C","2024-2025,2024-2025,2024-2025",37,22.29,0,0,0,60.24096385542169,13.855421686746988,1.8072289156626504,2,-10,0,0
6,2023-2024 Hostel Election,2023,12,Wednesday,119.99999999972222,2023-2024,HOSTEL,None,47,Clerk - Block 4,Block 4,5,580,Block 4,2024-2025,0,0,0,17276.5,34.0400000000000000,"Block A,Block B,Block C","2024-2025,2024-2025,2024-2025",39,23.49,1,0,0,60.24096385542169,13.855421686746988,1.8072289156626504,1,2,0,0
6,2023-2024 Hostel Election,2023,12,Wednesday,119.99999999972222,2023-2024,HOSTEL,None,47,Clerk - Block 4,Block 4,5,578,Block 4,2024-2025,0,0,0,17276.5,34.0400000000000000,"Block A,Block B,Block C","2024-2025,2024-2025,2024-2025",38,22.89,0,0,0,60.24096385542169,13.855421686746988,1.8072289156626504,1,-1,0,0
6,2023-2024 Hostel Election,2023,12,Wednesday,119.99999999972222,2023-2024,HOSTEL,None,47,Clerk - Block 4,Block 4,5,577,Block 4,2024-2025,0,0,0,17276.5,34.0400000000000000,"Block A,Block B,Block C","2024-2025,2024-2025,2024-2025",27,16.27,0,0,0,60.24096385542169,13.855421686746988,1.8072289156626504,12,-2,0,0
6,2023-2024 Hostel Election,2023,12,Wednesday,119.99999999972222,2023-2024,HOSTEL,None,47,Clerk - Block 4,Block 4,5,579,Block 4,2024-2025,0,0,0,17276.5,34.0400000000000000,"Block A,Block B,Block C","2024-2025,2024-2025,2024-2025",25,15.06,0,0,0,60.24096385542169,13.855421686746988,1.8072289156626504,14,0,0,0
6,2023-2024 Hostel Election,2023,12,Wednesday,119.99999999972222,2023-2024,HOSTEL,None,48,Clerk - Block 5,Block 5,5,583,Block 5,2024-2025,0,0,0,17276.5,34.0400000000000000,"Block A,Block B,Block C","2024-2025,2024-2025,2024-2025",24,13.41,0,0,0,55.3072625698324,13.966480446927374,2.2346368715083798,17,0,0,0
6,2023-2024 Hostel Election,2023,12,Wednesday,119.99999999972222,2023-2024,HOSTEL,None,48,Clerk - Block 5,Block 5,5,582,Block 5,2024-2025,0,0,0,17276.5,34.0400000000000000,"Block A,Block B,Block C","2024-2025,2024-2025,2024-2025",38,21.23,0,0,0,55.3072625698324,13.966480446927374,2.2346368715083798,3,-2,0,0
6,2023-2024 Hostel Election,2023,12,Wednesday,119.99999999972222,2023-2024,HOSTEL,None,48,Clerk - Block 5,Block 5,5,585,Block 5,2024-2025,0,0,0,17276.5,34.0400000000000000,"Block A,Block B,Block C","2024-2025,2024-2025,2024-2025",41,22.91,1,0,0,55.3072625698324,13.966480446927374,2.2346368715083798,1,3,0,0
6,2023-2024 Hostel Election,2023,12,Wednesday,119.99999999972222,2023-2024,HOSTEL,None,48,Clerk - Block 5,Block 5,5,581,Block 5,2024-2025,0,0,0,17276.5,34.0400000000000000,"Block A,Block B,Block C","2024-2025,2024-2025,2024-2025",40,22.35,0,0,0,55.3072625698324,13.966480446927374,2.2346368715083798,1,-2,0,0
6,2023-2024 Hostel Election,2023,12,Wednesday,119.99999999972222,2023-2024,HOSTEL,None,48,Clerk - Block 5,Block 5,5,584,Block 5,2024-2025,0,0,0,17276.5,34.0400000000000000,"Block A,Block B,Block C","2024-2025,2024-2025,2024-2025",36,20.11,0,0,0,55.3072625698324,13.966480446927374,2.2346368715083798,5,-12,0,0
6,2023-2024 Hostel Election,2023,12,Wednesday,119.99999999972222,2023-2024,HOSTEL,None,49,Clerk - Block 6,Block 6,5,590,Block 6,2024-2025,0,0,0,17276.5,34.0400000000000000,"Block A,Block B,Block C","2024-2025,2024-2025,2024-2025",37,19.07,0,0,0,63.91752577319587,14.948453608247423,1.5463917525773196,7,-1,0,0
6,2023-2024 Hostel Election,2023,12,Wednesday,119.99999999972222,2023-2024,HOSTEL,None,49,Clerk - Block 6,Block 6,5,586,Block 6,2024-2025,0,0,0,17276.5,34.0400000000000000,"Block A,Block B,Block C","2024-2025,2024-2025,2024-2025",44,22.68,1,0,0,63.91752577319587,14.948453608247423,1.5463917525773196,1,7,0,0
6,2023-2024 Hostel Election,2023,12,Wednesday,119.99999999972222,2023-2024,HOSTEL,None,49,Clerk - Block 6,Block 6,5,588,Block 6,2024-2025,0,0,0,17276.5,34.0400000000000000,"Block A,Block B,Block C","2024-2025,2024-2025,2024-2025",43,22.17,0,0,0,63.91752577319587,14.948453608247423,1.5463917525773196,1,-6,0,0
6,2023-2024 Hostel Election,2023,12,Wednesday,119.99999999972222,2023-2024,HOSTEL,None,49,Clerk - Block 6,Block 6,5,587,Block 6,2024-2025,0,0,1,17276.5,34.0400000000000000,"Block A,Block B,Block C","2024-2025,2024-2025,2024-2025",34,17.53,0,0,0,63.91752577319587,14.948453608247423,1.5463917525773196,10,0,0,0
6,2023-2024 Hostel Election,2023,12,Wednesday,119.99999999972222,2023-2024,HOSTEL,None,49,Clerk - Block 6,Block 6,5,589,Block 6,2024-2025,0,0,0,17276.5,34.0400000000000000,"Block A,Block B,Block C","2024-2025,2024-2025,2024-2025",36,18.56,0,0,0,63.91752577319587,14.948453608247423,1.5463917525773196,8,-2,0,0
6,2023-2024 Hostel Election,2023,12,Wednesday,119.99999999972222,2023-2024,HOSTEL,None,50,Clerk - Block 7,Block 7,5,593,Block 7,2024-2025,0,0,0,17276.5,34.0400000000000000,"Block A,Block B,Block C","2024-2025,2024-2025,2024-2025",30,16.67,0,0,0,57.77777777777777,18.333333333333332,1.1111111111111112,14,0,0,0
6,2023-2024 Hostel Election,2023,12,Wednesday,119.99999999972222,2023-2024,HOSTEL,None,50,Clerk - Block 7,Block 7,5,591,Block 7,2024-2025,0,0,0,17276.5,34.0400000000000000,"Block A,Block B,Block C","2024-2025,2024-2025,2024-2025",32,17.78,0,0,0,57.77777777777777,18.333333333333332,1.1111111111111112,12,-2,0,0
6,2023-2024 Hostel Election,2023,12,Wednesday,119.99999999972222,2023-2024,HOSTEL,None,50,Clerk - Block 7,Block 7,5,594,Block 7,2024-2025,0,0,0,17276.5,34.0400000000000000,"Block A,Block B,Block C","2024-2025,2024-2025,2024-2025",34,18.89,0,0,0,57.77777777777777,18.333333333333332,1.1111111111111112,10,-2,0,0
6,2023-2024 Hostel Election,2023,12,Wednesday,119.99999999972222,2023-2024,HOSTEL,None,50,Clerk - Block 7,Block 7,5,592,Block 7,2024-2025,0,0,0,17276.5,34.0400000000000000,"Block A,Block B,Block C","2024-2025,2024-2025,2024-2025",44,24.44,1,0,0,57.77777777777777,18.333333333333332,1.1111111111111112,4,10,0,0
6,2023-2024 Hostel Election,2023,12,Wednesday,119.99999999972222,2023-2024,HOSTEL,None,50,Clerk - Block 7,Block 7,5,595,Block 7,2024-2025,0,0,0,17276.5,34.0400000000000000,"Block A,Block B,Block C","2024-2025,2024-2025,2024-2025",40,22.22,0,0,0,57.77777777777777,18.333333333333332,1.1111111111111112,4,-6,0,0
6,2023-2024 Hostel Election,2023,12,Wednesday,119.99999999972222,2023-2024,HOSTEL,None,51,Clerk - Block 8,Block 8,5,598,Block 8,2024-2025,0,0,0,17276.5,34.0400000000000000,"Block A,Block B,Block C","2024-2025,2024-2025,2024-2025",38,21.11,0,0,0,61.66666666666667,14.444444444444443,1.1111111111111112,6,-3,0,0
6,2023-2024 Hostel Election,2023,12,Wednesday,119.99999999972222,2023-2024,HOSTEL,None,51,Clerk - Block 8,Block 8,5,597,Block 8,2024-2025,0,0,0,17276.5,34.0400000000000000,"Block A,Block B,Block C","2024-2025,2024-2025,2024-2025",35,19.44,0,0,0,61.66666666666667,14.444444444444443,1.1111111111111112,9,0,0,0
6,2023-2024 Hostel Election,2023,12,Wednesday,119.99999999972222,2023-2024,HOSTEL,None,51,Clerk - Block 8,Block 8,5,600,Block 8,2024-2025,0,0,0,17276.5,34.0400000000000000,"Block A,Block B,Block C","2024-2025,2024-2025,2024-2025",35,19.44,0,0,0,61.66666666666667,14.444444444444443,1.1111111111111112,9,-7,0,0
6,2023-2024 Hostel Election,2023,12,Wednesday,119.99999999972222,2023-2024,HOSTEL,None,51,Clerk - Block 8,Block 8,5,596,Block 8,2024-2025,0,0,0,17276.5,34.0400000000000000,"Block A,Block B,Block C","2024-2025,2024-2025,2024-2025",44,24.44,1,0,0,61.66666666666667,14.444444444444443,1.1111111111111112,6,9,0,0
6,2023-2024 Hostel Election,2023,12,Wednesday,119.99999999972222,2023-2024,HOSTEL,None,51,Clerk - Block 8,Block 8,5,599,Block 8,2024-2025,0,0,0,17276.5,34.0400000000000000,"Block A,Block B,Block C","2024-2025,2024-2025,2024-2025",28,15.56,0,0,0,61.66666666666667,14.444444444444443,1.1111111111111112,16,0,0,0
6,2023-2024 Hostel Election,2023,12,Wednesday,119.99999999972222,2023-2024,HOSTEL,None,52,Clerk - Block 9,Block 9,5,605,Block 9,2024-2025,0,0,0,17276.5,34.0400000000000000,"Block A,Block B,Block C","2024-2025,2024-2025,2024-2025",32,17.68,0,0,0,61.87845303867403,14.917127071823206,1.1049723756906076,7,0,0,0
6,2023-2024 Hostel Election,2023,12,Wednesday,119.99999999972222,2023-2024,HOSTEL,None,52,Clerk - Block 9,Block 9,5,601,Block 9,2024-2025,0,0,0,17276.5,34.0400000000000000,"Block A,Block B,Block C","2024-2025,2024-2025,2024-2025",37,20.44,0,0,0,61.87845303867403,14.917127071823206,1.1049723756906076,2,-2,0,0
6,2023-2024 Hostel Election,2023,12,Wednesday,119.99999999972222,2023-2024,HOSTEL,None,52,Clerk - Block 9,Block 9,5,603,Block 9,2024-2025,0,0,0,17276.5,34.0400000000000000,"Block A,Block B,Block C","2024-2025,2024-2025,2024-2025",35,19.34,0,0,0,61.87845303867403,14.917127071823206,1.1049723756906076,4,-3,0,0
6,2023-2024 Hostel Election,2023,12,Wednesday,119.99999999972222,2023-2024,HOSTEL,None,52,Clerk - Block 9,Block 9,5,602,Block 9,2024-2025,0,0,0,17276.5,34.0400000000000000,"Block A,Block B,Block C","2024-2025,2024-2025,2024-2025",38,20.99,0,0,0,61.87845303867403,14.917127071823206,1.1049723756906076,1,-1,0,0
6,2023-2024 Hostel Election,2023,12,Wednesday,119.99999999972222,2023-2024,HOSTEL,None,52,Clerk - Block 9,Block 9,5,604,Block 9,2024-2025,0,0,0,17276.5,34.0400000000000000,"Block A,Block B,Block C","2024-2025,2024-2025,2024-2025",39,21.55,1,0,0,61.87845303867403,14.917127071823206,1.1049723756906076,1,2,0,0
6,2023-2024 Hostel Election,2023,12,Wednesday,119.99999999972222,2023-2024,HOSTEL,None,53,Clerk - Block 10,Block 10,5,610,Block 10,2024-2025,0,0,0,17276.5,34.0400000000000000,"Block A,Block B,Block C","2024-2025,2024-2025,2024-2025",32,16.58,0,0,0,54.92227979274611,19.689119170984455,1.5544041450777202,19,-3,0,0
6,2023-2024 Hostel Election,2023,12,Wednesday,119.99999999972222,2023-2024,HOSTEL,None,53,Clerk - Block 10,Block 10,5,608,Block 10,2024-2025,0,0,0,17276.5,34.0400000000000000,"Block A,Block B,Block C","2024-2025,2024-2025,2024-2025",39,20.21,0,0,0,54.92227979274611,19.689119170984455,1.5544041450777202,12,-7,0,0
6,2023-2024 Hostel Election,2023,12,Wednesday,119.99999999972222,2023-2024,HOSTEL,None,53,Clerk - Block 10,Block 10,5,606,Block 10,2024-2025,0,0,0,17276.5,34.0400000000000000,"Block A,Block B,Block C","2024-2025,2024-2025,2024-2025",42,21.76,0,0,0,54.92227979274611,19.689119170984455,1.5544041450777202,9,-3,0,0
6,2023-2024 Hostel Election,2023,12,Wednesday,119.99999999972222,2023-2024,HOSTEL,None,53,Clerk - Block 10,Block 10,5,609,Block 10,2024-2025,0,0,0,17276.5,34.0400000000000000,"Block A,Block B,Block C","2024-2025,2024-2025,2024-2025",51,26.43,1,0,0,54.92227979274611,19.689119170984455,1.5544041450777202,9,12,0,0
6,2023-2024 Hostel Election,2023,12,Wednesday,119.99999999972222,2023-2024,HOSTEL,None,53,Clerk - Block 10,Block 10,5,607,Block 10,2024-2025,0,0,0,17276.5,34.0400000000000000,"Block A,Block B,Block C","2024-2025,2024-2025,2024-2025",29,15.03,0,0,0,54.92227979274611,19.689119170984455,1.5544041450777202,22,0,0,0
6,2023-2024 Hostel Election,2023,12,Wednesday,119.99999999972222,2023-2024,HOSTEL,None,54,Clerk - Block 11,Block 11,5,614,Block 11,2024-2025,0,0,0,17276.5,34.0400000000000000,"Block A,Block B,Block C","2024-2025,2024-2025,2024-2025",38,20.21,0,0,0,62.76595744680851,12.23404255319149,1.0638297872340425,2,-2,0,0
6,2023-2024 Hostel Election,2023,12,Wednesday,119.99999999972222,2023-2024,HOSTEL,None,54,Clerk - Block 11,Block 11,5,612,Block 11,2024-2025,0,0,0,17276.5,34.0400000000000000,"Block A,Block B,Block C","2024-2025,2024-2025,2024-2025",40,21.28,1,0,0,62.76595744680851,12.23404255319149,1.0638297872340425,1,2,0,0
6,2023-2024 Hostel Election,2023,12,Wednesday,119.99999999972222,2023-2024,HOSTEL,None,54,Clerk - Block 11,Block 11,5,615,Block 11,2024-2025,0,0,0,17276.5,34.0400000000000000,"Block A,Block B,Block C","2024-2025,2024-2025,2024-2025",36,19.15,0,0,0,62.76595744680851,12.23404255319149,1.0638297872340425,4,-1,0,0
6,2023-2024 Hostel Election,2023,12,Wednesday,119.99999999972222,2023-2024,HOSTEL,None,54,Clerk - Block 11,Block 11,5,611,Block 11,2024-2025,0,0,0,17276.5,34.0400000000000000,"Block A,Block B,Block C","2024-2025,2024-2025,2024-2025",39,20.75,0,0,0,62.76595744680851,12.23404255319149,1.0638297872340425,1,-1,0,0
6,2023-2024 Hostel Election,2023,12,Wednesday,119.99999999972222,2023-2024,HOSTEL,None,54,Clerk - Block 11,Block 11,5,613,Block 11,2024-2025,0,0,0,17276.5,34.0400000000000000,"Block A,Block B,Block C","2024-2025,2024-2025,2024-2025",35,18.62,0,0,0,62.76595744680851,12.23404255319149,1.0638297872340425,5,0,0,0
6,2023-2024 Hostel Election,2023,12,Wednesday,119.99999999972222,2023-2024,HOSTEL,None,55,Clerk - Block 12,Block 12,5,617,Block 12,2024-2025,0,0,0,17276.5,34.0400000000000000,"Block A,Block B,Block C","2024-2025,2024-2025,2024-2025",33,18.54,0,0,0,58.98876404494382,14.606741573033707,1.1235955056179776,7,0,0,0
6,2023-2024 Hostel Election,2023,12,Wednesday,119.99999999972222,2023-2024,HOSTEL,None,55,Clerk - Block 12,Block 12,5,616,Block 12,2024-2025,0,0,0,17276.5,34.0400000000000000,"Block A,Block B,Block C","2024-2025,2024-2025,2024-2025",34,19.10,0,0,0,58.98876404494382,14.606741573033707,1.1235955056179776,6,0,0,0
6,2023-2024 Hostel Election,2023,12,Wednesday,119.99999999972222,2023-2024,HOSTEL,None,55,Clerk - Block 12,Block 12,5,618,Block 12,2024-2025,0,0,0,17276.5,34.0400000000000000,"Block A,Block B,Block C","2024-2025,2024-2025,2024-2025",40,22.47,1,0,0,58.98876404494382,14.606741573033707,1.1235955056179776,3,6,0,0
6,2023-2024 Hostel Election,2023,12,Wednesday,119.99999999972222,2023-2024,HOSTEL,None,55,Clerk - Block 12,Block 12,5,619,Block 12,2024-2025,0,0,1,17276.5,34.0400000000000000,"Block A,Block B,Block C","2024-2025,2024-2025,2024-2025",34,19.10,0,0,0,58.98876404494382,14.606741573033707,1.1235955056179776,6,-1,0,0
6,2023-2024 Hostel Election,2023,12,Wednesday,119.99999999972222,2023-2024,HOSTEL,None,55,Clerk - Block 12,Block 12,5,620,Block 12,2024-2025,0,0,0,17276.5,34.0400000000000000,"Block A,Block B,Block C","2024-2025,2024-2025,2024-2025",37,20.79,0,0,0,58.98876404494382,14.606741573033707,1.1235955056179776,3,-3,0,0
6,2023-2024 Hostel Election,2023,12,Wednesday,119.99999999972222,2023-2024,HOSTEL,None,56,Clerk - Block 13,Block 13,5,623,Block 13,2024-2025,0,0,0,17276.5,34.0400000000000000,"Block A,Block B,Block C","2024-2025,2024-2025,2024-2025",24,16.00,0,0,0,57.99999999999999,18.666666666666668,1.3333333333333335,18,0,0,0
6,2023-2024 Hostel Election,2023,12,Wednesday,119.99999999972222,2023-2024,HOSTEL,None,56,Clerk - Block 13,Block 13,5,622,Block 13,2024-2025,0,0,0,17276.5,34.0400000000000000,"Block A,Block B,Block C","2024-2025,2024-2025,2024-2025",29,19.33,0,0,0,57.99999999999999,18.666666666666668,1.3333333333333335,13,-5,0,0
6,2023-2024 Hostel Election,2023,12,Wednesday,119.99999999972222,2023-2024,HOSTEL,None,56,Clerk - Block 13,Block 13,5,625,Block 13,2024-2025,0,0,0,17276.5,34.0400000000000000,"Block A,Block B,Block C","2024-2025,2024-2025,2024-2025",31,20.67,0,0,0,57.99999999999999,18.666666666666668,1.3333333333333335,11,-2,0,0
6,2023-2024 Hostel Election,2023,12,Wednesday,119.99999999972222,2023-2024,HOSTEL,None,56,Clerk - Block 13,Block 13,5,624,Block 13,2024-2025,0,0,0,17276.5,34.0400000000000000,"Block A,Block B,Block C","2024-2025,2024-2025,2024-2025",42,28.00,1,0,0,57.99999999999999,18.666666666666668,1.3333333333333335,11,13,0,0
6,2023-2024 Hostel Election,2023,12,Wednesday,119.99999999972222,2023-2024,HOSTEL,None,56,Clerk - Block 13,Block 13,5,621,Block 13,2024-2025,0,0,0,17276.5,34.0400000000000000,"Block A,Block B,Block C","2024-2025,2024-2025,2024-2025",24,16.00,0,0,0,57.99999999999999,18.666666666666668,1.3333333333333335,18,0,0,0
6,2023-2024 Hostel Election,2023,12,Wednesday,119.99999999972222,2023-2024,HOSTEL,None,57,Clerk - Block 14,Block 14,5,627,Block 14,2024-2025,0,0,1,17276.5,34.0400000000000000,"Block A,Block B,Block C","2024-2025,2024-2025,2024-2025",32,19.88,0,0,0,59.006211180124225,14.906832298136646,1.2422360248447204,3,0,0,0
6,2023-2024 Hostel Election,2023,12,Wednesday,119.99999999972222,2023-2024,HOSTEL,None,57,Clerk - Block 14,Block 14,5,630,Block 14,2024-2025,0,0,0,17276.5,34.0400000000000000,"Block A,Block B,Block C","2024-2025,2024-2025,2024-2025",32,19.88,0,0,0,59.006211180124225,14.906832298136646,1.2422360248447204,3,-1,0,0
6,2023-2024 Hostel Election,2023,12,Wednesday,119.99999999972222,2023-2024,HOSTEL,None,57,Clerk - Block 14,Block 14,5,629,Block 14,2024-2025,0,0,0,17276.5,34.0400000000000000,"Block A,Block B,Block C","2024-2025,2024-2025,2024-2025",31,19.26,0,0,0,59.006211180124225,14.906832298136646,1.2422360248447204,4,0,0,0
6,2023-2024 Hostel Election,2023,12,Wednesday,119.99999999972222,2023-2024,HOSTEL,None,57,Clerk - Block 14,Block 14,5,628,Block 14,2024-2025,0,0,0,17276.5,34.0400000000000000,"Block A,Block B,Block C","2024-2025,2024-2025,2024-2025",31,19.26,0,0,0,59.006211180124225,14.906832298136646,1.2422360248447204,4,0,0,0
6,2023-2024 Hostel Election,2023,12,Wednesday,119.99999999972222,2023-2024,HOSTEL,None,57,Clerk - Block 14,Block 14,5,626,Block 14,2024-2025,0,0,0,17276.5,34.0400000000000000,"Block A,Block B,Block C","2024-2025,2024-2025,2024-2025",35,21.74,1,0,0,59.006211180124225,14.906832298136646,1.2422360248447204,3,3,0,0
6,2023-2024 Hostel Election,2023,12,Wednesday,119.99999999972222,2023-2024,HOSTEL,None,58,Clerk - Block 15,Block 15,5,633,Block 15,2024-2025,0,0,0,17276.5,34.0400000000000000,"Block A,Block B,Block C","2024-2025,2024-2025,2024-2025",28,16.77,0,0,0,62.27544910179641,13.77245508982036,1.7964071856287425,16,-2,0,0
6,2023-2024 Hostel Election,2023,12,Wednesday,119.99999999972222,2023-2024,HOSTEL,None,58,Clerk - Block 15,Block 15,5,631,Block 15,2024-2025,0,0,0,17276.5,34.0400000000000000,"Block A,Block B,Block C","2024-2025,2024-2025,2024-2025",31,18.56,0,0,0,62.27544910179641,13.77245508982036,1.7964071856287425,13,-3,0,0
6,2023-2024 Hostel Election,2023,12,Wednesday,119.99999999972222,2023-2024,HOSTEL,None,58,Clerk - Block 15,Block 15,5,635,Block 15,2024-2025,0,0,0,17276.5,34.0400000000000000,"Block A,Block B,Block C","2024-2025,2024-2025,2024-2025",38,22.75,0,0,0,62.27544910179641,13.77245508982036,1.7964071856287425,6,-7,0,0
6,2023-2024 Hostel Election,2023,12,Wednesday,119.99999999972222,2023-2024,HOSTEL,None,58,Clerk - Block 15,Block 15,5,634,Block 15,2024-2025,0,0,0,17276.5,34.0400000000000000,"Block A,Block B,Block C","2024-2025,2024-2025,2024-2025",26,15.57,0,0,0,62.27544910179641,13.77245508982036,1.7964071856287425,18,0,0,0
6,2023-2024 Hostel Election,2023,12,Wednesday,119.99999999972222,2023-2024,HOSTEL,None,58,Clerk - Block 15,Block 15,5,632,Block 15,2024-2025,0,0,0,17276.5,34.0400000000000000,"Block A,Block B,Block C","2024-2025,2024-2025,2024-2025",44,26.35,1,0,0,62.27544910179641,13.77245508982036,1.7964071856287425,6,13,0,0
6,2023-2024 Hostel Election,2023,12,Wednesday,119.99999999972222,2023-2024,HOSTEL,None,59,Clerk - Block 16,Block 16,5,638,Block 16,2024-2025,0,0,0,17276.5,34.0400000000000000,"Block A,Block B,Block C","2024-2025,2024-2025,2024-2025",37,22.56,0,0,0,54.268292682926834,17.682926829268293,1.8292682926829267,1,-4,0,0
6,2023-2024 Hostel Election,2023,12,Wednesday,119.99999999972222,2023-2024,HOSTEL,None,59,Clerk - Block 16,Block 16,5,637,Block 16,2024-2025,0,0,0,17276.5,34.0400000000000000,"Block A,Block B,Block C","2024-2025,2024-2025,2024-2025",38,23.17,1,0,0,54.268292682926834,17.682926829268293,1.8292682926829267,1,5,0,0
6,2023-2024 Hostel Election,2023,12,Wednesday,119.99999999972222,2023-2024,HOSTEL,None,59,Clerk - Block 16,Block 16,5,636,Block 16,2024-2025,0,0,1,17276.5,34.0400000000000000,"Block A,Block B,Block C","2024-2025,2024-2025,2024-2025",28,17.07,0,0,0,54.268292682926834,17.682926829268293,1.8292682926829267,10,0,0,0
6,2023-2024 Hostel Election,2023,12,Wednesday,119.99999999972222,2023-2024,HOSTEL,None,59,Clerk - Block 16,Block 16,5,639,Block 16,2024-2025,0,0,0,17276.5,34.0400000000000000,"Block A,Block B,Block C","2024-2025,2024-2025,2024-2025",33,20.12,0,0,0,54.268292682926834,17.682926829268293,1.8292682926829267,5,-5,0,0
6,2023-2024 Hostel Election,2023,12,Wednesday,119.99999999972222,2023-2024,HOSTEL,None,59,Clerk - Block 16,Block 16,5,640,Block 16,2024-2025,0,0,0,17276.5,34.0400000000000000,"Block A,Block B,Block C","2024-2025,2024-2025,2024-2025",28,17.07,0,0,0,54.268292682926834,17.682926829268293,1.8292682926829267,10,0,0,0
6,2023-2024 Hostel Election,2023,12,Wednesday,119.99999999972222,2023-2024,HOSTEL,None,60,Clerk - Block 17,Block 17,5,644,Block 17,2024-2025,0,0,0,17276.5,34.0400000000000000,"Block A,Block B,Block C","2024-2025,2024-2025,2024-2025",29,16.57,0,0,0,63.42857142857142,17.71428571428571,1.7142857142857144,11,0,0,0
6,2023-2024 Hostel Election,2023,12,Wednesday,119.99999999972222,2023-2024,HOSTEL,None,60,Clerk - Block 17,Block 17,5,643,Block 17,2024-2025,0,0,1,17276.5,34.0400000000000000,"Block A,Block B,Block C","2024-2025,2024-2025,2024-2025",30,17.14,0,0,0,63.42857142857142,17.71428571428571,1.7142857142857144,10,-1,0,0
6,2023-2024 Hostel Election,2023,12,Wednesday,119.99999999972222,2023-2024,HOSTEL,None,60,Clerk - Block 17,Block 17,5,642,Block 17,2024-2025,0,0,0,17276.5,34.0400000000000000,"Block A,Block B,Block C","2024-2025,2024-2025,2024-2025",38,21.71,0,0,0,63.42857142857142,17.71428571428571,1.7142857142857144,2,0,0,0
6,2023-2024 Hostel Election,2023,12,Wednesday,119.99999999972222,2023-2024,HOSTEL,None,60,Clerk - Block 17,Block 17,5,641,Block 17,2024-2025,0,0,0,17276.5,34.0400000000000000,"Block A,Block B,Block C","2024-2025,2024-2025,2024-2025",40,22.86,1,0,0,63.42857142857142,17.71428571428571,1.7142857142857144,2,2,0,0
6,2023-2024 Hostel Election,2023,12,Wednesday,119.99999999972222,2023-2024,HOSTEL,None,60,Clerk - Block 17,Block 17,5,645,Block 17,2024-2025,0,0,0,17276.5,34.0400000000000000,"Block A,Block B,Block C","2024-2025,2024-2025,2024-2025",38,21.71,0,0,0,63.42857142857142,17.71428571428571,1.7142857142857144,2,-8,0,0
6,2023-2024 Hostel Election,2023,12,Wednesday,119.99999999972222,2023-2024,HOSTEL,None,61,Clerk - Block 18,Block 18,5,650,Block 18,2024-2025,0,0,0,17276.5,34.0400000000000000,"Block A,Block B,Block C","2024-2025,2024-2025,2024-2025",39,18.48,0,0,0,57.345971563981045,19.431279620853083,1.4218009478672986,14,-1,0,0
6,2023-2024 Hostel Election,2023,12,Wednesday,119.99999999972222,2023-2024,HOSTEL,None,61,Clerk - Block 18,Block 18,5,648,Block 18,2024-2025,0,0,0,17276.5,34.0400000000000000,"Block A,Block B,Block C","2024-2025,2024-2025,2024-2025",53,25.12,1,0,0,57.345971563981045,19.431279620853083,1.4218009478672986,4,14,0,0
6,2023-2024 Hostel Election,2023,12,Wednesday,119.99999999972222,2023-2024,HOSTEL,None,61,Clerk - Block 18,Block 18,5,649,Block 18,2024-2025,0,0,0,17276.5,34.0400000000000000,"Block A,Block B,Block C","2024-2025,2024-2025,2024-2025",49,23.22,0,0,0,57.345971563981045,19.431279620853083,1.4218009478672986,4,-10,0,0
6,2023-2024 Hostel Election,2023,12,Wednesday,119.99999999972222,2023-2024,HOSTEL,None,61,Clerk - Block 18,Block 18,5,646,Block 18,2024-2025,0,0,0,17276.5,34.0400000000000000,"Block A,Block B,Block C","2024-2025,2024-2025,2024-2025",32,15.17,0,0,0,57.345971563981045,19.431279620853083,1.4218009478672986,21,0,0,0
6,2023-2024 Hostel Election,2023,12,Wednesday,119.99999999972222,2023-2024,HOSTEL,None,61,Clerk - Block 18,Block 18,5,647,Block 18,2024-2025,0,0,0,17276.5,34.0400000000000000,"Block A,Block B,Block C","2024-2025,2024-2025,2024-2025",38,18.01,0,0,0,57.345971563981045,19.431279620853083,1.4218009478672986,15,-6,0,0
6,2023-2024 Hostel Election,2023,12,Wednesday,119.99999999972222,2023-2024,HOSTEL,None,62,Clerk - Block 19,Block 19,5,654,Block 19,2024-2025,0,0,0,17276.5,34.0400000000000000,"Block A,Block B,Block C","2024-2025,2024-2025,2024-2025",30,17.24,0,0,0,62.06896551724138,14.942528735632186,1.1494252873563218,9,0,0,0
6,2023-2024 Hostel Election,2023,12,Wednesday,119.99999999972222,2023-2024,HOSTEL,None,62,Clerk - Block 19,Block 19,5,652,Block 19,2024-2025,0,0,0,17276.5,34.0400000000000000,"Block A,Block B,Block C","2024-2025,2024-2025,2024-2025",39,22.41,1,0,0,62.06896551724138,14.942528735632186,1.1494252873563218,0,5,0,0
6,2023-2024 Hostel Election,2023,12,Wednesday,119.99999999972222,2023-2024,HOSTEL,None,62,Clerk - Block 19,Block 19,5,655,Block 19,2024-2025,0,0,0,17276.5,34.0400000000000000,"Block A,Block B,Block C","2024-2025,2024-2025,2024-2025",39,22.41,0,0,0,62.06896551724138,14.942528735632186,1.1494252873563218,0,-5,0,0
6,2023-2024 Hostel Election,2023,12,Wednesday,119.99999999972222,2023-2024,HOSTEL,None,62,Clerk - Block 19,Block 19,5,653,Block 19,2024-2025,0,0,0,17276.5,34.0400000000000000,"Block A,Block B,Block C","2024-2025,2024-2025,2024-2025",32,18.39,0,0,0,62.06896551724138,14.942528735632186,1.1494252873563218,7,-2,0,0
6,2023-2024 Hostel Election,2023,12,Wednesday,119.99999999972222,2023-2024,HOSTEL,None,62,Clerk - Block 19,Block 19,5,651,Block 19,2024-2025,0,0,0,17276.5,34.0400000000000000,"Block A,Block B,Block C","2024-2025,2024-2025,2024-2025",34,19.54,0,0,0,62.06896551724138,14.942528735632186,1.1494252873563218,5,-2,0,0
6,2023-2024 Hostel Election,2023,12,Wednesday,119.99999999972222,2023-2024,HOSTEL,None,63,Clerk - Block 1,Block 1,5,656,Block 1,2024-2025,0,0,0,17276.5,34.0400000000000000,"Block A,Block B,Block C","2024-2025,2024-2025,2024-2025",135,20.77,0,0,0,61.23076923076923,14.000000000000002,0.7692307692307693,13,-10,0,0
6,2023-2024 Hostel Election,2023,12,Wednesday,119.99999999972222,2023-2024,HOSTEL,None,63,Clerk - Block 1,Block 1,5,657,Block 1,2024-2025,0,0,0,17276.5,34.0400000000000000,"Block A,Block B,Block C","2024-2025,2024-2025,2024-2025",148,22.77,1,0,0,61.23076923076923,14.000000000000002,0.7692307692307693,13,23,0,0
6,2023-2024 Hostel Election,2023,12,Wednesday,119.99999999972222,2023-2024,HOSTEL,None,63,Clerk - Block 1,Block 1,5,660,Block 1,2024-2025,0,0,1,17276.5,34.0400000000000000,"Block A,Block B,Block C","2024-2025,2024-2025,2024-2025",125,19.23,0,0,0,61.23076923076923,14.000000000000002,0.7692307692307693,23,-1,0,0
6,2023-2024 Hostel Election,2023,12,Wednesday,119.99999999972222,2023-2024,HOSTEL,None,63,Clerk - Block 1,Block 1,5,658,Block 1,2024-2025,0,0,0,17276.5,34.0400000000000000,"Block A,Block B,Block C","2024-2025,2024-2025,2024-2025",124,19.08,0,0,0,61.23076923076923,14.000000000000002,0.7692307692307693,24,-6,0,0
6,2023-2024 Hostel Election,2023,12,Wednesday,119.99999999972222,2023-2024,HOSTEL,None,63,Clerk - Block 1,Block 1,5,659,Block 1,2024-2025,0,0,0,17276.5,34.0400000000000000,"Block A,Block B,Block C","2024-2025,2024-2025,2024-2025",118,18.15,0,0,0,61.23076923076923,14.000000000000002,0.7692307692307693,30,0,0,0
6,2023-2024 Hostel Election,2023,12,Wednesday,119.99999999972222,2023-2024,HOSTEL,None,64,Clerk - Block 2,Block 2,5,665,Block 2,2024-2025,0,0,0,17276.5,34.0400000000000000,"Block A,Block B,Block C","2024-2025,2024-2025,2024-2025",146,22.53,0,0,0,57.56172839506173,17.901234567901234,0.7716049382716049,0,-22,0,0
6,2023-2024 Hostel Election,2023,12,Wednesday,119.99999999972222,2023-2024,HOSTEL,None,64,Clerk - Block 2,Block 2,5,663,Block 2,2024-2025,0,0,0,17276.5,34.0400000000000000,"Block A,Block B,Block C","2024-2025,2024-2025,2024-2025",121,18.67,0,0,0,57.56172839506173,17.901234567901234,0.7716049382716049,25,-10,0,0
6,2023-2024 Hostel Election,2023,12,Wednesday,119.99999999972222,2023-2024,HOSTEL,None,64,Clerk - Block 2,Block 2,5,662,Block 2,2024-2025,0,0,0,17276.5,34.0400000000000000,"Block A,Block B,Block C","2024-2025,2024-2025,2024-2025",124,19.14,0,0,0,57.56172839506173,17.901234567901234,0.7716049382716049,22,-3,0,0
6,2023-2024 Hostel Election,2023,12,Wednesday,119.99999999972222,2023-2024,HOSTEL,None,64,Clerk - Block 2,Block 2,5,661,Block 2,2024-2025,0,0,0,17276.5,34.0400000000000000,"Block A,Block B,Block C","2024-2025,2024-2025,2024-2025",146,22.53,1,0,0,57.56172839506173,17.901234567901234,0.7716049382716049,0,22,0,0
6,2023-2024 Hostel Election,2023,12,Wednesday,119.99999999972222,2023-2024,HOSTEL,None,64,Clerk - Block 2,Block 2,5,664,Block 2,2024-2025,0,0,0,17276.5,34.0400000000000000,"Block A,Block B,Block C","2024-2025,2024-2025,2024-2025",111,17.13,0,0,0,57.56172839506173,17.901234567901234,0.7716049382716049,35,0,0,0
6,2023-2024 Hostel Election,2023,12,Wednesday,119.99999999972222,2023-2024,HOSTEL,None,65,Clerk - Block 3,Block 3,5,667,Block 3,2024-2025,0,0,0,17276.5,34.0400000000000000,"Block A,Block B,Block C","2024-2025,2024-2025,2024-2025",142,20.61,0,0,0,64.29608127721336,13.642960812772134,0.8708272859216255,14,-3,0,0
6,2023-2024 Hostel Election,2023,12,Wednesday,119.99999999972222,2023-2024,HOSTEL,None,65,Clerk - Block 3,Block 3,5,666,Block 3,2024-2025,0,0,0,17276.5,34.0400000000000000,"Block A,Block B,Block C","2024-2025,2024-2025,2024-2025",137,19.88,0,0,0,64.29608127721336,13.642960812772134,0.8708272859216255,19,-22,0,0
6,2023-2024 Hostel Election,2023,12,Wednesday,119.99999999972222,2023-2024,HOSTEL,None,65,Clerk - Block 3,Block 3,5,669,Block 3,2024-2025,0,0,0,17276.5,34.0400000000000000,"Block A,Block B,Block C","2024-2025,2024-2025,2024-2025",115,16.69,0,0,0,64.29608127721336,13.642960812772134,0.8708272859216255,41,0,0,0
6,2023-2024 Hostel Election,2023,12,Wednesday,119.99999999972222,2023-2024,HOSTEL,None,65,Clerk - Block 3,Block 3,5,668,Block 3,2024-2025,0,0,0,17276.5,34.0400000000000000,"Block A,Block B,Block C","2024-2025,2024-2025,2024-2025",156,22.64,1,0,0,64.29608127721336,13.642960812772134,0.8708272859216255,14,17,0,0
6,2023-2024 Hostel Election,2023,12,Wednesday,119.99999999972222,2023-2024,HOSTEL,None,65,Clerk - Block 3,Block 3,5,670,Block 3,2024-2025,0,0,0,17276.5,34.0400000000000000,"Block A,Block B,Block C","2024-2025,2024-2025,2024-2025",139,20.17,0,0,0,64.29608127721336,13.642960812772134,0.8708272859216255,17,-2,0,0
6,2023-2024 Hostel Election,2023,12,Wednesday,119.99999999972222,2023-2024,HOSTEL,None,66,Clerk - Block 4,Block 4,5,675,Block 4,2024-2025,0,0,0,17276.5,34.0400000000000000,"Block A,Block B,Block C","2024-2025,2024-2025,2024-2025",129,18.86,0,0,0,59.06432748538012,16.374269005847953,0.5847953216374269,22,-5,0,0
6,2023-2024 Hostel Election,2023,12,Wednesday,119.99999999972222,2023-2024,HOSTEL,None,66,Clerk - Block 4,Block 4,5,674,Block 4,2024-2025,0,0,0,17276.5,34.0400000000000000,"Block A,Block B,Block C","2024-2025,2024-2025,2024-2025",151,22.08,1,0,0,59.06432748538012,16.374269005847953,0.5847953216374269,6,16,0,0
6,2023-2024 Hostel Election,2023,12,Wednesday,119.99999999972222,2023-2024,HOSTEL,None,66,Clerk - Block 4,Block 4,5,673,Block 4,2024-2025,0,0,0,17276.5,34.0400000000000000,"Block A,Block B,Block C","2024-2025,2024-2025,2024-2025",145,21.20,0,0,0,59.06432748538012,16.374269005847953,0.5847953216374269,6,-10,0,0
6,2023-2024 Hostel Election,2023,12,Wednesday,119.99999999972222,2023-2024,HOSTEL,None,66,Clerk - Block 4,Block 4,5,671,Block 4,2024-2025,0,0,0,17276.5,34.0400000000000000,"Block A,Block B,Block C","2024-2025,2024-2025,2024-2025",124,18.13,0,0,0,59.06432748538012,16.374269005847953,0.5847953216374269,27,0,0,0
6,2023-2024 Hostel Election,2023,12,Wednesday,119.99999999972222,2023-2024,HOSTEL,None,66,Clerk - Block 4,Block 4,5,672,Block 4,2024-2025,0,0,0,17276.5,34.0400000000000000,"Block A,Block B,Block C","2024-2025,2024-2025,2024-2025",135,19.74,0,0,0,59.06432748538012,16.374269005847953,0.5847953216374269,16,-6,0,0
6,2023-2024 Hostel Election,2023,12,Wednesday,119.99999999972222,2023-2024,HOSTEL,None,67,Clerk - Block 5,Block 5,5,679,Block 5,2024-2025,0,0,0,17276.5,34.0400000000000000,"Block A,Block B,Block C","2024-2025,2024-2025,2024-2025",122,17.97,0,0,0,61.11929307805597,13.696612665684832,0.8836524300441826,43,-11,0,0
6,2023-2024 Hostel Election,2023,12,Wednesday,119.99999999972222,2023-2024,HOSTEL,None,67,Clerk - Block 5,Block 5,5,680,Block 5,2024-2025,0,0,0,17276.5,34.0400000000000000,"Block A,Block B,Block C","2024-2025,2024-2025,2024-2025",133,19.59,0,0,0,61.11929307805597,13.696612665684832,0.8836524300441826,32,-11,0,0
6,2023-2024 Hostel Election,2023,12,Wednesday,119.99999999972222,2023-2024,HOSTEL,None,67,Clerk - Block 5,Block 5,5,677,Block 5,2024-2025,0,0,0,17276.5,34.0400000000000000,"Block A,Block B,Block C","2024-2025,2024-2025,2024-2025",111,16.35,0,0,0,61.11929307805597,13.696612665684832,0.8836524300441826,54,0,0,0
6,2023-2024 Hostel Election,2023,12,Wednesday,119.99999999972222,2023-2024,HOSTEL,None,67,Clerk - Block 5,Block 5,5,676,Block 5,2024-2025,0,0,0,17276.5,34.0400000000000000,"Block A,Block B,Block C","2024-2025,2024-2025,2024-2025",148,21.80,0,0,0,61.11929307805597,13.696612665684832,0.8836524300441826,17,-15,0,0
6,2023-2024 Hostel Election,2023,12,Wednesday,119.99999999972222,2023-2024,HOSTEL,None,67,Clerk - Block 5,Block 5,5,678,Block 5,2024-2025,0,0,0,17276.5,34.0400000000000000,"Block A,Block B,Block C","2024-2025,2024-2025,2024-2025",165,24.30,1,0,0,61.11929307805597,13.696612665684832,0.8836524300441826,17,32,0,0
6,2023-2024 Hostel Election,2023,12,Wednesday,119.99999999972222,2023-2024,HOSTEL,None,68,Clerk - Block 1,Block 1,5,684,Block 1,2024-2025,0,0,0,17276.5,34.0400000000000000,"Block A,Block B,Block C","2024-2025,2024-2025,2024-2025",344,20.05,0,0,0,62.82051282051282,15.209790209790212,0.5244755244755245,19,-7,0,0
6,2023-2024 Hostel Election,2023,12,Wednesday,119.99999999972222,2023-2024,HOSTEL,None,68,Clerk - Block 1,Block 1,5,681,Block 1,2024-2025,0,0,0,17276.5,34.0400000000000000,"Block A,Block B,Block C","2024-2025,2024-2025,2024-2025",337,19.64,0,0,0,62.82051282051282,15.209790209790212,0.5244755244755245,26,-19,0,0
6,2023-2024 Hostel Election,2023,12,Wednesday,119.99999999972222,2023-2024,HOSTEL,None,68,Clerk - Block 1,Block 1,5,685,Block 1,2024-2025,0,0,0,17276.5,34.0400000000000000,"Block A,Block B,Block C","2024-2025,2024-2025,2024-2025",354,20.63,0,0,0,62.82051282051282,15.209790209790212,0.5244755244755245,9,-10,0,0
6,2023-2024 Hostel Election,2023,12,Wednesday,119.99999999972222,2023-2024,HOSTEL,None,68,Clerk - Block 1,Block 1,5,683,Block 1,2024-2025,0,0,0,17276.5,34.0400000000000000,"Block A,Block B,Block C","2024-2025,2024-2025,2024-2025",363,21.15,1,0,0,62.82051282051282,15.209790209790212,0.5244755244755245,9,19,0,0
6,2023-2024 Hostel Election,2023,12,Wednesday,119.99999999972222,2023-2024,HOSTEL,None,68,Clerk - Block 1,Block 1,5,682,Block 1,2024-2025,0,0,0,17276.5,34.0400000000000000,"Block A,Block B,Block C","2024-2025,2024-2025,2024-2025",318,18.53,0,0,0,62.82051282051282,15.209790209790212,0.5244755244755245,45,0,0,0
6,2023-2024 Hostel Election,2023,12,Wednesday,119.99999999972222,2023-2024,HOSTEL,None,69,Clerk - Block 2,Block 2,5,686,Block 2,2024-2025,0,0,0,17276.5,34.0400000000000000,"Block A,Block B,Block C","2024-2025,2024-2025,2024-2025",331,20.11,0,0,0,62.69744835965978,15.856622114216282,0.48602673147023084,20,-6,0,0
6,2023-2024 Hostel Election,2023,12,Wednesday,119.99999999972222,2023-2024,HOSTEL,None,69,Clerk - Block 2,Block 2,5,687,Block 2,2024-2025,0,0,0,17276.5,34.0400000000000000,"Block A,Block B,Block C","2024-2025,2024-2025,2024-2025",351,21.32,1,0,0,62.69744835965978,15.856622114216282,0.48602673147023084,17,20,0,0
6,2023-2024 Hostel Election,2023,12,Wednesday,119.99999999972222,2023-2024,HOSTEL,None,69,Clerk - Block 2,Block 2,5,688,Block 2,2024-2025,0,0,0,17276.5,34.0400000000000000,"Block A,Block B,Block C","2024-2025,2024-2025,2024-2025",325,19.75,0,0,0,62.69744835965978,15.856622114216282,0.48602673147023084,26,-20,0,0
6,2023-2024 Hostel Election,2023,12,Wednesday,119.99999999972222,2023-2024,HOSTEL,None,69,Clerk - Block 2,Block 2,5,690,Block 2,2024-2025,0,0,0,17276.5,34.0400000000000000,"Block A,Block B,Block C","2024-2025,2024-2025,2024-2025",334,20.29,0,0,0,62.69744835965978,15.856622114216282,0.48602673147023084,17,-3,0,0
6,2023-2024 Hostel Election,2023,12,Wednesday,119.99999999972222,2023-2024,HOSTEL,None,69,Clerk - Block 2,Block 2,5,689,Block 2,2024-2025,0,0,0,17276.5,34.0400000000000000,"Block A,Block B,Block C","2024-2025,2024-2025,2024-2025",305,18.53,0,0,0,62.69744835965978,15.856622114216282,0.48602673147023084,46,0,0,0
4,2023-2024 University Election,2023,12,Wednesday,143.9999999997222,2023-2024,UNIVERSITY,None,1,President,University of Dodoma (UDOM),5,347,Block 1,2024-2025,0,0,0,17276.5,33.7300000000000000,"Block 7,Block 5,Block 7","2024-2025,2024-2025,2024-2025",4776,20.27,1,0,0,100.0,0.0,0.0,13,24,0,0
4,2023-2024 University Election,2023,12,Wednesday,143.9999999997222,2023-2024,UNIVERSITY,None,1,President,University of Dodoma (UDOM),5,349,Block 7,2024-2025,0,0,0,17276.5,33.7300000000000000,"Block 7,Block 5,Block 7","2024-2025,2024-2025,2024-2025",4752,20.17,0,0,0,100.0,0.0,0.0,24,-89,0,0
4,2023-2024 University Election,2023,12,Wednesday,143.9999999997222,2023-2024,UNIVERSITY,None,1,President,University of Dodoma (UDOM),5,346,Block 1,2024-2025,0,0,0,17276.5,33.7300000000000000,"Block 7,Block 5,Block 7","2024-2025,2024-2025,2024-2025",4608,19.56,0,0,0,100.0,0.0,0.0,168,0,0,0
4,2023-2024 University Election,2023,12,Wednesday,143.9999999997222,2023-2024,UNIVERSITY,None,1,President,University of Dodoma (UDOM),5,348,Block 2,2024-2025,0,0,0,17276.5,33.7300000000000000,"Block 7,Block 5,Block 7","2024-2025,2024-2025,2024-2025",4763,20.22,0,0,0,100.0,0.0,0.0,13,-11,0,0
4,2023-2024 University Election,2023,12,Wednesday,143.9999999997222,2023-2024,UNIVERSITY,None,1,President,University of Dodoma (UDOM),5,350,Block B,2024-2025,0,0,1,17276.5,33.7300000000000000,"Block 7,Block 5,Block 7","2024-2025,2024-2025,2024-2025",4663,19.79,0,0,0,100.0,0.0,0.0,113,-55,0,0
1,2024-2025 University Election,2024,12,Sunday,119.99972222222222,2024-2025,UNIVERSITY,None,1,President,University of Dodoma (UDOM),5,5,Block 7,2024-2025,0,0,0,0,0,"Block 1,Block 5,Block 7","2024-2025,2024-2025,2024-2025",4719,20.25,1,0,0,100.0,0.0,0.0,1,50,0,0
1,2024-2025 University Election,2024,12,Sunday,119.99972222222222,2024-2025,UNIVERSITY,None,1,President,University of Dodoma (UDOM),5,2,Block I,2024-2025,0,0,1,0,0,"Block 1,Block 5,Block 7","2024-2025,2024-2025,2024-2025",4718,20.24,0,0,0,100.0,0.0,0.0,1,-49,0,0
1,2024-2025 University Election,2024,12,Sunday,119.99972222222222,2024-2025,UNIVERSITY,None,1,President,University of Dodoma (UDOM),5,4,Block 9,2024-2025,0,0,0,0,0,"Block 1,Block 5,Block 7","2024-2025,2024-2025,2024-2025",4669,20.03,0,0,0,100.0,0.0,0.0,50,-62,0,0
1,2024-2025 University Election,2024,12,Sunday,119.99972222222222,2024-2025,UNIVERSITY,None,1,President,University of Dodoma (UDOM),5,1,Block 11,2024-2025,0,0,0,0,0,"Block 1,Block 5,Block 7","2024-2025,2024-2025,2024-2025",4596,19.72,0,0,0,100.0,0.0,0.0,123,0,0,0
1,2024-2025 University Election,2024,12,Sunday,119.99972222222222,2024-2025,UNIVERSITY,None,1,President,University of Dodoma (UDOM),5,3,Block O,2024-2025,0,0,0,0,0,"Block 1,Block 5,Block 7","2024-2025,2024-2025,2024-2025",4607,19.77,0,0,0,100.0,0.0,0.0,112,-11,0,0
3,2024-2025 Hostel Election,2025,1,Sunday,191.99972222222223,2024-2025,HOSTEL,None,9,Clerk - Block A,Block A,5,43,Block A,2024-2025,0,0,0,0,0,"Block B,Block C,Block A","2024-2025,2024-2025,2024-2025",41,22.65,0,0,0,100.0,0.0,0.0,3,-8,0,0
3,2024-2025 Hostel Election,2025,1,Sunday,191.99972222222223,2024-2025,HOSTEL,None,9,Clerk - Block A,Block A,5,44,Block A,2024-2025,0,0,0,0,0,"Block B,Block C,Block A","2024-2025,2024-2025,2024-2025",33,18.23,0,0,0,100.0,0.0,0.0,11,0,0,0
3,2024-2025 Hostel Election,2025,1,Sunday,191.99972222222223,2024-2025,HOSTEL,None,9,Clerk - Block A,Block A,5,45,Block A,2024-2025,0,0,0,0,0,"Block B,Block C,Block A","2024-2025,2024-2025,2024-2025",33,18.23,0,0,0,100.0,0.0,0.0,11,-3,0,0
3,2024-2025 Hostel Election,2025,1,Sunday,191.99972222222223,2024-2025,HOSTEL,None,9,Clerk - Block A,Block A,5,41,Block A,2024-2025,0,0,0,0,0,"Block B,Block C,Block A","2024-2025,2024-2025,2024-2025",30,16.58,0,0,0,100.0,0.0,0.0,14,0,0,0
3,2024-2025 Hostel Election,2025,1,Sunday,191.99972222222223,2024-2025,HOSTEL,None,9,Clerk - Block A,Block A,5,42,Block A,2024-2025,0,0,0,0,0,"Block B,Block C,Block A","2024-2025,2024-2025,2024-2025",44,24.31,1,0,0,100.0,0.0,0.0,3,11,0,0
3,2024-2025 Hostel Election,2025,1,Sunday,191.99972222222223,2024-2025,HOSTEL,None,10,Clerk - Block B,Block B,5,48,Block B,2024-2025,0,0,0,0,0,"Block B,Block C,Block A","2024-2025,2024-2025,2024-2025",34,22.22,0,0,0,100.0,0.0,0.0,3,-1,0,0
3,2024-2025 Hostel Election,2025,1,Sunday,191.99972222222223,2024-2025,HOSTEL,None,10,Clerk - Block B,Block B,5,49,Block B,2024-2025,0,0,0,0,0,"Block B,Block C,Block A","2024-2025,2024-2025,2024-2025",37,24.18,1,0,0,100.0,0.0,0.0,3,4,0,0
3,2024-2025 Hostel Election,2025,1,Sunday,191.99972222222223,2024-2025,HOSTEL,None,10,Clerk - Block B,Block B,5,46,Block B,2024-2025,0,0,0,0,0,"Block B,Block C,Block A","2024-2025,2024-2025,2024-2025",28,18.30,0,0,0,100.0,0.0,0.0,9,-7,0,0
3,2024-2025 Hostel Election,2025,1,Sunday,191.99972222222223,2024-2025,HOSTEL,None,10,Clerk - Block B,Block B,5,50,Block B,2024-2025,0,0,0,0,0,"Block B,Block C,Block A","2024-2025,2024-2025,2024-2025",21,13.73,0,0,0,100.0,0.0,0.0,16,0,0,0
3,2024-2025 Hostel Election,2025,1,Sunday,191.99972222222223,2024-2025,HOSTEL,None,10,Clerk - Block B,Block B,5,47,Block B,2024-2025,0,0,0,0,0,"Block B,Block C,Block A","2024-2025,2024-2025,2024-2025",33,21.57,0,0,0,100.0,0.0,0.0,4,-5,0,0
3,2024-2025 Hostel Election,2025,1,Sunday,191.99972222222223,2024-2025,HOSTEL,None,11,Clerk - Block C,Block C,5,55,Block C,2024-2025,0,0,1,0,0,"Block B,Block C,Block A","2024-2025,2024-2025,2024-2025",27,14.92,0,0,0,100.0,0.0,0.0,17,0,0,0
3,2024-2025 Hostel Election,2025,1,Sunday,191.99972222222223,2024-2025,HOSTEL,None,11,Clerk - Block C,Block C,5,52,Block C,2024-2025,0,0,0,0,0,"Block B,Block C,Block A","2024-2025,2024-2025,2024-2025",37,20.44,0,0,0,100.0,0.0,0.0,7,-3,0,0
3,2024-2025 Hostel Election,2025,1,Sunday,191.99972222222223,2024-2025,HOSTEL,None,11,Clerk - Block C,Block C,5,53,Block C,2024-2025,0,0,0,0,0,"Block B,Block C,Block A","2024-2025,2024-2025,2024-2025",34,18.79,0,0,0,100.0,0.0,0.0,10,-7,0,0
3,2024-2025 Hostel Election,2025,1,Sunday,191.99972222222223,2024-2025,HOSTEL,None,11,Clerk - Block C,Block C,5,54,Block C,2024-2025,0,0,0,0,0,"Block B,Block C,Block A","2024-2025,2024-2025,2024-2025",44,24.31,1,0,0,100.0,0.0,0.0,5,7,0,0
3,2024-2025 Hostel Election,2025,1,Sunday,191.99972222222223,2024-2025,HOSTEL,None,11,Clerk - Block C,Block C,5,51,Block C,2024-2025,0,0,0,0,0,"Block B,Block C,Block A","2024-2025,2024-2025,2024-2025",39,21.55,0,0,0,100.0,0.0,0.0,5,-2,0,0
3,2024-2025 Hostel Election,2025,1,Sunday,191.99972222222223,2024-2025,HOSTEL,None,12,Clerk - Block D,Block D,5,57,Block D,2024-2025,0,0,0,0,0,"Block B,Block C,Block A","2024-2025,2024-2025,2024-2025",34,20.36,0,0,0,100.0,0.0,0.0,8,-4,0,0
3,2024-2025 Hostel Election,2025,1,Sunday,191.99972222222223,2024-2025,HOSTEL,None,12,Clerk - Block D,Block D,5,60,Block D,2024-2025,0,0,0,0,0,"Block B,Block C,Block A","2024-2025,2024-2025,2024-2025",30,17.96,0,0,0,100.0,0.0,0.0,12,-3,0,0
3,2024-2025 Hostel Election,2025,1,Sunday,191.99972222222223,2024-2025,HOSTEL,None,12,Clerk - Block D,Block D,5,58,Block D,2024-2025,0,0,0,0,0,"Block B,Block C,Block A","2024-2025,2024-2025,2024-2025",27,16.17,0,0,0,100.0,0.0,0.0,15,0,0,0
3,2024-2025 Hostel Election,2025,1,Sunday,191.99972222222223,2024-2025,HOSTEL,None,12,Clerk - Block D,Block D,5,59,Block D,2024-2025,0,0,0,0,0,"Block B,Block C,Block A","2024-2025,2024-2025,2024-2025",42,25.15,1,0,0,100.0,0.0,0.0,8,8,0,0
3,2024-2025 Hostel Election,2025,1,Sunday,191.99972222222223,2024-2025,HOSTEL,None,12,Clerk - Block D,Block D,5,56,Block D,2024-2025,0,0,0,0,0,"Block B,Block C,Block A","2024-2025,2024-2025,2024-2025",34,20.36,0,0,0,100.0,0.0,0.0,8,0,0,0
3,2024-2025 Hostel Election,2025,1,Sunday,191.99972222222223,2024-2025,HOSTEL,None,13,Clerk - Block E,Block E,5,63,Block E,2024-2025,0,0,0,0,0,"Block B,Block C,Block A","2024-2025,2024-2025,2024-2025",35,20.71,0,0,0,100.0,0.0,0.0,1,-1,0,0
3,2024-2025 Hostel Election,2025,1,Sunday,191.99972222222223,2024-2025,HOSTEL,None,13,Clerk - Block E,Block E,5,65,Block E,2024-2025,0,0,0,0,0,"Block B,Block C,Block A","2024-2025,2024-2025,2024-2025",36,21.30,1,0,0,100.0,0.0,0.0,1,2,0,0
3,2024-2025 Hostel Election,2025,1,Sunday,191.99972222222223,2024-2025,HOSTEL,None,13,Clerk - Block E,Block E,5,64,Block E,2024-2025,0,0,0,0,0,"Block B,Block C,Block A","2024-2025,2024-2025,2024-2025",32,18.94,0,0,0,100.0,0.0,0.0,4,0,0,0
3,2024-2025 Hostel Election,2025,1,Sunday,191.99972222222223,2024-2025,HOSTEL,None,13,Clerk - Block E,Block E,5,61,Block E,2024-2025,0,0,0,0,0,"Block B,Block C,Block A","2024-2025,2024-2025,2024-2025",34,20.12,0,0,0,100.0,0.0,0.0,2,-2,0,0
3,2024-2025 Hostel Election,2025,1,Sunday,191.99972222222223,2024-2025,HOSTEL,None,13,Clerk - Block E,Block E,5,62,Block E,2024-2025,0,0,0,0,0,"Block B,Block C,Block A","2024-2025,2024-2025,2024-2025",32,18.94,0,0,0,100.0,0.0,0.0,4,0,0,0
3,2024-2025 Hostel Election,2025,1,Sunday,191.99972222222223,2024-2025,HOSTEL,None,14,Clerk - Block F,Block F,5,68,Block F,2024-2025,0,0,0,0,0,"Block B,Block C,Block A","2024-2025,2024-2025,2024-2025",40,24.54,1,0,0,100.0,0.0,0.0,7,8,0,0
3,2024-2025 Hostel Election,2025,1,Sunday,191.99972222222223,2024-2025,HOSTEL,None,14,Clerk - Block F,Block F,5,70,Block F,2024-2025,0,0,0,0,0,"Block B,Block C,Block A","2024-2025,2024-2025,2024-2025",29,17.79,0,0,0,100.0,0.0,0.0,11,0,0,0
3,2024-2025 Hostel Election,2025,1,Sunday,191.99972222222223,2024-2025,HOSTEL,None,14,Clerk - Block F,Block F,5,66,Block F,2024-2025,0,0,0,0,0,"Block B,Block C,Block A","2024-2025,2024-2025,2024-2025",33,20.25,0,0,0,100.0,0.0,0.0,7,-1,0,0
3,2024-2025 Hostel Election,2025,1,Sunday,191.99972222222223,2024-2025,HOSTEL,None,14,Clerk - Block F,Block F,5,69,Block F,2024-2025,0,0,0,0,0,"Block B,Block C,Block A","2024-2025,2024-2025,2024-2025",29,17.79,0,0,0,100.0,0.0,0.0,11,0,0,0
3,2024-2025 Hostel Election,2025,1,Sunday,191.99972222222223,2024-2025,HOSTEL,None,14,Clerk - Block F,Block F,5,67,Block F,2024-2025,0,0,0,0,0,"Block B,Block C,Block A","2024-2025,2024-2025,2024-2025",32,19.63,0,0,0,100.0,0.0,0.0,8,-3,0,0
3,2024-2025 Hostel Election,2025,1,Sunday,191.99972222222223,2024-2025,HOSTEL,None,15,Clerk - Block G,Block G,5,74,Block G,2024-2025,0,0,0,0,0,"Block B,Block C,Block A","2024-2025,2024-2025,2024-2025",24,17.52,0,0,0,100.0,0.0,0.0,9,0,0,0
3,2024-2025 Hostel Election,2025,1,Sunday,191.99972222222223,2024-2025,HOSTEL,None,15,Clerk - Block G,Block G,5,75,Block G,2024-2025,0,0,0,0,0,"Block B,Block C,Block A","2024-2025,2024-2025,2024-2025",26,18.98,0,0,0,100.0,0.0,0.0,7,-2,0,0
3,2024-2025 Hostel Election,2025,1,Sunday,191.99972222222223,2024-2025,HOSTEL,None,15,Clerk - Block G,Block G,5,72,Block G,2024-2025,0,0,0,0,0,"Block B,Block C,Block A","2024-2025,2024-2025,2024-2025",28,20.44,0,0,0,100.0,0.0,0.0,5,-2,0,0
3,2024-2025 Hostel Election,2025,1,Sunday,191.99972222222223,2024-2025,HOSTEL,None,15,Clerk - Block G,Block G,5,71,Block G,2024-2025,0,0,0,0,0,"Block B,Block C,Block A","2024-2025,2024-2025,2024-2025",26,18.98,0,0,0,100.0,0.0,0.0,7,0,0,0
3,2024-2025 Hostel Election,2025,1,Sunday,191.99972222222223,2024-2025,HOSTEL,None,15,Clerk - Block G,Block G,5,73,Block G,2024-2025,0,0,0,0,0,"Block B,Block C,Block A","2024-2025,2024-2025,2024-2025",33,24.09,1,0,0,100.0,0.0,0.0,5,7,0,0
3,2024-2025 Hostel Election,2025,1,Sunday,191.99972222222223,2024-2025,HOSTEL,None,16,Clerk - Block H,Block H,5,78,Block H,2024-2025,0,0,0,0,0,"Block B,Block C,Block A","2024-2025,2024-2025,2024-2025",33,20.76,0,0,0,100.0,0.0,0.0,13,-2,0,0
3,2024-2025 Hostel Election,2025,1,Sunday,191.99972222222223,2024-2025,HOSTEL,None,16,Clerk - Block H,Block H,5,80,Block H,2024-2025,0,0,0,0,0,"Block B,Block C,Block A","2024-2025,2024-2025,2024-2025",31,19.50,0,0,0,100.0,0.0,0.0,15,-5,0,0
3,2024-2025 Hostel Election,2025,1,Sunday,191.99972222222223,2024-2025,HOSTEL,None,16,Clerk - Block H,Block H,5,77,Block H,2024-2025,0,0,0,0,0,"Block B,Block C,Block A","2024-2025,2024-2025,2024-2025",46,28.93,1,0,0,100.0,0.0,0.0,13,15,0,0
3,2024-2025 Hostel Election,2025,1,Sunday,191.99972222222223,2024-2025,HOSTEL,None,16,Clerk - Block H,Block H,5,79,Block H,2024-2025,0,0,0,0,0,"Block B,Block C,Block A","2024-2025,2024-2025,2024-2025",26,16.35,0,0,0,100.0,0.0,0.0,20,-3,0,0
3,2024-2025 Hostel Election,2025,1,Sunday,191.99972222222223,2024-2025,HOSTEL,None,16,Clerk - Block H,Block H,5,76,Block H,2024-2025,0,0,0,0,0,"Block B,Block C,Block A","2024-2025,2024-2025,2024-2025",23,14.47,0,0,0,100.0,0.0,0.0,23,0,0,0
3,2024-2025 Hostel Election,2025,1,Sunday,191.99972222222223,2024-2025,HOSTEL,None,17,Clerk - Block I,Block I,5,82,Block I,2024-2025,0,0,0,0,0,"Block B,Block C,Block A","2024-2025,2024-2025,2024-2025",45,25.00,1,0,0,100.0,0.0,0.0,5,6,0,0
3,2024-2025 Hostel Election,2025,1,Sunday,191.99972222222223,2024-2025,HOSTEL,None,17,Clerk - Block I,Block I,5,84,Block I,2024-2025,0,0,1,0,0,"Block B,Block C,Block A","2024-2025,2024-2025,2024-2025",29,16.11,0,0,0,100.0,0.0,0.0,16,-2,0,0
3,2024-2025 Hostel Election,2025,1,Sunday,191.99972222222223,2024-2025,HOSTEL,None,17,Clerk - Block I,Block I,5,85,Block I,2024-2025,0,0,0,0,0,"Block B,Block C,Block A","2024-2025,2024-2025,2024-2025",27,15.00,0,0,0,100.0,0.0,0.0,18,0,0,0
3,2024-2025 Hostel Election,2025,1,Sunday,191.99972222222223,2024-2025,HOSTEL,None,17,Clerk - Block I,Block I,5,81,Block I,2024-2025,0,0,0,0,0,"Block B,Block C,Block A","2024-2025,2024-2025,2024-2025",40,22.22,0,0,0,100.0,0.0,0.0,5,-1,0,0
3,2024-2025 Hostel Election,2025,1,Sunday,191.99972222222223,2024-2025,HOSTEL,None,17,Clerk - Block I,Block I,5,83,Block I,2024-2025,0,0,0,0,0,"Block B,Block C,Block A","2024-2025,2024-2025,2024-2025",39,21.67,0,0,0,100.0,0.0,0.0,6,-10,0,0
3,2024-2025 Hostel Election,2025,1,Sunday,191.99972222222223,2024-2025,HOSTEL,None,18,Clerk - Block J,Block J,5,89,Block J,2024-2025,0,0,0,0,0,"Block B,Block C,Block A","2024-2025,2024-2025,2024-2025",32,19.51,0,0,0,100.0,0.0,0.0,10,-2,0,0
3,2024-2025 Hostel Election,2025,1,Sunday,191.99972222222223,2024-2025,HOSTEL,None,18,Clerk - Block J,Block J,5,90,Block J,2024-2025,0,0,0,0,0,"Block B,Block C,Block A","2024-2025,2024-2025,2024-2025",30,18.29,0,0,0,100.0,0.0,0.0,12,-8,0,0
3,2024-2025 Hostel Election,2025,1,Sunday,191.99972222222223,2024-2025,HOSTEL,None,18,Clerk - Block J,Block J,5,87,Block J,2024-2025,0,0,1,0,0,"Block B,Block C,Block A","2024-2025,2024-2025,2024-2025",42,25.61,1,0,0,100.0,0.0,0.0,4,10,0,0
3,2024-2025 Hostel Election,2025,1,Sunday,191.99972222222223,2024-2025,HOSTEL,None,18,Clerk - Block J,Block J,5,86,Block J,2024-2025,0,0,0,0,0,"Block B,Block C,Block A","2024-2025,2024-2025,2024-2025",22,13.42,0,0,0,100.0,0.0,0.0,20,0,0,0
3,2024-2025 Hostel Election,2025,1,Sunday,191.99972222222223,2024-2025,HOSTEL,None,18,Clerk - Block J,Block J,5,88,Block J,2024-2025,0,0,0,0,0,"Block B,Block C,Block A","2024-2025,2024-2025,2024-2025",38,23.17,0,0,0,100.0,0.0,0.0,4,-6,0,0
3,2024-2025 Hostel Election,2025,1,Sunday,191.99972222222223,2024-2025,HOSTEL,None,19,Clerk - Block K,Block K,5,91,Block K,2024-2025,0,0,0,0,0,"Block B,Block C,Block A","2024-2025,2024-2025,2024-2025",43,25.00,1,0,0,100.0,0.0,0.0,6,6,0,0
3,2024-2025 Hostel Election,2025,1,Sunday,191.99972222222223,2024-2025,HOSTEL,None,19,Clerk - Block K,Block K,5,93,Block K,2024-2025,0,0,0,0,0,"Block B,Block C,Block A","2024-2025,2024-2025,2024-2025",37,21.51,0,0,0,100.0,0.0,0.0,6,0,0,0
3,2024-2025 Hostel Election,2025,1,Sunday,191.99972222222223,2024-2025,HOSTEL,None,19,Clerk - Block K,Block K,5,94,Block K,2024-2025,0,0,0,0,0,"Block B,Block C,Block A","2024-2025,2024-2025,2024-2025",26,15.12,0,0,0,100.0,0.0,0.0,17,0,0,0
3,2024-2025 Hostel Election,2025,1,Sunday,191.99972222222223,2024-2025,HOSTEL,None,19,Clerk - Block K,Block K,5,92,Block K,2024-2025,0,0,0,0,0,"Block B,Block C,Block A","2024-2025,2024-2025,2024-2025",29,16.86,0,0,0,100.0,0.0,0.0,14,-3,0,0
3,2024-2025 Hostel Election,2025,1,Sunday,191.99972222222223,2024-2025,HOSTEL,None,19,Clerk - Block K,Block K,5,95,Block K,2024-2025,0,0,0,0,0,"Block B,Block C,Block A","2024-2025,2024-2025,2024-2025",37,21.51,0,0,0,100.0,0.0,0.0,6,-8,0,0
3,2024-2025 Hostel Election,2025,1,Sunday,191.99972222222223,2024-2025,HOSTEL,None,20,Clerk - Block L,Block L,5,97,Block L,2024-2025,0,0,0,0,0,"Block B,Block C,Block A","2024-2025,2024-2025,2024-2025",30,19.61,0,0,0,100.0,0.0,0.0,5,-4,0,0
3,2024-2025 Hostel Election,2025,1,Sunday,191.99972222222223,2024-2025,HOSTEL,None,20,Clerk - Block L,Block L,5,98,Block L,2024-2025,0,0,0,0,0,"Block B,Block C,Block A","2024-2025,2024-2025,2024-2025",31,20.26,0,0,0,100.0,0.0,0.0,4,0,0,0
3,2024-2025 Hostel Election,2025,1,Sunday,191.99972222222223,2024-2025,HOSTEL,None,20,Clerk - Block L,Block L,5,100,Block L,2024-2025,0,0,0,0,0,"Block B,Block C,Block A","2024-2025,2024-2025,2024-2025",31,20.26,0,0,0,100.0,0.0,0.0,4,-1,0,0
3,2024-2025 Hostel Election,2025,1,Sunday,191.99972222222223,2024-2025,HOSTEL,None,20,Clerk - Block L,Block L,5,99,Block L,2024-2025,0,1,1,0,0,"Block B,Block C,Block A","2024-2025,2024-2025,2024-2025",26,16.99,0,0,0,100.0,0.0,0.0,9,0,0,0
3,2024-2025 Hostel Election,2025,1,Sunday,191.99972222222223,2024-2025,HOSTEL,None,20,Clerk - Block L,Block L,5,96,Block L,2024-2025,0,0,0,0,0,"Block B,Block C,Block A","2024-2025,2024-2025,2024-2025",35,22.88,1,0,0,100.0,0.0,0.0,4,4,0,0
3,2024-2025 Hostel Election,2025,1,Sunday,191.99972222222223,2024-2025,HOSTEL,None,21,Clerk - Block M,Block M,5,102,Block M,2024-2025,0,0,0,0,0,"Block B,Block C,Block A","2024-2025,2024-2025,2024-2025",41,25.00,1,0,0,100.0,0.0,0.0,0,11,0,0
3,2024-2025 Hostel Election,2025,1,Sunday,191.99972222222223,2024-2025,HOSTEL,None,21,Clerk - Block M,Block M,5,105,Block M,2024-2025,0,0,0,0,0,"Block B,Block C,Block A","2024-2025,2024-2025,2024-2025",41,25.00,0,0,0,100.0,0.0,0.0,0,-11,0,0
3,2024-2025 Hostel Election,2025,1,Sunday,191.99972222222223,2024-2025,HOSTEL,None,21,Clerk - Block M,Block M,5,101,Block M,2024-2025,0,0,0,0,0,"Block B,Block C,Block A","2024-2025,2024-2025,2024-2025",27,16.46,0,0,0,100.0,0.0,0.0,14,-2,0,0
3,2024-2025 Hostel Election,2025,1,Sunday,191.99972222222223,2024-2025,HOSTEL,None,21,Clerk - Block M,Block M,5,103,Block M,2024-2025,0,0,0,0,0,"Block B,Block C,Block A","2024-2025,2024-2025,2024-2025",30,18.29,0,0,0,100.0,0.0,0.0,11,-3,0,0
3,2024-2025 Hostel Election,2025,1,Sunday,191.99972222222223,2024-2025,HOSTEL,None,21,Clerk - Block M,Block M,5,104,Block M,2024-2025,0,0,0,0,0,"Block B,Block C,Block A","2024-2025,2024-2025,2024-2025",25,15.24,0,0,0,100.0,0.0,0.0,16,0,0,0
3,2024-2025 Hostel Election,2025,1,Sunday,191.99972222222223,2024-2025,HOSTEL,None,22,Clerk - Block N,Block N,5,106,Block N,2024-2025,0,0,0,0,0,"Block B,Block C,Block A","2024-2025,2024-2025,2024-2025",36,20.69,0,0,0,100.0,0.0,0.0,3,-1,0,0
3,2024-2025 Hostel Election,2025,1,Sunday,191.99972222222223,2024-2025,HOSTEL,None,22,Clerk - Block N,Block N,5,110,Block N,2024-2025,0,0,1,0,0,"Block B,Block C,Block A","2024-2025,2024-2025,2024-2025",34,19.54,0,0,0,100.0,0.0,0.0,5,-4,0,0
3,2024-2025 Hostel Election,2025,1,Sunday,191.99972222222223,2024-2025,HOSTEL,None,22,Clerk - Block N,Block N,5,108,Block N,2024-2025,0,0,0,0,0,"Block B,Block C,Block A","2024-2025,2024-2025,2024-2025",35,20.12,0,0,0,100.0,0.0,0.0,4,-1,0,0
3,2024-2025 Hostel Election,2025,1,Sunday,191.99972222222223,2024-2025,HOSTEL,None,22,Clerk - Block N,Block N,5,109,Block N,2024-2025,0,0,0,0,0,"Block B,Block C,Block A","2024-2025,2024-2025,2024-2025",30,17.24,0,0,0,100.0,0.0,0.0,9,0,0,0
3,2024-2025 Hostel Election,2025,1,Sunday,191.99972222222223,2024-2025,HOSTEL,None,22,Clerk - Block N,Block N,5,107,Block N,2024-2025,0,0,0,0,0,"Block B,Block C,Block A","2024-2025,2024-2025,2024-2025",39,22.41,1,0,0,100.0,0.0,0.0,3,4,0,0
3,2024-2025 Hostel Election,2025,1,Sunday,191.99972222222223,2024-2025,HOSTEL,None,23,Clerk - Block O,Block O,5,113,Block O,2024-2025,0,0,0,0,0,"Block B,Block C,Block A","2024-2025,2024-2025,2024-2025",35,22.44,0,0,0,100.0,0.0,0.0,2,-5,0,0
3,2024-2025 Hostel Election,2025,1,Sunday,191.99972222222223,2024-2025,HOSTEL,None,23,Clerk - Block O,Block O,5,115,Block O,2024-2025,0,0,0,0,0,"Block B,Block C,Block A","2024-2025,2024-2025,2024-2025",28,17.95,0,0,0,100.0,0.0,0.0,9,-2,0,0
3,2024-2025 Hostel Election,2025,1,Sunday,191.99972222222223,2024-2025,HOSTEL,None,23,Clerk - Block O,Block O,5,114,Block O,2024-2025,0,0,0,0,0,"Block B,Block C,Block A","2024-2025,2024-2025,2024-2025",26,16.67,0,0,0,100.0,0.0,0.0,11,0,0,0
3,2024-2025 Hostel Election,2025,1,Sunday,191.99972222222223,2024-2025,HOSTEL,None,23,Clerk - Block O,Block O,5,112,Block O,2024-2025,0,0,0,0,0,"Block B,Block C,Block A","2024-2025,2024-2025,2024-2025",30,19.23,0,0,0,100.0,0.0,0.0,7,-2,0,0
3,2024-2025 Hostel Election,2025,1,Sunday,191.99972222222223,2024-2025,HOSTEL,None,23,Clerk - Block O,Block O,5,111,Block O,2024-2025,0,0,0,0,0,"Block B,Block C,Block A","2024-2025,2024-2025,2024-2025",37,23.72,1,0,0,100.0,0.0,0.0,2,7,0,0
3,2024-2025 Hostel Election,2025,1,Sunday,191.99972222222223,2024-2025,HOSTEL,None,24,Clerk - Block P,Block P,5,118,Block P,2024-2025,0,0,0,0,0,"Block B,Block C,Block A","2024-2025,2024-2025,2024-2025",25,15.43,0,0,0,100.0,0.0,0.0,13,0,0,0
3,2024-2025 Hostel Election,2025,1,Sunday,191.99972222222223,2024-2025,HOSTEL,None,24,Clerk - Block P,Block P,5,116,Block P,2024-2025,0,0,1,0,0,"Block B,Block C,Block A","2024-2025,2024-2025,2024-2025",37,22.84,0,0,0,100.0,0.0,0.0,1,-4,0,0
3,2024-2025 Hostel Election,2025,1,Sunday,191.99972222222223,2024-2025,HOSTEL,None,24,Clerk - Block P,Block P,5,120,Block P,2024-2025,0,0,0,0,0,"Block B,Block C,Block A","2024-2025,2024-2025,2024-2025",38,23.46,1,0,0,100.0,0.0,0.0,1,5,0,0
3,2024-2025 Hostel Election,2025,1,Sunday,191.99972222222223,2024-2025,HOSTEL,None,24,Clerk - Block P,Block P,5,117,Block P,2024-2025,0,0,0,0,0,"Block B,Block C,Block A","2024-2025,2024-2025,2024-2025",33,20.37,0,0,0,100.0,0.0,0.0,5,-4,0,0
3,2024-2025 Hostel Election,2025,1,Sunday,191.99972222222223,2024-2025,HOSTEL,None,24,Clerk - Block P,Block P,5,119,Block P,2024-2025,0,0,0,0,0,"Block B,Block C,Block A","2024-2025,2024-2025,2024-2025",29,17.90,0,0,0,100.0,0.0,0.0,9,-4,0,0
3,2024-2025 Hostel Election,2025,1,Sunday,191.99972222222223,2024-2025,HOSTEL,None,25,Clerk - Block Q,Block Q,5,122,Block Q,2024-2025,0,0,0,0,0,"Block B,Block C,Block A","2024-2025,2024-2025,2024-2025",28,18.42,0,0,0,100.0,0.0,0.0,9,-1,0,0
3,2024-2025 Hostel Election,2025,1,Sunday,191.99972222222223,2024-2025,HOSTEL,None,25,Clerk - Block Q,Block Q,5,121,Block Q,2024-2025,0,0,0,0,0,"Block B,Block C,Block A","2024-2025,2024-2025,2024-2025",37,24.34,1,0,0,100.0,0.0,0.0,3,9,0,0
3,2024-2025 Hostel Election,2025,1,Sunday,191.99972222222223,2024-2025,HOSTEL,None,25,Clerk - Block Q,Block Q,5,123,Block Q,2024-2025,0,0,0,0,0,"Block B,Block C,Block A","2024-2025,2024-2025,2024-2025",26,17.11,0,0,0,100.0,0.0,0.0,11,0,0,0
3,2024-2025 Hostel Election,2025,1,Sunday,191.99972222222223,2024-2025,HOSTEL,None,25,Clerk - Block Q,Block Q,5,125,Block Q,2024-2025,0,0,0,0,0,"Block B,Block C,Block A","2024-2025,2024-2025,2024-2025",27,17.76,0,0,0,100.0,0.0,0.0,10,-1,0,0
3,2024-2025 Hostel Election,2025,1,Sunday,191.99972222222223,2024-2025,HOSTEL,None,25,Clerk - Block Q,Block Q,5,124,Block Q,2024-2025,0,0,0,0,0,"Block B,Block C,Block A","2024-2025,2024-2025,2024-2025",34,22.37,0,0,0,100.0,0.0,0.0,3,-6,0,0
3,2024-2025 Hostel Election,2025,1,Sunday,191.99972222222223,2024-2025,HOSTEL,None,26,Clerk - Block R,Block R,5,130,Block R,2024-2025,0,0,0,0,0,"Block B,Block C,Block A","2024-2025,2024-2025,2024-2025",34,20.86,0,0,0,100.0,0.0,0.0,9,-2,0,0
3,2024-2025 Hostel Election,2025,1,Sunday,191.99972222222223,2024-2025,HOSTEL,None,26,Clerk - Block R,Block R,5,129,Block R,2024-2025,0,1,0,0,0,"Block B,Block C,Block A","2024-2025,2024-2025,2024-2025",32,19.63,0,0,0,100.0,0.0,0.0,11,-12,0,0
3,2024-2025 Hostel Election,2025,1,Sunday,191.99972222222223,2024-2025,HOSTEL,None,26,Clerk - Block R,Block R,5,126,Block R,2024-2025,0,0,0,0,0,"Block B,Block C,Block A","2024-2025,2024-2025,2024-2025",20,12.27,0,0,0,100.0,0.0,0.0,23,0,0,0
3,2024-2025 Hostel Election,2025,1,Sunday,191.99972222222223,2024-2025,HOSTEL,None,26,Clerk - Block R,Block R,5,127,Block R,2024-2025,0,0,0,0,0,"Block B,Block C,Block A","2024-2025,2024-2025,2024-2025",43,26.38,1,0,0,100.0,0.0,0.0,9,9,0,0
3,2024-2025 Hostel Election,2025,1,Sunday,191.99972222222223,2024-2025,HOSTEL,None,26,Clerk - Block R,Block R,5,128,Block R,2024-2025,0,0,0,0,0,"Block B,Block C,Block A","2024-2025,2024-2025,2024-2025",34,20.86,0,0,0,100.0,0.0,0.0,9,0,0,0
3,2024-2025 Hostel Election,2025,1,Sunday,191.99972222222223,2024-2025,HOSTEL,None,27,Clerk - Block S,Block S,5,132,Block S,2024-2025,0,0,0,0,0,"Block B,Block C,Block A","2024-2025,2024-2025,2024-2025",29,18.71,0,0,0,100.0,0.0,0.0,12,0,0,0
3,2024-2025 Hostel Election,2025,1,Sunday,191.99972222222223,2024-2025,HOSTEL,None,27,Clerk - Block S,Block S,5,135,Block S,2024-2025,0,0,0,0,0,"Block B,Block C,Block A","2024-2025,2024-2025,2024-2025",29,18.71,0,0,0,100.0,0.0,0.0,12,-2,0,0
3,2024-2025 Hostel Election,2025,1,Sunday,191.99972222222223,2024-2025,HOSTEL,None,27,Clerk - Block S,Block S,5,131,Block S,2024-2025,0,0,0,0,0,"Block B,Block C,Block A","2024-2025,2024-2025,2024-2025",29,18.71,0,0,0,100.0,0.0,0.0,12,0,0,0
3,2024-2025 Hostel Election,2025,1,Sunday,191.99972222222223,2024-2025,HOSTEL,None,27,Clerk - Block S,Block S,5,134,Block S,2024-2025,0,0,0,0,0,"Block B,Block C,Block A","2024-2025,2024-2025,2024-2025",41,26.45,1,0,0,100.0,0.0,0.0,12,12,0,0
3,2024-2025 Hostel Election,2025,1,Sunday,191.99972222222223,2024-2025,HOSTEL,None,27,Clerk - Block S,Block S,5,133,Block S,2024-2025,0,0,0,0,0,"Block B,Block C,Block A","2024-2025,2024-2025,2024-2025",27,17.42,0,0,0,100.0,0.0,0.0,14,0,0,0
3,2024-2025 Hostel Election,2025,1,Sunday,191.99972222222223,2024-2025,HOSTEL,None,28,Clerk - Block T,Block T,5,139,Block T,2024-2025,0,0,0,0,0,"Block B,Block C,Block A","2024-2025,2024-2025,2024-2025",35,19.44,0,0,0,100.0,0.0,0.0,7,-9,0,0
3,2024-2025 Hostel Election,2025,1,Sunday,191.99972222222223,2024-2025,HOSTEL,None,28,Clerk - Block T,Block T,5,137,Block T,2024-2025,0,0,0,0,0,"Block B,Block C,Block A","2024-2025,2024-2025,2024-2025",26,14.44,0,0,0,100.0,0.0,0.0,16,0,0,0
3,2024-2025 Hostel Election,2025,1,Sunday,191.99972222222223,2024-2025,HOSTEL,None,28,Clerk - Block T,Block T,5,136,Block T,2024-2025,0,0,0,0,0,"Block B,Block C,Block A","2024-2025,2024-2025,2024-2025",35,19.44,0,0,0,100.0,0.0,0.0,7,0,0,0
3,2024-2025 Hostel Election,2025,1,Sunday,191.99972222222223,2024-2025,HOSTEL,None,28,Clerk - Block T,Block T,5,140,Block T,2024-2025,0,0,0,0,0,"Block B,Block C,Block A","2024-2025,2024-2025,2024-2025",42,23.33,0,0,0,100.0,0.0,0.0,0,-7,0,0
3,2024-2025 Hostel Election,2025,1,Sunday,191.99972222222223,2024-2025,HOSTEL,None,28,Clerk - Block T,Block T,5,138,Block T,2024-2025,0,0,0,0,0,"Block B,Block C,Block A","2024-2025,2024-2025,2024-2025",42,23.33,1,0,0,100.0,0.0,0.0,0,7,0,0
3,2024-2025 Hostel Election,2025,1,Sunday,191.99972222222223,2024-2025,HOSTEL,None,29,Clerk - Block 1,Block 1,5,142,Block 1,2024-2025,0,0,0,0,0,"Block B,Block C,Block A","2024-2025,2024-2025,2024-2025",113,19.69,0,0,0,100.0,0.0,0.0,17,0,0,0
3,2024-2025 Hostel Election,2025,1,Sunday,191.99972222222223,2024-2025,HOSTEL,None,29,Clerk - Block 1,Block 1,5,143,Block 1,2024-2025,0,0,0,0,0,"Block B,Block C,Block A","2024-2025,2024-2025,2024-2025",123,21.43,0,0,0,100.0,0.0,0.0,7,-10,0,0
3,2024-2025 Hostel Election,2025,1,Sunday,191.99972222222223,2024-2025,HOSTEL,None,29,Clerk - Block 1,Block 1,5,144,Block 1,2024-2025,0,0,0,0,0,"Block B,Block C,Block A","2024-2025,2024-2025,2024-2025",113,19.69,0,0,0,100.0,0.0,0.0,17,-18,0,0
3,2024-2025 Hostel Election,2025,1,Sunday,191.99972222222223,2024-2025,HOSTEL,None,29,Clerk - Block 1,Block 1,5,145,Block 1,2024-2025,0,0,0,0,0,"Block B,Block C,Block A","2024-2025,2024-2025,2024-2025",130,22.65,1,0,0,100.0,0.0,0.0,7,17,0,0
3,2024-2025 Hostel Election,2025,1,Sunday,191.99972222222223,2024-2025,HOSTEL,None,29,Clerk - Block 1,Block 1,5,141,Block 1,2024-2025,0,0,0,0,0,"Block B,Block C,Block A","2024-2025,2024-2025,2024-2025",95,16.55,0,0,0,100.0,0.0,0.0,35,0,0,0
3,2024-2025 Hostel Election,2025,1,Sunday,191.99972222222223,2024-2025,HOSTEL,None,30,Clerk - Block 2,Block 2,5,150,Block 2,2024-2025,0,0,0,0,0,"Block B,Block C,Block A","2024-2025,2024-2025,2024-2025",114,21.31,1,0,0,100.0,0.0,0.0,1,5,0,0
3,2024-2025 Hostel Election,2025,1,Sunday,191.99972222222223,2024-2025,HOSTEL,None,30,Clerk - Block 2,Block 2,5,149,Block 2,2024-2025,0,0,0,0,0,"Block B,Block C,Block A","2024-2025,2024-2025,2024-2025",96,17.94,0,0,0,100.0,0.0,0.0,18,0,0,0
3,2024-2025 Hostel Election,2025,1,Sunday,191.99972222222223,2024-2025,HOSTEL,None,30,Clerk - Block 2,Block 2,5,147,Block 2,2024-2025,0,0,0,0,0,"Block B,Block C,Block A","2024-2025,2024-2025,2024-2025",103,19.25,0,0,0,100.0,0.0,0.0,11,-7,0,0
3,2024-2025 Hostel Election,2025,1,Sunday,191.99972222222223,2024-2025,HOSTEL,None,30,Clerk - Block 2,Block 2,5,148,Block 2,2024-2025,0,0,0,0,0,"Block B,Block C,Block A","2024-2025,2024-2025,2024-2025",109,20.37,0,0,0,100.0,0.0,0.0,5,-6,0,0
3,2024-2025 Hostel Election,2025,1,Sunday,191.99972222222223,2024-2025,HOSTEL,None,30,Clerk - Block 2,Block 2,5,146,Block 2,2024-2025,0,0,0,0,0,"Block B,Block C,Block A","2024-2025,2024-2025,2024-2025",113,21.12,0,0,0,100.0,0.0,0.0,1,-4,0,0
3,2024-2025 Hostel Election,2025,1,Sunday,191.99972222222223,2024-2025,HOSTEL,None,31,Clerk - Block 3,Block 3,5,152,Block 3,2024-2025,0,0,0,0,0,"Block B,Block C,Block A","2024-2025,2024-2025,2024-2025",129,22.44,1,0,0,100.0,0.0,0.0,3,18,0,0
3,2024-2025 Hostel Election,2025,1,Sunday,191.99972222222223,2024-2025,HOSTEL,None,31,Clerk - Block 3,Block 3,5,155,Block 3,2024-2025,0,0,0,0,0,"Block B,Block C,Block A","2024-2025,2024-2025,2024-2025",111,19.30,0,0,0,100.0,0.0,0.0,18,-1,0,0
3,2024-2025 Hostel Election,2025,1,Sunday,191.99972222222223,2024-2025,HOSTEL,None,31,Clerk - Block 3,Block 3,5,151,Block 3,2024-2025,0,0,0,0,0,"Block B,Block C,Block A","2024-2025,2024-2025,2024-2025",110,19.13,0,0,0,100.0,0.0,0.0,19,-11,0,0
3,2024-2025 Hostel Election,2025,1,Sunday,191.99972222222223,2024-2025,HOSTEL,None,31,Clerk - Block 3,Block 3,5,154,Block 3,2024-2025,0,0,0,0,0,"Block B,Block C,Block A","2024-2025,2024-2025,2024-2025",126,21.91,0,0,0,100.0,0.0,0.0,3,-15,0,0
3,2024-2025 Hostel Election,2025,1,Sunday,191.99972222222223,2024-2025,HOSTEL,None,31,Clerk - Block 3,Block 3,5,153,Block 3,2024-2025,0,0,0,0,0,"Block B,Block C,Block A","2024-2025,2024-2025,2024-2025",99,17.22,0,0,0,100.0,0.0,0.0,30,0,0,0
3,2024-2025 Hostel Election,2025,1,Sunday,191.99972222222223,2024-2025,HOSTEL,None,32,Clerk - Block 4,Block 4,5,157,Block 4,2024-2025,0,0,0,0,0,"Block B,Block C,Block A","2024-2025,2024-2025,2024-2025",133,23.42,1,0,0,100.0,0.0,0.0,15,24,0,0
3,2024-2025 Hostel Election,2025,1,Sunday,191.99972222222223,2024-2025,HOSTEL,None,32,Clerk - Block 4,Block 4,5,156,Block 4,2024-2025,0,0,0,0,0,"Block B,Block C,Block A","2024-2025,2024-2025,2024-2025",118,20.78,0,0,0,100.0,0.0,0.0,15,-9,0,0
3,2024-2025 Hostel Election,2025,1,Sunday,191.99972222222223,2024-2025,HOSTEL,None,32,Clerk - Block 4,Block 4,5,159,Block 4,2024-2025,0,0,0,0,0,"Block B,Block C,Block A","2024-2025,2024-2025,2024-2025",109,19.19,0,0,0,100.0,0.0,0.0,24,-2,0,0
3,2024-2025 Hostel Election,2025,1,Sunday,191.99972222222223,2024-2025,HOSTEL,None,32,Clerk - Block 4,Block 4,5,160,Block 4,2024-2025,0,0,0,0,0,"Block B,Block C,Block A","2024-2025,2024-2025,2024-2025",107,18.84,0,0,0,100.0,0.0,0.0,26,-6,0,0
3,2024-2025 Hostel Election,2025,1,Sunday,191.99972222222223,2024-2025,HOSTEL,None,32,Clerk - Block 4,Block 4,5,158,Block 4,2024-2025,0,0,0,0,0,"Block B,Block C,Block A","2024-2025,2024-2025,2024-2025",101,17.78,0,0,0,100.0,0.0,0.0,32,0,0,0
3,2024-2025 Hostel Election,2025,1,Sunday,191.99972222222223,2024-2025,HOSTEL,None,33,Clerk - Block 5,Block 5,5,161,Block 5,2024-2025,0,0,0,0,0,"Block B,Block C,Block A","2024-2025,2024-2025,2024-2025",110,17.74,0,0,0,100.0,0.0,0.0,24,0,0,0
3,2024-2025 Hostel Election,2025,1,Sunday,191.99972222222223,2024-2025,HOSTEL,None,33,Clerk - Block 5,Block 5,5,162,Block 5,2024-2025,0,0,0,0,0,"Block B,Block C,Block A","2024-2025,2024-2025,2024-2025",134,21.61,1,0,0,100.0,0.0,0.0,2,6,0,0
3,2024-2025 Hostel Election,2025,1,Sunday,191.99972222222223,2024-2025,HOSTEL,None,33,Clerk - Block 5,Block 5,5,164,Block 5,2024-2025,0,0,0,0,0,"Block B,Block C,Block A","2024-2025,2024-2025,2024-2025",128,20.65,0,0,0,100.0,0.0,0.0,6,-12,0,0
3,2024-2025 Hostel Election,2025,1,Sunday,191.99972222222223,2024-2025,HOSTEL,None,33,Clerk - Block 5,Block 5,5,165,Block 5,2024-2025,0,0,0,0,0,"Block B,Block C,Block A","2024-2025,2024-2025,2024-2025",116,18.71,0,0,0,100.0,0.0,0.0,18,-6,0,0
3,2024-2025 Hostel Election,2025,1,Sunday,191.99972222222223,2024-2025,HOSTEL,None,33,Clerk - Block 5,Block 5,5,163,Block 5,2024-2025,0,0,0,0,0,"Block B,Block C,Block A","2024-2025,2024-2025,2024-2025",132,21.29,0,0,0,100.0,0.0,0.0,2,-4,0,0
3,2024-2025 Hostel Election,2025,1,Sunday,191.99972222222223,2024-2025,HOSTEL,None,34,Clerk - Block 6,Block 6,5,168,Block 6,2024-2025,0,0,0,0,0,"Block B,Block C,Block A","2024-2025,2024-2025,2024-2025",94,17.77,0,0,0,100.0,0.0,0.0,36,0,0,0
3,2024-2025 Hostel Election,2025,1,Sunday,191.99972222222223,2024-2025,HOSTEL,None,34,Clerk - Block 6,Block 6,5,169,Block 6,2024-2025,0,0,0,0,0,"Block B,Block C,Block A","2024-2025,2024-2025,2024-2025",103,19.47,0,0,0,100.0,0.0,0.0,27,-6,0,0
3,2024-2025 Hostel Election,2025,1,Sunday,191.99972222222223,2024-2025,HOSTEL,None,34,Clerk - Block 6,Block 6,5,166,Block 6,2024-2025,0,0,0,0,0,"Block B,Block C,Block A","2024-2025,2024-2025,2024-2025",97,18.34,0,0,0,100.0,0.0,0.0,33,-3,0,0
3,2024-2025 Hostel Election,2025,1,Sunday,191.99972222222223,2024-2025,HOSTEL,None,34,Clerk - Block 6,Block 6,5,170,Block 6,2024-2025,0,0,0,0,0,"Block B,Block C,Block A","2024-2025,2024-2025,2024-2025",130,24.58,1,0,0,100.0,0.0,0.0,25,27,0,0
3,2024-2025 Hostel Election,2025,1,Sunday,191.99972222222223,2024-2025,HOSTEL,None,34,Clerk - Block 6,Block 6,5,167,Block 6,2024-2025,0,0,0,0,0,"Block B,Block C,Block A","2024-2025,2024-2025,2024-2025",105,19.85,0,0,0,100.0,0.0,0.0,25,-2,0,0
3,2024-2025 Hostel Election,2025,1,Sunday,191.99972222222223,2024-2025,HOSTEL,None,35,Clerk - Block 6,Block 6,5,175,Block 6,2024-2025,0,0,0,0,0,"Block B,Block C,Block A","2024-2025,2024-2025,2024-2025",157,18.67,0,0,0,100.0,0.0,0.0,26,0,0,0
3,2024-2025 Hostel Election,2025,1,Sunday,191.99972222222223,2024-2025,HOSTEL,None,35,Clerk - Block 6,Block 6,5,171,Block 6,2024-2025,0,0,0,0,0,"Block B,Block C,Block A","2024-2025,2024-2025,2024-2025",183,21.76,1,0,0,100.0,0.0,0.0,9,19,0,0
3,2024-2025 Hostel Election,2025,1,Sunday,191.99972222222223,2024-2025,HOSTEL,None,35,Clerk - Block 6,Block 6,5,174,Block 6,2024-2025,0,0,0,0,0,"Block B,Block C,Block A","2024-2025,2024-2025,2024-2025",164,19.50,0,0,0,100.0,0.0,0.0,19,-1,0,0
3,2024-2025 Hostel Election,2025,1,Sunday,191.99972222222223,2024-2025,HOSTEL,None,35,Clerk - Block 6,Block 6,5,173,Block 6,2024-2025,0,0,0,0,0,"Block B,Block C,Block A","2024-2025,2024-2025,2024-2025",163,19.38,0,0,0,100.0,0.0,0.0,20,-6,0,0
3,2024-2025 Hostel Election,2025,1,Sunday,191.99972222222223,2024-2025,HOSTEL,None,35,Clerk - Block 6,Block 6,5,172,Block 6,2024-2025,0,0,0,0,0,"Block B,Block C,Block A","2024-2025,2024-2025,2024-2025",174,20.69,0,0,0,100.0,0.0,0.0,9,-10,0,0
3,2024-2025 Hostel Election,2025,1,Sunday,191.99972222222223,2024-2025,HOSTEL,None,36,Clerk - Block 7,Block 7,5,177,Block 7,2024-2025,0,0,0,0,0,"Block B,Block C,Block A","2024-2025,2024-2025,2024-2025",160,19.03,0,0,0,100.0,0.0,0.0,22,-1,0,0
3,2024-2025 Hostel Election,2025,1,Sunday,191.99972222222223,2024-2025,HOSTEL,None,36,Clerk - Block 7,Block 7,5,180,Block 7,2024-2025,0,0,0,0,0,"Block B,Block C,Block A","2024-2025,2024-2025,2024-2025",182,21.64,1,0,0,100.0,0.0,0.0,1,22,0,0
3,2024-2025 Hostel Election,2025,1,Sunday,191.99972222222223,2024-2025,HOSTEL,None,36,Clerk - Block 7,Block 7,5,176,Block 7,2024-2025,0,0,0,0,0,"Block B,Block C,Block A","2024-2025,2024-2025,2024-2025",159,18.91,0,0,0,100.0,0.0,0.0,23,0,0,0
3,2024-2025 Hostel Election,2025,1,Sunday,191.99972222222223,2024-2025,HOSTEL,None,36,Clerk - Block 7,Block 7,5,179,Block 7,2024-2025,0,0,0,0,0,"Block B,Block C,Block A","2024-2025,2024-2025,2024-2025",159,18.91,0,0,0,100.0,0.0,0.0,23,0,0,0
3,2024-2025 Hostel Election,2025,1,Sunday,191.99972222222223,2024-2025,HOSTEL,None,36,Clerk - Block 7,Block 7,5,178,Block 7,2024-2025,0,0,0,0,0,"Block B,Block C,Block A","2024-2025,2024-2025,2024-2025",181,21.52,0,0,0,100.0,0.0,0.0,1,-21,0,0
3,2024-2025 Hostel Election,2025,1,Sunday,191.99972222222223,2024-2025,HOSTEL,None,37,Clerk - Block 8,Block 8,5,184,Block 8,2024-2025,0,0,0,0,0,"Block B,Block C,Block A","2024-2025,2024-2025,2024-2025",186,22.74,1,0,0,100.0,0.0,0.0,16,22,0,0
3,2024-2025 Hostel Election,2025,1,Sunday,191.99972222222223,2024-2025,HOSTEL,None,37,Clerk - Block 8,Block 8,5,182,Block 8,2024-2025,0,0,0,0,0,"Block B,Block C,Block A","2024-2025,2024-2025,2024-2025",152,18.58,0,0,0,100.0,0.0,0.0,34,-6,0,0
3,2024-2025 Hostel Election,2025,1,Sunday,191.99972222222223,2024-2025,HOSTEL,None,37,Clerk - Block 8,Block 8,5,183,Block 8,2024-2025,0,0,0,0,0,"Block B,Block C,Block A","2024-2025,2024-2025,2024-2025",170,20.78,0,0,0,100.0,0.0,0.0,16,-6,0,0
3,2024-2025 Hostel Election,2025,1,Sunday,191.99972222222223,2024-2025,HOSTEL,None,37,Clerk - Block 8,Block 8,5,181,Block 8,2024-2025,0,0,0,0,0,"Block B,Block C,Block A","2024-2025,2024-2025,2024-2025",164,20.05,0,0,0,100.0,0.0,0.0,22,-12,0,0
3,2024-2025 Hostel Election,2025,1,Sunday,191.99972222222223,2024-2025,HOSTEL,None,37,Clerk - Block 8,Block 8,5,185,Block 8,2024-2025,0,0,0,0,0,"Block B,Block C,Block A","2024-2025,2024-2025,2024-2025",146,17.85,0,0,0,100.0,0.0,0.0,40,0,0,0
3,2024-2025 Hostel Election,2025,1,Sunday,191.99972222222223,2024-2025,HOSTEL,None,38,Clerk - Block 9,Block 9,5,190,Block 9,2024-2025,0,0,0,0,0,"Block B,Block C,Block A","2024-2025,2024-2025,2024-2025",159,19.30,0,0,0,100.0,0.0,0.0,10,0,0,0
3,2024-2025 Hostel Election,2025,1,Sunday,191.99972222222223,2024-2025,HOSTEL,None,38,Clerk - Block 9,Block 9,5,188,Block 9,2024-2025,0,0,0,0,0,"Block B,Block C,Block A","2024-2025,2024-2025,2024-2025",164,19.90,0,0,0,100.0,0.0,0.0,5,-5,0,0
3,2024-2025 Hostel Election,2025,1,Sunday,191.99972222222223,2024-2025,HOSTEL,None,38,Clerk - Block 9,Block 9,5,186,Block 9,2024-2025,0,0,0,0,0,"Block B,Block C,Block A","2024-2025,2024-2025,2024-2025",169,20.51,1,0,0,100.0,0.0,0.0,1,5,0,0
3,2024-2025 Hostel Election,2025,1,Sunday,191.99972222222223,2024-2025,HOSTEL,None,38,Clerk - Block 9,Block 9,5,189,Block 9,2024-2025,0,0,0,0,0,"Block B,Block C,Block A","2024-2025,2024-2025,2024-2025",168,20.39,0,0,0,100.0,0.0,0.0,1,-4,0,0
3,2024-2025 Hostel Election,2025,1,Sunday,191.99972222222223,2024-2025,HOSTEL,None,38,Clerk - Block 9,Block 9,5,187,Block 9,2024-2025,0,0,0,0,0,"Block B,Block C,Block A","2024-2025,2024-2025,2024-2025",164,19.90,0,0,0,100.0,0.0,0.0,5,0,0,0
3,2024-2025 Hostel Election,2025,1,Sunday,191.99972222222223,2024-2025,HOSTEL,None,39,Clerk - Block 10,Block 10,5,195,Block 10,2024-2025,0,0,0,0,0,"Block B,Block C,Block A","2024-2025,2024-2025,2024-2025",140,19.31,0,0,0,100.0,0.0,0.0,23,-16,0,0
3,2024-2025 Hostel Election,2025,1,Sunday,191.99972222222223,2024-2025,HOSTEL,None,39,Clerk - Block 10,Block 10,5,193,Block 10,2024-2025,0,0,0,0,0,"Block B,Block C,Block A","2024-2025,2024-2025,2024-2025",124,17.10,0,0,0,100.0,0.0,0.0,39,0,0,0
3,2024-2025 Hostel Election,2025,1,Sunday,191.99972222222223,2024-2025,HOSTEL,None,39,Clerk - Block 10,Block 10,5,194,Block 10,2024-2025,0,0,0,0,0,"Block B,Block C,Block A","2024-2025,2024-2025,2024-2025",163,22.48,1,0,0,100.0,0.0,0.0,9,19,0,0
3,2024-2025 Hostel Election,2025,1,Sunday,191.99972222222223,2024-2025,HOSTEL,None,39,Clerk - Block 10,Block 10,5,192,Block 10,2024-2025,0,0,0,0,0,"Block B,Block C,Block A","2024-2025,2024-2025,2024-2025",144,19.86,0,0,0,100.0,0.0,0.0,19,-4,0,0
3,2024-2025 Hostel Election,2025,1,Sunday,191.99972222222223,2024-2025,HOSTEL,None,39,Clerk - Block 10,Block 10,5,191,Block 10,2024-2025,0,0,0,0,0,"Block B,Block C,Block A","2024-2025,2024-2025,2024-2025",154,21.24,0,0,0,100.0,0.0,0.0,9,-10,0,0
3,2024-2025 Hostel Election,2025,1,Sunday,191.99972222222223,2024-2025,HOSTEL,None,40,Clerk - Block 11,Block 11,5,199,Block 11,2024-2025,0,0,0,0,0,"Block B,Block C,Block A","2024-2025,2024-2025,2024-2025",137,19.77,0,0,0,100.0,0.0,0.0,8,-3,0,0
3,2024-2025 Hostel Election,2025,1,Sunday,191.99972222222223,2024-2025,HOSTEL,None,40,Clerk - Block 11,Block 11,5,200,Block 11,2024-2025,0,0,0,0,0,"Block B,Block C,Block A","2024-2025,2024-2025,2024-2025",140,20.20,0,0,0,100.0,0.0,0.0,5,-3,0,0
3,2024-2025 Hostel Election,2025,1,Sunday,191.99972222222223,2024-2025,HOSTEL,None,40,Clerk - Block 11,Block 11,5,197,Block 11,2024-2025,0,0,0,0,0,"Block B,Block C,Block A","2024-2025,2024-2025,2024-2025",137,19.77,0,0,0,100.0,0.0,0.0,8,0,0,0
3,2024-2025 Hostel Election,2025,1,Sunday,191.99972222222223,2024-2025,HOSTEL,None,40,Clerk - Block 11,Block 11,5,198,Block 11,2024-2025,0,0,0,0,0,"Block B,Block C,Block A","2024-2025,2024-2025,2024-2025",145,20.92,1,0,0,100.0,0.0,0.0,5,8,0,0
3,2024-2025 Hostel Election,2025,1,Sunday,191.99972222222223,2024-2025,HOSTEL,None,40,Clerk - Block 11,Block 11,5,196,Block 11,2024-2025,0,0,0,0,0,"Block B,Block C,Block A","2024-2025,2024-2025,2024-2025",134,19.34,0,0,0,100.0,0.0,0.0,11,0,0,0
3,2024-2025 Hostel Election,2025,1,Sunday,191.99972222222223,2024-2025,HOSTEL,None,41,Clerk - Block 12,Block 12,5,203,Block 12,2024-2025,0,0,0,0,0,"Block B,Block C,Block A","2024-2025,2024-2025,2024-2025",125,19.11,0,0,0,100.0,0.0,0.0,12,0,0,0
3,2024-2025 Hostel Election,2025,1,Sunday,191.99972222222223,2024-2025,HOSTEL,None,41,Clerk - Block 12,Block 12,5,201,Block 12,2024-2025,0,0,0,0,0,"Block B,Block C,Block A","2024-2025,2024-2025,2024-2025",126,19.27,0,0,0,100.0,0.0,0.0,11,-1,0,0
3,2024-2025 Hostel Election,2025,1,Sunday,191.99972222222223,2024-2025,HOSTEL,None,41,Clerk - Block 12,Block 12,5,205,Block 12,2024-2025,0,0,0,0,0,"Block B,Block C,Block A","2024-2025,2024-2025,2024-2025",136,20.80,0,0,0,100.0,0.0,0.0,1,-6,0,0
3,2024-2025 Hostel Election,2025,1,Sunday,191.99972222222223,2024-2025,HOSTEL,None,41,Clerk - Block 12,Block 12,5,204,Block 12,2024-2025,0,0,0,0,0,"Block B,Block C,Block A","2024-2025,2024-2025,2024-2025",130,19.88,0,0,0,100.0,0.0,0.0,7,-4,0,0
3,2024-2025 Hostel Election,2025,1,Sunday,191.99972222222223,2024-2025,HOSTEL,None,41,Clerk - Block 12,Block 12,5,202,Block 12,2024-2025,0,0,0,0,0,"Block B,Block C,Block A","2024-2025,2024-2025,2024-2025",137,20.95,1,0,0,100.0,0.0,0.0,1,7,0,0
3,2024-2025 Hostel Election,2025,1,Sunday,191.99972222222223,2024-2025,HOSTEL,None,42,Clerk - Block 13,Block 13,5,208,Block 13,2024-2025,0,0,0,0,0,"Block B,Block C,Block A","2024-2025,2024-2025,2024-2025",125,17.96,0,0,0,100.0,0.0,0.0,33,0,0,0
3,2024-2025 Hostel Election,2025,1,Sunday,191.99972222222223,2024-2025,HOSTEL,None,42,Clerk - Block 13,Block 13,5,210,Block 13,2024-2025,0,0,0,0,0,"Block B,Block C,Block A","2024-2025,2024-2025,2024-2025",144,20.69,0,0,0,100.0,0.0,0.0,14,-4,0,0
3,2024-2025 Hostel Election,2025,1,Sunday,191.99972222222223,2024-2025,HOSTEL,None,42,Clerk - Block 13,Block 13,5,207,Block 13,2024-2025,0,0,0,0,0,"Block B,Block C,Block A","2024-2025,2024-2025,2024-2025",129,18.53,0,0,0,100.0,0.0,0.0,29,-4,0,0
3,2024-2025 Hostel Election,2025,1,Sunday,191.99972222222223,2024-2025,HOSTEL,None,42,Clerk - Block 13,Block 13,5,206,Block 13,2024-2025,0,0,0,0,0,"Block B,Block C,Block A","2024-2025,2024-2025,2024-2025",140,20.12,0,0,0,100.0,0.0,0.0,18,-11,0,0
3,2024-2025 Hostel Election,2025,1,Sunday,191.99972222222223,2024-2025,HOSTEL,None,42,Clerk - Block 13,Block 13,5,209,Block 13,2024-2025,0,0,0,0,0,"Block B,Block C,Block A","2024-2025,2024-2025,2024-2025",158,22.70,1,0,0,100.0,0.0,0.0,14,18,0,0
3,2024-2025 Hostel Election,2025,1,Sunday,191.99972222222223,2024-2025,HOSTEL,None,43,Clerk - Block 14,Block 14,5,213,Block 14,2024-2025,0,0,0,0,0,"Block B,Block C,Block A","2024-2025,2024-2025,2024-2025",146,21.99,1,0,0,100.0,0.0,0.0,12,14,0,0
3,2024-2025 Hostel Election,2025,1,Sunday,191.99972222222223,2024-2025,HOSTEL,None,43,Clerk - Block 14,Block 14,5,211,Block 14,2024-2025,0,0,0,0,0,"Block B,Block C,Block A","2024-2025,2024-2025,2024-2025",126,18.98,0,0,0,100.0,0.0,0.0,20,0,0,0
3,2024-2025 Hostel Election,2025,1,Sunday,191.99972222222223,2024-2025,HOSTEL,None,43,Clerk - Block 14,Block 14,5,212,Block 14,2024-2025,0,0,0,0,0,"Block B,Block C,Block A","2024-2025,2024-2025,2024-2025",134,20.18,0,0,0,100.0,0.0,0.0,12,-2,0,0
3,2024-2025 Hostel Election,2025,1,Sunday,191.99972222222223,2024-2025,HOSTEL,None,43,Clerk - Block 14,Block 14,5,214,Block 14,2024-2025,0,0,0,0,0,"Block B,Block C,Block A","2024-2025,2024-2025,2024-2025",126,18.98,0,0,0,100.0,0.0,0.0,20,0,0,0
3,2024-2025 Hostel Election,2025,1,Sunday,191.99972222222223,2024-2025,HOSTEL,None,43,Clerk - Block 14,Block 14,5,215,Block 14,2024-2025,0,0,0,0,0,"Block B,Block C,Block A","2024-2025,2024-2025,2024-2025",132,19.88,0,0,0,100.0,0.0,0.0,14,-6,0,0
3,2024-2025 Hostel Election,2025,1,Sunday,191.99972222222223,2024-2025,HOSTEL,None,44,Clerk - Block 1,Block 1,5,218,Block 1,2024-2025,0,0,0,0,0,"Block B,Block C,Block A","2024-2025,2024-2025,2024-2025",43,25.29,1,0,0,100.0,0.0,0.0,6,9,0,0
3,2024-2025 Hostel Election,2025,1,Sunday,191.99972222222223,2024-2025,HOSTEL,None,44,Clerk - Block 1,Block 1,5,219,Block 1,2024-2025,0,0,0,0,0,"Block B,Block C,Block A","2024-2025,2024-2025,2024-2025",30,17.65,0,0,0,100.0,0.0,0.0,13,-4,0,0
3,2024-2025 Hostel Election,2025,1,Sunday,191.99972222222223,2024-2025,HOSTEL,None,44,Clerk - Block 1,Block 1,5,217,Block 1,2024-2025,0,0,0,0,0,"Block B,Block C,Block A","2024-2025,2024-2025,2024-2025",26,15.29,0,0,0,100.0,0.0,0.0,17,0,0,0
3,2024-2025 Hostel Election,2025,1,Sunday,191.99972222222223,2024-2025,HOSTEL,None,44,Clerk - Block 1,Block 1,5,216,Block 1,2024-2025,0,0,0,0,0,"Block B,Block C,Block A","2024-2025,2024-2025,2024-2025",37,21.77,0,0,0,100.0,0.0,0.0,6,-3,0,0
3,2024-2025 Hostel Election,2025,1,Sunday,191.99972222222223,2024-2025,HOSTEL,None,44,Clerk - Block 1,Block 1,5,220,Block 1,2024-2025,0,0,0,0,0,"Block B,Block C,Block A","2024-2025,2024-2025,2024-2025",34,20.00,0,0,0,100.0,0.0,0.0,9,-4,0,0
3,2024-2025 Hostel Election,2025,1,Sunday,191.99972222222223,2024-2025,HOSTEL,None,45,Clerk - Block 2,Block 2,5,222,Block 2,2024-2025,0,0,1,0,0,"Block B,Block C,Block A","2024-2025,2024-2025,2024-2025",22,14.19,0,0,0,100.0,0.0,0.0,16,0,0,0
3,2024-2025 Hostel Election,2025,1,Sunday,191.99972222222223,2024-2025,HOSTEL,None,45,Clerk - Block 2,Block 2,5,223,Block 2,2024-2025,0,0,0,0,0,"Block B,Block C,Block A","2024-2025,2024-2025,2024-2025",38,24.52,1,0,0,100.0,0.0,0.0,0,3,0,0
3,2024-2025 Hostel Election,2025,1,Sunday,191.99972222222223,2024-2025,HOSTEL,None,45,Clerk - Block 2,Block 2,5,225,Block 2,2024-2025,0,0,0,0,0,"Block B,Block C,Block A","2024-2025,2024-2025,2024-2025",38,24.52,0,0,0,100.0,0.0,0.0,0,-3,0,0
3,2024-2025 Hostel Election,2025,1,Sunday,191.99972222222223,2024-2025,HOSTEL,None,45,Clerk - Block 2,Block 2,5,224,Block 2,2024-2025,0,0,0,0,0,"Block B,Block C,Block A","2024-2025,2024-2025,2024-2025",22,14.19,0,0,0,100.0,0.0,0.0,16,0,0,0
3,2024-2025 Hostel Election,2025,1,Sunday,191.99972222222223,2024-2025,HOSTEL,None,45,Clerk - Block 2,Block 2,5,221,Block 2,2024-2025,0,0,0,0,0,"Block B,Block C,Block A","2024-2025,2024-2025,2024-2025",35,22.58,0,0,0,100.0,0.0,0.0,3,-13,0,0
3,2024-2025 Hostel Election,2025,1,Sunday,191.99972222222223,2024-2025,HOSTEL,None,46,Clerk - Block 3,Block 3,5,227,Block 3,2024-2025,0,0,0,0,0,"Block B,Block C,Block A","2024-2025,2024-2025,2024-2025",46,24.47,1,0,0,100.0,0.0,0.0,1,9,0,0
3,2024-2025 Hostel Election,2025,1,Sunday,191.99972222222223,2024-2025,HOSTEL,None,46,Clerk - Block 3,Block 3,5,229,Block 3,2024-2025,0,0,0,0,0,"Block B,Block C,Block A","2024-2025,2024-2025,2024-2025",31,16.49,0,0,0,100.0,0.0,0.0,15,-2,0,0
3,2024-2025 Hostel Election,2025,1,Sunday,191.99972222222223,2024-2025,HOSTEL,None,46,Clerk - Block 3,Block 3,5,230,Block 3,2024-2025,0,0,0,0,0,"Block B,Block C,Block A","2024-2025,2024-2025,2024-2025",37,19.68,0,0,0,100.0,0.0,0.0,9,-6,0,0
3,2024-2025 Hostel Election,2025,1,Sunday,191.99972222222223,2024-2025,HOSTEL,None,46,Clerk - Block 3,Block 3,5,226,Block 3,2024-2025,0,0,0,0,0,"Block B,Block C,Block A","2024-2025,2024-2025,2024-2025",45,23.94,0,0,0,100.0,0.0,0.0,1,-8,0,0
3,2024-2025 Hostel Election,2025,1,Sunday,191.99972222222223,2024-2025,HOSTEL,None,46,Clerk - Block 3,Block 3,5,228,Block 3,2024-2025,0,0,0,0,0,"Block B,Block C,Block A","2024-2025,2024-2025,2024-2025",29,15.43,0,0,0,100.0,0.0,0.0,17,0,0,0
3,2024-2025 Hostel Election,2025,1,Sunday,191.99972222222223,2024-2025,HOSTEL,None,47,Clerk - Block 4,Block 4,5,233,Block 4,2024-2025,0,0,0,0,0,"Block B,Block C,Block A","2024-2025,2024-2025,2024-2025",36,21.69,0,0,0,100.0,0.0,0.0,1,-1,0,0
3,2024-2025 Hostel Election,2025,1,Sunday,191.99972222222223,2024-2025,HOSTEL,None,47,Clerk - Block 4,Block 4,5,231,Block 4,2024-2025,0,0,0,0,0,"Block B,Block C,Block A","2024-2025,2024-2025,2024-2025",37,22.29,1,0,0,100.0,0.0,0.0,1,2,0,0
3,2024-2025 Hostel Election,2025,1,Sunday,191.99972222222223,2024-2025,HOSTEL,None,47,Clerk - Block 4,Block 4,5,232,Block 4,2024-2025,0,0,0,0,0,"Block B,Block C,Block A","2024-2025,2024-2025,2024-2025",35,21.08,0,0,0,100.0,0.0,0.0,2,-4,0,0
3,2024-2025 Hostel Election,2025,1,Sunday,191.99972222222223,2024-2025,HOSTEL,None,47,Clerk - Block 4,Block 4,5,235,Block 4,2024-2025,0,0,0,0,0,"Block B,Block C,Block A","2024-2025,2024-2025,2024-2025",27,16.27,0,0,0,100.0,0.0,0.0,10,0,0,0
3,2024-2025 Hostel Election,2025,1,Sunday,191.99972222222223,2024-2025,HOSTEL,None,47,Clerk - Block 4,Block 4,5,234,Block 4,2024-2025,0,0,0,0,0,"Block B,Block C,Block A","2024-2025,2024-2025,2024-2025",31,18.68,0,0,0,100.0,0.0,0.0,6,-4,0,0
3,2024-2025 Hostel Election,2025,1,Sunday,191.99972222222223,2024-2025,HOSTEL,None,48,Clerk - Block 5,Block 5,5,240,Block 5,2024-2025,0,0,0,0,0,"Block B,Block C,Block A","2024-2025,2024-2025,2024-2025",37,21.02,0,0,0,100.0,0.0,0.0,9,-4,0,0
3,2024-2025 Hostel Election,2025,1,Sunday,191.99972222222223,2024-2025,HOSTEL,None,48,Clerk - Block 5,Block 5,5,238,Block 5,2024-2025,0,0,0,0,0,"Block B,Block C,Block A","2024-2025,2024-2025,2024-2025",46,26.14,1,0,0,100.0,0.0,0.0,9,13,0,0
3,2024-2025 Hostel Election,2025,1,Sunday,191.99972222222223,2024-2025,HOSTEL,None,48,Clerk - Block 5,Block 5,5,239,Block 5,2024-2025,0,0,0,0,0,"Block B,Block C,Block A","2024-2025,2024-2025,2024-2025",29,16.48,0,0,0,100.0,0.0,0.0,17,0,0,0
3,2024-2025 Hostel Election,2025,1,Sunday,191.99972222222223,2024-2025,HOSTEL,None,48,Clerk - Block 5,Block 5,5,236,Block 5,2024-2025,0,0,0,0,0,"Block B,Block C,Block A","2024-2025,2024-2025,2024-2025",33,18.75,0,0,0,100.0,0.0,0.0,13,-2,0,0
3,2024-2025 Hostel Election,2025,1,Sunday,191.99972222222223,2024-2025,HOSTEL,None,48,Clerk - Block 5,Block 5,5,237,Block 5,2024-2025,0,0,0,0,0,"Block B,Block C,Block A","2024-2025,2024-2025,2024-2025",31,17.61,0,0,0,100.0,0.0,0.0,15,-2,0,0
3,2024-2025 Hostel Election,2025,1,Sunday,191.99972222222223,2024-2025,HOSTEL,None,49,Clerk - Block 6,Block 6,5,241,Block 6,2024-2025,0,0,0,0,0,"Block B,Block C,Block A","2024-2025,2024-2025,2024-2025",50,25.00,1,0,0,100.0,0.0,0.0,5,10,0,0
3,2024-2025 Hostel Election,2025,1,Sunday,191.99972222222223,2024-2025,HOSTEL,None,49,Clerk - Block 6,Block 6,5,243,Block 6,2024-2025,0,0,0,0,0,"Block B,Block C,Block A","2024-2025,2024-2025,2024-2025",36,18.00,0,0,0,100.0,0.0,0.0,14,-7,0,0
3,2024-2025 Hostel Election,2025,1,Sunday,191.99972222222223,2024-2025,HOSTEL,None,49,Clerk - Block 6,Block 6,5,244,Block 6,2024-2025,0,0,0,0,0,"Block B,Block C,Block A","2024-2025,2024-2025,2024-2025",40,20.00,0,0,0,100.0,0.0,0.0,10,-4,0,0
3,2024-2025 Hostel Election,2025,1,Sunday,191.99972222222223,2024-2025,HOSTEL,None,49,Clerk - Block 6,Block 6,5,242,Block 6,2024-2025,0,0,0,0,0,"Block B,Block C,Block A","2024-2025,2024-2025,2024-2025",29,14.50,0,0,0,100.0,0.0,0.0,21,0,0,0
3,2024-2025 Hostel Election,2025,1,Sunday,191.99972222222223,2024-2025,HOSTEL,None,49,Clerk - Block 6,Block 6,5,245,Block 6,2024-2025,0,0,1,0,0,"Block B,Block C,Block A","2024-2025,2024-2025,2024-2025",45,22.50,0,0,0,100.0,0.0,0.0,5,-5,0,0
3,2024-2025 Hostel Election,2025,1,Sunday,191.99972222222223,2024-2025,HOSTEL,None,50,Clerk - Block 7,Block 7,5,248,Block 7,2024-2025,0,0,0,0,0,"Block B,Block C,Block A","2024-2025,2024-2025,2024-2025",44,22.56,0,0,0,100.0,0.0,0.0,0,-6,0,0
3,2024-2025 Hostel Election,2025,1,Sunday,191.99972222222223,2024-2025,HOSTEL,None,50,Clerk - Block 7,Block 7,5,247,Block 7,2024-2025,0,0,0,0,0,"Block B,Block C,Block A","2024-2025,2024-2025,2024-2025",34,17.44,0,0,0,100.0,0.0,0.0,10,0,0,0
3,2024-2025 Hostel Election,2025,1,Sunday,191.99972222222223,2024-2025,HOSTEL,None,50,Clerk - Block 7,Block 7,5,246,Block 7,2024-2025,0,0,0,0,0,"Block B,Block C,Block A","2024-2025,2024-2025,2024-2025",44,22.56,1,0,0,100.0,0.0,0.0,0,6,0,0
3,2024-2025 Hostel Election,2025,1,Sunday,191.99972222222223,2024-2025,HOSTEL,None,50,Clerk - Block 7,Block 7,5,249,Block 7,2024-2025,0,0,0,0,0,"Block B,Block C,Block A","2024-2025,2024-2025,2024-2025",35,17.95,0,0,0,100.0,0.0,0.0,9,-1,0,0
3,2024-2025 Hostel Election,2025,1,Sunday,191.99972222222223,2024-2025,HOSTEL,None,50,Clerk - Block 7,Block 7,5,250,Block 7,2024-2025,0,0,0,0,0,"Block B,Block C,Block A","2024-2025,2024-2025,2024-2025",38,19.49,0,0,0,100.0,0.0,0.0,6,-3,0,0
3,2024-2025 Hostel Election,2025,1,Sunday,191.99972222222223,2024-2025,HOSTEL,None,51,Clerk - Block 8,Block 8,5,254,Block 8,2024-2025,0,0,0,0,0,"Block B,Block C,Block A","2024-2025,2024-2025,2024-2025",44,22.56,0,0,0,100.0,0.0,0.0,4,-7,0,0
3,2024-2025 Hostel Election,2025,1,Sunday,191.99972222222223,2024-2025,HOSTEL,None,51,Clerk - Block 8,Block 8,5,251,Block 8,2024-2025,0,0,0,0,0,"Block B,Block C,Block A","2024-2025,2024-2025,2024-2025",37,18.97,0,0,0,100.0,0.0,0.0,11,-1,0,0
3,2024-2025 Hostel Election,2025,1,Sunday,191.99972222222223,2024-2025,HOSTEL,None,51,Clerk - Block 8,Block 8,5,252,Block 8,2024-2025,0,0,0,0,0,"Block B,Block C,Block A","2024-2025,2024-2025,2024-2025",36,18.46,0,0,0,100.0,0.0,0.0,12,-6,0,0
3,2024-2025 Hostel Election,2025,1,Sunday,191.99972222222223,2024-2025,HOSTEL,None,51,Clerk - Block 8,Block 8,5,255,Block 8,2024-2025,0,0,0,0,0,"Block B,Block C,Block A","2024-2025,2024-2025,2024-2025",48,24.62,1,0,0,100.0,0.0,0.0,4,11,0,0
3,2024-2025 Hostel Election,2025,1,Sunday,191.99972222222223,2024-2025,HOSTEL,None,51,Clerk - Block 8,Block 8,5,253,Block 8,2024-2025,0,0,0,0,0,"Block B,Block C,Block A","2024-2025,2024-2025,2024-2025",30,15.39,0,0,0,100.0,0.0,0.0,18,0,0,0
3,2024-2025 Hostel Election,2025,1,Sunday,191.99972222222223,2024-2025,HOSTEL,None,52,Clerk - Block 9,Block 9,5,258,Block 9,2024-2025,0,0,0,0,0,"Block B,Block C,Block A","2024-2025,2024-2025,2024-2025",31,18.02,0,0,0,100.0,0.0,0.0,11,0,0,0
3,2024-2025 Hostel Election,2025,1,Sunday,191.99972222222223,2024-2025,HOSTEL,None,52,Clerk - Block 9,Block 9,5,259,Block 9,2024-2025,0,0,0,0,0,"Block B,Block C,Block A","2024-2025,2024-2025,2024-2025",42,24.42,1,0,0,100.0,0.0,0.0,5,11,0,0
3,2024-2025 Hostel Election,2025,1,Sunday,191.99972222222223,2024-2025,HOSTEL,None,52,Clerk - Block 9,Block 9,5,256,Block 9,2024-2025,0,0,0,0,0,"Block B,Block C,Block A","2024-2025,2024-2025,2024-2025",31,18.02,0,0,0,100.0,0.0,0.0,11,0,0,0
3,2024-2025 Hostel Election,2025,1,Sunday,191.99972222222223,2024-2025,HOSTEL,None,52,Clerk - Block 9,Block 9,5,260,Block 9,2024-2025,0,0,0,0,0,"Block B,Block C,Block A","2024-2025,2024-2025,2024-2025",37,21.51,0,0,0,100.0,0.0,0.0,5,-6,0,0
3,2024-2025 Hostel Election,2025,1,Sunday,191.99972222222223,2024-2025,HOSTEL,None,52,Clerk - Block 9,Block 9,5,257,Block 9,2024-2025,0,0,0,0,0,"Block B,Block C,Block A","2024-2025,2024-2025,2024-2025",31,18.02,0,0,0,100.0,0.0,0.0,11,0,0,0
3,2024-2025 Hostel Election,2025,1,Sunday,191.99972222222223,2024-2025,HOSTEL,None,53,Clerk - Block 10,Block 10,5,265,Block 10,2024-2025,0,0,0,0,0,"Block B,Block C,Block A","2024-2025,2024-2025,2024-2025",42,21.32,0,0,0,100.0,0.0,0.0,7,-9,0,0
3,2024-2025 Hostel Election,2025,1,Sunday,191.99972222222223,2024-2025,HOSTEL,None,53,Clerk - Block 10,Block 10,5,263,Block 10,2024-2025,0,0,0,0,0,"Block B,Block C,Block A","2024-2025,2024-2025,2024-2025",30,15.23,0,0,0,100.0,0.0,0.0,19,0,0,0
3,2024-2025 Hostel Election,2025,1,Sunday,191.99972222222223,2024-2025,HOSTEL,None,53,Clerk - Block 10,Block 10,5,264,Block 10,2024-2025,0,0,0,0,0,"Block B,Block C,Block A","2024-2025,2024-2025,2024-2025",49,24.87,1,0,0,100.0,0.0,0.0,6,7,0,0
3,2024-2025 Hostel Election,2025,1,Sunday,191.99972222222223,2024-2025,HOSTEL,None,53,Clerk - Block 10,Block 10,5,261,Block 10,2024-2025,0,0,0,0,0,"Block B,Block C,Block A","2024-2025,2024-2025,2024-2025",33,16.75,0,0,0,100.0,0.0,0.0,16,-3,0,0
3,2024-2025 Hostel Election,2025,1,Sunday,191.99972222222223,2024-2025,HOSTEL,None,53,Clerk - Block 10,Block 10,5,262,Block 10,2024-2025,0,0,0,0,0,"Block B,Block C,Block A","2024-2025,2024-2025,2024-2025",43,21.83,0,0,0,100.0,0.0,0.0,6,-1,0,0
3,2024-2025 Hostel Election,2025,1,Sunday,191.99972222222223,2024-2025,HOSTEL,None,54,Clerk - Block 11,Block 11,5,266,Block 11,2024-2025,0,0,0,0,0,"Block B,Block C,Block A","2024-2025,2024-2025,2024-2025",35,17.77,0,0,0,100.0,0.0,0.0,14,-5,0,0
3,2024-2025 Hostel Election,2025,1,Sunday,191.99972222222223,2024-2025,HOSTEL,None,54,Clerk - Block 11,Block 11,5,269,Block 11,2024-2025,0,0,0,0,0,"Block B,Block C,Block A","2024-2025,2024-2025,2024-2025",39,19.80,0,0,0,100.0,0.0,0.0,10,-4,0,0
3,2024-2025 Hostel Election,2025,1,Sunday,191.99972222222223,2024-2025,HOSTEL,None,54,Clerk - Block 11,Block 11,5,267,Block 11,2024-2025,0,0,0,0,0,"Block B,Block C,Block A","2024-2025,2024-2025,2024-2025",30,15.23,0,0,0,100.0,0.0,0.0,19,0,0,0
3,2024-2025 Hostel Election,2025,1,Sunday,191.99972222222223,2024-2025,HOSTEL,None,54,Clerk - Block 11,Block 11,5,268,Block 11,2024-2025,0,0,0,0,0,"Block B,Block C,Block A","2024-2025,2024-2025,2024-2025",44,22.34,0,0,0,100.0,0.0,0.0,5,-5,0,0
3,2024-2025 Hostel Election,2025,1,Sunday,191.99972222222223,2024-2025,HOSTEL,None,54,Clerk - Block 11,Block 11,5,270,Block 11,2024-2025,0,0,0,0,0,"Block B,Block C,Block A","2024-2025,2024-2025,2024-2025",49,24.87,1,0,0,100.0,0.0,0.0,5,10,0,0
3,2024-2025 Hostel Election,2025,1,Sunday,191.99972222222223,2024-2025,HOSTEL,None,55,Clerk - Block 12,Block 12,5,271,Block 12,2024-2025,0,1,0,0,0,"Block B,Block C,Block A","2024-2025,2024-2025,2024-2025",41,21.58,0,0,0,100.0,0.0,0.0,8,-10,0,0
3,2024-2025 Hostel Election,2025,1,Sunday,191.99972222222223,2024-2025,HOSTEL,None,55,Clerk - Block 12,Block 12,5,273,Block 12,2024-2025,0,0,0,0,0,"Block B,Block C,Block A","2024-2025,2024-2025,2024-2025",26,13.68,0,0,0,100.0,0.0,0.0,23,0,0,0
3,2024-2025 Hostel Election,2025,1,Sunday,191.99972222222223,2024-2025,HOSTEL,None,55,Clerk - Block 12,Block 12,5,275,Block 12,2024-2025,0,0,0,0,0,"Block B,Block C,Block A","2024-2025,2024-2025,2024-2025",49,25.79,1,0,0,100.0,0.0,0.0,6,8,0,0
3,2024-2025 Hostel Election,2025,1,Sunday,191.99972222222223,2024-2025,HOSTEL,None,55,Clerk - Block 12,Block 12,5,274,Block 12,2024-2025,0,0,0,0,0,"Block B,Block C,Block A","2024-2025,2024-2025,2024-2025",31,16.32,0,0,0,100.0,0.0,0.0,18,-5,0,0
3,2024-2025 Hostel Election,2025,1,Sunday,191.99972222222223,2024-2025,HOSTEL,None,55,Clerk - Block 12,Block 12,5,272,Block 12,2024-2025,0,0,0,0,0,"Block B,Block C,Block A","2024-2025,2024-2025,2024-2025",43,22.63,0,0,0,100.0,0.0,0.0,6,-2,0,0
3,2024-2025 Hostel Election,2025,1,Sunday,191.99972222222223,2024-2025,HOSTEL,None,56,Clerk - Block 13,Block 13,5,279,Block 13,2024-2025,0,0,0,0,0,"Block B,Block C,Block A","2024-2025,2024-2025,2024-2025",36,21.05,0,0,0,100.0,0.0,0.0,3,-3,0,0
3,2024-2025 Hostel Election,2025,1,Sunday,191.99972222222223,2024-2025,HOSTEL,None,56,Clerk - Block 13,Block 13,5,277,Block 13,2024-2025,0,0,0,0,0,"Block B,Block C,Block A","2024-2025,2024-2025,2024-2025",33,19.30,0,0,0,100.0,0.0,0.0,6,-3,0,0
3,2024-2025 Hostel Election,2025,1,Sunday,191.99972222222223,2024-2025,HOSTEL,None,56,Clerk - Block 13,Block 13,5,280,Block 13,2024-2025,0,0,0,0,0,"Block B,Block C,Block A","2024-2025,2024-2025,2024-2025",39,22.81,1,0,0,100.0,0.0,0.0,3,6,0,0
3,2024-2025 Hostel Election,2025,1,Sunday,191.99972222222223,2024-2025,HOSTEL,None,56,Clerk - Block 13,Block 13,5,276,Block 13,2024-2025,0,0,0,0,0,"Block B,Block C,Block A","2024-2025,2024-2025,2024-2025",33,19.30,0,0,0,100.0,0.0,0.0,6,0,0,0
3,2024-2025 Hostel Election,2025,1,Sunday,191.99972222222223,2024-2025,HOSTEL,None,56,Clerk - Block 13,Block 13,5,278,Block 13,2024-2025,0,0,0,0,0,"Block B,Block C,Block A","2024-2025,2024-2025,2024-2025",30,17.54,0,0,0,100.0,0.0,0.0,9,0,0,0
3,2024-2025 Hostel Election,2025,1,Sunday,191.99972222222223,2024-2025,HOSTEL,None,57,Clerk - Block 14,Block 14,5,282,Block 14,2024-2025,0,0,0,0,0,"Block B,Block C,Block A","2024-2025,2024-2025,2024-2025",30,17.75,0,0,0,100.0,0.0,0.0,7,0,0,0
3,2024-2025 Hostel Election,2025,1,Sunday,191.99972222222223,2024-2025,HOSTEL,None,57,Clerk - Block 14,Block 14,5,285,Block 14,2024-2025,0,0,0,0,0,"Block B,Block C,Block A","2024-2025,2024-2025,2024-2025",33,19.53,0,0,0,100.0,0.0,0.0,4,-3,0,0
3,2024-2025 Hostel Election,2025,1,Sunday,191.99972222222223,2024-2025,HOSTEL,None,57,Clerk - Block 14,Block 14,5,283,Block 14,2024-2025,0,0,0,0,0,"Block B,Block C,Block A","2024-2025,2024-2025,2024-2025",35,20.71,0,0,0,100.0,0.0,0.0,2,-1,0,0
3,2024-2025 Hostel Election,2025,1,Sunday,191.99972222222223,2024-2025,HOSTEL,None,57,Clerk - Block 14,Block 14,5,281,Block 14,2024-2025,0,0,0,0,0,"Block B,Block C,Block A","2024-2025,2024-2025,2024-2025",34,20.12,0,0,0,100.0,0.0,0.0,3,-1,0,0
3,2024-2025 Hostel Election,2025,1,Sunday,191.99972222222223,2024-2025,HOSTEL,None,57,Clerk - Block 14,Block 14,5,284,Block 14,2024-2025,0,0,0,0,0,"Block B,Block C,Block A","2024-2025,2024-2025,2024-2025",37,21.89,1,0,0,100.0,0.0,0.0,2,3,0,0
3,2024-2025 Hostel Election,2025,1,Sunday,191.99972222222223,2024-2025,HOSTEL,None,58,Clerk - Block 15,Block 15,5,288,Block 15,2024-2025,0,0,1,0,0,"Block B,Block C,Block A","2024-2025,2024-2025,2024-2025",36,21.43,0,0,0,100.0,0.0,0.0,8,-8,0,0
3,2024-2025 Hostel Election,2025,1,Sunday,191.99972222222223,2024-2025,HOSTEL,None,58,Clerk - Block 15,Block 15,5,287,Block 15,2024-2025,0,0,0,0,0,"Block B,Block C,Block A","2024-2025,2024-2025,2024-2025",28,16.67,0,0,0,100.0,0.0,0.0,16,-4,0,0
3,2024-2025 Hostel Election,2025,1,Sunday,191.99972222222223,2024-2025,HOSTEL,None,58,Clerk - Block 15,Block 15,5,286,Block 15,2024-2025,0,0,0,0,0,"Block B,Block C,Block A","2024-2025,2024-2025,2024-2025",36,21.43,0,0,0,100.0,0.0,0.0,8,0,0,0
3,2024-2025 Hostel Election,2025,1,Sunday,191.99972222222223,2024-2025,HOSTEL,None,58,Clerk - Block 15,Block 15,5,290,Block 15,2024-2025,0,0,0,0,0,"Block B,Block C,Block A","2024-2025,2024-2025,2024-2025",24,14.29,0,0,0,100.0,0.0,0.0,20,0,0,0
3,2024-2025 Hostel Election,2025,1,Sunday,191.99972222222223,2024-2025,HOSTEL,None,58,Clerk - Block 15,Block 15,5,289,Block 15,2024-2025,0,0,0,0,0,"Block B,Block C,Block A","2024-2025,2024-2025,2024-2025",44,26.19,1,0,0,100.0,0.0,0.0,8,8,0,0
3,2024-2025 Hostel Election,2025,1,Sunday,191.99972222222223,2024-2025,HOSTEL,None,59,Clerk - Block 16,Block 16,5,295,Block 16,2024-2025,0,0,1,0,0,"Block B,Block C,Block A","2024-2025,2024-2025,2024-2025",31,17.71,0,0,0,100.0,0.0,0.0,11,-1,0,0
3,2024-2025 Hostel Election,2025,1,Sunday,191.99972222222223,2024-2025,HOSTEL,None,59,Clerk - Block 16,Block 16,5,291,Block 16,2024-2025,0,0,0,0,0,"Block B,Block C,Block A","2024-2025,2024-2025,2024-2025",30,17.14,0,0,0,100.0,0.0,0.0,12,0,0,0
3,2024-2025 Hostel Election,2025,1,Sunday,191.99972222222223,2024-2025,HOSTEL,None,59,Clerk - Block 16,Block 16,5,294,Block 16,2024-2025,0,0,0,0,0,"Block B,Block C,Block A","2024-2025,2024-2025,2024-2025",34,19.43,0,0,0,100.0,0.0,0.0,8,-3,0,0
3,2024-2025 Hostel Election,2025,1,Sunday,191.99972222222223,2024-2025,HOSTEL,None,59,Clerk - Block 16,Block 16,5,292,Block 16,2024-2025,0,0,0,0,0,"Block B,Block C,Block A","2024-2025,2024-2025,2024-2025",42,24.00,1,0,0,100.0,0.0,0.0,4,8,0,0
3,2024-2025 Hostel Election,2025,1,Sunday,191.99972222222223,2024-2025,HOSTEL,None,59,Clerk - Block 16,Block 16,5,293,Block 16,2024-2025,0,0,1,0,0,"Block B,Block C,Block A","2024-2025,2024-2025,2024-2025",38,21.71,0,0,0,100.0,0.0,0.0,4,-4,0,0
3,2024-2025 Hostel Election,2025,1,Sunday,191.99972222222223,2024-2025,HOSTEL,None,60,Clerk - Block 17,Block 17,5,299,Block 17,2024-2025,0,0,0,0,0,"Block B,Block C,Block A","2024-2025,2024-2025,2024-2025",26,17.22,0,0,0,100.0,0.0,0.0,12,-3,0,0
3,2024-2025 Hostel Election,2025,1,Sunday,191.99972222222223,2024-2025,HOSTEL,None,60,Clerk - Block 17,Block 17,5,300,Block 17,2024-2025,0,0,0,0,0,"Block B,Block C,Block A","2024-2025,2024-2025,2024-2025",38,25.17,1,0,0,100.0,0.0,0.0,6,6,0,0
3,2024-2025 Hostel Election,2025,1,Sunday,191.99972222222223,2024-2025,HOSTEL,None,60,Clerk - Block 17,Block 17,5,298,Block 17,2024-2025,0,0,1,0,0,"Block B,Block C,Block A","2024-2025,2024-2025,2024-2025",23,15.23,0,0,0,100.0,0.0,0.0,15,0,0,0
3,2024-2025 Hostel Election,2025,1,Sunday,191.99972222222223,2024-2025,HOSTEL,None,60,Clerk - Block 17,Block 17,5,296,Block 17,2024-2025,0,0,0,0,0,"Block B,Block C,Block A","2024-2025,2024-2025,2024-2025",32,21.19,0,0,0,100.0,0.0,0.0,6,0,0,0
3,2024-2025 Hostel Election,2025,1,Sunday,191.99972222222223,2024-2025,HOSTEL,None,60,Clerk - Block 17,Block 17,5,297,Block 17,2024-2025,0,0,0,0,0,"Block B,Block C,Block A","2024-2025,2024-2025,2024-2025",32,21.19,0,0,0,100.0,0.0,0.0,6,-6,0,0
3,2024-2025 Hostel Election,2025,1,Sunday,191.99972222222223,2024-2025,HOSTEL,None,61,Clerk - Block 18,Block 18,5,303,Block 18,2024-2025,0,0,0,0,0,"Block B,Block C,Block A","2024-2025,2024-2025,2024-2025",37,18.97,0,0,0,100.0,0.0,0.0,7,-4,0,0
3,2024-2025 Hostel Election,2025,1,Sunday,191.99972222222223,2024-2025,HOSTEL,None,61,Clerk - Block 18,Block 18,5,304,Block 18,2024-2025,0,0,0,0,0,"Block B,Block C,Block A","2024-2025,2024-2025,2024-2025",44,22.56,1,0,0,100.0,0.0,0.0,1,6,0,0
3,2024-2025 Hostel Election,2025,1,Sunday,191.99972222222223,2024-2025,HOSTEL,None,61,Clerk - Block 18,Block 18,5,302,Block 18,2024-2025,0,0,0,0,0,"Block B,Block C,Block A","2024-2025,2024-2025,2024-2025",33,16.92,0,0,0,100.0,0.0,0.0,11,0,0,0
3,2024-2025 Hostel Election,2025,1,Sunday,191.99972222222223,2024-2025,HOSTEL,None,61,Clerk - Block 18,Block 18,5,301,Block 18,2024-2025,0,0,0,0,0,"Block B,Block C,Block A","2024-2025,2024-2025,2024-2025",43,22.05,0,0,0,100.0,0.0,0.0,1,-5,0,0
3,2024-2025 Hostel Election,2025,1,Sunday,191.99972222222223,2024-2025,HOSTEL,None,61,Clerk - Block 18,Block 18,5,305,Block 18,2024-2025,0,0,0,0,0,"Block B,Block C,Block A","2024-2025,2024-2025,2024-2025",38,19.49,0,0,0,100.0,0.0,0.0,6,-1,0,0
3,2024-2025 Hostel Election,2025,1,Sunday,191.99972222222223,2024-2025,HOSTEL,None,62,Clerk - Block 19,Block 19,5,308,Block 19,2024-2025,0,0,0,0,0,"Block B,Block C,Block A","2024-2025,2024-2025,2024-2025",24,14.12,0,0,0,100.0,0.0,0.0,22,0,0,0
3,2024-2025 Hostel Election,2025,1,Sunday,191.99972222222223,2024-2025,HOSTEL,None,62,Clerk - Block 19,Block 19,5,306,Block 19,2024-2025,0,0,0,0,0,"Block B,Block C,Block A","2024-2025,2024-2025,2024-2025",31,18.24,0,0,0,100.0,0.0,0.0,15,-7,0,0
3,2024-2025 Hostel Election,2025,1,Sunday,191.99972222222223,2024-2025,HOSTEL,None,62,Clerk - Block 19,Block 19,5,310,Block 19,2024-2025,0,0,0,0,0,"Block B,Block C,Block A","2024-2025,2024-2025,2024-2025",46,27.06,1,0,0,100.0,0.0,0.0,9,14,0,0
3,2024-2025 Hostel Election,2025,1,Sunday,191.99972222222223,2024-2025,HOSTEL,None,62,Clerk - Block 19,Block 19,5,309,Block 19,2024-2025,0,0,0,0,0,"Block B,Block C,Block A","2024-2025,2024-2025,2024-2025",32,18.82,0,0,0,100.0,0.0,0.0,14,-1,0,0
3,2024-2025 Hostel Election,2025,1,Sunday,191.99972222222223,2024-2025,HOSTEL,None,62,Clerk - Block 19,Block 19,5,307,Block 19,2024-2025,0,0,0,0,0,"Block B,Block C,Block A","2024-2025,2024-2025,2024-2025",37,21.77,0,0,0,100.0,0.0,0.0,9,-5,0,0
3,2024-2025 Hostel Election,2025,1,Sunday,191.99972222222223,2024-2025,HOSTEL,None,63,Clerk - Block 1,Block 1,5,315,Block 1,2024-2025,0,0,0,0,0,"Block B,Block C,Block A","2024-2025,2024-2025,2024-2025",127,19.27,0,0,0,100.0,0.0,0.0,20,-6,0,0
3,2024-2025 Hostel Election,2025,1,Sunday,191.99972222222223,2024-2025,HOSTEL,None,63,Clerk - Block 1,Block 1,5,314,Block 1,2024-2025,0,0,0,0,0,"Block B,Block C,Block A","2024-2025,2024-2025,2024-2025",121,18.36,0,0,0,100.0,0.0,0.0,26,0,0,0
3,2024-2025 Hostel Election,2025,1,Sunday,191.99972222222223,2024-2025,HOSTEL,None,63,Clerk - Block 1,Block 1,5,311,Block 1,2024-2025,0,0,0,0,0,"Block B,Block C,Block A","2024-2025,2024-2025,2024-2025",127,19.27,0,0,0,100.0,0.0,0.0,20,0,0,0
3,2024-2025 Hostel Election,2025,1,Sunday,191.99972222222223,2024-2025,HOSTEL,None,63,Clerk - Block 1,Block 1,5,313,Block 1,2024-2025,0,0,0,0,0,"Block B,Block C,Block A","2024-2025,2024-2025,2024-2025",137,20.79,0,0,0,100.0,0.0,0.0,10,-10,0,0
3,2024-2025 Hostel Election,2025,1,Sunday,191.99972222222223,2024-2025,HOSTEL,None,63,Clerk - Block 1,Block 1,5,312,Block 1,2024-2025,0,0,0,0,0,"Block B,Block C,Block A","2024-2025,2024-2025,2024-2025",147,22.31,1,0,0,100.0,0.0,0.0,10,20,0,0
3,2024-2025 Hostel Election,2025,1,Sunday,191.99972222222223,2024-2025,HOSTEL,None,64,Clerk - Block 2,Block 2,5,316,Block 2,2024-2025,0,0,0,0,0,"Block B,Block C,Block A","2024-2025,2024-2025,2024-2025",121,18.47,0,0,0,100.0,0.0,0.0,21,0,0,0
3,2024-2025 Hostel Election,2025,1,Sunday,191.99972222222223,2024-2025,HOSTEL,None,64,Clerk - Block 2,Block 2,5,320,Block 2,2024-2025,0,0,0,0,0,"Block B,Block C,Block A","2024-2025,2024-2025,2024-2025",142,21.68,1,0,0,100.0,0.0,0.0,1,14,0,0
3,2024-2025 Hostel Election,2025,1,Sunday,191.99972222222223,2024-2025,HOSTEL,None,64,Clerk - Block 2,Block 2,5,317,Block 2,2024-2025,0,0,0,0,0,"Block B,Block C,Block A","2024-2025,2024-2025,2024-2025",141,21.53,0,0,0,100.0,0.0,0.0,1,-13,0,0
3,2024-2025 Hostel Election,2025,1,Sunday,191.99972222222223,2024-2025,HOSTEL,None,64,Clerk - Block 2,Block 2,5,319,Block 2,2024-2025,0,0,0,0,0,"Block B,Block C,Block A","2024-2025,2024-2025,2024-2025",123,18.78,0,0,0,100.0,0.0,0.0,19,-2,0,0
3,2024-2025 Hostel Election,2025,1,Sunday,191.99972222222223,2024-2025,HOSTEL,None,64,Clerk - Block 2,Block 2,5,318,Block 2,2024-2025,0,0,0,0,0,"Block B,Block C,Block A","2024-2025,2024-2025,2024-2025",128,19.54,0,0,0,100.0,0.0,0.0,14,-5,0,0
3,2024-2025 Hostel Election,2025,1,Sunday,191.99972222222223,2024-2025,HOSTEL,None,65,Clerk - Block 3,Block 3,5,322,Block 3,2024-2025,0,0,0,0,0,"Block B,Block C,Block A","2024-2025,2024-2025,2024-2025",149,22.17,1,0,0,100.0,0.0,0.0,3,17,0,0
3,2024-2025 Hostel Election,2025,1,Sunday,191.99972222222223,2024-2025,HOSTEL,None,65,Clerk - Block 3,Block 3,5,325,Block 3,2024-2025,0,0,0,0,0,"Block B,Block C,Block A","2024-2025,2024-2025,2024-2025",146,21.73,0,0,0,100.0,0.0,0.0,3,-14,0,0
3,2024-2025 Hostel Election,2025,1,Sunday,191.99972222222223,2024-2025,HOSTEL,None,65,Clerk - Block 3,Block 3,5,323,Block 3,2024-2025,0,0,0,0,0,"Block B,Block C,Block A","2024-2025,2024-2025,2024-2025",119,17.71,0,0,0,100.0,0.0,0.0,30,0,0,0
3,2024-2025 Hostel Election,2025,1,Sunday,191.99972222222223,2024-2025,HOSTEL,None,65,Clerk - Block 3,Block 3,5,321,Block 3,2024-2025,0,0,0,0,0,"Block B,Block C,Block A","2024-2025,2024-2025,2024-2025",126,18.75,0,0,0,100.0,0.0,0.0,23,-7,0,0
3,2024-2025 Hostel Election,2025,1,Sunday,191.99972222222223,2024-2025,HOSTEL,None,65,Clerk - Block 3,Block 3,5,324,Block 3,2024-2025,0,0,0,0,0,"Block B,Block C,Block A","2024-2025,2024-2025,2024-2025",132,19.64,0,0,0,100.0,0.0,0.0,17,-6,0,0
3,2024-2025 Hostel Election,2025,1,Sunday,191.99972222222223,2024-2025,HOSTEL,None,66,Clerk - Block 4,Block 4,5,330,Block 4,2024-2025,0,0,0,0,0,"Block B,Block C,Block A","2024-2025,2024-2025,2024-2025",141,20.11,0,0,0,100.0,0.0,0.0,11,-3,0,0
3,2024-2025 Hostel Election,2025,1,Sunday,191.99972222222223,2024-2025,HOSTEL,None,66,Clerk - Block 4,Block 4,5,327,Block 4,2024-2025,0,1,0,0,0,"Block B,Block C,Block A","2024-2025,2024-2025,2024-2025",152,21.68,1,0,0,100.0,0.0,0.0,4,11,0,0
3,2024-2025 Hostel Election,2025,1,Sunday,191.99972222222223,2024-2025,HOSTEL,None,66,Clerk - Block 4,Block 4,5,329,Block 4,2024-2025,0,0,0,0,0,"Block B,Block C,Block A","2024-2025,2024-2025,2024-2025",138,19.69,0,0,0,100.0,0.0,0.0,14,-16,0,0
3,2024-2025 Hostel Election,2025,1,Sunday,191.99972222222223,2024-2025,HOSTEL,None,66,Clerk - Block 4,Block 4,5,326,Block 4,2024-2025,0,0,0,0,0,"Block B,Block C,Block A","2024-2025,2024-2025,2024-2025",148,21.11,0,0,0,100.0,0.0,0.0,4,-7,0,0
3,2024-2025 Hostel Election,2025,1,Sunday,191.99972222222223,2024-2025,HOSTEL,None,66,Clerk - Block 4,Block 4,5,328,Block 4,2024-2025,0,0,0,0,0,"Block B,Block C,Block A","2024-2025,2024-2025,2024-2025",122,17.40,0,0,0,100.0,0.0,0.0,30,0,0,0
3,2024-2025 Hostel Election,2025,1,Sunday,191.99972222222223,2024-2025,HOSTEL,None,67,Clerk - Block 5,Block 5,5,334,Block 5,2024-2025,0,0,0,0,0,"Block B,Block C,Block A","2024-2025,2024-2025,2024-2025",154,22.16,0,0,0,100.0,0.0,0.0,4,-14,0,0
3,2024-2025 Hostel Election,2025,1,Sunday,191.99972222222223,2024-2025,HOSTEL,None,67,Clerk - Block 5,Block 5,5,332,Block 5,2024-2025,0,0,0,0,0,"Block B,Block C,Block A","2024-2025,2024-2025,2024-2025",112,16.12,0,0,0,100.0,0.0,0.0,46,0,0,0
3,2024-2025 Hostel Election,2025,1,Sunday,191.99972222222223,2024-2025,HOSTEL,None,67,Clerk - Block 5,Block 5,5,331,Block 5,2024-2025,0,0,0,0,0,"Block B,Block C,Block A","2024-2025,2024-2025,2024-2025",140,20.14,0,0,0,100.0,0.0,0.0,18,-9,0,0
3,2024-2025 Hostel Election,2025,1,Sunday,191.99972222222223,2024-2025,HOSTEL,None,67,Clerk - Block 5,Block 5,5,333,Block 5,2024-2025,0,0,0,0,0,"Block B,Block C,Block A","2024-2025,2024-2025,2024-2025",131,18.85,0,0,0,100.0,0.0,0.0,27,-19,0,0
3,2024-2025 Hostel Election,2025,1,Sunday,191.99972222222223,2024-2025,HOSTEL,None,67,Clerk - Block 5,Block 5,5,335,Block 5,2024-2025,0,0,0,0,0,"Block B,Block C,Block A","2024-2025,2024-2025,2024-2025",158,22.73,1,0,0,100.0,0.0,0.0,4,18,0,0
3,2024-2025 Hostel Election,2025,1,Sunday,191.99972222222223,2024-2025,HOSTEL,None,68,Clerk - Block 1,Block 1,5,340,Block 1,2024-2025,0,0,0,0,0,"Block B,Block C,Block A","2024-2025,2024-2025,2024-2025",345,20.40,0,0,0,100.0,0.0,0.0,10,-3,0,0
3,2024-2025 Hostel Election,2025,1,Sunday,191.99972222222223,2024-2025,HOSTEL,None,68,Clerk - Block 1,Block 1,5,339,Block 1,2024-2025,0,0,0,0,0,"Block B,Block C,Block A","2024-2025,2024-2025,2024-2025",331,19.57,0,0,0,100.0,0.0,0.0,24,-13,0,0
3,2024-2025 Hostel Election,2025,1,Sunday,191.99972222222223,2024-2025,HOSTEL,None,68,Clerk - Block 1,Block 1,5,336,Block 1,2024-2025,0,0,0,0,0,"Block B,Block C,Block A","2024-2025,2024-2025,2024-2025",318,18.81,0,0,0,100.0,0.0,0.0,37,0,0,0
3,2024-2025 Hostel Election,2025,1,Sunday,191.99972222222223,2024-2025,HOSTEL,None,68,Clerk - Block 1,Block 1,5,337,Block 1,2024-2025,0,0,0,0,0,"Block B,Block C,Block A","2024-2025,2024-2025,2024-2025",355,20.99,1,0,0,100.0,0.0,0.0,10,13,0,0
3,2024-2025 Hostel Election,2025,1,Sunday,191.99972222222223,2024-2025,HOSTEL,None,68,Clerk - Block 1,Block 1,5,338,Block 1,2024-2025,0,0,0,0,0,"Block B,Block C,Block A","2024-2025,2024-2025,2024-2025",342,20.23,0,0,0,100.0,0.0,0.0,13,-11,0,0
3,2024-2025 Hostel Election,2025,1,Sunday,191.99972222222223,2024-2025,HOSTEL,None,69,Clerk - Block 2,Block 2,5,344,Block 2,2024-2025,0,0,0,0,0,"Block B,Block C,Block A","2024-2025,2024-2025,2024-2025",310,19.27,0,0,0,100.0,0.0,0.0,35,-2,0,0
3,2024-2025 Hostel Election,2025,1,Sunday,191.99972222222223,2024-2025,HOSTEL,None,69,Clerk - Block 2,Block 2,5,341,Block 2,2024-2025,0,0,0,0,0,"Block B,Block C,Block A","2024-2025,2024-2025,2024-2025",327,20.32,0,0,0,100.0,0.0,0.0,18,-8,0,0
3,2024-2025 Hostel Election,2025,1,Sunday,191.99972222222223,2024-2025,HOSTEL,None,69,Clerk - Block 2,Block 2,5,342,Block 2,2024-2025,0,0,0,0,0,"Block B,Block C,Block A","2024-2025,2024-2025,2024-2025",345,21.44,1,0,0,100.0,0.0,0.0,18,26,0,0
3,2024-2025 Hostel Election,2025,1,Sunday,191.99972222222223,2024-2025,HOSTEL,None,69,Clerk - Block 2,Block 2,5,343,Block 2,2024-2025,0,0,0,0,0,"Block B,Block C,Block A","2024-2025,2024-2025,2024-2025",319,19.83,0,0,0,100.0,0.0,0.0,26,-9,0,0
3,2024-2025 Hostel Election,2025,1,Sunday,191.99972222222223,2024-2025,HOSTEL,None,69,Clerk - Block 2,Block 2,5,345,Block 2,2024-2025,0,0,0,0,0,"Block B,Block C,Block A","2024-2025,2024-2025,2024-2025",308,19.14,0,0,0,100.0,0.0,0.0,37,0,0,0
2,2024-2025 College Election,2025,2,Monday,119.99972222222222,2024-2025,COLLEGE,None,2,Governor - College of Education (COED),College of Education (COED),5,7,Block P,2024-2025,0,0,0,0,0,"Block 2,Block 7,Block D","2024-2025,2024-2025,2024-2025",653,19.28,0,0,0,100.0,0.0,0.0,58,0,0,0
2,2024-2025 College Election,2025,2,Monday,119.99972222222222,2024-2025,COLLEGE,None,2,Governor - College of Education (COED),College of Education (COED),5,6,Block C,2024-2025,0,0,0,0,0,"Block 2,Block 7,Block D","2024-2025,2024-2025,2024-2025",680,20.08,0,0,0,100.0,0.0,0.0,31,-5,0,0
2,2024-2025 College Election,2025,2,Monday,119.99972222222222,2024-2025,COLLEGE,None,2,Governor - College of Education (COED),College of Education (COED),5,8,Block G,2024-2025,0,0,0,0,0,"Block 2,Block 7,Block D","2024-2025,2024-2025,2024-2025",675,19.93,0,0,0,100.0,0.0,0.0,36,-7,0,0
2,2024-2025 College Election,2025,2,Monday,119.99972222222222,2024-2025,COLLEGE,None,2,Governor - College of Education (COED),College of Education (COED),5,9,Block Q,2024-2025,0,0,0,0,0,"Block 2,Block 7,Block D","2024-2025,2024-2025,2024-2025",668,19.72,0,0,0,100.0,0.0,0.0,43,-15,0,0
2,2024-2025 College Election,2025,2,Monday,119.99972222222222,2024-2025,COLLEGE,None,2,Governor - College of Education (COED),College of Education (COED),5,10,Block P,2024-2025,0,0,0,0,0,"Block 2,Block 7,Block D","2024-2025,2024-2025,2024-2025",711,20.99,1,0,0,100.0,0.0,0.0,31,36,0,0
2,2024-2025 College Election,2025,2,Monday,119.99972222222222,2024-2025,COLLEGE,None,3,Governor - College of Informatics and Virtual Education (CIVE),College of Informatics and Virtual Education (CIVE),5,14,Block 1,2024-2025,0,0,0,0,0,"Block 2,Block 7,Block D","2024-2025,2024-2025,2024-2025",651,19.34,0,0,0,100.0,0.0,0.0,63,0,0,0
2,2024-2025 College Election,2025,2,Monday,119.99972222222222,2024-2025,COLLEGE,None,3,Governor - College of Informatics and Virtual Education (CIVE),College of Informatics and Virtual Education (CIVE),5,12,Block 4,2024-2025,0,0,0,0,0,"Block 2,Block 7,Block D","2024-2025,2024-2025,2024-2025",675,20.05,0,0,0,100.0,0.0,0.0,39,-8,0,0
2,2024-2025 College Election,2025,2,Monday,119.99972222222222,2024-2025,COLLEGE,None,3,Governor - College of Informatics and Virtual Education (CIVE),College of Informatics and Virtual Education (CIVE),5,15,Block 6,2024-2025,0,0,0,0,0,"Block 2,Block 7,Block D","2024-2025,2024-2025,2024-2025",714,21.21,1,0,0,100.0,0.0,0.0,39,47,0,0
2,2024-2025 College Election,2025,2,Monday,119.99972222222222,2024-2025,COLLEGE,None,3,Governor - College of Informatics and Virtual Education (CIVE),College of Informatics and Virtual Education (CIVE),5,13,Block 3,2024-2025,0,0,0,0,0,"Block 2,Block 7,Block D","2024-2025,2024-2025,2024-2025",659,19.58,0,0,0,100.0,0.0,0.0,55,-8,0,0
2,2024-2025 College Election,2025,2,Monday,119.99972222222222,2024-2025,COLLEGE,None,3,Governor - College of Informatics and Virtual Education (CIVE),College of Informatics and Virtual Education (CIVE),5,11,Block 6,2024-2025,0,0,0,0,0,"Block 2,Block 7,Block D","2024-2025,2024-2025,2024-2025",667,19.82,0,0,0,100.0,0.0,0.0,47,-8,0,0
2,2024-2025 College Election,2025,2,Monday,119.99972222222222,2024-2025,COLLEGE,None,4,Governor - College of Earth Science (COES),College of Earth Science (COES),5,16,Block 6,2024-2025,0,0,0,0,0,"Block 2,Block 7,Block D","2024-2025,2024-2025,2024-2025",643,19.33,0,0,0,100.0,0.0,0.0,45,-2,0,0
2,2024-2025 College Election,2025,2,Monday,119.99972222222222,2024-2025,COLLEGE,None,4,Governor - College of Earth Science (COES),College of Earth Science (COES),5,17,Block 7,2024-2025,0,0,0,0,0,"Block 2,Block 7,Block D","2024-2025,2024-2025,2024-2025",678,20.38,0,0,0,100.0,0.0,0.0,10,-1,0,0
2,2024-2025 College Election,2025,2,Monday,119.99972222222222,2024-2025,COLLEGE,None,4,Governor - College of Earth Science (COES),College of Earth Science (COES),5,20,Block 9,2024-2025,0,0,0,0,0,"Block 2,Block 7,Block D","2024-2025,2024-2025,2024-2025",641,19.27,0,0,0,100.0,0.0,0.0,47,0,0,0
2,2024-2025 College Election,2025,2,Monday,119.99972222222222,2024-2025,COLLEGE,None,4,Governor - College of Earth Science (COES),College of Earth Science (COES),5,19,Block 9,2024-2025,0,0,0,0,0,"Block 2,Block 7,Block D","2024-2025,2024-2025,2024-2025",688,20.68,1,0,0,100.0,0.0,0.0,10,11,0,0
2,2024-2025 College Election,2025,2,Monday,119.99972222222222,2024-2025,COLLEGE,None,4,Governor - College of Earth Science (COES),College of Earth Science (COES),5,18,Block 6,2024-2025,0,0,0,0,0,"Block 2,Block 7,Block D","2024-2025,2024-2025,2024-2025",677,20.35,0,0,0,100.0,0.0,0.0,11,-34,0,0
2,2024-2025 College Election,2025,2,Monday,119.99972222222222,2024-2025,COLLEGE,None,5,Governor - College of Natural and Mathematical Sciences (CNMS),College of Natural and Mathematical Sciences (CNMS),5,21,Block 13,2024-2025,0,0,0,0,0,"Block 2,Block 7,Block D","2024-2025,2024-2025,2024-2025",666,19.70,0,0,0,100.0,0.0,0.0,18,0,0,0
2,2024-2025 College Election,2025,2,Monday,119.99972222222222,2024-2025,COLLEGE,None,5,Governor - College of Natural and Mathematical Sciences (CNMS),College of Natural and Mathematical Sciences (CNMS),5,24,Block 14,2024-2025,0,0,0,0,0,"Block 2,Block 7,Block D","2024-2025,2024-2025,2024-2025",682,20.18,0,0,0,100.0,0.0,0.0,2,-5,0,0
2,2024-2025 College Election,2025,2,Monday,119.99972222222222,2024-2025,COLLEGE,None,5,Governor - College of Natural and Mathematical Sciences (CNMS),College of Natural and Mathematical Sciences (CNMS),5,22,Block 11,2024-2025,0,0,0,0,0,"Block 2,Block 7,Block D","2024-2025,2024-2025,2024-2025",677,20.03,0,0,0,100.0,0.0,0.0,7,-6,0,0
2,2024-2025 College Election,2025,2,Monday,119.99972222222222,2024-2025,COLLEGE,None,5,Governor - College of Natural and Mathematical Sciences (CNMS),College of Natural and Mathematical Sciences (CNMS),5,25,Block 12,2024-2025,0,0,0,0,0,"Block 2,Block 7,Block D","2024-2025,2024-2025,2024-2025",684,20.24,1,0,0,100.0,0.0,0.0,2,7,0,0
2,2024-2025 College Election,2025,2,Monday,119.99972222222222,2024-2025,COLLEGE,None,5,Governor - College of Natural and Mathematical Sciences (CNMS),College of Natural and Mathematical Sciences (CNMS),5,23,Block 14,2024-2025,0,0,0,0,0,"Block 2,Block 7,Block D","2024-2025,2024-2025,2024-2025",671,19.85,0,0,0,100.0,0.0,0.0,13,-5,0,0
2,2024-2025 College Election,2025,2,Monday,119.99972222222222,2024-2025,COLLEGE,None,6,Governor - College of Business and Economics (COBE),College of Business and Economics (COBE),5,30,Block 16,2024-2025,0,0,0,0,0,"Block 2,Block 7,Block D","2024-2025,2024-2025,2024-2025",688,20.51,0,0,0,100.0,0.0,0.0,3,-3,0,0
2,2024-2025 College Election,2025,2,Monday,119.99972222222222,2024-2025,COLLEGE,None,6,Governor - College of Business and Economics (COBE),College of Business and Economics (COBE),5,29,Block 9,2024-2025,0,0,0,0,0,"Block 2,Block 7,Block D","2024-2025,2024-2025,2024-2025",685,20.42,0,0,0,100.0,0.0,0.0,6,-8,0,0
2,2024-2025 College Election,2025,2,Monday,119.99972222222222,2024-2025,COLLEGE,None,6,Governor - College of Business and Economics (COBE),College of Business and Economics (COBE),5,26,Block 14,2024-2025,0,0,0,0,0,"Block 2,Block 7,Block D","2024-2025,2024-2025,2024-2025",614,18.30,0,0,0,100.0,0.0,0.0,77,0,0,0
2,2024-2025 College Election,2025,2,Monday,119.99972222222222,2024-2025,COLLEGE,None,6,Governor - College of Business and Economics (COBE),College of Business and Economics (COBE),5,27,Block 19,2024-2025,0,0,0,0,0,"Block 2,Block 7,Block D","2024-2025,2024-2025,2024-2025",691,20.60,1,0,0,100.0,0.0,0.0,3,6,0,0
2,2024-2025 College Election,2025,2,Monday,119.99972222222222,2024-2025,COLLEGE,None,6,Governor - College of Business and Economics (COBE),College of Business and Economics (COBE),5,28,Block 14,2024-2025,0,0,0,0,0,"Block 2,Block 7,Block D","2024-2025,2024-2025,2024-2025",677,20.18,0,0,0,100.0,0.0,0.0,14,-63,0,0
2,2024-2025 College Election,2025,2,Monday,119.99972222222222,2024-2025,COLLEGE,None,7,Governor - College of Humanities and Social Sciences (CHSS),College of Humanities and Social Sciences (CHSS),5,33,Block 5,2024-2025,0,0,0,0,0,"Block 2,Block 7,Block D","2024-2025,2024-2025,2024-2025",643,18.88,0,0,0,100.0,0.0,0.0,94,0,0,0
2,2024-2025 College Election,2025,2,Monday,119.99972222222222,2024-2025,COLLEGE,None,7,Governor - College of Humanities and Social Sciences (CHSS),College of Humanities and Social Sciences (CHSS),5,32,Block 3,2024-2025,0,0,0,0,0,"Block 2,Block 7,Block D","2024-2025,2024-2025,2024-2025",704,20.68,0,0,0,100.0,0.0,0.0,33,-31,0,0
2,2024-2025 College Election,2025,2,Monday,119.99972222222222,2024-2025,COLLEGE,None,7,Governor - College of Humanities and Social Sciences (CHSS),College of Humanities and Social Sciences (CHSS),5,31,Block 5,2024-2025,0,0,0,0,0,"Block 2,Block 7,Block D","2024-2025,2024-2025,2024-2025",737,21.65,1,0,0,100.0,0.0,0.0,33,64,0,0
2,2024-2025 College Election,2025,2,Monday,119.99972222222222,2024-2025,COLLEGE,None,7,Governor - College of Humanities and Social Sciences (CHSS),College of Humanities and Social Sciences (CHSS),5,34,Block 4,2024-2025,0,0,0,0,0,"Block 2,Block 7,Block D","2024-2025,2024-2025,2024-2025",673,19.77,0,0,0,100.0,0.0,0.0,64,-25,0,0
2,2024-2025 College Election,2025,2,Monday,119.99972222222222,2024-2025,COLLEGE,None,7,Governor - College of Humanities and Social Sciences (CHSS),College of Humanities and Social Sciences (CHSS),5,35,Block 3,2024-2025,0,0,0,0,0,"Block 2,Block 7,Block D","2024-2025,2024-2025,2024-2025",648,19.03,0,0,0,100.0,0.0,0.0,89,-5,0,0
2,2024-2025 College Election,2025,2,Monday,119.99972222222222,2024-2025,COLLEGE,None,8,Governor - College of Health Sciences,College of Health Sciences,5,38,Block 2,2024-2025,0,0,0,0,0,"Block 2,Block 7,Block D","2024-2025,2024-2025,2024-2025",652,19.31,0,0,0,100.0,0.0,0.0,58,-10,0,0
2,2024-2025 College Election,2025,2,Monday,119.99972222222222,2024-2025,COLLEGE,None,8,Governor - College of Health Sciences,College of Health Sciences,5,40,Block 1,2024-2025,0,0,0,0,0,"Block 2,Block 7,Block D","2024-2025,2024-2025,2024-2025",690,20.44,0,0,0,100.0,0.0,0.0,20,-8,0,0
2,2024-2025 College Election,2025,2,Monday,119.99972222222222,2024-2025,COLLEGE,None,8,Governor - College of Health Sciences,College of Health Sciences,5,39,Block 1,2024-2025,0,0,0,0,0,"Block 2,Block 7,Block D","2024-2025,2024-2025,2024-2025",710,21.03,1,0,0,100.0,0.0,0.0,20,28,0,0
2,2024-2025 College Election,2025,2,Monday,119.99972222222222,2024-2025,COLLEGE,None,8,Governor - College of Health Sciences,College of Health Sciences,5,36,Block 2,2024-2025,0,0,0,0,0,"Block 2,Block 7,Block D","2024-2025,2024-2025,2024-2025",642,19.02,0,0,0,100.0,0.0,0.0,68,0,0,0
2,2024-2025 College Election,2025,2,Monday,119.99972222222222,2024-2025,COLLEGE,None,8,Governor - College of Health Sciences,College of Health Sciences,5,37,Block 2,2024-2025,0,0,0,0,0,"Block 2,Block 7,Block D","2024-2025,2024-2025,2024-2025",682,20.20,0,0,0,100.0,0.0,0.0,28,-30,0,0
